<?xml version='1.0' encoding='UTF-8'?>
<lexUnit xmlns="http://framenet.icsi.berkeley.edu" xmlns:xsi="http://www.w3.org/2001/XMLSchema-instance" status="Created" POS="V" name="learn.v" ID="10147" frame="Education_teaching" frameID="111" totalAnnotated="7" xsi:schemaLocation="../schema/lexUnit.xsd">
  <header>
    <corpus description="Wall Street Journal Texts from the PropBank Project" name="PropBank" ID="115">
      <document description="Polemic Progressive Education" name="PolemicProgressiveEducation" ID="23011" />
    </corpus>
    <corpus description="Texts from Nuclear Threat Initiative website, created by Center for Non-Proliferation Studies" name="NTI" ID="135">
      <document description="Iran Nuclear" name="Iran_Nuclear" ID="23511" />
    </corpus>
    <corpus description="American National Corpus Texts" name="ANC" ID="195">
      <document description="Goodwill fund-raising letter" name="110CYL068" ID="23792" />
      <document description="Goodwill fund-raising letter" name="110CYL069" ID="23794" />
    </corpus>
    <corpus description="LUCorpus-v0.3" name="LUCorpus-v0.3" ID="205">
      <document description="IZ-060316-01-Trans-1" name="IZ-060316-01-Trans-1" ID="23732" />
    </corpus>
    <frame>
      <FE fgColor="FFFFFF" bgColor="FF69B4" type="Core" abbrev="cou" name="Course" />
      <FE fgColor="FFFFFF" bgColor="FF69B4" type="Peripheral" abbrev="Degr" name="Degree" />
      <FE fgColor="FFFFFF" bgColor="9400D3" type="Extra-Thematic" abbrev="Dep" name="Depictive" />
      <FE fgColor="FFFFFF" bgColor="1E90FF" type="Peripheral" abbrev="" name="Duration" />
      <FE fgColor="FFFF00" bgColor="006400" type="Core" abbrev="fac" name="Fact" />
      <FE fgColor="FFFFFF" bgColor="008000" type="Core" abbrev="Instn" name="Institution" />
      <FE fgColor="FFFFFF" bgColor="FF0000" type="Peripheral" abbrev="Lvl" name="Level" />
      <FE fgColor="FFFFFF" bgColor="FF00FF" type="Peripheral" abbrev="Manr" name="Manner" />
      <FE fgColor="FF0000" bgColor="7FFF00" type="Core" abbrev="mat" name="Material" />
      <FE fgColor="FFFFFF" bgColor="A52A2A" type="Peripheral" abbrev="Means" name="Means" />
      <FE fgColor="000000" bgColor="FFFF00" type="Peripheral" abbrev="" name="Place" />
      <FE fgColor="00008B" bgColor="d0d0d0" type="Core" abbrev="pre" name="Precept" />
      <FE fgColor="FFFFFF" bgColor="00BFFF" type="Peripheral" abbrev="pur" name="Purpose" />
      <FE fgColor="FFFFFF" bgColor="00008B" type="Core" abbrev="Qual" name="Qualification" />
      <FE fgColor="FFFFFF" bgColor="9F79EE" type="Extra-Thematic" abbrev="Result" name="Result" />
      <FE fgColor="800080" bgColor="FFA500" type="Core" abbrev="rol" name="Role" />
      <FE fgColor="FFFFFF" bgColor="7CCD7C" type="Core" abbrev="ski" name="Skill" />
      <FE fgColor="FFFFFF" bgColor="0000FF" type="Core" abbrev="stu" name="Student" />
      <FE fgColor="FFFFFF" bgColor="800080" type="Core" abbrev="sub" name="Subject" />
      <FE fgColor="FFFFFF" bgColor="006400" type="Core" abbrev="tea" name="Teacher" />
      <FE fgColor="FFFFFF" bgColor="FFA500" type="Peripheral" abbrev="Time" name="Time" />
    </frame>
  </header>
  <definition>FN: acquire knowledge of or skill in (something) through study or by being taught.</definition>
  <lexeme POS="V" name="learn" />
  <valences>
    <FERealization total="1">
      <FE name="Course" />
      <pattern total="1">
        <valenceUnit GF="Dep" PT="PP[through]" FE="Course" />
        <annoSet ID="6557133" />
      </pattern>
    </FERealization>
    <FERealization total="2">
      <FE name="Fact" />
      <pattern total="1">
        <valenceUnit GF="Dep" PT="Sub" FE="Fact" />
        <annoSet ID="6557133" />
      </pattern>
      <pattern total="1">
        <valenceUnit GF="Obj" PT="NP" FE="Fact" />
        <annoSet ID="6550903" />
      </pattern>
    </FERealization>
    <FERealization total="4">
      <FE name="Skill" />
      <pattern total="1">
        <valenceUnit GF="" PT="DNI" FE="Skill" />
        <annoSet ID="6585716" />
      </pattern>
      <pattern total="1">
        <valenceUnit GF="Dep" PT="Sinterrog" FE="Skill" />
        <annoSet ID="6523156" />
      </pattern>
      <pattern total="2">
        <valenceUnit GF="Dep" PT="VPto" FE="Skill" />
        <annoSet ID="6556758" />
        <annoSet ID="6585712" />
      </pattern>
    </FERealization>
    <FERealization total="7">
      <FE name="Student" />
      <pattern total="7">
        <valenceUnit GF="Ext" PT="NP" FE="Student" />
        <annoSet ID="4529444" />
        <annoSet ID="6523156" />
        <annoSet ID="6550903" />
        <annoSet ID="6556758" />
        <annoSet ID="6557133" />
        <annoSet ID="6585712" />
        <annoSet ID="6585716" />
      </pattern>
    </FERealization>
    <FERealization total="1">
      <FE name="Subject" />
      <pattern total="1">
        <valenceUnit GF="Obj" PT="NP" FE="Subject" />
        <annoSet ID="4529444" />
      </pattern>
    </FERealization>
    <FERealization total="4">
      <FE name="Teacher" />
      <pattern total="1">
        <valenceUnit GF="Dep" PT="PP[from]" FE="Teacher" />
        <annoSet ID="6550903" />
      </pattern>
      <pattern total="2">
        <valenceUnit GF="" PT="DNI" FE="Teacher" />
        <annoSet ID="6523156" />
        <annoSet ID="6556758" />
      </pattern>
      <pattern total="1">
        <valenceUnit GF="" PT="INI" FE="Teacher" />
        <annoSet ID="4529444" />
      </pattern>
    </FERealization>
    <FERealization total="2">
      <FE name="Time" />
      <pattern total="1">
        <valenceUnit GF="Dep" PT="PP[after]" FE="Time" />
        <annoSet ID="6585716" />
      </pattern>
      <pattern total="1">
        <valenceUnit GF="Dep" PT="PP[by]" FE="Time" />
        <annoSet ID="6585712" />
      </pattern>
    </FERealization>
    <FEGroupRealization total="1">
      <FE name="Course" />
      <FE name="Fact" />
      <FE name="Student" />
      <pattern total="1">
        <valenceUnit GF="Dep" PT="PP[through]" FE="Course" />
        <valenceUnit GF="Dep" PT="Sub" FE="Fact" />
        <valenceUnit GF="Ext" PT="NP" FE="Student" />
        <annoSet ID="6557133" />
      </pattern>
    </FEGroupRealization>
    <FEGroupRealization total="1">
      <FE name="Fact" />
      <FE name="Student" />
      <FE name="Teacher" />
      <pattern total="1">
        <valenceUnit GF="Obj" PT="NP" FE="Fact" />
        <valenceUnit GF="Ext" PT="NP" FE="Student" />
        <valenceUnit GF="Dep" PT="PP[from]" FE="Teacher" />
        <annoSet ID="6550903" />
      </pattern>
    </FEGroupRealization>
    <FEGroupRealization total="2">
      <FE name="Skill" />
      <FE name="Student" />
      <FE name="Teacher" />
      <pattern total="1">
        <valenceUnit GF="Dep" PT="Sinterrog" FE="Skill" />
        <valenceUnit GF="Ext" PT="NP" FE="Student" />
        <valenceUnit GF="" PT="DNI" FE="Teacher" />
        <annoSet ID="6523156" />
      </pattern>
      <pattern total="1">
        <valenceUnit GF="Dep" PT="VPto" FE="Skill" />
        <valenceUnit GF="Ext" PT="NP" FE="Student" />
        <valenceUnit GF="" PT="DNI" FE="Teacher" />
        <annoSet ID="6556758" />
      </pattern>
    </FEGroupRealization>
    <FEGroupRealization total="2">
      <FE name="Skill" />
      <FE name="Student" />
      <FE name="Time" />
      <pattern total="1">
        <valenceUnit GF="" PT="DNI" FE="Skill" />
        <valenceUnit GF="Ext" PT="NP" FE="Student" />
        <valenceUnit GF="Dep" PT="PP[after]" FE="Time" />
        <annoSet ID="6585716" />
      </pattern>
      <pattern total="1">
        <valenceUnit GF="Dep" PT="VPto" FE="Skill" />
        <valenceUnit GF="Ext" PT="NP" FE="Student" />
        <valenceUnit GF="Dep" PT="PP[by]" FE="Time" />
        <annoSet ID="6585712" />
      </pattern>
    </FEGroupRealization>
    <FEGroupRealization total="1">
      <FE name="Student" />
      <FE name="Subject" />
      <FE name="Teacher" />
      <pattern total="1">
        <valenceUnit GF="Ext" PT="NP" FE="Student" />
        <valenceUnit GF="Obj" PT="NP" FE="Subject" />
        <valenceUnit GF="" PT="INI" FE="Teacher" />
        <annoSet ID="4529444" />
      </pattern>
    </FEGroupRealization>
  </valences>
  <subCorpus name="V-augmented">
    <sentence sentNo="0" ID="2824327n">
      <text>It is silly libel on our teachers to think they would learn students better if only they got a few thousand dollars a year more .</text>
      <annotationSet cDate="08/08/2025 08:00:26 PST Fri" status="AUGMENTED" ID="0">
        <layer name="FE" rank="1">
          <label cBy="auto-aug" feID="541" start="43" end="46" name="Teacher" />
          <label cBy="auto-aug" feID="542" start="60" end="67" name="Student" />
          <label cBy="auto-aug" feID="578" start="69" end="74" name="Manner" />
        </layer>
        <layer name="Target" rank="1">
          <label cBy="auto-aug" start="54" end="58" name="Target" />
        </layer>
      </annotationSet>
    </sentence>
    <sentence sentNo="0" ID="1264974n">
      <text>It 's like learning the rules not to giggle .</text>
      <annotationSet cDate="08/08/2025 08:00:26 PST Fri" status="AUGMENTED" ID="0">
        <layer name="FE" rank="1">
          <label cBy="auto-aug" feID="542" start="20" end="28" name="Student" />
          <label cBy="auto-aug" feID="6514" start="30" end="42" name="Precept" />
        </layer>
        <layer name="Target" rank="1">
          <label cBy="auto-aug" start="11" end="18" name="Target" />
        </layer>
      </annotationSet>
    </sentence>
    <sentence sentNo="0" ID="1262751n">
      <text>The student was learned from the teacher .</text>
      <annotationSet cDate="08/08/2025 08:00:26 PST Fri" status="AUGMENTED" ID="0">
        <layer name="FE" rank="1">
          <label cBy="auto-aug" feID="542" start="0" end="10" name="Student" />
          <label cBy="auto-aug" feID="541" start="24" end="39" name="Teacher" />
        </layer>
        <layer name="Target" rank="1">
          <label cBy="auto-aug" start="16" end="22" name="Target" />
        </layer>
      </annotationSet>
    </sentence>
    <sentence sentNo="0" ID="1264668n">
      <text>Barry Melrose , who learned the game for three seasons with the Kings and now serves as an analyst for ESPN , thinks Los Angeles is certain to make a trade .</text>
      <annotationSet cDate="08/08/2025 08:00:26 PST Fri" status="AUGMENTED" ID="0">
        <layer name="FE" rank="1">
          <label cBy="auto-aug" feID="541" start="0" end="12" name="Teacher" />
          <label cBy="auto-aug" feID="541" start="16" end="18" name="Teacher" />
          <label cBy="auto-aug" feID="542" start="28" end="35" name="Student" />
          <label cBy="auto-aug" feID="6512" start="37" end="53" name="Duration" />
          <label cBy="auto-aug" feID="543" start="55" end="68" name="Institution" />
        </layer>
        <layer name="Target" rank="1">
          <label cBy="auto-aug" start="20" end="26" name="Target" />
        </layer>
      </annotationSet>
    </sentence>
    <sentence sentNo="0" ID="1264905n">
      <text>The Prime Minister has the power to learn the lessons about policy and is aided in this task by a variety of formal and informal groupings at 10 Downing Street .</text>
      <annotationSet cDate="08/08/2025 08:00:26 PST Fri" status="AUGMENTED" ID="0">
        <layer name="FE" rank="1">
          <label cBy="auto-aug" feID="541" start="0" end="17" name="Teacher" />
          <label cBy="auto-aug" feID="542" start="42" end="52" name="Student" />
          <label cBy="auto-aug" feID="544" start="54" end="65" name="Subject" />
        </layer>
        <layer name="Target" rank="1">
          <label cBy="auto-aug" start="36" end="40" name="Target" />
        </layer>
      </annotationSet>
    </sentence>
  </subCorpus>
</lexUnit>