<?xml version='1.0' encoding='UTF-8'?>
<lexUnit xmlns="http://framenet.icsi.berkeley.edu" xmlns:xsi="http://www.w3.org/2001/XMLSchema-instance" status="FN1_Sent" POS="V" name="chug.v" ID="1019" frame="Motion_noise" frameID="60" totalAnnotated="34" xsi:schemaLocation="../schema/lexUnit.xsd">
  <header>
    <corpus description="American National Corpus Texts" name="ANC" ID="195">
      <document description="Berlitz Where to Go in Hong Kong" name="WhereToHongKong" ID="23771" />
    </corpus>
    <frame>
      <FE fgColor="FFFFFF" bgColor="A52A2A" type="Core" abbrev="Area" name="Area" />
      <FE fgColor="FFFFFF" bgColor="00008B" type="Peripheral" abbrev="Cause" name="Cause" />
      <FE fgColor="FFFFFF" bgColor="FF69B4" type="Peripheral" abbrev="Degr" name="Degree" />
      <FE fgColor="FFFFFF" bgColor="9400D3" type="Extra-Thematic" abbrev="Dep" name="Depictive" />
      <FE fgColor="FFFFFF" bgColor="808080" type="Peripheral" abbrev="Dist" name="Distance" />
      <FE fgColor="FFFFFF" bgColor="2E8B57" type="Peripheral" abbrev="Dur" name="Duration" />
      <FE fgColor="FFFFFF" bgColor="FF0000" type="Core" abbrev="Goal" name="Goal" />
      <FE fgColor="FFFFFF" bgColor="FF00FF" type="Peripheral" abbrev="Manr" name="Manner" />
      <FE fgColor="FFFFFF" bgColor="A52A2A" type="Peripheral" abbrev="Mns" name="Means" />
      <FE fgColor="FFFFFF" bgColor="0000FF" type="Core" abbrev="Path" name="Path" />
      <FE fgColor="FFFFFF" bgColor="008000" type="Peripheral" abbrev="" name="Place" />
      <FE fgColor="FFFFFF" bgColor="9F79EE" type="Extra-Thematic" abbrev="Result" name="Result" />
      <FE fgColor="FFFFFF" bgColor="1E90FF" type="Core" abbrev="Src" name="Source" />
      <FE fgColor="FFFFFF" bgColor="00BFFF" type="Peripheral" abbrev="Spd" name="Speed" />
      <FE fgColor="FFFFFF" bgColor="800080" type="Core" abbrev="Thm" name="Theme" />
      <FE fgColor="FFFFFF" bgColor="FFA500" type="Peripheral" abbrev="Time" name="Time" />
    </frame>
  </header>
  <definition>FN: to move making a dull explosive sound as if by a laboring engine</definition>
  <lexeme POS="V" name="chug" />
  <valences>
    <FERealization total="2">
      <FE name="Area" />
      <pattern total="1">
        <valenceUnit GF="" PT="DNI" FE="Area" />
        <annoSet ID="6561553" />
      </pattern>
      <pattern total="1">
        <valenceUnit GF="Dep" PT="PP[about]" FE="Area" />
        <annoSet ID="693148" />
      </pattern>
    </FERealization>
    <FERealization total="1">
      <FE name="Depictive" />
      <pattern total="1">
        <valenceUnit GF="Dep" PT="PP[with]" FE="Depictive" />
        <annoSet ID="693106" />
      </pattern>
    </FERealization>
    <FERealization total="7">
      <FE name="Goal" />
      <pattern total="1">
        <valenceUnit GF="Dep" PT="PP[alongside]" FE="Goal" />
        <annoSet ID="693110" />
      </pattern>
      <pattern total="2">
        <valenceUnit GF="Dep" PT="PP[into]" FE="Goal" />
        <annoSet ID="693116" />
        <annoSet ID="693118" />
      </pattern>
      <pattern total="4">
        <valenceUnit GF="Dep" PT="PP[to]" FE="Goal" />
        <annoSet ID="693132" />
        <annoSet ID="693134" />
        <annoSet ID="693168" />
        <annoSet ID="693200" />
      </pattern>
    </FERealization>
    <FERealization total="7">
      <FE name="Manner" />
      <pattern total="7">
        <valenceUnit GF="Dep" PT="AVP" FE="Manner" />
        <annoSet ID="693108" />
        <annoSet ID="693120" />
        <annoSet ID="693134" />
        <annoSet ID="693138" />
        <annoSet ID="693144" />
        <annoSet ID="693150" />
        <annoSet ID="693216" />
      </pattern>
    </FERealization>
    <FERealization total="27">
      <FE name="Path" />
      <pattern total="1">
        <valenceUnit GF="Dep" PT="PP[across]" FE="Path" />
        <annoSet ID="693106" />
      </pattern>
      <pattern total="4">
        <valenceUnit GF="Dep" PT="PP[along]" FE="Path" />
        <annoSet ID="693108" />
        <annoSet ID="693150" />
        <annoSet ID="693168" />
        <annoSet ID="693172" />
      </pattern>
      <pattern total="4">
        <valenceUnit GF="Dep" PT="PP[down]" FE="Path" />
        <annoSet ID="693176" />
        <annoSet ID="693178" />
        <annoSet ID="693180" />
        <annoSet ID="693200" />
      </pattern>
      <pattern total="4">
        <valenceUnit GF="Dep" PT="AVP" FE="Path" />
        <annoSet ID="693104" />
        <annoSet ID="693156" />
        <annoSet ID="693162" />
        <annoSet ID="693216" />
      </pattern>
      <pattern total="2">
        <valenceUnit GF="Dep" PT="PP[out]" FE="Path" />
        <annoSet ID="693144" />
        <annoSet ID="693160" />
      </pattern>
      <pattern total="2">
        <valenceUnit GF="Dep" PT="PP[over]" FE="Path" />
        <annoSet ID="693120" />
        <annoSet ID="693122" />
      </pattern>
      <pattern total="4">
        <valenceUnit GF="Dep" PT="PP[towards]" FE="Path" />
        <annoSet ID="693136" />
        <annoSet ID="693138" />
        <annoSet ID="693176" />
        <annoSet ID="693180" />
      </pattern>
      <pattern total="1">
        <valenceUnit GF="Dep" PT="PP[on]" FE="Path" />
        <annoSet ID="693162" />
      </pattern>
      <pattern total="2">
        <valenceUnit GF="Dep" PT="PP[up]" FE="Path" />
        <annoSet ID="693098" />
        <annoSet ID="693156" />
      </pattern>
      <pattern total="1">
        <valenceUnit GF="Obj" PT="NP" FE="Path" />
        <annoSet ID="693102" />
      </pattern>
      <pattern total="1">
        <valenceUnit GF="Dep" PT="PP[from]" FE="Path" />
        <annoSet ID="693112" />
      </pattern>
      <pattern total="2">
        <valenceUnit GF="Dep" PT="PP[past]" FE="Path" />
        <annoSet ID="693124" />
        <annoSet ID="693126" />
      </pattern>
      <pattern total="1">
        <valenceUnit GF="Dep" PT="PP[round]" FE="Path" />
        <annoSet ID="693182" />
      </pattern>
      <pattern total="1">
        <valenceUnit GF="Dep" PT="PP[through]" FE="Path" />
        <annoSet ID="693130" />
      </pattern>
      <pattern total="1">
        <valenceUnit GF="Dep" PT="PP[under]" FE="Path" />
        <annoSet ID="693140" />
      </pattern>
    </FERealization>
    <FERealization total="1">
      <FE name="Place" />
      <pattern total="1">
        <valenceUnit GF="Dep" PT="PP[in]" FE="Place" />
        <annoSet ID="6561553" />
      </pattern>
    </FERealization>
    <FERealization total="3">
      <FE name="Source" />
      <pattern total="1">
        <valenceUnit GF="Dep" PT="PP[of]" FE="Source" />
        <annoSet ID="693144" />
      </pattern>
      <pattern total="2">
        <valenceUnit GF="Dep" PT="PP[from]" FE="Source" />
        <annoSet ID="693098" />
        <annoSet ID="693180" />
      </pattern>
    </FERealization>
    <FERealization total="34">
      <FE name="Theme" />
      <pattern total="33">
        <valenceUnit GF="Ext" PT="NP" FE="Theme" />
        <annoSet ID="693098" />
        <annoSet ID="693102" />
        <annoSet ID="693104" />
        <annoSet ID="693106" />
        <annoSet ID="693108" />
        <annoSet ID="693110" />
        <annoSet ID="693112" />
        <annoSet ID="693116" />
        <annoSet ID="693118" />
        <annoSet ID="693120" />
        <annoSet ID="693122" />
        <annoSet ID="693124" />
        <annoSet ID="693126" />
        <annoSet ID="693132" />
        <annoSet ID="693134" />
        <annoSet ID="693136" />
        <annoSet ID="693138" />
        <annoSet ID="693140" />
        <annoSet ID="693144" />
        <annoSet ID="693148" />
        <annoSet ID="693150" />
        <annoSet ID="693156" />
        <annoSet ID="693160" />
        <annoSet ID="693162" />
        <annoSet ID="693168" />
        <annoSet ID="693172" />
        <annoSet ID="693176" />
        <annoSet ID="693178" />
        <annoSet ID="693180" />
        <annoSet ID="693182" />
        <annoSet ID="693200" />
        <annoSet ID="693216" />
        <annoSet ID="6561553" />
      </pattern>
      <pattern total="1">
        <valenceUnit GF="" PT="CNI" FE="Theme" />
        <annoSet ID="693130" />
      </pattern>
    </FERealization>
    <FEGroupRealization total="1">
      <FE name="Area" />
      <FE name="Place" />
      <FE name="Theme" />
      <pattern total="1">
        <valenceUnit GF="" PT="DNI" FE="Area" />
        <valenceUnit GF="Dep" PT="PP[in]" FE="Place" />
        <valenceUnit GF="Ext" PT="NP" FE="Theme" />
        <annoSet ID="6561553" />
      </pattern>
    </FEGroupRealization>
    <FEGroupRealization total="1">
      <FE name="Area" />
      <FE name="Theme" />
      <pattern total="1">
        <valenceUnit GF="Dep" PT="PP[about]" FE="Area" />
        <valenceUnit GF="Ext" PT="NP" FE="Theme" />
        <annoSet ID="693148" />
      </pattern>
    </FEGroupRealization>
    <FEGroupRealization total="1">
      <FE name="Depictive" />
      <FE name="Path" />
      <FE name="Theme" />
      <pattern total="1">
        <valenceUnit GF="Dep" PT="PP[with]" FE="Depictive" />
        <valenceUnit GF="Dep" PT="PP[across]" FE="Path" />
        <valenceUnit GF="Ext" PT="NP" FE="Theme" />
        <annoSet ID="693106" />
      </pattern>
    </FEGroupRealization>
    <FEGroupRealization total="1">
      <FE name="Goal" />
      <FE name="Manner" />
      <FE name="Theme" />
      <pattern total="1">
        <valenceUnit GF="Dep" PT="PP[to]" FE="Goal" />
        <valenceUnit GF="Dep" PT="AVP" FE="Manner" />
        <valenceUnit GF="Ext" PT="NP" FE="Theme" />
        <annoSet ID="693134" />
      </pattern>
    </FEGroupRealization>
    <FEGroupRealization total="2">
      <FE name="Goal" />
      <FE name="Path" />
      <FE name="Theme" />
      <pattern total="1">
        <valenceUnit GF="Dep" PT="PP[to]" FE="Goal" />
        <valenceUnit GF="Dep" PT="PP[along]" FE="Path" />
        <valenceUnit GF="Ext" PT="NP" FE="Theme" />
        <annoSet ID="693168" />
      </pattern>
      <pattern total="1">
        <valenceUnit GF="Dep" PT="PP[to]" FE="Goal" />
        <valenceUnit GF="Dep" PT="PP[down]" FE="Path" />
        <valenceUnit GF="Ext" PT="NP" FE="Theme" />
        <annoSet ID="693200" />
      </pattern>
    </FEGroupRealization>
    <FEGroupRealization total="4">
      <FE name="Goal" />
      <FE name="Theme" />
      <pattern total="1">
        <valenceUnit GF="Dep" PT="PP[alongside]" FE="Goal" />
        <valenceUnit GF="Ext" PT="NP" FE="Theme" />
        <annoSet ID="693110" />
      </pattern>
      <pattern total="2">
        <valenceUnit GF="Dep" PT="PP[into]" FE="Goal" />
        <valenceUnit GF="Ext" PT="NP" FE="Theme" />
        <annoSet ID="693116" />
        <annoSet ID="693118" />
      </pattern>
      <pattern total="1">
        <valenceUnit GF="Dep" PT="PP[to]" FE="Goal" />
        <valenceUnit GF="Ext" PT="NP" FE="Theme" />
        <annoSet ID="693132" />
      </pattern>
    </FEGroupRealization>
    <FEGroupRealization total="1">
      <FE name="Manner" />
      <FE name="Path" />
      <FE name="Source" />
      <FE name="Theme" />
      <pattern total="1">
        <valenceUnit GF="Dep" PT="AVP" FE="Manner" />
        <valenceUnit GF="Dep" PT="PP[out]" FE="Path" />
        <valenceUnit GF="Dep" PT="PP[of]" FE="Source" />
        <valenceUnit GF="Ext" PT="NP" FE="Theme" />
        <annoSet ID="693144" />
      </pattern>
    </FEGroupRealization>
    <FEGroupRealization total="5">
      <FE name="Manner" />
      <FE name="Path" />
      <FE name="Theme" />
      <pattern total="1">
        <valenceUnit GF="Dep" PT="AVP" FE="Manner" />
        <valenceUnit GF="Dep" PT="AVP" FE="Path" />
        <valenceUnit GF="Ext" PT="NP" FE="Theme" />
        <annoSet ID="693216" />
      </pattern>
      <pattern total="2">
        <valenceUnit GF="Dep" PT="AVP" FE="Manner" />
        <valenceUnit GF="Dep" PT="PP[along]" FE="Path" />
        <valenceUnit GF="Ext" PT="NP" FE="Theme" />
        <annoSet ID="693108" />
        <annoSet ID="693150" />
      </pattern>
      <pattern total="1">
        <valenceUnit GF="Dep" PT="AVP" FE="Manner" />
        <valenceUnit GF="Dep" PT="PP[over]" FE="Path" />
        <valenceUnit GF="Ext" PT="NP" FE="Theme" />
        <annoSet ID="693120" />
      </pattern>
      <pattern total="1">
        <valenceUnit GF="Dep" PT="AVP" FE="Manner" />
        <valenceUnit GF="Dep" PT="PP[towards]" FE="Path" />
        <valenceUnit GF="Ext" PT="NP" FE="Theme" />
        <annoSet ID="693138" />
      </pattern>
    </FEGroupRealization>
    <FEGroupRealization total="1">
      <FE name="Path" />
      <FE name="Path" />
      <FE name="Source" />
      <FE name="Theme" />
      <pattern total="1">
        <valenceUnit GF="Dep" PT="PP[down]" FE="Path" />
        <valenceUnit GF="Dep" PT="PP[towards]" FE="Path" />
        <valenceUnit GF="Dep" PT="PP[from]" FE="Source" />
        <valenceUnit GF="Ext" PT="NP" FE="Theme" />
        <annoSet ID="693180" />
      </pattern>
    </FEGroupRealization>
    <FEGroupRealization total="3">
      <FE name="Path" />
      <FE name="Path" />
      <FE name="Theme" />
      <pattern total="1">
        <valenceUnit GF="Dep" PT="AVP" FE="Path" />
        <valenceUnit GF="Dep" PT="PP[on]" FE="Path" />
        <valenceUnit GF="Ext" PT="NP" FE="Theme" />
        <annoSet ID="693162" />
      </pattern>
      <pattern total="1">
        <valenceUnit GF="Dep" PT="AVP" FE="Path" />
        <valenceUnit GF="Dep" PT="PP[up]" FE="Path" />
        <valenceUnit GF="Ext" PT="NP" FE="Theme" />
        <annoSet ID="693156" />
      </pattern>
      <pattern total="1">
        <valenceUnit GF="Dep" PT="PP[down]" FE="Path" />
        <valenceUnit GF="Dep" PT="PP[towards]" FE="Path" />
        <valenceUnit GF="Ext" PT="NP" FE="Theme" />
        <annoSet ID="693176" />
      </pattern>
    </FEGroupRealization>
    <FEGroupRealization total="1">
      <FE name="Path" />
      <FE name="Source" />
      <FE name="Theme" />
      <pattern total="1">
        <valenceUnit GF="Dep" PT="PP[up]" FE="Path" />
        <valenceUnit GF="Dep" PT="PP[from]" FE="Source" />
        <valenceUnit GF="Ext" PT="NP" FE="Theme" />
        <annoSet ID="693098" />
      </pattern>
    </FEGroupRealization>
    <FEGroupRealization total="13">
      <FE name="Path" />
      <FE name="Theme" />
      <pattern total="1">
        <valenceUnit GF="Dep" PT="AVP" FE="Path" />
        <valenceUnit GF="Ext" PT="NP" FE="Theme" />
        <annoSet ID="693104" />
      </pattern>
      <pattern total="1">
        <valenceUnit GF="Obj" PT="NP" FE="Path" />
        <valenceUnit GF="Ext" PT="NP" FE="Theme" />
        <annoSet ID="693102" />
      </pattern>
      <pattern total="1">
        <valenceUnit GF="Dep" PT="PP[along]" FE="Path" />
        <valenceUnit GF="Ext" PT="NP" FE="Theme" />
        <annoSet ID="693172" />
      </pattern>
      <pattern total="1">
        <valenceUnit GF="Dep" PT="PP[down]" FE="Path" />
        <valenceUnit GF="Ext" PT="NP" FE="Theme" />
        <annoSet ID="693178" />
      </pattern>
      <pattern total="1">
        <valenceUnit GF="Dep" PT="PP[from]" FE="Path" />
        <valenceUnit GF="Ext" PT="NP" FE="Theme" />
        <annoSet ID="693112" />
      </pattern>
      <pattern total="1">
        <valenceUnit GF="Dep" PT="PP[out]" FE="Path" />
        <valenceUnit GF="Ext" PT="NP" FE="Theme" />
        <annoSet ID="693160" />
      </pattern>
      <pattern total="1">
        <valenceUnit GF="Dep" PT="PP[over]" FE="Path" />
        <valenceUnit GF="Ext" PT="NP" FE="Theme" />
        <annoSet ID="693122" />
      </pattern>
      <pattern total="2">
        <valenceUnit GF="Dep" PT="PP[past]" FE="Path" />
        <valenceUnit GF="Ext" PT="NP" FE="Theme" />
        <annoSet ID="693124" />
        <annoSet ID="693126" />
      </pattern>
      <pattern total="1">
        <valenceUnit GF="Dep" PT="PP[round]" FE="Path" />
        <valenceUnit GF="Ext" PT="NP" FE="Theme" />
        <annoSet ID="693182" />
      </pattern>
      <pattern total="1">
        <valenceUnit GF="Dep" PT="PP[through]" FE="Path" />
        <valenceUnit GF="" PT="CNI" FE="Theme" />
        <annoSet ID="693130" />
      </pattern>
      <pattern total="1">
        <valenceUnit GF="Dep" PT="PP[towards]" FE="Path" />
        <valenceUnit GF="Ext" PT="NP" FE="Theme" />
        <annoSet ID="693136" />
      </pattern>
      <pattern total="1">
        <valenceUnit GF="Dep" PT="PP[under]" FE="Path" />
        <valenceUnit GF="Ext" PT="NP" FE="Theme" />
        <annoSet ID="693140" />
      </pattern>
    </FEGroupRealization>
  </valences>
  <subCorpus name="V-augmented">
    <sentence sentNo="0" ID="606037n">
      <text>the train chugs down the tracks heading an up freight in the early 1960's . </text>
      <annotationSet cDate="08/08/2025 08:00:25 PST Fri" status="AUGMENTED" ID="0">
        <layer name="FE" rank="1">
          <label cBy="auto-aug" feID="259" start="0" end="8" name="Theme" />
          <label cBy="auto-aug" feID="261" start="16" end="30" name="Path" />
        </layer>
        <layer name="Target" rank="1">
          <label cBy="auto-aug" start="10" end="14" name="Target" />
        </layer>
      </annotationSet>
    </sentence>
    <sentence sentNo="0" ID="606603n">
      <text>After Doug felt it was safe to leave them , and a neighbour had come in to help Mrs Fraser , the train chugged down the tracks . </text>
      <annotationSet cDate="08/08/2025 08:00:25 PST Fri" status="AUGMENTED" ID="0">
        <layer name="FE" rank="1">
          <label cBy="auto-aug" feID="259" start="93" end="101" name="Theme" />
          <label cBy="auto-aug" feID="261" start="111" end="125" name="Path" />
        </layer>
        <layer name="Target" rank="1">
          <label cBy="auto-aug" start="103" end="109" name="Target" />
        </layer>
      </annotationSet>
    </sentence>
    <sentence sentNo="0" ID="607179n">
      <text>the train chugs upright and stands flexing his hands . </text>
      <annotationSet cDate="08/08/2025 08:00:25 PST Fri" status="AUGMENTED" ID="0">
        <layer name="FE" rank="1">
          <label cBy="auto-aug" feID="259" start="0" end="8" name="Theme" />
          <label cBy="auto-aug" feID="1900" start="16" end="22" name="Result" />
        </layer>
        <layer name="Target" rank="1">
          <label cBy="auto-aug" start="10" end="14" name="Target" />
        </layer>
      </annotationSet>
    </sentence>
  </subCorpus>
</lexUnit>