<?xml version='1.0' encoding='UTF-8'?>
<lexUnit xmlns="http://framenet.icsi.berkeley.edu" xmlns:xsi="http://www.w3.org/2001/XMLSchema-instance" status="Rules_Defined" POS="V" name="change.v" ID="10802" frame="Undergo_change" frameID="1172" totalAnnotated="14" xsi:schemaLocation="../schema/lexUnit.xsd">
  <header>
    <corpus description="Texts from Nuclear Threat Initiative website, created by Center for Non-Proliferation Studies" name="NTI" ID="135">
      <document description="Iran Nuclear" name="Iran_Nuclear" ID="23511" />
      <document description="Iran Missile" name="Iran_Missile" ID="23512" />
      <document description="North Korea Chemical Overview" name="NorthKorea_ChemicalOverview" ID="23611" />
    </corpus>
    <corpus description="American National Corpus Texts" name="ANC" ID="195">
      <document description="Berlitz Intro of Dublin" name="IntroOfDublin" ID="23652" />
      <document description="Berlitz History of Las Vegas" name="HistoryOfLasVegas" ID="23691" />
      <document description="Berlitz History of Greece" name="HistoryOfGreece" ID="23692" />
      <document description="Berlitz Intro of Hong Kong" name="IntroHongKong" ID="23757" />
      <document description="Goodwill fund-raising letter" name="110CYL069" ID="23794" />
    </corpus>
    <corpus description="Texts from WikiMedia--WikiNews and Wikipedia" name="WikiTexts" ID="246">
      <document description="Fires_9" name="Fires_9" ID="25624" />
    </corpus>
    <frame>
      <FE fgColor="FFFFFF" bgColor="0000FF" type="Core-Unexpressed" abbrev="att" name="Attribute" />
      <FE fgColor="FFFFFF" bgColor="A52A2A" type="Peripheral" abbrev="cau" name="Cause" />
      <FE fgColor="FFFFFF" bgColor="9F79EE" type="Extra-Thematic" abbrev="cir" name="Circumstances" />
      <FE fgColor="FFFFFF" bgColor="9400D3" type="Peripheral" abbrev="deg" name="Degree" />
      <FE fgColor="FFFFFF" bgColor="FF0000" type="Core" abbrev="ent" name="Entity" />
      <FE fgColor="FFFFFF" bgColor="800080" type="Core" abbrev="finc" name="Final_category" />
      <FE fgColor="FFFFFF" bgColor="7CCD7C" type="Core-Unexpressed" abbrev="finq" name="Final_quality" />
      <FE fgColor="FFFFFF" bgColor="FF69B4" type="Core-Unexpressed" abbrev="fins" name="Final_situation" />
      <FE fgColor="FFFFFF" bgColor="90876C" type="Extra-Thematic" abbrev="fre" name="Frequency" />
      <FE fgColor="000000" bgColor="A9A9A9" type="Core" abbrev="inic" name="Initial_category" />
      <FE fgColor="000000" bgColor="00BFFF" type="Core-Unexpressed" abbrev="iniq" name="Initial_quality" />
      <FE fgColor="FFFFFF" bgColor="1E90FF" type="Core-Unexpressed" abbrev="inis" name="Initial_situation" />
      <FE fgColor="000000" bgColor="d0d0d0" type="Extra-Thematic" abbrev="intv" name="Intermediate_value" />
      <FE fgColor="000000" bgColor="FF00FF" type="Peripheral" abbrev="man" name="Manner" />
      <FE fgColor="000000" bgColor="7CCD73" type="Extra-Thematic" abbrev="" name="Period_of_iterations" />
      <FE fgColor="FFFFFF" bgColor="008000" type="Peripheral" abbrev="" name="Place" />
      <FE fgColor="FFFFFF" bgColor="FFA500" type="Peripheral" abbrev="tim" name="Time" />
      <FE fgColor="FFFFFF" bgColor="FF00FF" type="Core-Unexpressed" abbrev="val" name="Value_range" />
    </frame>
  </header>
  <definition>FN: become different</definition>
  <lexeme POS="V" name="change" />
  <valences>
    <FERealization total="4">
      <FE name="Attribute" />
      <pattern total="1">
        <valenceUnit GF="" PT="INI" FE="Attribute" />
        <annoSet ID="6523181" />
      </pattern>
      <pattern total="2">
        <valenceUnit GF="Ext" PT="NP" FE="Attribute" />
        <annoSet ID="6544235" />
        <annoSet ID="6553159" />
      </pattern>
      <pattern total="1">
        <valenceUnit GF="Obj" PT="NP" FE="Attribute" />
        <annoSet ID="6774103" />
      </pattern>
    </FERealization>
    <FERealization total="1">
      <FE name="Cause" />
      <pattern total="1">
        <valenceUnit GF="Dep" PT="PP[with]" FE="Cause" />
        <annoSet ID="6551965" />
      </pattern>
    </FERealization>
    <FERealization total="1">
      <FE name="Circumstances" />
      <pattern total="1">
        <valenceUnit GF="Dep" PT="Sub" FE="Circumstances" />
        <annoSet ID="6524906" />
      </pattern>
    </FERealization>
    <FERealization total="3">
      <FE name="Degree" />
      <pattern total="3">
        <valenceUnit GF="Dep" PT="AVP" FE="Degree" />
        <annoSet ID="6536448" />
        <annoSet ID="6543642" />
        <annoSet ID="6551965" />
      </pattern>
    </FERealization>
    <FERealization total="12">
      <FE name="Entity" />
      <pattern total="10">
        <valenceUnit GF="Ext" PT="NP" FE="Entity" />
        <annoSet ID="6523181" />
        <annoSet ID="6536448" />
        <annoSet ID="6539679" />
        <annoSet ID="6542263" />
        <annoSet ID="6543642" />
        <annoSet ID="6544248" />
        <annoSet ID="6544561" />
        <annoSet ID="6551965" />
        <annoSet ID="6553145" />
        <annoSet ID="6774103" />
      </pattern>
      <pattern total="1">
        <valenceUnit GF="" PT="2nd" FE="Entity" />
        <annoSet ID="6524906" />
      </pattern>
      <pattern total="1">
        <valenceUnit GF="Head" PT="N" FE="Entity" />
        <annoSet ID="6556779" />
      </pattern>
    </FERealization>
    <FERealization total="6">
      <FE name="Final_category" />
      <pattern total="2">
        <valenceUnit GF="" PT="DNI" FE="Final_category" />
        <annoSet ID="6544235" />
        <annoSet ID="6551965" />
      </pattern>
      <pattern total="3">
        <valenceUnit GF="" PT="INI" FE="Final_category" />
        <annoSet ID="6539679" />
        <annoSet ID="6553145" />
        <annoSet ID="6556779" />
      </pattern>
      <pattern total="1">
        <valenceUnit GF="Dep" PT="PP[to]" FE="Final_category" />
        <annoSet ID="6544561" />
      </pattern>
    </FERealization>
    <FERealization total="3">
      <FE name="Final_quality" />
      <pattern total="2">
        <valenceUnit GF="" PT="INI" FE="Final_quality" />
        <annoSet ID="6523181" />
        <annoSet ID="6536448" />
      </pattern>
      <pattern total="1">
        <valenceUnit GF="Dep" PT="PP[in]" FE="Final_quality" />
        <annoSet ID="6524906" />
      </pattern>
    </FERealization>
    <FERealization total="1">
      <FE name="Frequency" />
      <pattern total="1">
        <valenceUnit GF="Dep" PT="AVP" FE="Frequency" />
        <annoSet ID="6542263" />
      </pattern>
    </FERealization>
    <FERealization total="5">
      <FE name="Initial_category" />
      <pattern total="1">
        <valenceUnit GF="" PT="DNI" FE="Initial_category" />
        <annoSet ID="6544235" />
      </pattern>
      <pattern total="3">
        <valenceUnit GF="" PT="INI" FE="Initial_category" />
        <annoSet ID="6539679" />
        <annoSet ID="6553145" />
        <annoSet ID="6556779" />
      </pattern>
      <pattern total="1">
        <valenceUnit GF="Dep" PT="PP[from]" FE="Initial_category" />
        <annoSet ID="6544561" />
      </pattern>
    </FERealization>
    <FERealization total="2">
      <FE name="Initial_quality" />
      <pattern total="1">
        <valenceUnit GF="" PT="INI" FE="Initial_quality" />
        <annoSet ID="6523181" />
      </pattern>
      <pattern total="1">
        <valenceUnit GF="Ext" PT="NP" FE="Initial_quality" />
        <annoSet ID="6524906" />
      </pattern>
    </FERealization>
    <FERealization total="4">
      <FE name="Manner" />
      <pattern total="3">
        <valenceUnit GF="Dep" PT="AVP" FE="Manner" />
        <annoSet ID="6542263" />
        <annoSet ID="6544235" />
        <annoSet ID="6553145" />
      </pattern>
      <pattern total="1">
        <valenceUnit GF="Dep" PT="PP[before]" FE="Manner" />
        <annoSet ID="6539679" />
      </pattern>
    </FERealization>
    <FERealization total="5">
      <FE name="Time" />
      <pattern total="2">
        <valenceUnit GF="Dep" PT="Sub" FE="Time" />
        <annoSet ID="6523181" />
        <annoSet ID="6544248" />
      </pattern>
      <pattern total="1">
        <valenceUnit GF="Dep" PT="PP[during]" FE="Time" />
        <annoSet ID="6774103" />
      </pattern>
      <pattern total="1">
        <valenceUnit GF="Dep" PT="PP[over]" FE="Time" />
        <annoSet ID="6536448" />
      </pattern>
      <pattern total="1">
        <valenceUnit GF="Dep" PT="PP[throughout]" FE="Time" />
        <annoSet ID="6542263" />
      </pattern>
    </FERealization>
    <FERealization total="1">
      <FE name="Value_range" />
      <pattern total="1">
        <valenceUnit GF="" PT="INI" FE="Value_range" />
        <annoSet ID="6553159" />
      </pattern>
    </FERealization>
    <FEGroupRealization total="1">
      <FE name="Attribute" />
      <FE name="Entity" />
      <FE name="Final_quality" />
      <FE name="Initial_quality" />
      <FE name="Time" />
      <pattern total="1">
        <valenceUnit GF="" PT="INI" FE="Attribute" />
        <valenceUnit GF="Ext" PT="NP" FE="Entity" />
        <valenceUnit GF="" PT="INI" FE="Final_quality" />
        <valenceUnit GF="" PT="INI" FE="Initial_quality" />
        <valenceUnit GF="Dep" PT="Sub" FE="Time" />
        <annoSet ID="6523181" />
      </pattern>
    </FEGroupRealization>
    <FEGroupRealization total="1">
      <FE name="Attribute" />
      <FE name="Entity" />
      <FE name="Time" />
      <pattern total="1">
        <valenceUnit GF="Obj" PT="NP" FE="Attribute" />
        <valenceUnit GF="Ext" PT="NP" FE="Entity" />
        <valenceUnit GF="Dep" PT="PP[during]" FE="Time" />
        <annoSet ID="6774103" />
      </pattern>
    </FEGroupRealization>
    <FEGroupRealization total="1">
      <FE name="Attribute" />
      <FE name="Final_category" />
      <FE name="Initial_category" />
      <FE name="Manner" />
      <pattern total="1">
        <valenceUnit GF="Ext" PT="NP" FE="Attribute" />
        <valenceUnit GF="" PT="DNI" FE="Final_category" />
        <valenceUnit GF="" PT="DNI" FE="Initial_category" />
        <valenceUnit GF="Dep" PT="AVP" FE="Manner" />
        <annoSet ID="6544235" />
      </pattern>
    </FEGroupRealization>
    <FEGroupRealization total="1">
      <FE name="Attribute" />
      <FE name="Value_range" />
      <pattern total="1">
        <valenceUnit GF="Ext" PT="NP" FE="Attribute" />
        <valenceUnit GF="" PT="INI" FE="Value_range" />
        <annoSet ID="6553159" />
      </pattern>
    </FEGroupRealization>
    <FEGroupRealization total="1">
      <FE name="Cause" />
      <FE name="Degree" />
      <FE name="Entity" />
      <FE name="Final_category" />
      <pattern total="1">
        <valenceUnit GF="Dep" PT="PP[with]" FE="Cause" />
        <valenceUnit GF="Dep" PT="AVP" FE="Degree" />
        <valenceUnit GF="Ext" PT="NP" FE="Entity" />
        <valenceUnit GF="" PT="DNI" FE="Final_category" />
        <annoSet ID="6551965" />
      </pattern>
    </FEGroupRealization>
    <FEGroupRealization total="1">
      <FE name="Circumstances" />
      <FE name="Entity" />
      <FE name="Final_quality" />
      <FE name="Initial_quality" />
      <pattern total="1">
        <valenceUnit GF="Dep" PT="Sub" FE="Circumstances" />
        <valenceUnit GF="" PT="2nd" FE="Entity" />
        <valenceUnit GF="Dep" PT="PP[in]" FE="Final_quality" />
        <valenceUnit GF="Ext" PT="NP" FE="Initial_quality" />
        <annoSet ID="6524906" />
      </pattern>
    </FEGroupRealization>
    <FEGroupRealization total="1">
      <FE name="Degree" />
      <FE name="Entity" />
      <pattern total="1">
        <valenceUnit GF="Dep" PT="AVP" FE="Degree" />
        <valenceUnit GF="Ext" PT="NP" FE="Entity" />
        <annoSet ID="6543642" />
      </pattern>
    </FEGroupRealization>
    <FEGroupRealization total="1">
      <FE name="Degree" />
      <FE name="Entity" />
      <FE name="Final_quality" />
      <FE name="Time" />
      <pattern total="1">
        <valenceUnit GF="Dep" PT="AVP" FE="Degree" />
        <valenceUnit GF="Ext" PT="NP" FE="Entity" />
        <valenceUnit GF="" PT="INI" FE="Final_quality" />
        <valenceUnit GF="Dep" PT="PP[over]" FE="Time" />
        <annoSet ID="6536448" />
      </pattern>
    </FEGroupRealization>
    <FEGroupRealization total="1">
      <FE name="Entity" />
      <FE name="Entity" />
      <FE name="Frequency" />
      <FE name="Manner" />
      <FE name="Time" />
      <pattern total="1">
        <valenceUnit GF="Ext" PT="NP" FE="Entity" />
        <valenceUnit GF="Ext" PT="NP" FE="Entity" />
        <valenceUnit GF="Dep" PT="AVP" FE="Frequency" />
        <valenceUnit GF="Dep" PT="AVP" FE="Manner" />
        <valenceUnit GF="Dep" PT="PP[throughout]" FE="Time" />
        <annoSet ID="6542263" />
      </pattern>
    </FEGroupRealization>
    <FEGroupRealization total="2">
      <FE name="Entity" />
      <FE name="Final_category" />
      <FE name="Initial_category" />
      <pattern total="1">
        <valenceUnit GF="Head" PT="N" FE="Entity" />
        <valenceUnit GF="" PT="INI" FE="Final_category" />
        <valenceUnit GF="" PT="INI" FE="Initial_category" />
        <annoSet ID="6556779" />
      </pattern>
      <pattern total="1">
        <valenceUnit GF="Ext" PT="NP" FE="Entity" />
        <valenceUnit GF="Dep" PT="PP[to]" FE="Final_category" />
        <valenceUnit GF="Dep" PT="PP[from]" FE="Initial_category" />
        <annoSet ID="6544561" />
      </pattern>
    </FEGroupRealization>
    <FEGroupRealization total="2">
      <FE name="Entity" />
      <FE name="Final_category" />
      <FE name="Initial_category" />
      <FE name="Manner" />
      <pattern total="1">
        <valenceUnit GF="Ext" PT="NP" FE="Entity" />
        <valenceUnit GF="" PT="INI" FE="Final_category" />
        <valenceUnit GF="" PT="INI" FE="Initial_category" />
        <valenceUnit GF="Dep" PT="AVP" FE="Manner" />
        <annoSet ID="6553145" />
      </pattern>
      <pattern total="1">
        <valenceUnit GF="Ext" PT="NP" FE="Entity" />
        <valenceUnit GF="" PT="INI" FE="Final_category" />
        <valenceUnit GF="" PT="INI" FE="Initial_category" />
        <valenceUnit GF="Dep" PT="PP[before]" FE="Manner" />
        <annoSet ID="6539679" />
      </pattern>
    </FEGroupRealization>
    <FEGroupRealization total="1">
      <FE name="Entity" />
      <FE name="Time" />
      <pattern total="1">
        <valenceUnit GF="Ext" PT="NP" FE="Entity" />
        <valenceUnit GF="Dep" PT="Sub" FE="Time" />
        <annoSet ID="6544248" />
      </pattern>
    </FEGroupRealization>
  </valences>
  <subCorpus name="V-augmented">
    <sentence sentNo="0" ID="624995n">
      <text>silly dreaming has change from silly dreaming to grinding pragmatism . </text>
      <annotationSet cDate="08/08/2025 07:59:36 PST Fri" status="AUGMENTED" ID="0">
        <layer name="FE" rank="1">
          <label cBy="auto-aug" feID="6803" start="0" end="13" name="Entity" />
          <label cBy="auto-aug" feID="6838" start="26" end="44" name="Initial_quality" />
          <label cBy="auto-aug" feID="6839" start="46" end="67" name="Final_quality" />
        </layer>
        <layer name="Target" rank="1">
          <label cBy="auto-aug" start="19" end="24" name="Target" />
        </layer>
      </annotationSet>
    </sentence>
    <sentence sentNo="0" ID="625693n">
      <text>Over the next four months , the weather changed from intense heat to snowstorms . </text>
      <annotationSet cDate="08/08/2025 07:59:36 PST Fri" status="AUGMENTED" ID="0">
        <layer name="FE" rank="1">
          <label cBy="auto-aug" feID="6803" start="28" end="38" name="Entity" />
          <label cBy="auto-aug" feID="6838" start="48" end="64" name="Initial_quality" />
          <label cBy="auto-aug" feID="6839" start="66" end="78" name="Final_quality" />
        </layer>
        <layer name="Target" rank="1">
          <label cBy="auto-aug" start="40" end="46" name="Target" />
        </layer>
      </annotationSet>
    </sentence>
    <sentence sentNo="0" ID="625136n">
      <text>More importantly , however , the individuals change more firmly in favour of the idea . </text>
      <annotationSet cDate="08/08/2025 07:59:36 PST Fri" status="AUGMENTED" ID="0">
        <layer name="FE" rank="1">
          <label cBy="auto-aug" feID="6803" start="29" end="43" name="Entity" />
          <label cBy="auto-aug" feID="6842" start="52" end="62" name="Manner" />
          <label cBy="auto-aug" feID="6839" start="64" end="84" name="Final_quality" />
        </layer>
        <layer name="Target" rank="1">
          <label cBy="auto-aug" start="45" end="50" name="Target" />
        </layer>
      </annotationSet>
    </sentence>
    <sentence sentNo="0" ID="624989n">
      <text>the system had once more change from centralisation to decentralisation , but the attempt to make doctors and nurses more accountable for resource decisions continued . </text>
      <annotationSet cDate="08/08/2025 07:59:36 PST Fri" status="AUGMENTED" ID="0">
        <layer name="FE" rank="1">
          <label cBy="auto-aug" feID="6803" start="0" end="9" name="Entity" />
          <label cBy="auto-aug" feID="6838" start="32" end="50" name="Initial_quality" />
          <label cBy="auto-aug" feID="6839" start="52" end="70" name="Final_quality" />
        </layer>
        <layer name="Target" rank="1">
          <label cBy="auto-aug" start="25" end="30" name="Target" />
        </layer>
      </annotationSet>
    </sentence>
    <sentence sentNo="0" ID="621823n">
      <text>She , exhausted by all she was trying to do , changed from fury to weeping . </text>
      <annotationSet cDate="08/08/2025 07:59:36 PST Fri" status="AUGMENTED" ID="0">
        <layer name="FE" rank="1">
          <label cBy="auto-aug" feID="6803" start="0" end="2" name="Entity" />
          <label cBy="auto-aug" feID="6838" start="54" end="62" name="Initial_quality" />
          <label cBy="auto-aug" feID="6839" start="64" end="73" name="Final_quality" />
        </layer>
        <layer name="Target" rank="1">
          <label cBy="auto-aug" start="46" end="52" name="Target" />
        </layer>
      </annotationSet>
    </sentence>
    <sentence sentNo="0" ID="625681n">
      <text>the mood changes between poetry and pretentiousness . </text>
      <annotationSet cDate="08/08/2025 07:59:36 PST Fri" status="AUGMENTED" ID="0">
        <layer name="FE" rank="1">
          <label cBy="auto-aug" feID="6803" start="0" end="7" name="Entity" />
          <label cBy="auto-aug" feID="9182" start="17" end="50" name="Value_range" />
        </layer>
        <layer name="Target" rank="1">
          <label cBy="auto-aug" start="9" end="15" name="Target" />
        </layer>
      </annotationSet>
    </sentence>
    <sentence sentNo="0" ID="4103877n">
      <text>But the situation is not simply changing blindly into a more positive outcome .</text>
      <annotationSet cDate="08/08/2025 07:59:36 PST Fri" status="AUGMENTED" ID="0">
        <layer name="FE" rank="1">
          <label cBy="auto-aug" feID="6803" start="4" end="16" name="Entity" />
          <label cBy="auto-aug" feID="6842" start="25" end="30" name="Manner" />
          <label cBy="auto-aug" feID="6842" start="41" end="47" name="Manner" />
          <label cBy="auto-aug" feID="6804" start="49" end="76" name="Final_category" />
        </layer>
        <layer name="Target" rank="1">
          <label cBy="auto-aug" start="32" end="39" name="Target" />
        </layer>
      </annotationSet>
    </sentence>
    <sentence sentNo="0" ID="625679n">
      <text>the situation changed between naivety , respect -- and evasiveness . </text>
      <annotationSet cDate="08/08/2025 07:59:36 PST Fri" status="AUGMENTED" ID="0">
        <layer name="FE" rank="1">
          <label cBy="auto-aug" feID="6803" start="0" end="12" name="Entity" />
          <label cBy="auto-aug" feID="9182" start="22" end="65" name="Value_range" />
        </layer>
        <layer name="Target" rank="1">
          <label cBy="auto-aug" start="14" end="20" name="Target" />
        </layer>
      </annotationSet>
    </sentence>
  </subCorpus>
</lexUnit>