<?xml version='1.0' encoding='UTF-8'?>
<lexUnit xmlns="http://framenet.icsi.berkeley.edu" xmlns:xsi="http://www.w3.org/2001/XMLSchema-instance" status="Created" POS="V" name="think.v" ID="10867" frame="Cogitation" frameID="22" totalAnnotated="7" xsi:schemaLocation="../schema/lexUnit.xsd">
  <header>
    <corpus description="American National Corpus Texts" name="ANC" ID="195">
      <document description="Slate magazine article: Entrepreneur as Madonna" name="EntrepreneurAsMadonna" ID="23646" />
    </corpus>
    <corpus description="LUCorpus-v0.3" name="LUCorpus-v0.3" ID="205">
      <document description="wsj_1640.mrg-NEW" name="wsj_1640.mrg-NEW" ID="23727" />
      <document description="sw2025-ms98-a-trans.ascii-1-NEW" name="sw2025-ms98-a-trans.ascii-1-NEW" ID="23731" />
    </corpus>
    <frame>
      <FE fgColor="FFFFFF" bgColor="FF0000" type="Core" abbrev="Cog" name="Cognizer" />
      <FE fgColor="FFFFFF" bgColor="FF69B4" type="Extra-Thematic" abbrev="Degr" name="Degree" />
      <FE fgColor="FFFFFF" bgColor="9400D3" type="Extra-Thematic" abbrev="Dep" name="Depictive" />
      <FE fgColor="FFFFFF" bgColor="FF00FF" type="Peripheral" abbrev="Manr" name="Manner" />
      <FE fgColor="FFFFFF" bgColor="0000FF" type="Peripheral" abbrev="Mns" name="Means" />
      <FE fgColor="FFFFFF" bgColor="9F79EE" type="Extra-Thematic" abbrev="Medium" name="Medium" />
      <FE fgColor="FFFFFF" bgColor="800080" type="Peripheral" abbrev="pur" name="Purpose" />
      <FE fgColor="FFFFFF" bgColor="808080" type="Extra-Thematic" abbrev="Result" name="Result" />
      <FE fgColor="FFFFFF" bgColor="00BFFF" type="Peripheral" abbrev="tim" name="Time" />
      <FE fgColor="FFFFFF" bgColor="FFA500" type="Core" abbrev="Top" name="Topic" />
    </frame>
  </header>
  <definition>COD: direct one's mind towards someone or something; use one's mind actively to form connected ideas</definition>
  <lexeme POS="V" name="think" />
  <valences>
    <FERealization total="7">
      <FE name="Cognizer" />
      <pattern total="1">
        <valenceUnit GF="" PT="CNI" FE="Cognizer" />
        <annoSet ID="6538543" />
      </pattern>
      <pattern total="6">
        <valenceUnit GF="Ext" PT="NP" FE="Cognizer" />
        <annoSet ID="6549130" />
        <annoSet ID="6550807" />
        <annoSet ID="6550811" />
        <annoSet ID="6551492" />
        <annoSet ID="6672888" />
        <annoSet ID="6672962" />
      </pattern>
    </FERealization>
    <FERealization total="7">
      <FE name="Topic" />
      <pattern total="1">
        <valenceUnit GF="Dep" PT="PP[of]" FE="Topic" />
        <annoSet ID="6538543" />
      </pattern>
      <pattern total="1">
        <valenceUnit GF="Obj" PT="QUO" FE="Topic" />
        <annoSet ID="6672962" />
      </pattern>
      <pattern total="3">
        <valenceUnit GF="Dep" PT="Sfin" FE="Topic" />
        <annoSet ID="6549130" />
        <annoSet ID="6550807" />
        <annoSet ID="6551492" />
      </pattern>
      <pattern total="1">
        <valenceUnit GF="Dep" PT="Sun" FE="Topic" />
        <annoSet ID="6672888" />
      </pattern>
      <pattern total="1">
        <valenceUnit GF="Dep" PT="VPto" FE="Topic" />
        <annoSet ID="6550811" />
      </pattern>
    </FERealization>
    <FEGroupRealization total="7">
      <FE name="Cognizer" />
      <FE name="Topic" />
      <pattern total="1">
        <valenceUnit GF="" PT="CNI" FE="Cognizer" />
        <valenceUnit GF="Dep" PT="PP[of]" FE="Topic" />
        <annoSet ID="6538543" />
      </pattern>
      <pattern total="1">
        <valenceUnit GF="Ext" PT="NP" FE="Cognizer" />
        <valenceUnit GF="Obj" PT="QUO" FE="Topic" />
        <annoSet ID="6672962" />
      </pattern>
      <pattern total="3">
        <valenceUnit GF="Ext" PT="NP" FE="Cognizer" />
        <valenceUnit GF="Dep" PT="Sfin" FE="Topic" />
        <annoSet ID="6549130" />
        <annoSet ID="6550807" />
        <annoSet ID="6551492" />
      </pattern>
      <pattern total="1">
        <valenceUnit GF="Ext" PT="NP" FE="Cognizer" />
        <valenceUnit GF="Dep" PT="Sun" FE="Topic" />
        <annoSet ID="6672888" />
      </pattern>
      <pattern total="1">
        <valenceUnit GF="Ext" PT="NP" FE="Cognizer" />
        <valenceUnit GF="Dep" PT="VPto" FE="Topic" />
        <annoSet ID="6550811" />
      </pattern>
    </FEGroupRealization>
  </valences>
  <subCorpus name="V-augmented">
    <sentence sentNo="0" ID="350657n">
      <text>She spent hours thinking about the project . </text>
      <annotationSet cDate="08/08/2025 07:58:06 PST Fri" status="AUGMENTED" ID="0">
        <layer name="FE" rank="1">
          <label cBy="auto-aug" feID="96" start="0" end="2" name="Cognizer" />
          <label cBy="auto-aug" feID="97" start="25" end="41" name="Topic" />
        </layer>
        <layer name="Target" rank="1">
          <label cBy="auto-aug" start="16" end="23" name="Target" />
        </layer>
      </annotationSet>
    </sentence>
    <sentence sentNo="0" ID="349249n">
      <text>Ginny left Ginny thinking about the latest episode in front of a game show on television. ( 'Load of nonsense , " he always said about television ; nonetheless , he liked to have it on . ) </text>
      <annotationSet cDate="08/08/2025 07:58:06 PST Fri" status="AUGMENTED" ID="0">
        <layer name="FE" rank="1">
          <label cBy="auto-aug" feID="96" start="11" end="15" name="Cognizer" />
          <label cBy="auto-aug" feID="97" start="26" end="49" name="Topic" />
        </layer>
        <layer name="Target" rank="1">
          <label cBy="auto-aug" start="17" end="24" name="Target" />
        </layer>
      </annotationSet>
    </sentence>
    <sentence sentNo="0" ID="350696n">
      <text>The more she thought the upcoming deadline over in her mind , the less cause there seemed to be for alarm . </text>
      <annotationSet cDate="08/08/2025 07:58:06 PST Fri" status="AUGMENTED" ID="0">
        <layer name="FE" rank="1">
          <label cBy="auto-aug" feID="96" start="9" end="11" name="Cognizer" />
          <label cBy="auto-aug" feID="97" start="21" end="41" name="Topic" />
        </layer>
        <layer name="Target" rank="1">
          <label cBy="auto-aug" start="13" end="19" name="Target" />
        </layer>
      </annotationSet>
    </sentence>
    <sentence sentNo="0" ID="349834n">
      <text>I thinking that should formulate concisely the complaint and the grounds upon which the order may be sought . </text>
      <annotationSet cDate="08/08/2025 07:58:06 PST Fri" status="AUGMENTED" ID="0">
        <layer name="FE" rank="1">
          <label cBy="auto-aug" feID="96" start="0" end="0" name="Cognizer" />
          <label cBy="auto-aug" feID="97" start="11" end="14" name="Topic" />
        </layer>
        <layer name="Target" rank="1">
          <label cBy="auto-aug" start="2" end="9" name="Target" />
        </layer>
      </annotationSet>
    </sentence>
    <sentence sentNo="0" ID="350646n">
      <text>That left Pitcher undefeated on 32 and Pitcher to think about the game . </text>
      <annotationSet cDate="08/08/2025 07:58:06 PST Fri" status="AUGMENTED" ID="0">
        <layer name="FE" rank="1">
          <label cBy="auto-aug" feID="96" start="39" end="45" name="Cognizer" />
          <label cBy="auto-aug" feID="97" start="56" end="69" name="Topic" />
        </layer>
        <layer name="Target" rank="1">
          <label cBy="auto-aug" start="50" end="54" name="Target" />
        </layer>
      </annotationSet>
    </sentence>
    <sentence sentNo="0" ID="350413n">
      <text>If you think for as little as 10-15 minutes each day , you will soon notice the difference it makes , and it will rapidly become a high priority in your life . </text>
      <annotationSet cDate="08/08/2025 07:58:06 PST Fri" status="AUGMENTED" ID="0">
        <layer name="FE" rank="1">
          <label cBy="auto-aug" feID="96" start="3" end="5" name="Cognizer" />
        </layer>
        <layer name="Target" rank="1">
          <label cBy="auto-aug" start="7" end="11" name="Target" />
        </layer>
      </annotationSet>
    </sentence>
    <sentence sentNo="0" ID="350434n">
      <text>Eva had become eccentric : when a decision was needed Ted and I often had to wait while Eva retired upstairs and thought about the problem . </text>
      <annotationSet cDate="08/08/2025 07:58:06 PST Fri" status="AUGMENTED" ID="0">
        <layer name="FE" rank="1">
          <label cBy="auto-aug" feID="96" start="88" end="90" name="Cognizer" />
          <label cBy="auto-aug" feID="97" start="121" end="137" name="Topic" />
        </layer>
        <layer name="Target" rank="1">
          <label cBy="auto-aug" start="113" end="119" name="Target" />
        </layer>
      </annotationSet>
    </sentence>
    <sentence sentNo="0" ID="350656n">
      <text>Fortunately , he was too motivated by sell-preservation to think about his choices , although he definitely paused and it was dramatic . </text>
      <annotationSet cDate="08/08/2025 07:58:06 PST Fri" status="AUGMENTED" ID="0">
        <layer name="FE" rank="1">
          <label cBy="auto-aug" feID="96" start="14" end="15" name="Cognizer" />
          <label cBy="auto-aug" feID="97" start="65" end="81" name="Topic" />
        </layer>
        <layer name="Target" rank="1">
          <label cBy="auto-aug" start="59" end="63" name="Target" />
        </layer>
      </annotationSet>
    </sentence>
  </subCorpus>
</lexUnit>