<?xml version='1.0' encoding='UTF-8'?>
<lexUnit xmlns="http://framenet.icsi.berkeley.edu" xmlns:xsi="http://www.w3.org/2001/XMLSchema-instance" status="FN1_Sent" POS="V" name="expel.v" ID="1134" frame="Removing" frameID="63" totalAnnotated="20" xsi:schemaLocation="../schema/lexUnit.xsd">
  <header>
    <corpus description="Texts from Nuclear Threat Initiative website, created by Center for Non-Proliferation Studies" name="NTI" ID="135">
      <document description="North Korea Introduction" name="NorthKorea_Introduction" ID="23481" />
      <document description="North Korea Nuclear Overview" name="NorthKorea_NuclearOverview" ID="23562" />
      <document description="B W Tutorial chapter1" name="BWTutorial_chapter1" ID="23602" />
    </corpus>
    <frame>
      <FE fgColor="FFFFFF" bgColor="FF0000" type="Core" abbrev="Agt" name="Agent" />
      <FE fgColor="FFFFFF" bgColor="2E8B57" type="Core" abbrev="Cause" name="Cause" />
      <FE fgColor="00008B" bgColor="7FFF00" type="Extra-Thematic" abbrev="Cir" name="Circumstances" />
      <FE fgColor="800080" bgColor="7CCD73" type="Extra-Thematic" abbrev="Co-t" name="Co-timed_event" />
      <FE fgColor="FFFFFF" bgColor="9F79EE" type="Extra-Thematic" abbrev="cot" name="Cotheme" />
      <FE fgColor="FFFFFF" bgColor="1E90FF" type="Peripheral" abbrev="Degr" name="Degree" />
      <FE fgColor="000000" bgColor="EEE8AA" type="Extra-Thematic" abbrev="Dep" name="Depictive" />
      <FE fgColor="000000" bgColor="2E8B57" type="Peripheral" abbrev="" name="Direction" />
      <FE fgColor="FFFFFF" bgColor="0000FF" type="Peripheral" abbrev="Dist" name="Distance" />
      <FE fgColor="00008B" bgColor="FFFF00" type="Extra-Thematic" abbrev="Exp" name="Explanation" />
      <FE fgColor="FFFFFF" bgColor="00BFFF" type="Peripheral" abbrev="Goal" name="Goal" />
      <FE fgColor="FFFFFF" bgColor="A9A9A9" type="Peripheral" abbrev="Ins" name="Instrument" />
      <FE fgColor="FFFFFF" bgColor="FF00FF" type="Peripheral" abbrev="Manr" name="Manner" />
      <FE fgColor="FFFFFF" bgColor="FF69B4" type="Peripheral" abbrev="Mns" name="Means" />
      <FE fgColor="FFFFFF" bgColor="00008B" type="Extra-Thematic" abbrev="Mea" name="Means_of_motion" />
      <FE fgColor="000000" bgColor="FF00FF" type="Extra-Thematic" abbrev="" name="Particular_iteration" />
      <FE fgColor="FFFFFF" bgColor="A52A2A" type="Peripheral" abbrev="Path" name="Path" />
      <FE fgColor="FFFFFF" bgColor="9400D3" type="Peripheral" abbrev="pla" name="Place" />
      <FE fgColor="000000" bgColor="00BFFF" type="Peripheral" abbrev="Pur" name="Purpose" />
      <FE fgColor="FFFFFF" bgColor="808080" type="Extra-Thematic" abbrev="Result" name="Result" />
      <FE fgColor="FFFFFF" bgColor="006400" type="Core" abbrev="Src" name="Source" />
      <FE fgColor="FFFFFF" bgColor="800080" type="Core" abbrev="Thm" name="Theme" />
      <FE fgColor="FFFFFF" bgColor="FFA500" type="Peripheral" abbrev="Tim" name="Time" />
    </frame>
  </header>
  <definition>COD: force or drive out</definition>
  <lexeme POS="V" name="expel" />
  <valences>
    <FERealization total="20">
      <FE name="Agent" />
      <pattern total="3">
        <valenceUnit GF="" PT="CNI" FE="Agent" />
        <annoSet ID="703828" />
        <annoSet ID="703976" />
        <annoSet ID="704060" />
      </pattern>
      <pattern total="14">
        <valenceUnit GF="Ext" PT="NP" FE="Agent" />
        <annoSet ID="703810" />
        <annoSet ID="703836" />
        <annoSet ID="703838" />
        <annoSet ID="703860" />
        <annoSet ID="703874" />
        <annoSet ID="703886" />
        <annoSet ID="703890" />
        <annoSet ID="703906" />
        <annoSet ID="704010" />
        <annoSet ID="704112" />
        <annoSet ID="6521658" />
        <annoSet ID="6529475" />
        <annoSet ID="6529585" />
        <annoSet ID="6535476" />
      </pattern>
      <pattern total="3">
        <valenceUnit GF="Dep" PT="PP[by]" FE="Agent" />
        <annoSet ID="703920" />
        <annoSet ID="703924" />
        <annoSet ID="703928" />
      </pattern>
    </FERealization>
    <FERealization total="1">
      <FE name="Goal" />
      <pattern total="1">
        <valenceUnit GF="Dep" PT="PP[to]" FE="Goal" />
        <annoSet ID="703976" />
      </pattern>
    </FERealization>
    <FERealization total="4">
      <FE name="Path" />
      <pattern total="2">
        <valenceUnit GF="Dep" PT="PP[through]" FE="Path" />
        <annoSet ID="703828" />
        <annoSet ID="704060" />
      </pattern>
      <pattern total="1">
        <valenceUnit GF="Dep" PT="PP[across]" FE="Path" />
        <annoSet ID="704112" />
      </pattern>
      <pattern total="1">
        <valenceUnit GF="Dep" PT="PP[by]" FE="Path" />
        <annoSet ID="703838" />
      </pattern>
    </FERealization>
    <FERealization total="19">
      <FE name="Source" />
      <pattern total="17">
        <valenceUnit GF="" PT="DNI" FE="Source" />
        <annoSet ID="703828" />
        <annoSet ID="703836" />
        <annoSet ID="703838" />
        <annoSet ID="703860" />
        <annoSet ID="703874" />
        <annoSet ID="703886" />
        <annoSet ID="703890" />
        <annoSet ID="703906" />
        <annoSet ID="703920" />
        <annoSet ID="703924" />
        <annoSet ID="703928" />
        <annoSet ID="703976" />
        <annoSet ID="704010" />
        <annoSet ID="704060" />
        <annoSet ID="704112" />
        <annoSet ID="6529475" />
        <annoSet ID="6529585" />
      </pattern>
      <pattern total="2">
        <valenceUnit GF="Dep" PT="PP[from]" FE="Source" />
        <annoSet ID="703810" />
        <annoSet ID="6535476" />
      </pattern>
    </FERealization>
    <FERealization total="20">
      <FE name="Theme" />
      <pattern total="5">
        <valenceUnit GF="Ext" PT="NP" FE="Theme" />
        <annoSet ID="703920" />
        <annoSet ID="703924" />
        <annoSet ID="703928" />
        <annoSet ID="703976" />
        <annoSet ID="704060" />
      </pattern>
      <pattern total="15">
        <valenceUnit GF="Obj" PT="NP" FE="Theme" />
        <annoSet ID="703810" />
        <annoSet ID="703828" />
        <annoSet ID="703836" />
        <annoSet ID="703838" />
        <annoSet ID="703860" />
        <annoSet ID="703874" />
        <annoSet ID="703886" />
        <annoSet ID="703890" />
        <annoSet ID="703906" />
        <annoSet ID="704010" />
        <annoSet ID="704112" />
        <annoSet ID="6521658" />
        <annoSet ID="6529475" />
        <annoSet ID="6529585" />
        <annoSet ID="6535476" />
      </pattern>
    </FERealization>
    <FEGroupRealization total="1">
      <FE name="Agent" />
      <FE name="Agent" />
      <FE name="Source" />
      <FE name="Theme" />
      <pattern total="1">
        <valenceUnit GF="Ext" PT="NP" FE="Agent" />
        <valenceUnit GF="Ext" PT="NP" FE="Agent" />
        <valenceUnit GF="Dep" PT="PP[from]" FE="Source" />
        <valenceUnit GF="Obj" PT="NP" FE="Theme" />
        <annoSet ID="6535476" />
      </pattern>
    </FEGroupRealization>
    <FEGroupRealization total="1">
      <FE name="Agent" />
      <FE name="Goal" />
      <FE name="Source" />
      <FE name="Theme" />
      <pattern total="1">
        <valenceUnit GF="" PT="CNI" FE="Agent" />
        <valenceUnit GF="Dep" PT="PP[to]" FE="Goal" />
        <valenceUnit GF="" PT="DNI" FE="Source" />
        <valenceUnit GF="Ext" PT="NP" FE="Theme" />
        <annoSet ID="703976" />
      </pattern>
    </FEGroupRealization>
    <FEGroupRealization total="4">
      <FE name="Agent" />
      <FE name="Path" />
      <FE name="Source" />
      <FE name="Theme" />
      <pattern total="1">
        <valenceUnit GF="" PT="CNI" FE="Agent" />
        <valenceUnit GF="Dep" PT="PP[through]" FE="Path" />
        <valenceUnit GF="" PT="DNI" FE="Source" />
        <valenceUnit GF="Ext" PT="NP" FE="Theme" />
        <annoSet ID="704060" />
      </pattern>
      <pattern total="1">
        <valenceUnit GF="" PT="CNI" FE="Agent" />
        <valenceUnit GF="Dep" PT="PP[through]" FE="Path" />
        <valenceUnit GF="" PT="DNI" FE="Source" />
        <valenceUnit GF="Obj" PT="NP" FE="Theme" />
        <annoSet ID="703828" />
      </pattern>
      <pattern total="1">
        <valenceUnit GF="Ext" PT="NP" FE="Agent" />
        <valenceUnit GF="Dep" PT="PP[across]" FE="Path" />
        <valenceUnit GF="" PT="DNI" FE="Source" />
        <valenceUnit GF="Obj" PT="NP" FE="Theme" />
        <annoSet ID="704112" />
      </pattern>
      <pattern total="1">
        <valenceUnit GF="Ext" PT="NP" FE="Agent" />
        <valenceUnit GF="Dep" PT="PP[by]" FE="Path" />
        <valenceUnit GF="" PT="DNI" FE="Source" />
        <valenceUnit GF="Obj" PT="NP" FE="Theme" />
        <annoSet ID="703838" />
      </pattern>
    </FEGroupRealization>
    <FEGroupRealization total="13">
      <FE name="Agent" />
      <FE name="Source" />
      <FE name="Theme" />
      <pattern total="9">
        <valenceUnit GF="Ext" PT="NP" FE="Agent" />
        <valenceUnit GF="" PT="DNI" FE="Source" />
        <valenceUnit GF="Obj" PT="NP" FE="Theme" />
        <annoSet ID="703836" />
        <annoSet ID="703860" />
        <annoSet ID="703874" />
        <annoSet ID="703886" />
        <annoSet ID="703890" />
        <annoSet ID="703906" />
        <annoSet ID="704010" />
        <annoSet ID="6529475" />
        <annoSet ID="6529585" />
      </pattern>
      <pattern total="1">
        <valenceUnit GF="Ext" PT="NP" FE="Agent" />
        <valenceUnit GF="Dep" PT="PP[from]" FE="Source" />
        <valenceUnit GF="Obj" PT="NP" FE="Theme" />
        <annoSet ID="703810" />
      </pattern>
      <pattern total="3">
        <valenceUnit GF="Dep" PT="PP[by]" FE="Agent" />
        <valenceUnit GF="" PT="DNI" FE="Source" />
        <valenceUnit GF="Ext" PT="NP" FE="Theme" />
        <annoSet ID="703920" />
        <annoSet ID="703924" />
        <annoSet ID="703928" />
      </pattern>
    </FEGroupRealization>
    <FEGroupRealization total="1">
      <FE name="Agent" />
      <FE name="Theme" />
      <pattern total="1">
        <valenceUnit GF="Ext" PT="NP" FE="Agent" />
        <valenceUnit GF="Obj" PT="NP" FE="Theme" />
        <annoSet ID="6521658" />
      </pattern>
    </FEGroupRealization>
  </valences>
  <subCorpus name="V-augmented">
    <sentence sentNo="0" ID="611565n">
      <text>Waugh might have agreed even with the complaint about the early reviewers , their objections he was shortly to concede in a new preface and expel by revision . </text>
      <annotationSet cDate="08/08/2025 08:00:22 PST Fri" status="AUGMENTED" ID="0">
        <layer name="FE" rank="1">
          <label cBy="auto-aug" feID="280" start="54" end="72" name="Theme" />
          <label cBy="auto-aug" feID="280" start="76" end="91" name="Theme" />
          <label cBy="auto-aug" feID="279" start="93" end="94" name="Agent" />
        </layer>
        <layer name="Target" rank="1">
          <label cBy="auto-aug" start="140" end="144" name="Target" />
        </layer>
      </annotationSet>
    </sentence>
    <sentence sentNo="0" ID="670392n">
      <text>Let us expel the intruder , the bad energy . </text>
      <annotationSet cDate="08/08/2025 08:00:22 PST Fri" status="AUGMENTED" ID="0">
        <layer name="FE" rank="1">
          <label cBy="auto-aug" feID="279" start="4" end="5" name="Agent" />
          <label cBy="auto-aug" feID="281" start="13" end="24" name="Source" />
          <label cBy="auto-aug" feID="280" start="28" end="41" name="Theme" />
        </layer>
        <layer name="Target" rank="1">
          <label cBy="auto-aug" start="7" end="11" name="Target" />
        </layer>
      </annotationSet>
    </sentence>
    <sentence sentNo="0" ID="1302482n">
      <text>Judge Renfren Paisano , in the northeastern province of Gracias a Dios , last November sentenced Salazar for expelling his family from their home .</text>
      <annotationSet cDate="08/08/2025 08:00:22 PST Fri" status="AUGMENTED" ID="0">
        <layer name="FE" rank="1">
          <label cBy="auto-aug" feID="279" start="97" end="103" name="Agent" />
          <label cBy="auto-aug" feID="280" start="119" end="128" name="Theme" />
          <label cBy="auto-aug" feID="281" start="130" end="144" name="Source" />
        </layer>
        <layer name="Target" rank="1">
          <label cBy="auto-aug" start="109" end="117" name="Target" />
        </layer>
      </annotationSet>
    </sentence>
    <sentence sentNo="0" ID="4144810n">
      <text>Marine commanders have also thrown the SWAT team into action in raids across northern Babil province , a push to expel the insurgents from their hideouts .</text>
      <annotationSet cDate="08/08/2025 08:00:22 PST Fri" status="AUGMENTED" ID="0">
        <layer name="FE" rank="1">
          <label cBy="auto-aug" feID="280" start="119" end="132" name="Theme" />
          <label cBy="auto-aug" feID="281" start="134" end="152" name="Source" />
        </layer>
        <layer name="Target" rank="1">
          <label cBy="auto-aug" start="113" end="117" name="Target" />
        </layer>
      </annotationSet>
    </sentence>
    <sentence sentNo="0" ID="670193n">
      <text>Christina approached a young lad expelling air on to the veranda of a tiny bar . </text>
      <annotationSet cDate="08/08/2025 08:00:22 PST Fri" status="AUGMENTED" ID="0">
        <layer name="FE" rank="1">
          <label cBy="auto-aug" feID="279" start="21" end="31" name="Agent" />
          <label cBy="auto-aug" feID="280" start="43" end="45" name="Theme" />
          <label cBy="auto-aug" feID="283" start="47" end="77" name="Goal" />
        </layer>
        <layer name="Target" rank="1">
          <label cBy="auto-aug" start="33" end="41" name="Target" />
        </layer>
      </annotationSet>
    </sentence>
    <sentence sentNo="0" ID="1571500n">
      <text>The paper adds that one of these witnesses also described a woman having the object expelled from the crowd while she was `` crowd-surfing `` over the mosh pit .</text>
      <annotationSet cDate="08/08/2025 08:00:22 PST Fri" status="AUGMENTED" ID="0">
        <layer name="FE" rank="1">
          <label cBy="auto-aug" feID="280" start="73" end="82" name="Theme" />
          <label cBy="auto-aug" feID="281" start="93" end="106" name="Source" />
          <label cBy="auto-aug" feID="9893" start="108" end="158" name="Time" />
        </layer>
        <layer name="Target" rank="1">
          <label cBy="auto-aug" start="84" end="91" name="Target" />
        </layer>
      </annotationSet>
    </sentence>
    <sentence sentNo="0" ID="610045n">
      <text>him was swiftly expelled from the company , at the Rotherham Advertiser and for a time he made Paddington Bears for a living . </text>
      <annotationSet cDate="08/08/2025 08:00:22 PST Fri" status="AUGMENTED" ID="0">
        <layer name="FE" rank="1">
          <label cBy="auto-aug" feID="280" start="0" end="2" name="Theme" />
          <label cBy="auto-aug" feID="281" start="25" end="40" name="Source" />
        </layer>
        <layer name="Target" rank="1">
          <label cBy="auto-aug" start="16" end="23" name="Target" />
        </layer>
      </annotationSet>
    </sentence>
    <sentence sentNo="0" ID="613151n">
      <text>` Al , " he asked , ` do you see any record of "the student" cent being expelled ? " </text>
      <annotationSet cDate="08/08/2025 08:00:22 PST Fri" status="AUGMENTED" ID="0">
        <layer name="FE" rank="1">
          <label cBy="auto-aug" feID="280" start="47" end="59" name="Theme" />
        </layer>
        <layer name="Target" rank="1">
          <label cBy="auto-aug" start="72" end="79" name="Target" />
        </layer>
      </annotationSet>
    </sentence>
  </subCorpus>
</lexUnit>