<?xml version='1.0' encoding='UTF-8'?>
<lexUnit xmlns="http://framenet.icsi.berkeley.edu" xmlns:xsi="http://www.w3.org/2001/XMLSchema-instance" status="Finished_Initial" POS="V" name="test.v" ID="11462" frame="Operational_testing" frameID="1301" totalAnnotated="42" xsi:schemaLocation="../schema/lexUnit.xsd">
  <header>
    <corpus description="BNC2" name="BNC2" ID="111">
      <document description="bncp" name="bncp" ID="421" />
    </corpus>
    <corpus description="Texts from Nuclear Threat Initiative website, created by Center for Non-Proliferation Studies" name="NTI" ID="135">
      <document description="North Korea Introduction" name="NorthKorea_Introduction" ID="23481" />
      <document description="Iran Nuclear" name="Iran_Nuclear" ID="23511" />
      <document description="Iran Missile" name="Iran_Missile" ID="23512" />
      <document description="Iran Chemical" name="Iran_Chemical" ID="23514" />
      <document description="Iran Introduction" name="Iran_Introduction" ID="23521" />
      <document description="North Korea Nuclear Capabilities" name="NorthKorea_NuclearCapabilities" ID="23561" />
      <document description="North Korea Nuclear Overview" name="NorthKorea_NuclearOverview" ID="23562" />
      <document description="South Africa Introduction" name="SouthAfrica_Introduction" ID="23571" />
      <document description="WMD News 06/26/2006" name="WMDNews_062606" ID="23621" />
      <document description="Work Advances" name="workAdvances" ID="23683" />
    </corpus>
    <corpus description="Miscellaneous" name="Miscellaneous" ID="175">
      <document description="Iran-related Questions" name="IranRelatedQuestions" ID="23541" />
    </corpus>
    <corpus description="AQUAINT Knowledge-Based Evaluation Texts" name="KBEval" ID="185">
      <document description="MIT" name="MIT" ID="23580" />
    </corpus>
    <corpus description="American National Corpus Texts" name="ANC" ID="195">
      <document description="Berlitz What to Do in Hong Kong" name="WhatToHongKong" ID="23758" />
    </corpus>
    <frame>
      <FE fgColor="FFFFFF" bgColor="9400D3" type="Extra-Thematic" abbrev="cir" name="Circumstances" />
      <FE fgColor="FFFFFF" bgColor="00BFFF" type="Peripheral" abbrev="deg" name="Degree" />
      <FE fgColor="FFFFFF" bgColor="00BFFF" type="Core" abbrev="des" name="Desired_state_of_affairs" />
      <FE fgColor="FFFFFF" bgColor="FF00FF" type="Peripheral" abbrev="dur" name="Duration" />
      <FE fgColor="FFFFFF" bgColor="808080" type="Peripheral" abbrev="fun" name="Function" />
      <FE fgColor="FFFFFF" bgColor="00008B" type="Extra-Thematic" abbrev="Loc" name="Location_of_protagonist" />
      <FE fgColor="FFFFFF" bgColor="FF69B4" type="Peripheral" abbrev="man" name="Manner" />
      <FE fgColor="FFFFFF" bgColor="9400D3" type="Peripheral" abbrev="mea" name="Means" />
      <FE fgColor="FFFFFF" bgColor="2E8B57" type="Extra-Thematic" abbrev="per" name="Period_of_iterations" />
      <FE fgColor="FFFFFF" bgColor="A52A2A" type="Peripheral" abbrev="pla" name="Place" />
      <FE fgColor="FFFFFF" bgColor="0000FF" type="Core" abbrev="pro" name="Product" />
      <FE fgColor="FFFFFF" bgColor="FFA500" type="Core" abbrev="pur" name="Purpose" />
      <FE fgColor="000000" bgColor="FFFF00" type="Extra-Thematic" abbrev="" name="Result" />
      <FE fgColor="FFFFFF" bgColor="800080" type="Core" abbrev="tpr" name="Tested_property" />
      <FE fgColor="FFFFFF" bgColor="FF0000" type="Core" abbrev="tes" name="Tester" />
      <FE fgColor="00008B" bgColor="d0d0d0" type="Peripheral" abbrev="tim" name="Time" />
      <FE fgColor="FFFFFF" bgColor="008000" type="Core" abbrev="unw" name="Unwanted_characteristics" />
    </frame>
  </header>
  <definition>FN: subject to a test of functioning or operation</definition>
  <lexeme POS="V" name="test" />
  <valences>
    <FERealization total="3">
      <FE name="Degree" />
      <pattern total="3">
        <valenceUnit GF="Dep" PT="AVP" FE="Degree" />
        <annoSet ID="2359335" />
        <annoSet ID="2359377" />
        <annoSet ID="2359383" />
      </pattern>
    </FERealization>
    <FERealization total="8">
      <FE name="Desired_state_of_affairs" />
      <pattern total="2">
        <valenceUnit GF="" PT="DNI" FE="Desired_state_of_affairs" />
        <annoSet ID="6532236" />
        <annoSet ID="6532264" />
      </pattern>
      <pattern total="4">
        <valenceUnit GF="" PT="INI" FE="Desired_state_of_affairs" />
        <annoSet ID="6530349" />
        <annoSet ID="6534051" />
        <annoSet ID="6534099" />
        <annoSet ID="6534228" />
      </pattern>
      <pattern total="2">
        <valenceUnit GF="Dep" PT="PP[for]" FE="Desired_state_of_affairs" />
        <annoSet ID="2358959" />
        <annoSet ID="2359169" />
      </pattern>
    </FERealization>
    <FERealization total="3">
      <FE name="Duration" />
      <pattern total="2">
        <valenceUnit GF="Dep" PT="PP[during]" FE="Duration" />
        <annoSet ID="6534099" />
        <annoSet ID="6534228" />
      </pattern>
      <pattern total="1">
        <valenceUnit GF="Dep" PT="NP" FE="Duration" />
        <annoSet ID="2358961" />
      </pattern>
    </FERealization>
    <FERealization total="4">
      <FE name="Manner" />
      <pattern total="3">
        <valenceUnit GF="Dep" PT="AVP" FE="Manner" />
        <annoSet ID="2358957" />
        <annoSet ID="2358961" />
        <annoSet ID="2359001" />
      </pattern>
      <pattern total="1">
        <valenceUnit GF="Dep" PT="PP[without]" FE="Manner" />
        <annoSet ID="6540386" />
      </pattern>
    </FERealization>
    <FERealization total="5">
      <FE name="Means" />
      <pattern total="2">
        <valenceUnit GF="Dep" PT="PP[by]" FE="Means" />
        <annoSet ID="2359377" />
        <annoSet ID="6602123" />
      </pattern>
      <pattern total="1">
        <valenceUnit GF="Dep" PT="PP[in]" FE="Means" />
        <annoSet ID="2359071" />
      </pattern>
      <pattern total="1">
        <valenceUnit GF="Dep" PT="PP[on]" FE="Means" />
        <annoSet ID="2358969" />
      </pattern>
      <pattern total="1">
        <valenceUnit GF="Dep" PT="PP[with]" FE="Means" />
        <annoSet ID="2358997" />
      </pattern>
    </FERealization>
    <FERealization total="1">
      <FE name="Period_of_iterations" />
      <pattern total="1">
        <valenceUnit GF="Dep" PT="PP[since]" FE="Period_of_iterations" />
        <annoSet ID="2359383" />
      </pattern>
    </FERealization>
    <FERealization total="4">
      <FE name="Place" />
      <pattern total="2">
        <valenceUnit GF="Dep" PT="PP[at]" FE="Place" />
        <annoSet ID="2359001" />
        <annoSet ID="6540214" />
      </pattern>
      <pattern total="2">
        <valenceUnit GF="Dep" PT="AVP" FE="Place" />
        <annoSet ID="2358997" />
        <annoSet ID="6540386" />
      </pattern>
    </FERealization>
    <FERealization total="42">
      <FE name="Product" />
      <pattern total="14">
        <valenceUnit GF="Ext" PT="NP" FE="Product" />
        <annoSet ID="2358951" />
        <annoSet ID="2358957" />
        <annoSet ID="2358959" />
        <annoSet ID="2358961" />
        <annoSet ID="2358969" />
        <annoSet ID="2359071" />
        <annoSet ID="2359111" />
        <annoSet ID="2359169" />
        <annoSet ID="2359309" />
        <annoSet ID="2359377" />
        <annoSet ID="2359383" />
        <annoSet ID="6524231" />
        <annoSet ID="6529547" />
        <annoSet ID="6540386" />
      </pattern>
      <pattern total="25">
        <valenceUnit GF="Obj" PT="NP" FE="Product" />
        <annoSet ID="2358997" />
        <annoSet ID="2359001" />
        <annoSet ID="2359011" />
        <annoSet ID="2359015" />
        <annoSet ID="2359187" />
        <annoSet ID="2359237" />
        <annoSet ID="2359335" />
        <annoSet ID="2359569" />
        <annoSet ID="6521892" />
        <annoSet ID="6524263" />
        <annoSet ID="6525068" />
        <annoSet ID="6525072" />
        <annoSet ID="6525462" />
        <annoSet ID="6525692" />
        <annoSet ID="6527160" />
        <annoSet ID="6528912" />
        <annoSet ID="6530349" />
        <annoSet ID="6532185" />
        <annoSet ID="6532236" />
        <annoSet ID="6532264" />
        <annoSet ID="6534051" />
        <annoSet ID="6534099" />
        <annoSet ID="6534228" />
        <annoSet ID="6537272" />
        <annoSet ID="6540214" />
      </pattern>
      <pattern total="2">
        <valenceUnit GF="" PT="DNI" FE="Product" />
        <annoSet ID="2359057" />
        <annoSet ID="6602123" />
      </pattern>
      <pattern total="1">
        <valenceUnit GF="Head" PT="N" FE="Product" />
        <annoSet ID="6530345" />
      </pattern>
    </FERealization>
    <FERealization total="16">
      <FE name="Purpose" />
      <pattern total="11">
        <valenceUnit GF="" PT="DNI" FE="Purpose" />
        <annoSet ID="2358951" />
        <annoSet ID="2358957" />
        <annoSet ID="2358961" />
        <annoSet ID="2358969" />
        <annoSet ID="2358997" />
        <annoSet ID="2359001" />
        <annoSet ID="2359335" />
        <annoSet ID="2359377" />
        <annoSet ID="2359383" />
        <annoSet ID="2359569" />
        <annoSet ID="6540386" />
      </pattern>
      <pattern total="2">
        <valenceUnit GF="" PT="INI" FE="Purpose" />
        <annoSet ID="6528912" />
        <annoSet ID="6530345" />
      </pattern>
      <pattern total="3">
        <valenceUnit GF="Dep" PT="VPto" FE="Purpose" />
        <annoSet ID="2359015" />
        <annoSet ID="2359237" />
        <annoSet ID="2359309" />
      </pattern>
    </FERealization>
    <FERealization total="5">
      <FE name="Tested_property" />
      <pattern total="1">
        <valenceUnit GF="Obj" PT="NP" FE="Tested_property" />
        <annoSet ID="6602123" />
      </pattern>
      <pattern total="3">
        <valenceUnit GF="Dep" PT="PP[for]" FE="Tested_property" />
        <annoSet ID="2359057" />
        <annoSet ID="2359071" />
        <annoSet ID="2359111" />
      </pattern>
      <pattern total="1">
        <valenceUnit GF="" PT="DNI" FE="Tested_property" />
        <annoSet ID="6524231" />
      </pattern>
    </FERealization>
    <FERealization total="42">
      <FE name="Tester" />
      <pattern total="19">
        <valenceUnit GF="" PT="CNI" FE="Tester" />
        <annoSet ID="2358957" />
        <annoSet ID="2358959" />
        <annoSet ID="2358961" />
        <annoSet ID="2358969" />
        <annoSet ID="2359071" />
        <annoSet ID="2359111" />
        <annoSet ID="2359169" />
        <annoSet ID="2359309" />
        <annoSet ID="2359377" />
        <annoSet ID="2359383" />
        <annoSet ID="6524231" />
        <annoSet ID="6525068" />
        <annoSet ID="6528912" />
        <annoSet ID="6529547" />
        <annoSet ID="6530345" />
        <annoSet ID="6532236" />
        <annoSet ID="6532264" />
        <annoSet ID="6534051" />
        <annoSet ID="6540386" />
      </pattern>
      <pattern total="21">
        <valenceUnit GF="Ext" PT="NP" FE="Tester" />
        <annoSet ID="2358997" />
        <annoSet ID="2359001" />
        <annoSet ID="2359011" />
        <annoSet ID="2359015" />
        <annoSet ID="2359057" />
        <annoSet ID="2359187" />
        <annoSet ID="2359237" />
        <annoSet ID="2359335" />
        <annoSet ID="2359569" />
        <annoSet ID="6521892" />
        <annoSet ID="6524263" />
        <annoSet ID="6525462" />
        <annoSet ID="6525692" />
        <annoSet ID="6527160" />
        <annoSet ID="6530349" />
        <annoSet ID="6532185" />
        <annoSet ID="6534099" />
        <annoSet ID="6534228" />
        <annoSet ID="6537272" />
        <annoSet ID="6540214" />
        <annoSet ID="6602123" />
      </pattern>
      <pattern total="1">
        <valenceUnit GF="Dep" PT="PP[by]" FE="Tester" />
        <annoSet ID="2358951" />
      </pattern>
      <pattern total="1">
        <valenceUnit GF="Ext" PT="Poss" FE="Tester" />
        <annoSet ID="6525072" />
      </pattern>
    </FERealization>
    <FERealization total="6">
      <FE name="Time" />
      <pattern total="1">
        <valenceUnit GF="Dep" PT="PP[on]" FE="Time" />
        <annoSet ID="6540214" />
      </pattern>
      <pattern total="1">
        <valenceUnit GF="Dep" PT="PP[at]" FE="Time" />
        <annoSet ID="2359057" />
      </pattern>
      <pattern total="1">
        <valenceUnit GF="Dep" PT="PP[before]" FE="Time" />
        <annoSet ID="6529547" />
      </pattern>
      <pattern total="1">
        <valenceUnit GF="Dep" PT="PP[by]" FE="Time" />
        <annoSet ID="2359569" />
      </pattern>
      <pattern total="2">
        <valenceUnit GF="Dep" PT="PP[in]" FE="Time" />
        <annoSet ID="6521892" />
        <annoSet ID="6524263" />
      </pattern>
    </FERealization>
    <FERealization total="11">
      <FE name="Unwanted_characteristics" />
      <pattern total="9">
        <valenceUnit GF="" PT="INI" FE="Unwanted_characteristics" />
        <annoSet ID="6521892" />
        <annoSet ID="6524263" />
        <annoSet ID="6525068" />
        <annoSet ID="6525072" />
        <annoSet ID="6525462" />
        <annoSet ID="6525692" />
        <annoSet ID="6527160" />
        <annoSet ID="6529547" />
        <annoSet ID="6532185" />
      </pattern>
      <pattern total="1">
        <valenceUnit GF="" PT="DNI" FE="Unwanted_characteristics" />
        <annoSet ID="2359011" />
      </pattern>
      <pattern total="1">
        <valenceUnit GF="Dep" PT="PP[for]" FE="Unwanted_characteristics" />
        <annoSet ID="2359187" />
      </pattern>
    </FERealization>
    <FEGroupRealization total="1">
      <FE name="Degree" />
      <FE name="Means" />
      <FE name="Product" />
      <FE name="Purpose" />
      <FE name="Tester" />
      <pattern total="1">
        <valenceUnit GF="Dep" PT="AVP" FE="Degree" />
        <valenceUnit GF="Dep" PT="PP[by]" FE="Means" />
        <valenceUnit GF="Ext" PT="NP" FE="Product" />
        <valenceUnit GF="" PT="DNI" FE="Purpose" />
        <valenceUnit GF="" PT="CNI" FE="Tester" />
        <annoSet ID="2359377" />
      </pattern>
    </FEGroupRealization>
    <FEGroupRealization total="1">
      <FE name="Degree" />
      <FE name="Period_of_iterations" />
      <FE name="Product" />
      <FE name="Purpose" />
      <FE name="Tester" />
      <pattern total="1">
        <valenceUnit GF="Dep" PT="AVP" FE="Degree" />
        <valenceUnit GF="Dep" PT="PP[since]" FE="Period_of_iterations" />
        <valenceUnit GF="Ext" PT="NP" FE="Product" />
        <valenceUnit GF="" PT="DNI" FE="Purpose" />
        <valenceUnit GF="" PT="CNI" FE="Tester" />
        <annoSet ID="2359383" />
      </pattern>
    </FEGroupRealization>
    <FEGroupRealization total="1">
      <FE name="Degree" />
      <FE name="Product" />
      <FE name="Purpose" />
      <FE name="Tester" />
      <pattern total="1">
        <valenceUnit GF="Dep" PT="AVP" FE="Degree" />
        <valenceUnit GF="Obj" PT="NP" FE="Product" />
        <valenceUnit GF="" PT="DNI" FE="Purpose" />
        <valenceUnit GF="Ext" PT="NP" FE="Tester" />
        <annoSet ID="2359335" />
      </pattern>
    </FEGroupRealization>
    <FEGroupRealization total="2">
      <FE name="Desired_state_of_affairs" />
      <FE name="Duration" />
      <FE name="Product" />
      <FE name="Tester" />
      <pattern total="2">
        <valenceUnit GF="" PT="INI" FE="Desired_state_of_affairs" />
        <valenceUnit GF="Dep" PT="PP[during]" FE="Duration" />
        <valenceUnit GF="Obj" PT="NP" FE="Product" />
        <valenceUnit GF="Ext" PT="NP" FE="Tester" />
        <annoSet ID="6534099" />
        <annoSet ID="6534228" />
      </pattern>
    </FEGroupRealization>
    <FEGroupRealization total="6">
      <FE name="Desired_state_of_affairs" />
      <FE name="Product" />
      <FE name="Tester" />
      <pattern total="2">
        <valenceUnit GF="" PT="DNI" FE="Desired_state_of_affairs" />
        <valenceUnit GF="Obj" PT="NP" FE="Product" />
        <valenceUnit GF="" PT="CNI" FE="Tester" />
        <annoSet ID="6532236" />
        <annoSet ID="6532264" />
      </pattern>
      <pattern total="1">
        <valenceUnit GF="" PT="INI" FE="Desired_state_of_affairs" />
        <valenceUnit GF="Obj" PT="NP" FE="Product" />
        <valenceUnit GF="" PT="CNI" FE="Tester" />
        <annoSet ID="6534051" />
      </pattern>
      <pattern total="1">
        <valenceUnit GF="" PT="INI" FE="Desired_state_of_affairs" />
        <valenceUnit GF="Obj" PT="NP" FE="Product" />
        <valenceUnit GF="Ext" PT="NP" FE="Tester" />
        <annoSet ID="6530349" />
      </pattern>
      <pattern total="2">
        <valenceUnit GF="Dep" PT="PP[for]" FE="Desired_state_of_affairs" />
        <valenceUnit GF="Ext" PT="NP" FE="Product" />
        <valenceUnit GF="" PT="CNI" FE="Tester" />
        <annoSet ID="2358959" />
        <annoSet ID="2359169" />
      </pattern>
    </FEGroupRealization>
    <FEGroupRealization total="1">
      <FE name="Duration" />
      <FE name="Manner" />
      <FE name="Product" />
      <FE name="Purpose" />
      <FE name="Tester" />
      <pattern total="1">
        <valenceUnit GF="Dep" PT="NP" FE="Duration" />
        <valenceUnit GF="Dep" PT="AVP" FE="Manner" />
        <valenceUnit GF="Ext" PT="NP" FE="Product" />
        <valenceUnit GF="" PT="DNI" FE="Purpose" />
        <valenceUnit GF="" PT="CNI" FE="Tester" />
        <annoSet ID="2358961" />
      </pattern>
    </FEGroupRealization>
    <FEGroupRealization total="2">
      <FE name="Manner" />
      <FE name="Place" />
      <FE name="Product" />
      <FE name="Purpose" />
      <FE name="Tester" />
      <pattern total="1">
        <valenceUnit GF="Dep" PT="AVP" FE="Manner" />
        <valenceUnit GF="Dep" PT="PP[at]" FE="Place" />
        <valenceUnit GF="Obj" PT="NP" FE="Product" />
        <valenceUnit GF="" PT="DNI" FE="Purpose" />
        <valenceUnit GF="Ext" PT="NP" FE="Tester" />
        <annoSet ID="2359001" />
      </pattern>
      <pattern total="1">
        <valenceUnit GF="Dep" PT="PP[without]" FE="Manner" />
        <valenceUnit GF="Dep" PT="AVP" FE="Place" />
        <valenceUnit GF="Ext" PT="NP" FE="Product" />
        <valenceUnit GF="" PT="DNI" FE="Purpose" />
        <valenceUnit GF="" PT="CNI" FE="Tester" />
        <annoSet ID="6540386" />
      </pattern>
    </FEGroupRealization>
    <FEGroupRealization total="1">
      <FE name="Manner" />
      <FE name="Product" />
      <FE name="Purpose" />
      <FE name="Tester" />
      <pattern total="1">
        <valenceUnit GF="Dep" PT="AVP" FE="Manner" />
        <valenceUnit GF="Ext" PT="NP" FE="Product" />
        <valenceUnit GF="" PT="DNI" FE="Purpose" />
        <valenceUnit GF="" PT="CNI" FE="Tester" />
        <annoSet ID="2358957" />
      </pattern>
    </FEGroupRealization>
    <FEGroupRealization total="1">
      <FE name="Means" />
      <FE name="Place" />
      <FE name="Product" />
      <FE name="Purpose" />
      <FE name="Tester" />
      <pattern total="1">
        <valenceUnit GF="Dep" PT="PP[with]" FE="Means" />
        <valenceUnit GF="Dep" PT="AVP" FE="Place" />
        <valenceUnit GF="Obj" PT="NP" FE="Product" />
        <valenceUnit GF="" PT="DNI" FE="Purpose" />
        <valenceUnit GF="Ext" PT="NP" FE="Tester" />
        <annoSet ID="2358997" />
      </pattern>
    </FEGroupRealization>
    <FEGroupRealization total="1">
      <FE name="Means" />
      <FE name="Product" />
      <FE name="Purpose" />
      <FE name="Tester" />
      <pattern total="1">
        <valenceUnit GF="Dep" PT="PP[on]" FE="Means" />
        <valenceUnit GF="Ext" PT="NP" FE="Product" />
        <valenceUnit GF="" PT="DNI" FE="Purpose" />
        <valenceUnit GF="" PT="CNI" FE="Tester" />
        <annoSet ID="2358969" />
      </pattern>
    </FEGroupRealization>
    <FEGroupRealization total="2">
      <FE name="Means" />
      <FE name="Product" />
      <FE name="Tested_property" />
      <FE name="Tester" />
      <pattern total="1">
        <valenceUnit GF="Dep" PT="PP[by]" FE="Means" />
        <valenceUnit GF="" PT="DNI" FE="Product" />
        <valenceUnit GF="Obj" PT="NP" FE="Tested_property" />
        <valenceUnit GF="Ext" PT="NP" FE="Tester" />
        <annoSet ID="6602123" />
      </pattern>
      <pattern total="1">
        <valenceUnit GF="Dep" PT="PP[in]" FE="Means" />
        <valenceUnit GF="Ext" PT="NP" FE="Product" />
        <valenceUnit GF="Dep" PT="PP[for]" FE="Tested_property" />
        <valenceUnit GF="" PT="CNI" FE="Tester" />
        <annoSet ID="2359071" />
      </pattern>
    </FEGroupRealization>
    <FEGroupRealization total="1">
      <FE name="Place" />
      <FE name="Product" />
      <FE name="Tester" />
      <FE name="Time" />
      <pattern total="1">
        <valenceUnit GF="Dep" PT="PP[at]" FE="Place" />
        <valenceUnit GF="Obj" PT="NP" FE="Product" />
        <valenceUnit GF="Ext" PT="NP" FE="Tester" />
        <valenceUnit GF="Dep" PT="PP[on]" FE="Time" />
        <annoSet ID="6540214" />
      </pattern>
    </FEGroupRealization>
    <FEGroupRealization total="1">
      <FE name="Product" />
      <FE name="Product" />
      <FE name="Tested_property" />
      <FE name="Tester" />
      <pattern total="1">
        <valenceUnit GF="Ext" PT="NP" FE="Product" />
        <valenceUnit GF="Ext" PT="NP" FE="Product" />
        <valenceUnit GF="Dep" PT="PP[for]" FE="Tested_property" />
        <valenceUnit GF="" PT="CNI" FE="Tester" />
        <annoSet ID="2359111" />
      </pattern>
    </FEGroupRealization>
    <FEGroupRealization total="6">
      <FE name="Product" />
      <FE name="Purpose" />
      <FE name="Tester" />
      <pattern total="1">
        <valenceUnit GF="Head" PT="N" FE="Product" />
        <valenceUnit GF="" PT="INI" FE="Purpose" />
        <valenceUnit GF="" PT="CNI" FE="Tester" />
        <annoSet ID="6530345" />
      </pattern>
      <pattern total="1">
        <valenceUnit GF="Ext" PT="NP" FE="Product" />
        <valenceUnit GF="" PT="DNI" FE="Purpose" />
        <valenceUnit GF="Dep" PT="PP[by]" FE="Tester" />
        <annoSet ID="2358951" />
      </pattern>
      <pattern total="1">
        <valenceUnit GF="Ext" PT="NP" FE="Product" />
        <valenceUnit GF="Dep" PT="VPto" FE="Purpose" />
        <valenceUnit GF="" PT="CNI" FE="Tester" />
        <annoSet ID="2359309" />
      </pattern>
      <pattern total="1">
        <valenceUnit GF="Obj" PT="NP" FE="Product" />
        <valenceUnit GF="" PT="INI" FE="Purpose" />
        <valenceUnit GF="" PT="CNI" FE="Tester" />
        <annoSet ID="6528912" />
      </pattern>
      <pattern total="2">
        <valenceUnit GF="Obj" PT="NP" FE="Product" />
        <valenceUnit GF="Dep" PT="VPto" FE="Purpose" />
        <valenceUnit GF="Ext" PT="NP" FE="Tester" />
        <annoSet ID="2359015" />
        <annoSet ID="2359237" />
      </pattern>
    </FEGroupRealization>
    <FEGroupRealization total="1">
      <FE name="Product" />
      <FE name="Purpose" />
      <FE name="Tester" />
      <FE name="Time" />
      <pattern total="1">
        <valenceUnit GF="Obj" PT="NP" FE="Product" />
        <valenceUnit GF="" PT="DNI" FE="Purpose" />
        <valenceUnit GF="Ext" PT="NP" FE="Tester" />
        <valenceUnit GF="Dep" PT="PP[by]" FE="Time" />
        <annoSet ID="2359569" />
      </pattern>
    </FEGroupRealization>
    <FEGroupRealization total="1">
      <FE name="Product" />
      <FE name="Tested_property" />
      <FE name="Tester" />
      <pattern total="1">
        <valenceUnit GF="Ext" PT="NP" FE="Product" />
        <valenceUnit GF="" PT="DNI" FE="Tested_property" />
        <valenceUnit GF="" PT="CNI" FE="Tester" />
        <annoSet ID="6524231" />
      </pattern>
    </FEGroupRealization>
    <FEGroupRealization total="1">
      <FE name="Product" />
      <FE name="Tested_property" />
      <FE name="Tester" />
      <FE name="Time" />
      <pattern total="1">
        <valenceUnit GF="" PT="DNI" FE="Product" />
        <valenceUnit GF="Dep" PT="PP[for]" FE="Tested_property" />
        <valenceUnit GF="Ext" PT="NP" FE="Tester" />
        <valenceUnit GF="Dep" PT="PP[at]" FE="Time" />
        <annoSet ID="2359057" />
      </pattern>
    </FEGroupRealization>
    <FEGroupRealization total="1">
      <FE name="Product" />
      <FE name="Tester" />
      <pattern total="1">
        <valenceUnit GF="Obj" PT="NP" FE="Product" />
        <valenceUnit GF="Ext" PT="NP" FE="Tester" />
        <annoSet ID="6537272" />
      </pattern>
    </FEGroupRealization>
    <FEGroupRealization total="3">
      <FE name="Product" />
      <FE name="Tester" />
      <FE name="Time" />
      <FE name="Unwanted_characteristics" />
      <pattern total="1">
        <valenceUnit GF="Ext" PT="NP" FE="Product" />
        <valenceUnit GF="" PT="CNI" FE="Tester" />
        <valenceUnit GF="Dep" PT="PP[before]" FE="Time" />
        <valenceUnit GF="" PT="INI" FE="Unwanted_characteristics" />
        <annoSet ID="6529547" />
      </pattern>
      <pattern total="2">
        <valenceUnit GF="Obj" PT="NP" FE="Product" />
        <valenceUnit GF="Ext" PT="NP" FE="Tester" />
        <valenceUnit GF="Dep" PT="PP[in]" FE="Time" />
        <valenceUnit GF="" PT="INI" FE="Unwanted_characteristics" />
        <annoSet ID="6521892" />
        <annoSet ID="6524263" />
      </pattern>
    </FEGroupRealization>
    <FEGroupRealization total="8">
      <FE name="Product" />
      <FE name="Tester" />
      <FE name="Unwanted_characteristics" />
      <pattern total="1">
        <valenceUnit GF="Obj" PT="NP" FE="Product" />
        <valenceUnit GF="" PT="CNI" FE="Tester" />
        <valenceUnit GF="" PT="INI" FE="Unwanted_characteristics" />
        <annoSet ID="6525068" />
      </pattern>
      <pattern total="1">
        <valenceUnit GF="Obj" PT="NP" FE="Product" />
        <valenceUnit GF="Ext" PT="NP" FE="Tester" />
        <valenceUnit GF="" PT="DNI" FE="Unwanted_characteristics" />
        <annoSet ID="2359011" />
      </pattern>
      <pattern total="4">
        <valenceUnit GF="Obj" PT="NP" FE="Product" />
        <valenceUnit GF="Ext" PT="NP" FE="Tester" />
        <valenceUnit GF="" PT="INI" FE="Unwanted_characteristics" />
        <annoSet ID="6525462" />
        <annoSet ID="6525692" />
        <annoSet ID="6527160" />
        <annoSet ID="6532185" />
      </pattern>
      <pattern total="1">
        <valenceUnit GF="Obj" PT="NP" FE="Product" />
        <valenceUnit GF="Ext" PT="NP" FE="Tester" />
        <valenceUnit GF="Dep" PT="PP[for]" FE="Unwanted_characteristics" />
        <annoSet ID="2359187" />
      </pattern>
      <pattern total="1">
        <valenceUnit GF="Obj" PT="NP" FE="Product" />
        <valenceUnit GF="Ext" PT="Poss" FE="Tester" />
        <valenceUnit GF="" PT="INI" FE="Unwanted_characteristics" />
        <annoSet ID="6525072" />
      </pattern>
    </FEGroupRealization>
  </valences>
  <subCorpus name="V-augmented">
    <sentence sentNo="0" ID="4097180n">
      <text>Iran recently test - tested the missile .</text>
      <annotationSet cDate="08/08/2025 08:00:25 PST Fri" status="AUGMENTED" ID="0">
        <layer name="FE" rank="1">
          <label cBy="auto-aug" feID="7361" start="0" end="3" name="Tester" />
          <label cBy="auto-aug" feID="7370" start="5" end="12" name="Time" />
          <label cBy="auto-aug" feID="7362" start="28" end="38" name="Product" />
        </layer>
        <layer name="Target" rank="1">
          <label cBy="auto-aug" start="14" end="17" name="Target" />
        </layer>
      </annotationSet>
    </sentence>
  </subCorpus>
</lexUnit>