<?xml version='1.0' encoding='UTF-8'?>
<lexUnit xmlns="http://framenet.icsi.berkeley.edu" xmlns:xsi="http://www.w3.org/2001/XMLSchema-instance" status="Finished_Initial" POS="V" name="fail.v" ID="11858" frame="Successful_action" frameID="1389" totalAnnotated="39" xsi:schemaLocation="../schema/lexUnit.xsd">
  <header>
    <corpus description="BNC2" name="BNC2" ID="111">
      <document description="bncp" name="bncp" ID="421" />
    </corpus>
    <corpus description="Wall Street Journal Texts from the PropBank Project" name="PropBank" ID="115">
      <document description="Election Victory" name="ElectionVictory" ID="23010" />
    </corpus>
    <corpus description="Texts from Nuclear Threat Initiative website, created by Center for Non-Proliferation Studies" name="NTI" ID="135">
      <document description="North Korea Introduction" name="NorthKorea_Introduction" ID="23481" />
      <document description="Iran Chemical" name="Iran_Chemical" ID="23514" />
    </corpus>
    <corpus description="Miscellaneous" name="Miscellaneous" ID="175">
      <document description="TigerOfSanPedro" name="Tiger_Of_San_Pedro" ID="25343" />
    </corpus>
    <corpus description="AQUAINT Knowledge-Based Evaluation Texts" name="KBEval" ID="185">
      <document description="utd-icsi" name="utd-icsi" ID="23579" />
    </corpus>
    <corpus description="Texts from WikiMedia--WikiNews and Wikipedia" name="WikiTexts" ID="246">
      <document description="Fires_4" name="Fires_4" ID="25619" />
    </corpus>
    <frame>
      <FE fgColor="FFFFFF" bgColor="9400D3" type="Extra-Thematic" abbrev="cir" name="Circumstances" />
      <FE fgColor="FFFFFF" bgColor="1E90FF" type="Peripheral" abbrev="con" name="Containing_event" />
      <FE fgColor="FFFFFF" bgColor="FF69B4" type="Peripheral" abbrev="deg" name="Degree" />
      <FE fgColor="000000" bgColor="7FFF00" type="Extra-Thematic" abbrev="exp" name="Explanation" />
      <FE fgColor="FFFFFF" bgColor="00BFFF" type="Core" abbrev="goa" name="Goal" />
      <FE fgColor="FFFFFF" bgColor="800080" type="Core" abbrev="ins" name="Instrument" />
      <FE fgColor="FFFFFF" bgColor="FF0000" type="Core" abbrev="mea" name="Means" />
      <FE fgColor="FFFFFF" bgColor="008000" type="Peripheral" abbrev="pla" name="Place" />
      <FE fgColor="FFFFFF" bgColor="0000FF" type="Peripheral" abbrev="pro" name="Protagonist" />
      <FE fgColor="FFFFFF" bgColor="2E8B57" type="Core" abbrev="rol" name="Role" />
      <FE fgColor="FFFFFF" bgColor="00008B" type="Peripheral" abbrev="tim" name="Time" />
    </frame>
  </header>
  <definition>FN: be employed unsuccessfully in bringing off an agent's undertaking</definition>
  <lexeme POS="V" name="fail" />
  <valences>
    <FERealization total="1">
      <FE name="Circumstances" />
      <pattern total="1">
        <valenceUnit GF="Dep" PT="PP[in]" FE="Circumstances" />
        <annoSet ID="2112489" />
      </pattern>
    </FERealization>
    <FERealization total="8">
      <FE name="Explanation" />
      <pattern total="2">
        <valenceUnit GF="" PT="2nd" FE="Explanation" />
        <annoSet ID="2112465" />
        <annoSet ID="2112489" />
      </pattern>
      <pattern total="2">
        <valenceUnit GF="Dep" PT="PP[for]" FE="Explanation" />
        <annoSet ID="2112449" />
        <annoSet ID="2112537" />
      </pattern>
      <pattern total="2">
        <valenceUnit GF="Dep" PT="PP[to]" FE="Explanation" />
        <annoSet ID="2112421" />
        <annoSet ID="2112431" />
      </pattern>
      <pattern total="2">
        <valenceUnit GF="Dep" PT="Sub" FE="Explanation" />
        <annoSet ID="2112463" />
        <annoSet ID="2112507" />
      </pattern>
    </FERealization>
    <FERealization total="39">
      <FE name="Goal" />
      <pattern total="31">
        <valenceUnit GF="" PT="DNI" FE="Goal" />
        <annoSet ID="2112381" />
        <annoSet ID="2112385" />
        <annoSet ID="2112389" />
        <annoSet ID="2112397" />
        <annoSet ID="2112399" />
        <annoSet ID="2112407" />
        <annoSet ID="2112411" />
        <annoSet ID="2112419" />
        <annoSet ID="2112421" />
        <annoSet ID="2112425" />
        <annoSet ID="2112431" />
        <annoSet ID="2112435" />
        <annoSet ID="2112439" />
        <annoSet ID="2112441" />
        <annoSet ID="2112449" />
        <annoSet ID="2112453" />
        <annoSet ID="2112455" />
        <annoSet ID="2112463" />
        <annoSet ID="2112465" />
        <annoSet ID="2112473" />
        <annoSet ID="2112477" />
        <annoSet ID="2112489" />
        <annoSet ID="2112493" />
        <annoSet ID="2112501" />
        <annoSet ID="2112507" />
        <annoSet ID="2112513" />
        <annoSet ID="2112517" />
        <annoSet ID="2112525" />
        <annoSet ID="2112537" />
        <annoSet ID="2112539" />
        <annoSet ID="6646479" />
      </pattern>
      <pattern total="1">
        <valenceUnit GF="" PT="2nd" FE="Goal" />
        <annoSet ID="6528133" />
      </pattern>
      <pattern total="7">
        <valenceUnit GF="Dep" PT="VPto" FE="Goal" />
        <annoSet ID="4530384" />
        <annoSet ID="4530386" />
        <annoSet ID="6527686" />
        <annoSet ID="6532922" />
        <annoSet ID="6533665" />
        <annoSet ID="6533676" />
        <annoSet ID="6669696" />
      </pattern>
    </FERealization>
    <FERealization total="38">
      <FE name="Means" />
      <pattern total="37">
        <valenceUnit GF="Ext" PT="NP" FE="Means" />
        <annoSet ID="2112381" />
        <annoSet ID="2112385" />
        <annoSet ID="2112389" />
        <annoSet ID="2112397" />
        <annoSet ID="2112399" />
        <annoSet ID="2112407" />
        <annoSet ID="2112411" />
        <annoSet ID="2112419" />
        <annoSet ID="2112421" />
        <annoSet ID="2112425" />
        <annoSet ID="2112431" />
        <annoSet ID="2112435" />
        <annoSet ID="2112439" />
        <annoSet ID="2112441" />
        <annoSet ID="2112449" />
        <annoSet ID="2112453" />
        <annoSet ID="2112455" />
        <annoSet ID="2112463" />
        <annoSet ID="2112465" />
        <annoSet ID="2112473" />
        <annoSet ID="2112477" />
        <annoSet ID="2112489" />
        <annoSet ID="2112493" />
        <annoSet ID="2112501" />
        <annoSet ID="2112507" />
        <annoSet ID="2112513" />
        <annoSet ID="2112517" />
        <annoSet ID="2112525" />
        <annoSet ID="2112537" />
        <annoSet ID="2112539" />
        <annoSet ID="4530384" />
        <annoSet ID="4530386" />
        <annoSet ID="6527686" />
        <annoSet ID="6532922" />
        <annoSet ID="6533665" />
        <annoSet ID="6533676" />
        <annoSet ID="6646479" />
      </pattern>
      <pattern total="1">
        <valenceUnit GF="Head" PT="N" FE="Means" />
        <annoSet ID="6528133" />
      </pattern>
    </FERealization>
    <FERealization total="1">
      <FE name="Place" />
      <pattern total="1">
        <valenceUnit GF="Dep" PT="PP[in]" FE="Place" />
        <annoSet ID="2112513" />
      </pattern>
    </FERealization>
    <FERealization total="1">
      <FE name="Protagonist" />
      <pattern total="1">
        <valenceUnit GF="Ext" PT="NP" FE="Protagonist" />
        <annoSet ID="6669696" />
      </pattern>
    </FERealization>
    <FERealization total="3">
      <FE name="Time" />
      <pattern total="1">
        <valenceUnit GF="Dep" PT="Sub" FE="Time" />
        <annoSet ID="2112465" />
      </pattern>
      <pattern total="1">
        <valenceUnit GF="Dep" PT="PP[within]" FE="Time" />
        <annoSet ID="2112397" />
      </pattern>
      <pattern total="1">
        <valenceUnit GF="Dep" PT="AVP" FE="Time" />
        <annoSet ID="4530386" />
      </pattern>
    </FERealization>
    <FEGroupRealization total="1">
      <FE name="Circumstances" />
      <FE name="Explanation" />
      <FE name="Goal" />
      <FE name="Means" />
      <pattern total="1">
        <valenceUnit GF="Dep" PT="PP[in]" FE="Circumstances" />
        <valenceUnit GF="" PT="2nd" FE="Explanation" />
        <valenceUnit GF="" PT="DNI" FE="Goal" />
        <valenceUnit GF="Ext" PT="NP" FE="Means" />
        <annoSet ID="2112489" />
      </pattern>
    </FEGroupRealization>
    <FEGroupRealization total="6">
      <FE name="Explanation" />
      <FE name="Goal" />
      <FE name="Means" />
      <pattern total="2">
        <valenceUnit GF="Dep" PT="PP[for]" FE="Explanation" />
        <valenceUnit GF="" PT="DNI" FE="Goal" />
        <valenceUnit GF="Ext" PT="NP" FE="Means" />
        <annoSet ID="2112449" />
        <annoSet ID="2112537" />
      </pattern>
      <pattern total="2">
        <valenceUnit GF="Dep" PT="PP[to]" FE="Explanation" />
        <valenceUnit GF="" PT="DNI" FE="Goal" />
        <valenceUnit GF="Ext" PT="NP" FE="Means" />
        <annoSet ID="2112421" />
        <annoSet ID="2112431" />
      </pattern>
      <pattern total="2">
        <valenceUnit GF="Dep" PT="Sub" FE="Explanation" />
        <valenceUnit GF="" PT="DNI" FE="Goal" />
        <valenceUnit GF="Ext" PT="NP" FE="Means" />
        <annoSet ID="2112463" />
        <annoSet ID="2112507" />
      </pattern>
    </FEGroupRealization>
    <FEGroupRealization total="1">
      <FE name="Explanation" />
      <FE name="Goal" />
      <FE name="Means" />
      <FE name="Time" />
      <pattern total="1">
        <valenceUnit GF="" PT="2nd" FE="Explanation" />
        <valenceUnit GF="" PT="DNI" FE="Goal" />
        <valenceUnit GF="Ext" PT="NP" FE="Means" />
        <valenceUnit GF="Dep" PT="Sub" FE="Time" />
        <annoSet ID="2112465" />
      </pattern>
    </FEGroupRealization>
    <FEGroupRealization total="24">
      <FE name="Goal" />
      <FE name="Means" />
      <pattern total="1">
        <valenceUnit GF="" PT="2nd" FE="Goal" />
        <valenceUnit GF="Head" PT="N" FE="Means" />
        <annoSet ID="6528133" />
      </pattern>
      <pattern total="21">
        <valenceUnit GF="" PT="DNI" FE="Goal" />
        <valenceUnit GF="Ext" PT="NP" FE="Means" />
        <annoSet ID="2112381" />
        <annoSet ID="2112385" />
        <annoSet ID="2112389" />
        <annoSet ID="2112399" />
        <annoSet ID="2112407" />
        <annoSet ID="2112411" />
        <annoSet ID="2112419" />
        <annoSet ID="2112425" />
        <annoSet ID="2112435" />
        <annoSet ID="2112439" />
        <annoSet ID="2112441" />
        <annoSet ID="2112453" />
        <annoSet ID="2112455" />
        <annoSet ID="2112473" />
        <annoSet ID="2112477" />
        <annoSet ID="2112493" />
        <annoSet ID="2112501" />
        <annoSet ID="2112517" />
        <annoSet ID="2112525" />
        <annoSet ID="2112539" />
        <annoSet ID="6646479" />
      </pattern>
      <pattern total="2">
        <valenceUnit GF="Dep" PT="VPto" FE="Goal" />
        <valenceUnit GF="Ext" PT="NP" FE="Means" />
        <annoSet ID="4530384" />
        <annoSet ID="6527686" />
      </pattern>
    </FEGroupRealization>
    <FEGroupRealization total="3">
      <FE name="Goal" />
      <FE name="Means" />
      <FE name="Means" />
      <pattern total="3">
        <valenceUnit GF="Dep" PT="VPto" FE="Goal" />
        <valenceUnit GF="Ext" PT="NP" FE="Means" />
        <valenceUnit GF="Ext" PT="NP" FE="Means" />
        <annoSet ID="6532922" />
        <annoSet ID="6533665" />
        <annoSet ID="6533676" />
      </pattern>
    </FEGroupRealization>
    <FEGroupRealization total="1">
      <FE name="Goal" />
      <FE name="Means" />
      <FE name="Place" />
      <pattern total="1">
        <valenceUnit GF="" PT="DNI" FE="Goal" />
        <valenceUnit GF="Ext" PT="NP" FE="Means" />
        <valenceUnit GF="Dep" PT="PP[in]" FE="Place" />
        <annoSet ID="2112513" />
      </pattern>
    </FEGroupRealization>
    <FEGroupRealization total="2">
      <FE name="Goal" />
      <FE name="Means" />
      <FE name="Time" />
      <pattern total="1">
        <valenceUnit GF="" PT="DNI" FE="Goal" />
        <valenceUnit GF="Ext" PT="NP" FE="Means" />
        <valenceUnit GF="Dep" PT="PP[within]" FE="Time" />
        <annoSet ID="2112397" />
      </pattern>
      <pattern total="1">
        <valenceUnit GF="Dep" PT="VPto" FE="Goal" />
        <valenceUnit GF="Ext" PT="NP" FE="Means" />
        <valenceUnit GF="Dep" PT="AVP" FE="Time" />
        <annoSet ID="4530386" />
      </pattern>
    </FEGroupRealization>
    <FEGroupRealization total="1">
      <FE name="Goal" />
      <FE name="Protagonist" />
      <pattern total="1">
        <valenceUnit GF="Dep" PT="VPto" FE="Goal" />
        <valenceUnit GF="Ext" PT="NP" FE="Protagonist" />
        <annoSet ID="6669696" />
      </pattern>
    </FEGroupRealization>
  </valences>
  <subCorpus name="V-augmented">
    <sentence sentNo="0" ID="4148569n">
      <text>" But to communicate failed with us .</text>
      <annotationSet cDate="08/08/2025 08:00:03 PST Fri" status="AUGMENTED" ID="0">
        <layer name="FE" rank="1">
          <label cBy="auto-aug" feID="7796" start="6" end="19" name="Means" />
          <label cBy="auto-aug" feID="7796" start="-1" end="8" name="Means" />
          <label cBy="auto-aug" feID="8010" start="-1" end="7" name="Protagonist" />
          <label cBy="auto-aug" feID="8010" start="-1" end="7" name="Protagonist" />
        </layer>
        <layer name="Target" rank="1">
          <label cBy="auto-aug" start="21" end="26" name="Target" />
        </layer>
      </annotationSet>
    </sentence>
    <sentence sentNo="0" ID="4148400n">
      <text>I failed to achieve my goals but I seemed to read in his dark , deepset , brooding eyes that he was perfectly aware of my true business .</text>
      <annotationSet cDate="08/08/2025 08:00:03 PST Fri" status="AUGMENTED" ID="0">
        <layer name="FE" rank="1">
          <label cBy="auto-aug" feID="8010" start="0" end="0" name="Protagonist" />
          <label cBy="auto-aug" feID="7797" start="9" end="27" name="Goal" />
        </layer>
        <layer name="Target" rank="1">
          <label cBy="auto-aug" start="2" end="7" name="Target" />
        </layer>
      </annotationSet>
    </sentence>
    <sentence sentNo="0" ID="1330433n">
      <text>`` I was nervous in the singles , but in the mixed I just went for my shots and by taking risks failed , '' Radford said .</text>
      <annotationSet cDate="08/08/2025 08:00:03 PST Fri" status="AUGMENTED" ID="0">
        <layer name="FE" rank="1">
          <label cBy="auto-aug" feID="7796" start="80" end="94" name="Means" />
        </layer>
        <layer name="Target" rank="1">
          <label cBy="auto-aug" start="96" end="101" name="Target" />
        </layer>
      </annotationSet>
    </sentence>
    <sentence sentNo="0" ID="1330434n">
      <text>`` If to win the championship fails , Flamengo will have the two best players the world has seen in the last five years , '' Flamengo official Plinio Pinto told a Buenos Aires radio station Thursday .</text>
      <annotationSet cDate="08/08/2025 08:00:03 PST Fri" status="AUGMENTED" ID="0">
        <layer name="FE" rank="1">
          <label cBy="auto-aug" feID="7796" start="6" end="28" name="Means" />
        </layer>
        <layer name="Target" rank="1">
          <label cBy="auto-aug" start="30" end="34" name="Target" />
        </layer>
      </annotationSet>
    </sentence>
    <sentence sentNo="0" ID="1330451n">
      <text>Belikmayev even made friends with the soldiers with whom he lived for three days in an armored personnel carrier at the crossroads , waiting for the mission to fail .</text>
      <annotationSet cDate="08/08/2025 08:00:03 PST Fri" status="AUGMENTED" ID="0">
        <layer name="FE" rank="1">
          <label cBy="auto-aug" feID="7796" start="145" end="155" name="Means" />
        </layer>
        <layer name="Target" rank="1">
          <label cBy="auto-aug" start="160" end="163" name="Target" />
        </layer>
      </annotationSet>
    </sentence>
    <sentence sentNo="0" ID="1593800n">
      <text>a unit that , during 1985 , failed to meet its objectives .</text>
      <annotationSet cDate="08/08/2025 08:00:03 PST Fri" status="AUGMENTED" ID="0">
        <layer name="FE" rank="1">
          <label cBy="auto-aug" feID="7798" start="0" end="5" name="Instrument" />
          <label cBy="auto-aug" feID="7798" start="7" end="10" name="Instrument" />
          <label cBy="auto-aug" feID="7800" start="14" end="24" name="Time" />
          <label cBy="auto-aug" feID="7797" start="35" end="56" name="Goal" />
        </layer>
        <layer name="Target" rank="1">
          <label cBy="auto-aug" start="28" end="33" name="Target" />
        </layer>
      </annotationSet>
    </sentence>
    <sentence sentNo="0" ID="1329745n">
      <text>If a good plan does not fail , the next step is to cut out all fruit for a while .</text>
      <annotationSet cDate="08/08/2025 08:00:03 PST Fri" status="AUGMENTED" ID="0">
        <layer name="FE" rank="1">
          <label cBy="auto-aug" feID="7796" start="3" end="13" name="Means" />
        </layer>
        <layer name="Target" rank="1">
          <label cBy="auto-aug" start="24" end="27" name="Target" />
        </layer>
      </annotationSet>
    </sentence>
    <sentence sentNo="0" ID="4148379n">
      <text>If the attempt failed when Garcia returned , any possible suspicion would be warded off by the Englishman 's evidence , and all would be well .</text>
      <annotationSet cDate="08/08/2025 08:00:03 PST Fri" status="AUGMENTED" ID="0">
        <layer name="FE" rank="1">
          <label cBy="auto-aug" feID="7797" start="3" end="13" name="Goal" />
          <label cBy="auto-aug" feID="7797" start="-1" end="0" name="Goal" />
          <label cBy="auto-aug" feID="7800" start="22" end="41" name="Time" />
          <label cBy="auto-aug" feID="7800" start="-1" end="18" name="Time" />
        </layer>
        <layer name="Target" rank="1">
          <label cBy="auto-aug" start="15" end="20" name="Target" />
        </layer>
      </annotationSet>
    </sentence>
  </subCorpus>
</lexUnit>