<?xml version='1.0' encoding='UTF-8'?>
<lexUnit xmlns="http://framenet.icsi.berkeley.edu" xmlns:xsi="http://www.w3.org/2001/XMLSchema-instance" status="Created" POS="V" name="produce.v" ID="11694" frame="Intentionally_create" frameID="280" totalAnnotated="9" xsi:schemaLocation="../schema/lexUnit.xsd">
  <header>
    <corpus description="Texts from Nuclear Threat Initiative website, created by Center for Non-Proliferation Studies" name="NTI" ID="135">
      <document description="Kazakhstan" name="Kazakhstan" ID="23501" />
      <document description="Iran Biological" name="Iran_Biological" ID="23513" />
      <document description="Iran Chemical" name="Iran_Chemical" ID="23514" />
      <document description="B W Tutorial chapter1" name="BWTutorial_chapter1" ID="23602" />
      <document description="WMD News 04/21/2006" name="WMDNews_042106" ID="23605" />
      <document description="WMD News 06/26/2006" name="WMDNews_062606" ID="23621" />
    </corpus>
    <corpus description="Miscellaneous" name="Miscellaneous" ID="175">
      <document description="Iran-related Questions" name="IranRelatedQuestions" ID="23541" />
    </corpus>
    <corpus description="American National Corpus Texts" name="ANC" ID="195">
      <document description="Berlitz Where to Go in Hong Kong" name="WhereToHongKong" ID="23771" />
      <document description="journal_christine" name="journal_christine" ID="23936" />
    </corpus>
    <frame>
      <FE fgColor="FFFFFF" bgColor="2E8B57" type="Extra-Thematic" abbrev="co-p" name="Co-participant" />
      <FE fgColor="FFFFFF" bgColor="9F79EE" type="Extra-Thematic" abbrev="Cmpnt" name="Components" />
      <FE fgColor="FFFFFF" bgColor="0000FF" type="Core" abbrev="CrEnt" name="Created_entity" />
      <FE fgColor="FFFFFF" bgColor="FF0000" type="Core" abbrev="Creator" name="Creator" />
      <FE fgColor="FFFFFF" bgColor="9400D3" type="Extra-Thematic" abbrev="Depict" name="Depictive" />
      <FE fgColor="FFFFFF" bgColor="808080" type="Peripheral" abbrev="Ins" name="Instrument" />
      <FE fgColor="FFFFFF" bgColor="FF00FF" type="Peripheral" abbrev="Manr" name="Manner" />
      <FE fgColor="FFFFFF" bgColor="FF69B4" type="Peripheral" abbrev="Mns" name="Means" />
      <FE fgColor="FFFFFF" bgColor="008000" type="Peripheral" abbrev="Place" name="Place" />
      <FE fgColor="FFFFFF" bgColor="800080" type="Peripheral" abbrev="Purp" name="Purpose" />
      <FE fgColor="000000" bgColor="d0d0d0" type="Extra-Thematic" abbrev="rol" name="Role" />
      <FE fgColor="FFFFFF" bgColor="FFA500" type="Peripheral" abbrev="Time" name="Time" />
    </frame>
  </header>
  <definition>FN: create</definition>
  <lexeme POS="V" name="produce" />
  <valences>
    <FERealization total="9">
      <FE name="Created_entity" />
      <pattern total="2">
        <valenceUnit GF="Ext" PT="NP" FE="Created_entity" />
        <annoSet ID="6535091" />
        <annoSet ID="6573975" />
      </pattern>
      <pattern total="7">
        <valenceUnit GF="Obj" PT="NP" FE="Created_entity" />
        <annoSet ID="6523443" />
        <annoSet ID="6524445" />
        <annoSet ID="6526873" />
        <annoSet ID="6536956" />
        <annoSet ID="6540602" />
        <annoSet ID="6541526" />
        <annoSet ID="6562088" />
      </pattern>
    </FERealization>
    <FERealization total="9">
      <FE name="Creator" />
      <pattern total="4">
        <valenceUnit GF="" PT="CNI" FE="Creator" />
        <annoSet ID="6523443" />
        <annoSet ID="6524445" />
        <annoSet ID="6535091" />
        <annoSet ID="6562088" />
      </pattern>
      <pattern total="1">
        <valenceUnit GF="Dep" PT="PP[by]" FE="Creator" />
        <annoSet ID="6573975" />
      </pattern>
      <pattern total="4">
        <valenceUnit GF="Ext" PT="NP" FE="Creator" />
        <annoSet ID="6526873" />
        <annoSet ID="6536956" />
        <annoSet ID="6540602" />
        <annoSet ID="6541526" />
      </pattern>
    </FERealization>
    <FERealization total="1">
      <FE name="Manner" />
      <pattern total="1">
        <valenceUnit GF="Dep" PT="AVP" FE="Manner" />
        <annoSet ID="6536956" />
      </pattern>
    </FERealization>
    <FERealization total="1">
      <FE name="Purpose" />
      <pattern total="1">
        <valenceUnit GF="Dep" PT="PP[for]" FE="Purpose" />
        <annoSet ID="6523443" />
      </pattern>
    </FERealization>
    <FERealization total="1">
      <FE name="Time" />
      <pattern total="1">
        <valenceUnit GF="Dep" PT="PP[by]" FE="Time" />
        <annoSet ID="6526873" />
      </pattern>
    </FERealization>
    <FEGroupRealization total="1">
      <FE name="Created_entity" />
      <FE name="Created_entity" />
      <FE name="Creator" />
      <FE name="Manner" />
      <pattern total="1">
        <valenceUnit GF="Obj" PT="NP" FE="Created_entity" />
        <valenceUnit GF="Obj" PT="NP" FE="Created_entity" />
        <valenceUnit GF="Ext" PT="NP" FE="Creator" />
        <valenceUnit GF="Dep" PT="AVP" FE="Manner" />
        <annoSet ID="6536956" />
      </pattern>
    </FEGroupRealization>
    <FEGroupRealization total="6">
      <FE name="Created_entity" />
      <FE name="Creator" />
      <pattern total="1">
        <valenceUnit GF="Ext" PT="NP" FE="Created_entity" />
        <valenceUnit GF="" PT="CNI" FE="Creator" />
        <annoSet ID="6535091" />
      </pattern>
      <pattern total="1">
        <valenceUnit GF="Ext" PT="NP" FE="Created_entity" />
        <valenceUnit GF="Dep" PT="PP[by]" FE="Creator" />
        <annoSet ID="6573975" />
      </pattern>
      <pattern total="2">
        <valenceUnit GF="Obj" PT="NP" FE="Created_entity" />
        <valenceUnit GF="" PT="CNI" FE="Creator" />
        <annoSet ID="6524445" />
        <annoSet ID="6562088" />
      </pattern>
      <pattern total="2">
        <valenceUnit GF="Obj" PT="NP" FE="Created_entity" />
        <valenceUnit GF="Ext" PT="NP" FE="Creator" />
        <annoSet ID="6540602" />
        <annoSet ID="6541526" />
      </pattern>
    </FEGroupRealization>
    <FEGroupRealization total="1">
      <FE name="Created_entity" />
      <FE name="Creator" />
      <FE name="Purpose" />
      <pattern total="1">
        <valenceUnit GF="Obj" PT="NP" FE="Created_entity" />
        <valenceUnit GF="" PT="CNI" FE="Creator" />
        <valenceUnit GF="Dep" PT="PP[for]" FE="Purpose" />
        <annoSet ID="6523443" />
      </pattern>
    </FEGroupRealization>
    <FEGroupRealization total="1">
      <FE name="Created_entity" />
      <FE name="Creator" />
      <FE name="Time" />
      <pattern total="1">
        <valenceUnit GF="Obj" PT="NP" FE="Created_entity" />
        <valenceUnit GF="Ext" PT="NP" FE="Creator" />
        <valenceUnit GF="Dep" PT="PP[by]" FE="Time" />
        <annoSet ID="6526873" />
      </pattern>
    </FEGroupRealization>
  </valences>
  <subCorpus name="V-augmented">
    <sentence sentNo="0" ID="4101250n">
      <text>The noblemen had free rein to produce a vast array of goods .</text>
      <annotationSet cDate="08/08/2025 07:59:15 PST Fri" status="AUGMENTED" ID="0">
        <layer name="FE" rank="1">
          <label cBy="auto-aug" feID="2423" start="38" end="58" name="Created_entity" />
        </layer>
        <layer name="Target" rank="1">
          <label cBy="auto-aug" start="30" end="36" name="Target" />
        </layer>
      </annotationSet>
    </sentence>
    <sentence sentNo="0" ID="1310487n">
      <text>the goods had , therefore , to be produced from scratch .</text>
      <annotationSet cDate="08/08/2025 07:59:15 PST Fri" status="AUGMENTED" ID="0">
        <layer name="FE" rank="1">
          <label cBy="auto-aug" feID="2423" start="0" end="8" name="Created_entity" />
          <label cBy="auto-aug" feID="2421" start="43" end="54" name="Components" />
        </layer>
        <layer name="Target" rank="1">
          <label cBy="auto-aug" start="34" end="41" name="Target" />
        </layer>
      </annotationSet>
    </sentence>
    <sentence sentNo="0" ID="1297110n">
      <text>The DoE suggested that the EC environment committee should produce a report .</text>
      <annotationSet cDate="08/08/2025 07:59:15 PST Fri" status="AUGMENTED" ID="0">
        <layer name="FE" rank="1">
          <label cBy="auto-aug" feID="2417" start="23" end="40" name="Creator" />
          <label cBy="auto-aug" feID="2423" start="67" end="74" name="Created_entity" />
        </layer>
        <layer name="Target" rank="1">
          <label cBy="auto-aug" start="59" end="65" name="Target" />
        </layer>
      </annotationSet>
    </sentence>
    <sentence sentNo="0" ID="4099413n">
      <text>They may desire not just to produce new products .</text>
      <annotationSet cDate="08/08/2025 07:59:15 PST Fri" status="AUGMENTED" ID="0">
        <layer name="FE" rank="1">
          <label cBy="auto-aug" feID="2417" start="0" end="3" name="Creator" />
          <label cBy="auto-aug" feID="2423" start="36" end="47" name="Created_entity" />
        </layer>
        <layer name="Target" rank="1">
          <label cBy="auto-aug" start="28" end="34" name="Target" />
        </layer>
      </annotationSet>
    </sentence>
    <sentence sentNo="0" ID="4106495n">
      <text>We 've produced a new product .</text>
      <annotationSet cDate="08/08/2025 07:59:15 PST Fri" status="AUGMENTED" ID="0">
        <layer name="FE" rank="1">
          <label cBy="auto-aug" feID="2417" start="0" end="1" name="Creator" />
          <label cBy="auto-aug" feID="2423" start="16" end="28" name="Created_entity" />
        </layer>
        <layer name="Target" rank="1">
          <label cBy="auto-aug" start="7" end="14" name="Target" />
        </layer>
      </annotationSet>
    </sentence>
    <sentence sentNo="0" ID="4101356n">
      <text>The U.S. government says it wants to ensure that Iraq is not buying items that appear to be humanitarian in nature but that could be used for producing weapons .</text>
      <annotationSet cDate="08/08/2025 07:59:15 PST Fri" status="AUGMENTED" ID="0">
        <layer name="FE" rank="1">
          <label cBy="auto-aug" feID="2423" start="152" end="158" name="Created_entity" />
        </layer>
        <layer name="Target" rank="1">
          <label cBy="auto-aug" start="142" end="150" name="Target" />
        </layer>
      </annotationSet>
    </sentence>
  </subCorpus>
</lexUnit>