<?xml version='1.0' encoding='UTF-8'?>
<lexUnit xmlns="http://framenet.icsi.berkeley.edu" xmlns:xsi="http://www.w3.org/2001/XMLSchema-instance" status="Finished_Initial" POS="V" name="must.v" ID="11816" frame="Required_event" frameID="1381" totalAnnotated="100" xsi:schemaLocation="../schema/lexUnit.xsd">
  <header>
    <corpus description="Miscellaneous" name="Miscellaneous" ID="175">
      <document description="TigerOfSanPedro" name="Tiger_Of_San_Pedro" ID="25343" />
    </corpus>
    <corpus description="AQUAINT Knowledge-Based Evaluation Texts" name="KBEval" ID="185">
      <document description="atm" name="atm" ID="23577" />
    </corpus>
    <corpus description="American National Corpus Texts" name="ANC" ID="195">
      <document description="Berlitz History of Las Vegas" name="HistoryOfLasVegas" ID="23691" />
      <document description="Berlitz Intro of Hong Kong" name="IntroHongKong" ID="23757" />
      <document description="Berlitz Where to Go in Hong Kong" name="WhereToHongKong" ID="23771" />
      <document description="Goodwill fund-raising letter" name="110CYL070" ID="23795" />
    </corpus>
    <corpus description="LUCorpus-v0.3" name="LUCorpus-v0.3" ID="205">
      <document description="wsj_2465" name="wsj_2465" ID="23722" />
      <document description="CNN_ENG_20030614_173123.4-NEW-1" name="CNN_ENG_20030614_173123.4-NEW-1" ID="23726" />
      <document description="IZ-060316-01-Trans-1" name="IZ-060316-01-Trans-1" ID="23732" />
      <document description="AFGP-2002-600045-Trans" name="AFGP-2002-600045-Trans" ID="23740" />
    </corpus>
    <frame>
      <FE fgColor="FFFFFF" bgColor="FF0000" type="Extra-Thematic" abbrev="cir" name="Circumstances" />
      <FE fgColor="FFFFFF" bgColor="FF00FF" type="Peripheral" abbrev="deg" name="Degree" />
      <FE fgColor="FFFFFF" bgColor="A52A2A" type="Extra-Thematic" abbrev="exp" name="Explanation" />
      <FE fgColor="FFFFFF" bgColor="008000" type="Peripheral" abbrev="neg" name="Negative_consequences" />
      <FE fgColor="FFFFFF" bgColor="1E90FF" type="Peripheral" abbrev="pla" name="Place" />
      <FE fgColor="FFFFFF" bgColor="0000FF" type="Peripheral" abbrev="pur" name="Purpose" />
      <FE fgColor="FFFFFF" bgColor="800080" type="Core" abbrev="req" name="Required_situation" />
      <FE fgColor="FFFFFF" bgColor="FFA500" type="Peripheral" abbrev="tim" name="Time" />
    </frame>
  </header>
  <definition>FN: be strongly required in order to avoid negative consequences, social or otherwise</definition>
  <lexeme POS="V" name="must" />
  <valences>
    <FERealization total="5">
      <FE name="Circumstances" />
      <pattern total="5">
        <valenceUnit GF="Dep" PT="Sub" FE="Circumstances" />
        <annoSet ID="1570063" />
        <annoSet ID="1570093" />
        <annoSet ID="1570095" />
        <annoSet ID="1570345" />
        <annoSet ID="1570351" />
      </pattern>
    </FERealization>
    <FERealization total="7">
      <FE name="Explanation" />
      <pattern total="1">
        <valenceUnit GF="Dep" PT="AVP" FE="Explanation" />
        <annoSet ID="1570395" />
      </pattern>
      <pattern total="1">
        <valenceUnit GF="Dep" PT="PP[as]" FE="Explanation" />
        <annoSet ID="6549581" />
      </pattern>
      <pattern total="1">
        <valenceUnit GF="Dep" PT="PP[at]" FE="Explanation" />
        <annoSet ID="1570315" />
      </pattern>
      <pattern total="1">
        <valenceUnit GF="Dep" PT="Sinterrog" FE="Explanation" />
        <annoSet ID="1570241" />
      </pattern>
      <pattern total="2">
        <valenceUnit GF="Dep" PT="Sub" FE="Explanation" />
        <annoSet ID="1570001" />
        <annoSet ID="1570267" />
      </pattern>
      <pattern total="1">
        <valenceUnit GF="Dep" PT="VPto" FE="Explanation" />
        <annoSet ID="6554848" />
      </pattern>
    </FERealization>
    <FERealization total="1">
      <FE name="Purpose" />
      <pattern total="1">
        <valenceUnit GF="Dep" PT="VPto" FE="Purpose" />
        <annoSet ID="6544645" />
      </pattern>
    </FERealization>
    <FERealization total="100">
      <FE name="Required_situation" />
      <pattern total="85">
        <valenceUnit GF="Ext" PT="NP" FE="Required_situation" />
        <annoSet ID="1569961" />
        <annoSet ID="1569963" />
        <annoSet ID="1569965" />
        <annoSet ID="1569967" />
        <annoSet ID="1569969" />
        <annoSet ID="1569971" />
        <annoSet ID="1569973" />
        <annoSet ID="1569975" />
        <annoSet ID="1569979" />
        <annoSet ID="1569981" />
        <annoSet ID="1569983" />
        <annoSet ID="1569985" />
        <annoSet ID="1569987" />
        <annoSet ID="1569989" />
        <annoSet ID="1569991" />
        <annoSet ID="1569993" />
        <annoSet ID="1569995" />
        <annoSet ID="1569997" />
        <annoSet ID="1569999" />
        <annoSet ID="1570001" />
        <annoSet ID="1570007" />
        <annoSet ID="1570011" />
        <annoSet ID="1570041" />
        <annoSet ID="1570045" />
        <annoSet ID="1570051" />
        <annoSet ID="1570053" />
        <annoSet ID="1570055" />
        <annoSet ID="1570061" />
        <annoSet ID="1570063" />
        <annoSet ID="1570065" />
        <annoSet ID="1570067" />
        <annoSet ID="1570071" />
        <annoSet ID="1570075" />
        <annoSet ID="1570077" />
        <annoSet ID="1570081" />
        <annoSet ID="1570083" />
        <annoSet ID="1570085" />
        <annoSet ID="1570087" />
        <annoSet ID="1570089" />
        <annoSet ID="1570091" />
        <annoSet ID="1570093" />
        <annoSet ID="1570095" />
        <annoSet ID="1570099" />
        <annoSet ID="1570101" />
        <annoSet ID="1570103" />
        <annoSet ID="1570107" />
        <annoSet ID="1570109" />
        <annoSet ID="1570111" />
        <annoSet ID="1570113" />
        <annoSet ID="1570115" />
        <annoSet ID="1570117" />
        <annoSet ID="1570137" />
        <annoSet ID="1570147" />
        <annoSet ID="1570201" />
        <annoSet ID="1570205" />
        <annoSet ID="1570209" />
        <annoSet ID="1570211" />
        <annoSet ID="1570227" />
        <annoSet ID="1570233" />
        <annoSet ID="1570241" />
        <annoSet ID="1570251" />
        <annoSet ID="1570255" />
        <annoSet ID="1570261" />
        <annoSet ID="1570267" />
        <annoSet ID="1570291" />
        <annoSet ID="1570299" />
        <annoSet ID="1570315" />
        <annoSet ID="1570323" />
        <annoSet ID="1570345" />
        <annoSet ID="1570351" />
        <annoSet ID="1570353" />
        <annoSet ID="1570355" />
        <annoSet ID="1570357" />
        <annoSet ID="1570373" />
        <annoSet ID="1570375" />
        <annoSet ID="1570379" />
        <annoSet ID="1570395" />
        <annoSet ID="6533288" />
        <annoSet ID="6533597" />
        <annoSet ID="6544645" />
        <annoSet ID="6547507" />
        <annoSet ID="6547966" />
        <annoSet ID="6557208" />
        <annoSet ID="6684344" />
        <annoSet ID="6684356" />
      </pattern>
      <pattern total="91">
        <valenceUnit GF="Dep" PT="VPbrst" FE="Required_situation" />
        <annoSet ID="1569961" />
        <annoSet ID="1569963" />
        <annoSet ID="1569965" />
        <annoSet ID="1569967" />
        <annoSet ID="1569969" />
        <annoSet ID="1569971" />
        <annoSet ID="1569973" />
        <annoSet ID="1569975" />
        <annoSet ID="1569979" />
        <annoSet ID="1569981" />
        <annoSet ID="1569983" />
        <annoSet ID="1569985" />
        <annoSet ID="1569987" />
        <annoSet ID="1569989" />
        <annoSet ID="1569991" />
        <annoSet ID="1569993" />
        <annoSet ID="1569995" />
        <annoSet ID="1569997" />
        <annoSet ID="1569999" />
        <annoSet ID="1570001" />
        <annoSet ID="1570007" />
        <annoSet ID="1570011" />
        <annoSet ID="1570041" />
        <annoSet ID="1570045" />
        <annoSet ID="1570047" />
        <annoSet ID="1570051" />
        <annoSet ID="1570053" />
        <annoSet ID="1570055" />
        <annoSet ID="1570057" />
        <annoSet ID="1570059" />
        <annoSet ID="1570061" />
        <annoSet ID="1570063" />
        <annoSet ID="1570065" />
        <annoSet ID="1570067" />
        <annoSet ID="1570069" />
        <annoSet ID="1570071" />
        <annoSet ID="1570073" />
        <annoSet ID="1570075" />
        <annoSet ID="1570077" />
        <annoSet ID="1570079" />
        <annoSet ID="1570081" />
        <annoSet ID="1570083" />
        <annoSet ID="1570085" />
        <annoSet ID="1570087" />
        <annoSet ID="1570089" />
        <annoSet ID="1570091" />
        <annoSet ID="1570093" />
        <annoSet ID="1570095" />
        <annoSet ID="1570099" />
        <annoSet ID="1570101" />
        <annoSet ID="1570103" />
        <annoSet ID="1570107" />
        <annoSet ID="1570109" />
        <annoSet ID="1570111" />
        <annoSet ID="1570113" />
        <annoSet ID="1570115" />
        <annoSet ID="1570117" />
        <annoSet ID="1570137" />
        <annoSet ID="1570147" />
        <annoSet ID="1570201" />
        <annoSet ID="1570205" />
        <annoSet ID="1570209" />
        <annoSet ID="1570211" />
        <annoSet ID="1570227" />
        <annoSet ID="1570233" />
        <annoSet ID="1570241" />
        <annoSet ID="1570251" />
        <annoSet ID="1570255" />
        <annoSet ID="1570261" />
        <annoSet ID="1570267" />
        <annoSet ID="1570291" />
        <annoSet ID="1570299" />
        <annoSet ID="1570315" />
        <annoSet ID="1570323" />
        <annoSet ID="1570345" />
        <annoSet ID="1570351" />
        <annoSet ID="1570353" />
        <annoSet ID="1570355" />
        <annoSet ID="1570357" />
        <annoSet ID="1570373" />
        <annoSet ID="1570375" />
        <annoSet ID="1570379" />
        <annoSet ID="1570395" />
        <annoSet ID="6533288" />
        <annoSet ID="6533597" />
        <annoSet ID="6544645" />
        <annoSet ID="6547507" />
        <annoSet ID="6547966" />
        <annoSet ID="6547967" />
        <annoSet ID="6547968" />
        <annoSet ID="6557208" />
      </pattern>
      <pattern total="4">
        <valenceUnit GF="Head" PT="Sfin" FE="Required_situation" />
        <annoSet ID="6547441" />
        <annoSet ID="6547442" />
        <annoSet ID="6549581" />
        <annoSet ID="6554848" />
      </pattern>
      <pattern total="1">
        <valenceUnit GF="Appositive" PT="NP" FE="Required_situation" />
        <annoSet ID="1570055" />
      </pattern>
      <pattern total="2">
        <valenceUnit GF="Dep" PT="VPfin" FE="Required_situation" />
        <annoSet ID="6560280" />
        <annoSet ID="6684356" />
      </pattern>
      <pattern total="1">
        <valenceUnit GF="Obj" PT="VPfin" FE="Required_situation" />
        <annoSet ID="6684344" />
      </pattern>
      <pattern total="2">
        <valenceUnit GF="Dep" PT="Sfin" FE="Required_situation" />
        <annoSet ID="6550645" />
        <annoSet ID="6550662" />
      </pattern>
    </FERealization>
    <FERealization total="1">
      <FE name="Time" />
      <pattern total="1">
        <valenceUnit GF="Dep" PT="Sub" FE="Time" />
        <annoSet ID="1569985" />
      </pattern>
    </FERealization>
    <FEGroupRealization total="5">
      <FE name="Circumstances" />
      <FE name="Required_situation" />
      <FE name="Required_situation" />
      <pattern total="5">
        <valenceUnit GF="Dep" PT="Sub" FE="Circumstances" />
        <valenceUnit GF="Ext" PT="NP" FE="Required_situation" />
        <valenceUnit GF="Dep" PT="VPbrst" FE="Required_situation" />
        <annoSet ID="1570063" />
        <annoSet ID="1570093" />
        <annoSet ID="1570095" />
        <annoSet ID="1570345" />
        <annoSet ID="1570351" />
      </pattern>
    </FEGroupRealization>
    <FEGroupRealization total="7">
      <FE name="Explanation" />
      <FE name="Required_situation" />
      <FE name="Required_situation" />
      <pattern total="1">
        <valenceUnit GF="Dep" PT="AVP" FE="Explanation" />
        <valenceUnit GF="Ext" PT="NP" FE="Required_situation" />
        <valenceUnit GF="Dep" PT="VPbrst" FE="Required_situation" />
        <annoSet ID="1570395" />
      </pattern>
      <pattern total="1">
        <valenceUnit GF="Dep" PT="PP[as]" FE="Explanation" />
        <valenceUnit GF="Head" PT="Sfin" FE="Required_situation" />
        <valenceUnit GF="Head" PT="Sfin" FE="Required_situation" />
        <annoSet ID="6549581" />
      </pattern>
      <pattern total="1">
        <valenceUnit GF="Dep" PT="PP[at]" FE="Explanation" />
        <valenceUnit GF="Ext" PT="NP" FE="Required_situation" />
        <valenceUnit GF="Dep" PT="VPbrst" FE="Required_situation" />
        <annoSet ID="1570315" />
      </pattern>
      <pattern total="1">
        <valenceUnit GF="Dep" PT="Sinterrog" FE="Explanation" />
        <valenceUnit GF="Ext" PT="NP" FE="Required_situation" />
        <valenceUnit GF="Dep" PT="VPbrst" FE="Required_situation" />
        <annoSet ID="1570241" />
      </pattern>
      <pattern total="2">
        <valenceUnit GF="Dep" PT="Sub" FE="Explanation" />
        <valenceUnit GF="Ext" PT="NP" FE="Required_situation" />
        <valenceUnit GF="Dep" PT="VPbrst" FE="Required_situation" />
        <annoSet ID="1570001" />
        <annoSet ID="1570267" />
      </pattern>
      <pattern total="1">
        <valenceUnit GF="Dep" PT="VPto" FE="Explanation" />
        <valenceUnit GF="Head" PT="Sfin" FE="Required_situation" />
        <valenceUnit GF="Head" PT="Sfin" FE="Required_situation" />
        <annoSet ID="6554848" />
      </pattern>
    </FEGroupRealization>
    <FEGroupRealization total="1">
      <FE name="Purpose" />
      <FE name="Required_situation" />
      <FE name="Required_situation" />
      <pattern total="1">
        <valenceUnit GF="Dep" PT="VPto" FE="Purpose" />
        <valenceUnit GF="Ext" PT="NP" FE="Required_situation" />
        <valenceUnit GF="Dep" PT="VPbrst" FE="Required_situation" />
        <annoSet ID="6544645" />
      </pattern>
    </FEGroupRealization>
    <FEGroupRealization total="9">
      <FE name="Required_situation" />
      <pattern total="8">
        <valenceUnit GF="Dep" PT="VPbrst" FE="Required_situation" />
        <annoSet ID="1570047" />
        <annoSet ID="1570057" />
        <annoSet ID="1570059" />
        <annoSet ID="1570069" />
        <annoSet ID="1570073" />
        <annoSet ID="1570079" />
        <annoSet ID="6547967" />
        <annoSet ID="6547968" />
      </pattern>
      <pattern total="1">
        <valenceUnit GF="Dep" PT="VPfin" FE="Required_situation" />
        <annoSet ID="6560280" />
      </pattern>
    </FEGroupRealization>
    <FEGroupRealization total="75">
      <FE name="Required_situation" />
      <FE name="Required_situation" />
      <pattern total="69">
        <valenceUnit GF="Ext" PT="NP" FE="Required_situation" />
        <valenceUnit GF="Dep" PT="VPbrst" FE="Required_situation" />
        <annoSet ID="1569961" />
        <annoSet ID="1569963" />
        <annoSet ID="1569965" />
        <annoSet ID="1569967" />
        <annoSet ID="1569969" />
        <annoSet ID="1569971" />
        <annoSet ID="1569973" />
        <annoSet ID="1569975" />
        <annoSet ID="1569979" />
        <annoSet ID="1569981" />
        <annoSet ID="1569983" />
        <annoSet ID="1569987" />
        <annoSet ID="1569989" />
        <annoSet ID="1569991" />
        <annoSet ID="1569993" />
        <annoSet ID="1569995" />
        <annoSet ID="1569997" />
        <annoSet ID="1569999" />
        <annoSet ID="1570007" />
        <annoSet ID="1570011" />
        <annoSet ID="1570041" />
        <annoSet ID="1570045" />
        <annoSet ID="1570051" />
        <annoSet ID="1570053" />
        <annoSet ID="1570061" />
        <annoSet ID="1570065" />
        <annoSet ID="1570067" />
        <annoSet ID="1570071" />
        <annoSet ID="1570075" />
        <annoSet ID="1570077" />
        <annoSet ID="1570081" />
        <annoSet ID="1570083" />
        <annoSet ID="1570085" />
        <annoSet ID="1570087" />
        <annoSet ID="1570089" />
        <annoSet ID="1570091" />
        <annoSet ID="1570099" />
        <annoSet ID="1570101" />
        <annoSet ID="1570103" />
        <annoSet ID="1570107" />
        <annoSet ID="1570109" />
        <annoSet ID="1570111" />
        <annoSet ID="1570113" />
        <annoSet ID="1570115" />
        <annoSet ID="1570117" />
        <annoSet ID="1570137" />
        <annoSet ID="1570147" />
        <annoSet ID="1570201" />
        <annoSet ID="1570205" />
        <annoSet ID="1570209" />
        <annoSet ID="1570211" />
        <annoSet ID="1570227" />
        <annoSet ID="1570251" />
        <annoSet ID="1570255" />
        <annoSet ID="1570261" />
        <annoSet ID="1570291" />
        <annoSet ID="1570299" />
        <annoSet ID="1570323" />
        <annoSet ID="1570353" />
        <annoSet ID="1570355" />
        <annoSet ID="1570357" />
        <annoSet ID="1570373" />
        <annoSet ID="1570375" />
        <annoSet ID="1570379" />
        <annoSet ID="6533288" />
        <annoSet ID="6533597" />
        <annoSet ID="6547507" />
        <annoSet ID="6547966" />
        <annoSet ID="6557208" />
      </pattern>
      <pattern total="1">
        <valenceUnit GF="Ext" PT="NP" FE="Required_situation" />
        <valenceUnit GF="Dep" PT="VPfin" FE="Required_situation" />
        <annoSet ID="6684356" />
      </pattern>
      <pattern total="1">
        <valenceUnit GF="Ext" PT="NP" FE="Required_situation" />
        <valenceUnit GF="Obj" PT="VPfin" FE="Required_situation" />
        <annoSet ID="6684344" />
      </pattern>
      <pattern total="2">
        <valenceUnit GF="Dep" PT="Sfin" FE="Required_situation" />
        <valenceUnit GF="Dep" PT="Sfin" FE="Required_situation" />
        <annoSet ID="6550645" />
        <annoSet ID="6550662" />
      </pattern>
      <pattern total="2">
        <valenceUnit GF="Head" PT="Sfin" FE="Required_situation" />
        <valenceUnit GF="Head" PT="Sfin" FE="Required_situation" />
        <annoSet ID="6547441" />
        <annoSet ID="6547442" />
      </pattern>
    </FEGroupRealization>
    <FEGroupRealization total="2">
      <FE name="Required_situation" />
      <FE name="Required_situation" />
      <FE name="Required_situation" />
      <pattern total="1">
        <valenceUnit GF="Appositive" PT="NP" FE="Required_situation" />
        <valenceUnit GF="Ext" PT="NP" FE="Required_situation" />
        <valenceUnit GF="Dep" PT="VPbrst" FE="Required_situation" />
        <annoSet ID="1570055" />
      </pattern>
      <pattern total="1">
        <valenceUnit GF="Ext" PT="NP" FE="Required_situation" />
        <valenceUnit GF="Dep" PT="VPbrst" FE="Required_situation" />
        <valenceUnit GF="Dep" PT="VPbrst" FE="Required_situation" />
        <annoSet ID="1570233" />
      </pattern>
    </FEGroupRealization>
    <FEGroupRealization total="1">
      <FE name="Required_situation" />
      <FE name="Required_situation" />
      <FE name="Time" />
      <pattern total="1">
        <valenceUnit GF="Ext" PT="NP" FE="Required_situation" />
        <valenceUnit GF="Dep" PT="VPbrst" FE="Required_situation" />
        <valenceUnit GF="Dep" PT="Sub" FE="Time" />
        <annoSet ID="1569985" />
      </pattern>
    </FEGroupRealization>
  </valences>
  <subCorpus name="V-augmented">
    <sentence sentNo="0" ID="1058826n">
      <text>But to go musted to attend . </text>
      <annotationSet cDate="08/08/2025 07:55:03 PST Fri" status="AUGMENTED" ID="0">
        <layer name="FE" rank="1">
          <label cBy="auto-aug" feID="7752" start="4" end="8" name="Required_situation" />
          <label cBy="auto-aug" feID="7752" start="17" end="25" name="Required_situation" />
        </layer>
        <layer name="Target" rank="1">
          <label cBy="auto-aug" start="10" end="15" name="Target" />
        </layer>
      </annotationSet>
    </sentence>
    <sentence sentNo="0" ID="1064828n">
      <text>So he 's , to be there 's really musted to be listened to . </text>
      <annotationSet cDate="08/08/2025 07:55:03 PST Fri" status="AUGMENTED" ID="0">
        <layer name="FE" rank="1">
          <label cBy="auto-aug" feID="7752" start="11" end="21" name="Required_situation" />
          <label cBy="auto-aug" feID="7752" start="40" end="56" name="Required_situation" />
        </layer>
        <layer name="Target" rank="1">
          <label cBy="auto-aug" start="33" end="38" name="Target" />
        </layer>
      </annotationSet>
    </sentence>
    <sentence sentNo="0" ID="1059532n">
      <text>` Maybe you musts go , " he suggested . </text>
      <annotationSet cDate="08/08/2025 07:55:03 PST Fri" status="AUGMENTED" ID="0">
        <layer name="FE" rank="1">
          <label cBy="auto-aug" feID="7752" start="8" end="10" name="Required_situation" />
          <label cBy="auto-aug" feID="7752" start="18" end="19" name="Required_situation" />
        </layer>
        <layer name="Target" rank="1">
          <label cBy="auto-aug" start="12" end="16" name="Target" />
        </layer>
      </annotationSet>
    </sentence>
    <sentence sentNo="0" ID="1389953n">
      <text>` Mr MacDiarmid -- you have had a heavy responsibility for the Act -- you musted it . "</text>
      <annotationSet cDate="08/08/2025 07:55:03 PST Fri" status="AUGMENTED" ID="0">
        <layer name="FE" rank="1">
          <label cBy="auto-aug" feID="7752" start="70" end="72" name="Required_situation" />
          <label cBy="auto-aug" feID="7752" start="81" end="82" name="Required_situation" />
        </layer>
        <layer name="Target" rank="1">
          <label cBy="auto-aug" start="74" end="79" name="Target" />
        </layer>
      </annotationSet>
    </sentence>
    <sentence sentNo="0" ID="1064897n">
      <text>to have musted to . </text>
      <annotationSet cDate="08/08/2025 07:55:03 PST Fri" status="AUGMENTED" ID="0">
        <layer name="FE" rank="1">
          <label cBy="auto-aug" feID="7752" start="0" end="1" name="Required_situation" />
          <label cBy="auto-aug" feID="7752" start="15" end="16" name="Required_situation" />
        </layer>
        <layer name="Target" rank="1">
          <label cBy="auto-aug" start="8" end="13" name="Target" />
        </layer>
      </annotationSet>
    </sentence>
    <sentence sentNo="0" ID="1390010n">
      <text>I saw the whirly bird and wondered ? should have come down straightaway but thought it must they . "</text>
      <annotationSet cDate="08/08/2025 07:55:03 PST Fri" status="AUGMENTED" ID="0">
        <layer name="FE" rank="1">
          <label cBy="auto-aug" feID="7752" start="84" end="85" name="Required_situation" />
          <label cBy="auto-aug" feID="7752" start="92" end="95" name="Required_situation" />
        </layer>
        <layer name="Target" rank="1">
          <label cBy="auto-aug" start="87" end="90" name="Target" />
        </layer>
      </annotationSet>
    </sentence>
    <sentence sentNo="0" ID="4099356n">
      <text>Before assessing the threat of CBW terrorism , an evaluation must be conducted</text>
      <annotationSet cDate="08/08/2025 07:55:03 PST Fri" status="AUGMENTED" ID="0">
        <layer name="FE" rank="1">
          <label cBy="auto-aug" feID="8142" start="0" end="43" name="Time" />
          <label cBy="auto-aug" feID="7752" start="47" end="59" name="Required_situation" />
          <label cBy="auto-aug" feID="7752" start="66" end="77" name="Required_situation" />
        </layer>
        <layer name="Target" rank="1">
          <label cBy="auto-aug" start="61" end="64" name="Target" />
        </layer>
      </annotationSet>
    </sentence>
    <sentence sentNo="0" ID="1059530n">
      <text>Filter your water like pure water musts ? </text>
      <annotationSet cDate="08/08/2025 07:55:03 PST Fri" status="AUGMENTED" ID="0">
        <layer name="FE" rank="1">
          <label cBy="auto-aug" feID="7752" start="23" end="32" name="Required_situation" />
        </layer>
        <layer name="Target" rank="1">
          <label cBy="auto-aug" start="34" end="38" name="Target" />
        </layer>
      </annotationSet>
    </sentence>
    <sentence sentNo="0" ID="1064864n">
      <text>We guess your presence 's musted in this meeting . </text>
      <annotationSet cDate="08/08/2025 07:55:03 PST Fri" status="AUGMENTED" ID="0">
        <layer name="FE" rank="1">
          <label cBy="auto-aug" feID="7752" start="9" end="21" name="Required_situation" />
          <label cBy="auto-aug" feID="7752" start="33" end="47" name="Required_situation" />
        </layer>
        <layer name="Target" rank="1">
          <label cBy="auto-aug" start="26" end="31" name="Target" />
        </layer>
      </annotationSet>
    </sentence>
    <sentence sentNo="0" ID="1064888n">
      <text>And you 've musted to stay focused . </text>
      <annotationSet cDate="08/08/2025 07:55:03 PST Fri" status="AUGMENTED" ID="0">
        <layer name="FE" rank="1">
          <label cBy="auto-aug" feID="7752" start="4" end="6" name="Required_situation" />
          <label cBy="auto-aug" feID="7752" start="19" end="33" name="Required_situation" />
        </layer>
        <layer name="Target" rank="1">
          <label cBy="auto-aug" start="12" end="17" name="Target" />
        </layer>
      </annotationSet>
    </sentence>
    <sentence sentNo="0" ID="4101851n">
      <text>They must only complete the task .</text>
      <annotationSet cDate="08/08/2025 07:55:03 PST Fri" status="AUGMENTED" ID="0">
        <layer name="FE" rank="1">
          <label cBy="auto-aug" feID="7752" start="15" end="31" name="Required_situation" />
        </layer>
        <layer name="Target" rank="1">
          <label cBy="auto-aug" start="5" end="8" name="Target" />
        </layer>
      </annotationSet>
    </sentence>
    <sentence sentNo="0" ID="1389831n">
      <text>But you 'must be .</text>
      <annotationSet cDate="08/08/2025 07:55:03 PST Fri" status="AUGMENTED" ID="0">
        <layer name="FE" rank="1">
          <label cBy="auto-aug" feID="7752" start="4" end="6" name="Required_situation" />
          <label cBy="auto-aug" feID="7752" start="14" end="15" name="Required_situation" />
        </layer>
        <layer name="Target" rank="1">
          <label cBy="auto-aug" start="-1" end="2" name="Target" />
        </layer>
      </annotationSet>
    </sentence>
    <sentence sentNo="0" ID="1059531n">
      <text>` certain conditions musts specific circumstances . " </text>
      <annotationSet cDate="08/08/2025 07:55:03 PST Fri" status="AUGMENTED" ID="0">
        <layer name="FE" rank="1">
          <label cBy="auto-aug" feID="7752" start="2" end="19" name="Required_situation" />
          <label cBy="auto-aug" feID="7752" start="27" end="48" name="Required_situation" />
        </layer>
        <layer name="Target" rank="1">
          <label cBy="auto-aug" start="21" end="25" name="Target" />
        </layer>
      </annotationSet>
    </sentence>
    <sentence sentNo="0" ID="1390081n">
      <text>But what is what musted to be successful .</text>
      <annotationSet cDate="08/08/2025 07:55:03 PST Fri" status="AUGMENTED" ID="0">
        <layer name="FE" rank="1">
          <label cBy="auto-aug" feID="7752" start="12" end="15" name="Required_situation" />
          <label cBy="auto-aug" feID="7752" start="24" end="39" name="Required_situation" />
        </layer>
        <layer name="Target" rank="1">
          <label cBy="auto-aug" start="17" end="22" name="Target" />
        </layer>
      </annotationSet>
    </sentence>
    <sentence sentNo="0" ID="1389820n">
      <text>` I think that he musted to go . "</text>
      <annotationSet cDate="08/08/2025 07:55:03 PST Fri" status="AUGMENTED" ID="0">
        <layer name="FE" rank="1">
          <label cBy="auto-aug" feID="7752" start="10" end="16" name="Required_situation" />
          <label cBy="auto-aug" feID="7752" start="25" end="29" name="Required_situation" />
        </layer>
        <layer name="Target" rank="1">
          <label cBy="auto-aug" start="18" end="23" name="Target" />
        </layer>
      </annotationSet>
    </sentence>
    <sentence sentNo="0" ID="1059533n">
      <text>` And to go musts to finish . </text>
      <annotationSet cDate="08/08/2025 07:55:03 PST Fri" status="AUGMENTED" ID="0">
        <layer name="FE" rank="1">
          <label cBy="auto-aug" feID="7752" start="6" end="10" name="Required_situation" />
          <label cBy="auto-aug" feID="7752" start="18" end="26" name="Required_situation" />
        </layer>
        <layer name="Target" rank="1">
          <label cBy="auto-aug" start="12" end="16" name="Target" />
        </layer>
      </annotationSet>
    </sentence>
    <sentence sentNo="0" ID="2824310n">
      <text>The reasons are complex , but the conditions must not be ignored .</text>
      <annotationSet cDate="08/08/2025 07:55:03 PST Fri" status="AUGMENTED" ID="0">
        <layer name="FE" rank="1">
          <label cBy="auto-aug" feID="7752" start="30" end="43" name="Required_situation" />
          <label cBy="auto-aug" feID="7752" start="54" end="63" name="Required_situation" />
        </layer>
        <layer name="Target" rank="1">
          <label cBy="auto-aug" start="45" end="48" name="Target" />
        </layer>
      </annotationSet>
    </sentence>
    <sentence sentNo="0" ID="1390085n">
      <text>an opportunity is musted to demonstrate potential .</text>
      <annotationSet cDate="08/08/2025 07:55:03 PST Fri" status="AUGMENTED" ID="0">
        <layer name="FE" rank="1">
          <label cBy="auto-aug" feID="7752" start="0" end="13" name="Required_situation" />
          <label cBy="auto-aug" feID="7752" start="25" end="48" name="Required_situation" />
        </layer>
        <layer name="Target" rank="1">
          <label cBy="auto-aug" start="18" end="23" name="Target" />
        </layer>
      </annotationSet>
    </sentence>
  </subCorpus>
</lexUnit>