<?xml version='1.0' encoding='UTF-8'?>
<lexUnit xmlns="http://framenet.icsi.berkeley.edu" xmlns:xsi="http://www.w3.org/2001/XMLSchema-instance" status="Finished_Initial" POS="V" name="meet.v" ID="11780" frame="Come_together" frameID="730" totalAnnotated="33" xsi:schemaLocation="../schema/lexUnit.xsd">
  <header>
    <corpus description="BNC2" name="BNC2" ID="111">
      <document description="bncp" name="bncp" ID="421" />
    </corpus>
    <corpus description="Texts from Nuclear Threat Initiative website, created by Center for Non-Proliferation Studies" name="NTI" ID="135">
      <document description="North Korea Nuclear Overview" name="NorthKorea_NuclearOverview" ID="23562" />
    </corpus>
    <corpus description="MASC" name="MASC" ID="150">
      <document description="Examples of the lemma meet from the MASC project for FN annotation" name="meet" ID="19954" />
    </corpus>
    <corpus description="Miscellaneous" name="Miscellaneous" ID="175">
      <document description="SemAnno_1" name="SemAnno_1" ID="23532" />
    </corpus>
    <corpus description="LUCorpus-v0.3" name="LUCorpus-v0.3" ID="205">
      <document description="20000416_xin_eng-NEW" name="20000416_xin_eng-NEW" ID="23702" />
      <document description="wsj_2465" name="wsj_2465" ID="23722" />
    </corpus>
    <frame>
      <FE fgColor="FFFFFF" bgColor="FF0000" type="Core" abbrev="con" name="Configuration" />
      <FE fgColor="000000" bgColor="7CCD73" type="Extra-Thematic" abbrev="" name="Explanation" />
      <FE fgColor="FFFFFF" bgColor="800080" type="Extra-Thematic" abbrev="Freq" name="Frequency" />
      <FE fgColor="FFFFFF" bgColor="0000FF" type="Core" abbrev="" name="Individuals" />
      <FE fgColor="FFFFFF" bgColor="9F79EE" type="Extra-Thematic" abbrev="Ite" name="Iterations" />
      <FE fgColor="000000" bgColor="EEE8AA" type="Peripheral" abbrev="Man" name="Manner" />
      <FE fgColor="FFFFFF" bgColor="A52A2A" type="Peripheral" abbrev="" name="Means" />
      <FE fgColor="000000" bgColor="7FFF00" type="Extra-Thematic" abbrev="" name="Particular_iteration" />
      <FE fgColor="FFFFFF" bgColor="00008B" type="Core" abbrev="pa1" name="Party_1" />
      <FE fgColor="000000" bgColor="FFFF00" type="Core" abbrev="pa2" name="Party_2" />
      <FE fgColor="FFFFFF" bgColor="008000" type="Peripheral" abbrev="" name="Place" />
      <FE fgColor="FFFFFF" bgColor="9400D3" type="Extra-Thematic" abbrev="Pur" name="Purpose" />
      <FE fgColor="FFFFFF" bgColor="FFA500" type="Peripheral" abbrev="" name="Time" />
      <FE fgColor="FFFFFF" bgColor="1E90FF" type="Extra-Thematic" abbrev="top" name="Topic" />
    </frame>
  </header>
  <definition>FN: to come into the company of, come together with, possibly unintentionally</definition>
  <lexeme POS="V" name="meet" />
  <valences>
    <FERealization total="10">
      <FE name="Configuration" />
      <pattern total="9">
        <valenceUnit GF="Ext" PT="NP" FE="Configuration" />
        <annoSet ID="2085897" />
        <annoSet ID="2085907" />
        <annoSet ID="2085911" />
        <annoSet ID="2085929" />
        <annoSet ID="2085931" />
        <annoSet ID="2085933" />
        <annoSet ID="2085937" />
        <annoSet ID="2086029" />
        <annoSet ID="2086053" />
      </pattern>
      <pattern total="1">
        <valenceUnit GF="Dep" PT="PP[in]" FE="Configuration" />
        <annoSet ID="2086025" />
      </pattern>
    </FERealization>
    <FERealization total="5">
      <FE name="Frequency" />
      <pattern total="3">
        <valenceUnit GF="Dep" PT="AVP" FE="Frequency" />
        <annoSet ID="2085897" />
        <annoSet ID="2085937" />
        <annoSet ID="2086029" />
      </pattern>
      <pattern total="1">
        <valenceUnit GF="Dep" PT="NP" FE="Frequency" />
        <annoSet ID="2085931" />
      </pattern>
      <pattern total="1">
        <valenceUnit GF="Dep" PT="PP[on]" FE="Frequency" />
        <annoSet ID="2085911" />
      </pattern>
    </FERealization>
    <FERealization total="11">
      <FE name="Individuals" />
      <pattern total="11">
        <valenceUnit GF="Ext" PT="NP" FE="Individuals" />
        <annoSet ID="2085901" />
        <annoSet ID="2085961" />
        <annoSet ID="2086025" />
        <annoSet ID="2086059" />
        <annoSet ID="2086081" />
        <annoSet ID="2086131" />
        <annoSet ID="2086151" />
        <annoSet ID="2086175" />
        <annoSet ID="2530973" />
        <annoSet ID="2531034" />
        <annoSet ID="2531081" />
      </pattern>
    </FERealization>
    <FERealization total="1">
      <FE name="Particular_iteration" />
      <pattern total="1">
        <valenceUnit GF="Dep" PT="AVP" FE="Particular_iteration" />
        <annoSet ID="2531081" />
      </pattern>
    </FERealization>
    <FERealization total="13">
      <FE name="Party_1" />
      <pattern total="1">
        <valenceUnit GF="" PT="CNI" FE="Party_1" />
        <annoSet ID="2531060" />
      </pattern>
      <pattern total="12">
        <valenceUnit GF="Ext" PT="NP" FE="Party_1" />
        <annoSet ID="2086095" />
        <annoSet ID="2086097" />
        <annoSet ID="2086103" />
        <annoSet ID="2086119" />
        <annoSet ID="2086127" />
        <annoSet ID="2086219" />
        <annoSet ID="6525537" />
        <annoSet ID="6530206" />
        <annoSet ID="6547542" />
        <annoSet ID="6548635" />
        <annoSet ID="6548639" />
        <annoSet ID="6548675" />
      </pattern>
    </FERealization>
    <FERealization total="13">
      <FE name="Party_2" />
      <pattern total="4">
        <valenceUnit GF="Obj" PT="NP" FE="Party_2" />
        <annoSet ID="2531060" />
        <annoSet ID="6548635" />
        <annoSet ID="6548639" />
        <annoSet ID="6548675" />
      </pattern>
      <pattern total="9">
        <valenceUnit GF="Dep" PT="PP[with]" FE="Party_2" />
        <annoSet ID="2086095" />
        <annoSet ID="2086097" />
        <annoSet ID="2086103" />
        <annoSet ID="2086119" />
        <annoSet ID="2086127" />
        <annoSet ID="2086219" />
        <annoSet ID="6525537" />
        <annoSet ID="6530206" />
        <annoSet ID="6547542" />
      </pattern>
    </FERealization>
    <FERealization total="11">
      <FE name="Place" />
      <pattern total="7">
        <valenceUnit GF="Dep" PT="PP[in]" FE="Place" />
        <annoSet ID="2085897" />
        <annoSet ID="2085901" />
        <annoSet ID="2086053" />
        <annoSet ID="2086059" />
        <annoSet ID="2086081" />
        <annoSet ID="2086175" />
        <annoSet ID="2086219" />
      </pattern>
      <pattern total="2">
        <valenceUnit GF="Dep" PT="PP[at]" FE="Place" />
        <annoSet ID="2085929" />
        <annoSet ID="2086131" />
      </pattern>
      <pattern total="2">
        <valenceUnit GF="Dep" PT="PP[on]" FE="Place" />
        <annoSet ID="2530973" />
        <annoSet ID="2531034" />
      </pattern>
    </FERealization>
    <FERealization total="11">
      <FE name="Purpose" />
      <pattern total="10">
        <valenceUnit GF="Dep" PT="VPto" FE="Purpose" />
        <annoSet ID="2085901" />
        <annoSet ID="2085907" />
        <annoSet ID="2085911" />
        <annoSet ID="2085931" />
        <annoSet ID="2086025" />
        <annoSet ID="2086175" />
        <annoSet ID="2530973" />
        <annoSet ID="2531034" />
        <annoSet ID="6525537" />
        <annoSet ID="6547542" />
      </pattern>
      <pattern total="1">
        <valenceUnit GF="Dep" PT="PP[for]" FE="Purpose" />
        <annoSet ID="2086119" />
      </pattern>
    </FERealization>
    <FERealization total="15">
      <FE name="Time" />
      <pattern total="1">
        <valenceUnit GF="Dep" PT="PP[in]" FE="Time" />
        <annoSet ID="2085897" />
      </pattern>
      <pattern total="8">
        <valenceUnit GF="Dep" PT="PP[on]" FE="Time" />
        <annoSet ID="2085901" />
        <annoSet ID="2086053" />
        <annoSet ID="2086059" />
        <annoSet ID="2086081" />
        <annoSet ID="2086103" />
        <annoSet ID="2086119" />
        <annoSet ID="2086175" />
        <annoSet ID="2086219" />
      </pattern>
      <pattern total="2">
        <valenceUnit GF="Dep" PT="NP" FE="Time" />
        <annoSet ID="2085907" />
        <annoSet ID="2085933" />
      </pattern>
      <pattern total="1">
        <valenceUnit GF="Dep" PT="AVP" FE="Time" />
        <annoSet ID="2531081" />
      </pattern>
      <pattern total="1">
        <valenceUnit GF="Dep" PT="PP[at]" FE="Time" />
        <annoSet ID="2086151" />
      </pattern>
      <pattern total="2">
        <valenceUnit GF="Dep" PT="PP[within]" FE="Time" />
        <annoSet ID="6525537" />
        <annoSet ID="6547542" />
      </pattern>
    </FERealization>
    <FEGroupRealization total="1">
      <FE name="Configuration" />
      <FE name="Configuration" />
      <FE name="Frequency" />
      <pattern total="1">
        <valenceUnit GF="Ext" PT="NP" FE="Configuration" />
        <valenceUnit GF="Ext" PT="NP" FE="Configuration" />
        <valenceUnit GF="Dep" PT="AVP" FE="Frequency" />
        <annoSet ID="2085937" />
      </pattern>
    </FEGroupRealization>
    <FEGroupRealization total="1">
      <FE name="Configuration" />
      <FE name="Frequency" />
      <pattern total="1">
        <valenceUnit GF="Ext" PT="NP" FE="Configuration" />
        <valenceUnit GF="Dep" PT="AVP" FE="Frequency" />
        <annoSet ID="2086029" />
      </pattern>
    </FEGroupRealization>
    <FEGroupRealization total="1">
      <FE name="Configuration" />
      <FE name="Frequency" />
      <FE name="Place" />
      <FE name="Time" />
      <pattern total="1">
        <valenceUnit GF="Ext" PT="NP" FE="Configuration" />
        <valenceUnit GF="Dep" PT="AVP" FE="Frequency" />
        <valenceUnit GF="Dep" PT="PP[in]" FE="Place" />
        <valenceUnit GF="Dep" PT="PP[in]" FE="Time" />
        <annoSet ID="2085897" />
      </pattern>
    </FEGroupRealization>
    <FEGroupRealization total="2">
      <FE name="Configuration" />
      <FE name="Frequency" />
      <FE name="Purpose" />
      <pattern total="1">
        <valenceUnit GF="Ext" PT="NP" FE="Configuration" />
        <valenceUnit GF="Dep" PT="NP" FE="Frequency" />
        <valenceUnit GF="Dep" PT="VPto" FE="Purpose" />
        <annoSet ID="2085931" />
      </pattern>
      <pattern total="1">
        <valenceUnit GF="Ext" PT="NP" FE="Configuration" />
        <valenceUnit GF="Dep" PT="PP[on]" FE="Frequency" />
        <valenceUnit GF="Dep" PT="VPto" FE="Purpose" />
        <annoSet ID="2085911" />
      </pattern>
    </FEGroupRealization>
    <FEGroupRealization total="1">
      <FE name="Configuration" />
      <FE name="Individuals" />
      <FE name="Purpose" />
      <pattern total="1">
        <valenceUnit GF="Dep" PT="PP[in]" FE="Configuration" />
        <valenceUnit GF="Ext" PT="NP" FE="Individuals" />
        <valenceUnit GF="Dep" PT="VPto" FE="Purpose" />
        <annoSet ID="2086025" />
      </pattern>
    </FEGroupRealization>
    <FEGroupRealization total="1">
      <FE name="Configuration" />
      <FE name="Place" />
      <pattern total="1">
        <valenceUnit GF="Ext" PT="NP" FE="Configuration" />
        <valenceUnit GF="Dep" PT="PP[at]" FE="Place" />
        <annoSet ID="2085929" />
      </pattern>
    </FEGroupRealization>
    <FEGroupRealization total="1">
      <FE name="Configuration" />
      <FE name="Place" />
      <FE name="Time" />
      <pattern total="1">
        <valenceUnit GF="Ext" PT="NP" FE="Configuration" />
        <valenceUnit GF="Dep" PT="PP[in]" FE="Place" />
        <valenceUnit GF="Dep" PT="PP[on]" FE="Time" />
        <annoSet ID="2086053" />
      </pattern>
    </FEGroupRealization>
    <FEGroupRealization total="1">
      <FE name="Configuration" />
      <FE name="Purpose" />
      <FE name="Time" />
      <pattern total="1">
        <valenceUnit GF="Ext" PT="NP" FE="Configuration" />
        <valenceUnit GF="Dep" PT="VPto" FE="Purpose" />
        <valenceUnit GF="Dep" PT="NP" FE="Time" />
        <annoSet ID="2085907" />
      </pattern>
    </FEGroupRealization>
    <FEGroupRealization total="1">
      <FE name="Configuration" />
      <FE name="Time" />
      <pattern total="1">
        <valenceUnit GF="Ext" PT="NP" FE="Configuration" />
        <valenceUnit GF="Dep" PT="NP" FE="Time" />
        <annoSet ID="2085933" />
      </pattern>
    </FEGroupRealization>
    <FEGroupRealization total="1">
      <FE name="Individuals" />
      <pattern total="1">
        <valenceUnit GF="Ext" PT="NP" FE="Individuals" />
        <annoSet ID="2085961" />
      </pattern>
    </FEGroupRealization>
    <FEGroupRealization total="1">
      <FE name="Individuals" />
      <FE name="Individuals" />
      <FE name="Place" />
      <FE name="Purpose" />
      <pattern total="1">
        <valenceUnit GF="Ext" PT="NP" FE="Individuals" />
        <valenceUnit GF="Ext" PT="NP" FE="Individuals" />
        <valenceUnit GF="Dep" PT="PP[on]" FE="Place" />
        <valenceUnit GF="Dep" PT="VPto" FE="Purpose" />
        <annoSet ID="2531034" />
      </pattern>
    </FEGroupRealization>
    <FEGroupRealization total="1">
      <FE name="Individuals" />
      <FE name="Particular_iteration" />
      <FE name="Time" />
      <pattern total="1">
        <valenceUnit GF="Ext" PT="NP" FE="Individuals" />
        <valenceUnit GF="Dep" PT="AVP" FE="Particular_iteration" />
        <valenceUnit GF="Dep" PT="AVP" FE="Time" />
        <annoSet ID="2531081" />
      </pattern>
    </FEGroupRealization>
    <FEGroupRealization total="1">
      <FE name="Individuals" />
      <FE name="Place" />
      <pattern total="1">
        <valenceUnit GF="Ext" PT="NP" FE="Individuals" />
        <valenceUnit GF="Dep" PT="PP[at]" FE="Place" />
        <annoSet ID="2086131" />
      </pattern>
    </FEGroupRealization>
    <FEGroupRealization total="1">
      <FE name="Individuals" />
      <FE name="Place" />
      <FE name="Purpose" />
      <pattern total="1">
        <valenceUnit GF="Ext" PT="NP" FE="Individuals" />
        <valenceUnit GF="Dep" PT="PP[on]" FE="Place" />
        <valenceUnit GF="Dep" PT="VPto" FE="Purpose" />
        <annoSet ID="2530973" />
      </pattern>
    </FEGroupRealization>
    <FEGroupRealization total="2">
      <FE name="Individuals" />
      <FE name="Place" />
      <FE name="Purpose" />
      <FE name="Time" />
      <pattern total="2">
        <valenceUnit GF="Ext" PT="NP" FE="Individuals" />
        <valenceUnit GF="Dep" PT="PP[in]" FE="Place" />
        <valenceUnit GF="Dep" PT="VPto" FE="Purpose" />
        <valenceUnit GF="Dep" PT="PP[on]" FE="Time" />
        <annoSet ID="2085901" />
        <annoSet ID="2086175" />
      </pattern>
    </FEGroupRealization>
    <FEGroupRealization total="2">
      <FE name="Individuals" />
      <FE name="Place" />
      <FE name="Time" />
      <pattern total="2">
        <valenceUnit GF="Ext" PT="NP" FE="Individuals" />
        <valenceUnit GF="Dep" PT="PP[in]" FE="Place" />
        <valenceUnit GF="Dep" PT="PP[on]" FE="Time" />
        <annoSet ID="2086059" />
        <annoSet ID="2086081" />
      </pattern>
    </FEGroupRealization>
    <FEGroupRealization total="1">
      <FE name="Individuals" />
      <FE name="Time" />
      <pattern total="1">
        <valenceUnit GF="Ext" PT="NP" FE="Individuals" />
        <valenceUnit GF="Dep" PT="PP[at]" FE="Time" />
        <annoSet ID="2086151" />
      </pattern>
    </FEGroupRealization>
    <FEGroupRealization total="8">
      <FE name="Party_1" />
      <FE name="Party_2" />
      <pattern total="1">
        <valenceUnit GF="" PT="CNI" FE="Party_1" />
        <valenceUnit GF="Obj" PT="NP" FE="Party_2" />
        <annoSet ID="2531060" />
      </pattern>
      <pattern total="3">
        <valenceUnit GF="Ext" PT="NP" FE="Party_1" />
        <valenceUnit GF="Obj" PT="NP" FE="Party_2" />
        <annoSet ID="6548635" />
        <annoSet ID="6548639" />
        <annoSet ID="6548675" />
      </pattern>
      <pattern total="4">
        <valenceUnit GF="Ext" PT="NP" FE="Party_1" />
        <valenceUnit GF="Dep" PT="PP[with]" FE="Party_2" />
        <annoSet ID="2086095" />
        <annoSet ID="2086097" />
        <annoSet ID="2086127" />
        <annoSet ID="6530206" />
      </pattern>
    </FEGroupRealization>
    <FEGroupRealization total="1">
      <FE name="Party_1" />
      <FE name="Party_2" />
      <FE name="Place" />
      <FE name="Time" />
      <pattern total="1">
        <valenceUnit GF="Ext" PT="NP" FE="Party_1" />
        <valenceUnit GF="Dep" PT="PP[with]" FE="Party_2" />
        <valenceUnit GF="Dep" PT="PP[in]" FE="Place" />
        <valenceUnit GF="Dep" PT="PP[on]" FE="Time" />
        <annoSet ID="2086219" />
      </pattern>
    </FEGroupRealization>
    <FEGroupRealization total="3">
      <FE name="Party_1" />
      <FE name="Party_2" />
      <FE name="Purpose" />
      <FE name="Time" />
      <pattern total="1">
        <valenceUnit GF="Ext" PT="NP" FE="Party_1" />
        <valenceUnit GF="Dep" PT="PP[with]" FE="Party_2" />
        <valenceUnit GF="Dep" PT="PP[for]" FE="Purpose" />
        <valenceUnit GF="Dep" PT="PP[on]" FE="Time" />
        <annoSet ID="2086119" />
      </pattern>
      <pattern total="2">
        <valenceUnit GF="Ext" PT="NP" FE="Party_1" />
        <valenceUnit GF="Dep" PT="PP[with]" FE="Party_2" />
        <valenceUnit GF="Dep" PT="VPto" FE="Purpose" />
        <valenceUnit GF="Dep" PT="PP[within]" FE="Time" />
        <annoSet ID="6525537" />
        <annoSet ID="6547542" />
      </pattern>
    </FEGroupRealization>
    <FEGroupRealization total="1">
      <FE name="Party_1" />
      <FE name="Party_2" />
      <FE name="Time" />
      <pattern total="1">
        <valenceUnit GF="Ext" PT="NP" FE="Party_1" />
        <valenceUnit GF="Dep" PT="PP[with]" FE="Party_2" />
        <valenceUnit GF="Dep" PT="PP[on]" FE="Time" />
        <annoSet ID="2086103" />
      </pattern>
    </FEGroupRealization>
  </valences>
  <subCorpus name="V-augmented">
    <sentence sentNo="0" ID="4110128n">
      <text>Futures contracts are traded on a central regulated exchange by open outcry , whereby traders meet periodically in a pit on the floor of the exchange to buy and sell contracts , with every negotiated price being heard by other traders .</text>
      <annotationSet cDate="08/08/2025 08:00:54 PST Fri" status="AUGMENTED" ID="0">
        <layer name="FE" rank="1">
          <label cBy="auto-aug" feID="4811" start="86" end="92" name="Individuals" />
          <label cBy="auto-aug" feID="6731" start="99" end="110" name="Frequency" />
          <label cBy="auto-aug" feID="4814" start="112" end="148" name="Place" />
          <label cBy="auto-aug" feID="6471" start="150" end="174" name="Purpose" />
        </layer>
        <layer name="Target" rank="1">
          <label cBy="auto-aug" start="94" end="97" name="Target" />
        </layer>
      </annotationSet>
    </sentence>
    <sentence sentNo="0" ID="4110210n">
      <text>the group of friends had met in front of the limousines , talking amongst themselves .</text>
      <annotationSet cDate="08/08/2025 08:00:54 PST Fri" status="AUGMENTED" ID="0">
        <layer name="FE" rank="1">
          <label cBy="auto-aug" feID="4812" start="0" end="19" name="Configuration" />
          <label cBy="auto-aug" feID="4814" start="29" end="54" name="Place" />
        </layer>
        <layer name="Target" rank="1">
          <label cBy="auto-aug" start="25" end="27" name="Target" />
        </layer>
      </annotationSet>
    </sentence>
    <sentence sentNo="0" ID="1261159n">
      <text>the founders met in 1901 to form the SR party , and were joined the following year by the émigré Agrarian Socialist League .</text>
      <annotationSet cDate="08/08/2025 08:00:54 PST Fri" status="AUGMENTED" ID="0">
        <layer name="FE" rank="1">
          <label cBy="auto-aug" feID="4811" start="0" end="11" name="Individuals" />
          <label cBy="auto-aug" feID="4815" start="17" end="23" name="Time" />
          <label cBy="auto-aug" feID="6471" start="25" end="44" name="Purpose" />
        </layer>
        <layer name="Target" rank="1">
          <label cBy="auto-aug" start="13" end="15" name="Target" />
        </layer>
      </annotationSet>
    </sentence>
  </subCorpus>
</lexUnit>