<?xml version='1.0' encoding='UTF-8'?>
<lexUnit xmlns="http://framenet.icsi.berkeley.edu" xmlns:xsi="http://www.w3.org/2001/XMLSchema-instance" status="Finished_Initial" POS="V" name="climb.v" ID="1163" frame="Self_motion" frameID="64" totalAnnotated="116" xsi:schemaLocation="../schema/lexUnit.xsd">
  <header>
    <corpus description="American National Corpus Texts" name="ANC" ID="195">
      <document description="Berlitz Where to Go in Hong Kong" name="WhereToHongKong" ID="23771" />
    </corpus>
    <frame>
      <FE fgColor="FFFFFF" bgColor="A52A2A" type="Core" abbrev="Area" name="Area" />
      <FE fgColor="000000" bgColor="FF0000" type="Extra-Thematic" abbrev="" name="Concessive" />
      <FE fgColor="000000" bgColor="A52A2A" type="Extra-Thematic" abbrev="coo" name="Coordinated_event" />
      <FE fgColor="FFFFFF" bgColor="808080" type="Extra-Thematic" abbrev="Thm_c" name="Cotheme" />
      <FE fgColor="FFFFFF" bgColor="9400D3" type="Extra-Thematic" abbrev="Dep" name="Depictive" />
      <FE fgColor="000000" bgColor="d0d0d0" type="Core" abbrev="dir" name="Direction" />
      <FE fgColor="000000" bgColor="FFFF00" type="Peripheral" abbrev="Dist" name="Distance" />
      <FE fgColor="FFFFFF" bgColor="9F79EE" type="Peripheral" abbrev="Dur" name="Duration" />
      <FE fgColor="FFFFFF" bgColor="A9A9A9" type="Extra-Thematic" abbrev="Exp" name="Explanation" />
      <FE fgColor="FFFFFF" bgColor="90876C" type="Extra-Thematic" abbrev="ext" name="External_cause" />
      <FE fgColor="FFFFFF" bgColor="00BFFF" type="Core" abbrev="Goal" name="Goal" />
      <FE fgColor="FFFFFF" bgColor="2E8B57" type="Extra-Thematic" abbrev="Cause" name="Internal_cause" />
      <FE fgColor="FFFFFF" bgColor="FF00FF" type="Peripheral" abbrev="Manr" name="Manner" />
      <FE fgColor="FFFFFF" bgColor="FF69B4" type="Peripheral" abbrev="Mns" name="Means" />
      <FE fgColor="FFFFFF" bgColor="0000FF" type="Core" abbrev="Path" name="Path" />
      <FE fgColor="000000" bgColor="FF00FF" type="Peripheral" abbrev="" name="Path_shape" />
      <FE fgColor="FFFFFF" bgColor="008000" type="Peripheral" abbrev="" name="Place" />
      <FE fgColor="FFFFFF" bgColor="800080" type="Peripheral" abbrev="Purp" name="Purpose" />
      <FE fgColor="FFFFFF" bgColor="7CCD73" type="Extra-Thematic" abbrev="Result" name="Result" />
      <FE fgColor="FFFFFF" bgColor="FF0000" type="Core" abbrev="SMov" name="Self_mover" />
      <FE fgColor="FFFFFF" bgColor="006400" type="Core" abbrev="Src" name="Source" />
      <FE fgColor="FFFFFF" bgColor="1E90FF" type="Peripheral" abbrev="Spd" name="Speed" />
      <FE fgColor="FFFFFF" bgColor="FFA500" type="Peripheral" abbrev="Time" name="Time" />
    </frame>
  </header>
  <definition>FN: to move vertically usually upwards, usually with effort</definition>
  <lexeme POS="V" name="climb" />
  <valences>
    <FERealization total="5">
      <FE name="Area" />
      <pattern total="2">
        <valenceUnit GF="" PT="INI" FE="Area" />
        <annoSet ID="1077118" />
        <annoSet ID="1077134" />
      </pattern>
      <pattern total="1">
        <valenceUnit GF="Obj" PT="NP" FE="Area" />
        <annoSet ID="6556202" />
      </pattern>
      <pattern total="1">
        <valenceUnit GF="Dep" PT="PP[about]" FE="Area" />
        <annoSet ID="1076250" />
      </pattern>
      <pattern total="1">
        <valenceUnit GF="Dep" PT="PP[over]" FE="Area" />
        <annoSet ID="1077232" />
      </pattern>
    </FERealization>
    <FERealization total="1">
      <FE name="Cotheme" />
      <pattern total="1">
        <valenceUnit GF="Dep" PT="PP[with]" FE="Cotheme" />
        <annoSet ID="1076978" />
      </pattern>
    </FERealization>
    <FERealization total="8">
      <FE name="Depictive" />
      <pattern total="1">
        <valenceUnit GF="Dep" PT="AJP" FE="Depictive" />
        <annoSet ID="1076384" />
      </pattern>
      <pattern total="1">
        <valenceUnit GF="Dep" PT="PP[under]" FE="Depictive" />
        <annoSet ID="1076534" />
      </pattern>
      <pattern total="4">
        <valenceUnit GF="Dep" PT="PP[with]" FE="Depictive" />
        <annoSet ID="1076780" />
        <annoSet ID="1076798" />
        <annoSet ID="1077068" />
        <annoSet ID="1077170" />
      </pattern>
      <pattern total="1">
        <valenceUnit GF="Dep" PT="PPing[while]" FE="Depictive" />
        <annoSet ID="1077102" />
      </pattern>
      <pattern total="1">
        <valenceUnit GF="Dep" PT="VPing" FE="Depictive" />
        <annoSet ID="1076340" />
      </pattern>
    </FERealization>
    <FERealization total="1">
      <FE name="Duration" />
      <pattern total="1">
        <valenceUnit GF="Dep" PT="PP[to]" FE="Duration" />
        <annoSet ID="1077368" />
      </pattern>
    </FERealization>
    <FERealization total="1">
      <FE name="Explanation" />
      <pattern total="1">
        <valenceUnit GF="" PT="2nd" FE="Explanation" />
        <annoSet ID="1076510" />
      </pattern>
    </FERealization>
    <FERealization total="60">
      <FE name="Goal" />
      <pattern total="5">
        <valenceUnit GF="Dep" PT="PP[aboard]" FE="Goal" />
        <annoSet ID="1076282" />
        <annoSet ID="1076972" />
        <annoSet ID="1076978" />
        <annoSet ID="1076992" />
        <annoSet ID="1076994" />
      </pattern>
      <pattern total="13">
        <valenceUnit GF="Dep" PT="PP[to]" FE="Goal" />
        <annoSet ID="1076382" />
        <annoSet ID="1076396" />
        <annoSet ID="1076534" />
        <annoSet ID="1076544" />
        <annoSet ID="1076552" />
        <annoSet ID="1076558" />
        <annoSet ID="1076600" />
        <annoSet ID="1076708" />
        <annoSet ID="1076794" />
        <annoSet ID="1077290" />
        <annoSet ID="1077296" />
        <annoSet ID="1077306" />
        <annoSet ID="1077320" />
      </pattern>
      <pattern total="2">
        <valenceUnit GF="Dep" PT="PP[behind]" FE="Goal" />
        <annoSet ID="1077066" />
        <annoSet ID="1077068" />
      </pattern>
      <pattern total="10">
        <valenceUnit GF="Dep" PT="PP[onto]" FE="Goal" />
        <annoSet ID="1076328" />
        <annoSet ID="1076674" />
        <annoSet ID="1076778" />
        <annoSet ID="1076780" />
        <annoSet ID="1077148" />
        <annoSet ID="1077152" />
        <annoSet ID="1077158" />
        <annoSet ID="1077162" />
        <annoSet ID="1077170" />
        <annoSet ID="1077174" />
      </pattern>
      <pattern total="6">
        <valenceUnit GF="Dep" PT="PP[on]" FE="Goal" />
        <annoSet ID="1076266" />
        <annoSet ID="1076272" />
        <annoSet ID="1076550" />
        <annoSet ID="1076670" />
        <annoSet ID="1077102" />
        <annoSet ID="1077106" />
      </pattern>
      <pattern total="1">
        <valenceUnit GF="Dep" PT="AVP" FE="Goal" />
        <annoSet ID="1076814" />
      </pattern>
      <pattern total="2">
        <valenceUnit GF="Dep" PT="PP[between]" FE="Goal" />
        <annoSet ID="1077070" />
        <annoSet ID="1077076" />
      </pattern>
      <pattern total="1">
        <valenceUnit GF="Dep" PT="PP[down]" FE="Goal" />
        <annoSet ID="1076288" />
      </pattern>
      <pattern total="9">
        <valenceUnit GF="Dep" PT="PP[in]" FE="Goal" />
        <annoSet ID="1076262" />
        <annoSet ID="1076422" />
        <annoSet ID="1076424" />
        <annoSet ID="1076430" />
        <annoSet ID="1076460" />
        <annoSet ID="1076480" />
        <annoSet ID="1076482" />
        <annoSet ID="1076486" />
        <annoSet ID="1076498" />
      </pattern>
      <pattern total="2">
        <valenceUnit GF="Dep" PT="PP[inside]" FE="Goal" />
        <annoSet ID="1076336" />
        <annoSet ID="1076408" />
      </pattern>
      <pattern total="8">
        <valenceUnit GF="Dep" PT="PP[into]" FE="Goal" />
        <annoSet ID="1076302" />
        <annoSet ID="1076306" />
        <annoSet ID="1076380" />
        <annoSet ID="1076654" />
        <annoSet ID="1076682" />
        <annoSet ID="1076766" />
        <annoSet ID="1077180" />
        <annoSet ID="1077210" />
      </pattern>
      <pattern total="1">
        <valenceUnit GF="Dep" PT="PP[up]" FE="Goal" />
        <annoSet ID="1076320" />
      </pattern>
    </FERealization>
    <FERealization total="1">
      <FE name="Internal_cause" />
      <pattern total="1">
        <valenceUnit GF="Dep" PT="PP[in]" FE="Internal_cause" />
        <annoSet ID="1076526" />
      </pattern>
    </FERealization>
    <FERealization total="7">
      <FE name="Manner" />
      <pattern total="6">
        <valenceUnit GF="Dep" PT="AVP" FE="Manner" />
        <annoSet ID="1076320" />
        <annoSet ID="1076336" />
        <annoSet ID="1076734" />
        <annoSet ID="1076850" />
        <annoSet ID="1077182" />
        <annoSet ID="1077224" />
      </pattern>
      <pattern total="1">
        <valenceUnit GF="Dep" PT="Sub" FE="Manner" />
        <annoSet ID="1077290" />
      </pattern>
    </FERealization>
    <FERealization total="53">
      <FE name="Path" />
      <pattern total="14">
        <valenceUnit GF="Dep" PT="PP[down]" FE="Path" />
        <annoSet ID="1076340" />
        <annoSet ID="1076354" />
        <annoSet ID="1076356" />
        <annoSet ID="1076358" />
        <annoSet ID="1076368" />
        <annoSet ID="1076380" />
        <annoSet ID="1076382" />
        <annoSet ID="1076384" />
        <annoSet ID="1076392" />
        <annoSet ID="1076396" />
        <annoSet ID="1076398" />
        <annoSet ID="1076408" />
        <annoSet ID="1076414" />
        <annoSet ID="1076708" />
      </pattern>
      <pattern total="3">
        <valenceUnit GF="Dep" PT="AVP" FE="Path" />
        <annoSet ID="1076778" />
        <annoSet ID="1076780" />
        <annoSet ID="1076798" />
      </pattern>
      <pattern total="8">
        <valenceUnit GF="Dep" PT="PP[up]" FE="Path" />
        <annoSet ID="1076268" />
        <annoSet ID="1076270" />
        <annoSet ID="1076284" />
        <annoSet ID="1076734" />
        <annoSet ID="1076766" />
        <annoSet ID="1076770" />
        <annoSet ID="1077368" />
        <annoSet ID="1077372" />
      </pattern>
      <pattern total="10">
        <valenceUnit GF="Dep" PT="PP[over]" FE="Path" />
        <annoSet ID="1076480" />
        <annoSet ID="1076692" />
        <annoSet ID="1076700" />
        <annoSet ID="1076706" />
        <annoSet ID="1076708" />
        <annoSet ID="1076714" />
        <annoSet ID="1076722" />
        <annoSet ID="1077224" />
        <annoSet ID="1077230" />
        <annoSet ID="1077238" />
      </pattern>
      <pattern total="8">
        <valenceUnit GF="Dep" PT="PP[through]" FE="Path" />
        <annoSet ID="1076262" />
        <annoSet ID="1076460" />
        <annoSet ID="1076498" />
        <annoSet ID="1076652" />
        <annoSet ID="1076794" />
        <annoSet ID="1077250" />
        <annoSet ID="1077274" />
        <annoSet ID="1077280" />
      </pattern>
      <pattern total="4">
        <valenceUnit GF="" PT="INI" FE="Path" />
        <annoSet ID="1076834" />
        <annoSet ID="1076850" />
        <annoSet ID="1076894" />
        <annoSet ID="1077302" />
      </pattern>
      <pattern total="1">
        <valenceUnit GF="Obj" PT="NP" FE="Path" />
        <annoSet ID="6560684" />
      </pattern>
      <pattern total="1">
        <valenceUnit GF="Dep" PT="PP[across]" FE="Path" />
        <annoSet ID="1077044" />
      </pattern>
      <pattern total="1">
        <valenceUnit GF="Dep" PT="PP[along]" FE="Path" />
        <annoSet ID="1076578" />
      </pattern>
      <pattern total="1">
        <valenceUnit GF="Dep" PT="PP[behind]" FE="Path" />
        <annoSet ID="1076756" />
      </pattern>
      <pattern total="1">
        <valenceUnit GF="Dep" PT="PP[of]" FE="Path" />
        <annoSet ID="1076748" />
      </pattern>
      <pattern total="2">
        <valenceUnit GF="Dep" PT="PP[out]" FE="Path" />
        <annoSet ID="1076334" />
        <annoSet ID="1076614" />
      </pattern>
      <pattern total="1">
        <valenceUnit GF="Dep" PT="PP[towards]" FE="Path" />
        <annoSet ID="1076270" />
      </pattern>
    </FERealization>
    <FERealization total="5">
      <FE name="Place" />
      <pattern total="2">
        <valenceUnit GF="Dep" PT="PP[on]" FE="Place" />
        <annoSet ID="1077118" />
        <annoSet ID="1077134" />
      </pattern>
      <pattern total="2">
        <valenceUnit GF="Dep" PT="PP[beside]" FE="Place" />
        <annoSet ID="1076482" />
        <annoSet ID="1076486" />
      </pattern>
      <pattern total="1">
        <valenceUnit GF="Dep" PT="NP" FE="Place" />
        <annoSet ID="1076544" />
      </pattern>
    </FERealization>
    <FERealization total="11">
      <FE name="Purpose" />
      <pattern total="1">
        <valenceUnit GF="Dep" PT="PP[for]" FE="Purpose" />
        <annoSet ID="1076978" />
      </pattern>
      <pattern total="9">
        <valenceUnit GF="Dep" PT="VPto" FE="Purpose" />
        <annoSet ID="1076380" />
        <annoSet ID="1076408" />
        <annoSet ID="1076756" />
        <annoSet ID="1076798" />
        <annoSet ID="1076994" />
        <annoSet ID="1077102" />
        <annoSet ID="1077170" />
        <annoSet ID="1077280" />
        <annoSet ID="6560684" />
      </pattern>
      <pattern total="1">
        <valenceUnit GF="Dep" PT="PP[after]" FE="Purpose" />
        <annoSet ID="1077238" />
      </pattern>
    </FERealization>
    <FERealization total="1">
      <FE name="Result" />
      <pattern total="1">
        <valenceUnit GF="Dep" PT="PP[to]" FE="Result" />
        <annoSet ID="1077302" />
      </pattern>
    </FERealization>
    <FERealization total="116">
      <FE name="Self_mover" />
      <pattern total="115">
        <valenceUnit GF="Ext" PT="NP" FE="Self_mover" />
        <annoSet ID="1076250" />
        <annoSet ID="1076262" />
        <annoSet ID="1076266" />
        <annoSet ID="1076268" />
        <annoSet ID="1076270" />
        <annoSet ID="1076272" />
        <annoSet ID="1076282" />
        <annoSet ID="1076284" />
        <annoSet ID="1076288" />
        <annoSet ID="1076302" />
        <annoSet ID="1076306" />
        <annoSet ID="1076320" />
        <annoSet ID="1076328" />
        <annoSet ID="1076334" />
        <annoSet ID="1076336" />
        <annoSet ID="1076340" />
        <annoSet ID="1076354" />
        <annoSet ID="1076356" />
        <annoSet ID="1076358" />
        <annoSet ID="1076368" />
        <annoSet ID="1076380" />
        <annoSet ID="1076382" />
        <annoSet ID="1076384" />
        <annoSet ID="1076392" />
        <annoSet ID="1076396" />
        <annoSet ID="1076398" />
        <annoSet ID="1076408" />
        <annoSet ID="1076414" />
        <annoSet ID="1076422" />
        <annoSet ID="1076424" />
        <annoSet ID="1076430" />
        <annoSet ID="1076460" />
        <annoSet ID="1076480" />
        <annoSet ID="1076482" />
        <annoSet ID="1076486" />
        <annoSet ID="1076498" />
        <annoSet ID="1076502" />
        <annoSet ID="1076510" />
        <annoSet ID="1076514" />
        <annoSet ID="1076520" />
        <annoSet ID="1076526" />
        <annoSet ID="1076534" />
        <annoSet ID="1076544" />
        <annoSet ID="1076550" />
        <annoSet ID="1076552" />
        <annoSet ID="1076558" />
        <annoSet ID="1076578" />
        <annoSet ID="1076600" />
        <annoSet ID="1076612" />
        <annoSet ID="1076620" />
        <annoSet ID="1076622" />
        <annoSet ID="1076652" />
        <annoSet ID="1076654" />
        <annoSet ID="1076670" />
        <annoSet ID="1076674" />
        <annoSet ID="1076682" />
        <annoSet ID="1076692" />
        <annoSet ID="1076700" />
        <annoSet ID="1076706" />
        <annoSet ID="1076708" />
        <annoSet ID="1076714" />
        <annoSet ID="1076722" />
        <annoSet ID="1076734" />
        <annoSet ID="1076748" />
        <annoSet ID="1076756" />
        <annoSet ID="1076766" />
        <annoSet ID="1076770" />
        <annoSet ID="1076778" />
        <annoSet ID="1076780" />
        <annoSet ID="1076794" />
        <annoSet ID="1076798" />
        <annoSet ID="1076814" />
        <annoSet ID="1076834" />
        <annoSet ID="1076850" />
        <annoSet ID="1076894" />
        <annoSet ID="1076972" />
        <annoSet ID="1076978" />
        <annoSet ID="1076992" />
        <annoSet ID="1076994" />
        <annoSet ID="1077044" />
        <annoSet ID="1077066" />
        <annoSet ID="1077068" />
        <annoSet ID="1077070" />
        <annoSet ID="1077076" />
        <annoSet ID="1077102" />
        <annoSet ID="1077106" />
        <annoSet ID="1077118" />
        <annoSet ID="1077134" />
        <annoSet ID="1077148" />
        <annoSet ID="1077152" />
        <annoSet ID="1077158" />
        <annoSet ID="1077162" />
        <annoSet ID="1077170" />
        <annoSet ID="1077174" />
        <annoSet ID="1077180" />
        <annoSet ID="1077182" />
        <annoSet ID="1077190" />
        <annoSet ID="1077202" />
        <annoSet ID="1077210" />
        <annoSet ID="1077224" />
        <annoSet ID="1077230" />
        <annoSet ID="1077232" />
        <annoSet ID="1077238" />
        <annoSet ID="1077250" />
        <annoSet ID="1077274" />
        <annoSet ID="1077280" />
        <annoSet ID="1077290" />
        <annoSet ID="1077296" />
        <annoSet ID="1077302" />
        <annoSet ID="1077306" />
        <annoSet ID="1077320" />
        <annoSet ID="1077368" />
        <annoSet ID="1077372" />
        <annoSet ID="6556202" />
        <annoSet ID="6560684" />
      </pattern>
      <pattern total="1">
        <valenceUnit GF="" PT="CNI" FE="Self_mover" />
        <annoSet ID="1076614" />
      </pattern>
    </FERealization>
    <FERealization total="21">
      <FE name="Source" />
      <pattern total="6">
        <valenceUnit GF="Dep" PT="PP[from]" FE="Source" />
        <annoSet ID="1076384" />
        <annoSet ID="1076398" />
        <annoSet ID="1076414" />
        <annoSet ID="1076778" />
        <annoSet ID="1076794" />
        <annoSet ID="1077190" />
      </pattern>
      <pattern total="5">
        <valenceUnit GF="Dep" PT="PP[off]" FE="Source" />
        <annoSet ID="1076502" />
        <annoSet ID="1076510" />
        <annoSet ID="1076514" />
        <annoSet ID="1076520" />
        <annoSet ID="1076526" />
      </pattern>
      <pattern total="10">
        <valenceUnit GF="Dep" PT="PP[out]" FE="Source" />
        <annoSet ID="1076392" />
        <annoSet ID="1076612" />
        <annoSet ID="1076620" />
        <annoSet ID="1076622" />
        <annoSet ID="1076654" />
        <annoSet ID="1076670" />
        <annoSet ID="1076674" />
        <annoSet ID="1076682" />
        <annoSet ID="1077182" />
        <annoSet ID="1077202" />
      </pattern>
    </FERealization>
    <FERealization total="2">
      <FE name="Speed" />
      <pattern total="2">
        <valenceUnit GF="Dep" PT="AVP" FE="Speed" />
        <annoSet ID="1076430" />
        <annoSet ID="1077302" />
      </pattern>
    </FERealization>
    <FERealization total="21">
      <FE name="Time" />
      <pattern total="2">
        <valenceUnit GF="Dep" PT="Sub" FE="Time" />
        <annoSet ID="1076408" />
        <annoSet ID="1076780" />
      </pattern>
      <pattern total="13">
        <valenceUnit GF="Dep" PT="AVP" FE="Time" />
        <annoSet ID="1076270" />
        <annoSet ID="1076284" />
        <annoSet ID="1076306" />
        <annoSet ID="1076502" />
        <annoSet ID="1076510" />
        <annoSet ID="1076514" />
        <annoSet ID="1076674" />
        <annoSet ID="1076708" />
        <annoSet ID="1076714" />
        <annoSet ID="1076834" />
        <annoSet ID="1077106" />
        <annoSet ID="1077162" />
        <annoSet ID="6560684" />
      </pattern>
      <pattern total="2">
        <valenceUnit GF="Dep" PT="NP" FE="Time" />
        <annoSet ID="1076368" />
        <annoSet ID="1076972" />
      </pattern>
      <pattern total="1">
        <valenceUnit GF="Dep" PT="PPing[after]" FE="Time" />
        <annoSet ID="1076482" />
      </pattern>
      <pattern total="1">
        <valenceUnit GF="Dep" PT="PP[at]" FE="Time" />
        <annoSet ID="1077306" />
      </pattern>
      <pattern total="1">
        <valenceUnit GF="Dep" PT="PP[on]" FE="Time" />
        <annoSet ID="1076756" />
      </pattern>
      <pattern total="2">
        <valenceUnit GF="Dep" PT="PP[during]" FE="Time" />
        <annoSet ID="1076714" />
        <annoSet ID="1077280" />
      </pattern>
    </FERealization>
    <FEGroupRealization total="2">
      <FE name="Area" />
      <FE name="Place" />
      <FE name="Self_mover" />
      <pattern total="2">
        <valenceUnit GF="" PT="INI" FE="Area" />
        <valenceUnit GF="Dep" PT="PP[on]" FE="Place" />
        <valenceUnit GF="Ext" PT="NP" FE="Self_mover" />
        <annoSet ID="1077118" />
        <annoSet ID="1077134" />
      </pattern>
    </FEGroupRealization>
    <FEGroupRealization total="3">
      <FE name="Area" />
      <FE name="Self_mover" />
      <pattern total="1">
        <valenceUnit GF="Obj" PT="NP" FE="Area" />
        <valenceUnit GF="Ext" PT="NP" FE="Self_mover" />
        <annoSet ID="6556202" />
      </pattern>
      <pattern total="1">
        <valenceUnit GF="Dep" PT="PP[about]" FE="Area" />
        <valenceUnit GF="Ext" PT="NP" FE="Self_mover" />
        <annoSet ID="1076250" />
      </pattern>
      <pattern total="1">
        <valenceUnit GF="Dep" PT="PP[over]" FE="Area" />
        <valenceUnit GF="Ext" PT="NP" FE="Self_mover" />
        <annoSet ID="1077232" />
      </pattern>
    </FEGroupRealization>
    <FEGroupRealization total="1">
      <FE name="Cotheme" />
      <FE name="Goal" />
      <FE name="Purpose" />
      <FE name="Self_mover" />
      <pattern total="1">
        <valenceUnit GF="Dep" PT="PP[with]" FE="Cotheme" />
        <valenceUnit GF="Dep" PT="PP[aboard]" FE="Goal" />
        <valenceUnit GF="Dep" PT="PP[for]" FE="Purpose" />
        <valenceUnit GF="Ext" PT="NP" FE="Self_mover" />
        <annoSet ID="1076978" />
      </pattern>
    </FEGroupRealization>
    <FEGroupRealization total="1">
      <FE name="Depictive" />
      <FE name="Goal" />
      <FE name="Path" />
      <FE name="Self_mover" />
      <FE name="Time" />
      <pattern total="1">
        <valenceUnit GF="Dep" PT="PP[with]" FE="Depictive" />
        <valenceUnit GF="Dep" PT="PP[onto]" FE="Goal" />
        <valenceUnit GF="Dep" PT="AVP" FE="Path" />
        <valenceUnit GF="Ext" PT="NP" FE="Self_mover" />
        <valenceUnit GF="Dep" PT="Sub" FE="Time" />
        <annoSet ID="1076780" />
      </pattern>
    </FEGroupRealization>
    <FEGroupRealization total="2">
      <FE name="Depictive" />
      <FE name="Goal" />
      <FE name="Purpose" />
      <FE name="Self_mover" />
      <pattern total="1">
        <valenceUnit GF="Dep" PT="PP[with]" FE="Depictive" />
        <valenceUnit GF="Dep" PT="PP[onto]" FE="Goal" />
        <valenceUnit GF="Dep" PT="VPto" FE="Purpose" />
        <valenceUnit GF="Ext" PT="NP" FE="Self_mover" />
        <annoSet ID="1077170" />
      </pattern>
      <pattern total="1">
        <valenceUnit GF="Dep" PT="PPing[while]" FE="Depictive" />
        <valenceUnit GF="Dep" PT="PP[on]" FE="Goal" />
        <valenceUnit GF="Dep" PT="VPto" FE="Purpose" />
        <valenceUnit GF="Ext" PT="NP" FE="Self_mover" />
        <annoSet ID="1077102" />
      </pattern>
    </FEGroupRealization>
    <FEGroupRealization total="2">
      <FE name="Depictive" />
      <FE name="Goal" />
      <FE name="Self_mover" />
      <pattern total="1">
        <valenceUnit GF="Dep" PT="PP[under]" FE="Depictive" />
        <valenceUnit GF="Dep" PT="PP[to]" FE="Goal" />
        <valenceUnit GF="Ext" PT="NP" FE="Self_mover" />
        <annoSet ID="1076534" />
      </pattern>
      <pattern total="1">
        <valenceUnit GF="Dep" PT="PP[with]" FE="Depictive" />
        <valenceUnit GF="Dep" PT="PP[behind]" FE="Goal" />
        <valenceUnit GF="Ext" PT="NP" FE="Self_mover" />
        <annoSet ID="1077068" />
      </pattern>
    </FEGroupRealization>
    <FEGroupRealization total="1">
      <FE name="Depictive" />
      <FE name="Path" />
      <FE name="Purpose" />
      <FE name="Self_mover" />
      <pattern total="1">
        <valenceUnit GF="Dep" PT="PP[with]" FE="Depictive" />
        <valenceUnit GF="Dep" PT="AVP" FE="Path" />
        <valenceUnit GF="Dep" PT="VPto" FE="Purpose" />
        <valenceUnit GF="Ext" PT="NP" FE="Self_mover" />
        <annoSet ID="1076798" />
      </pattern>
    </FEGroupRealization>
    <FEGroupRealization total="1">
      <FE name="Depictive" />
      <FE name="Path" />
      <FE name="Self_mover" />
      <pattern total="1">
        <valenceUnit GF="Dep" PT="VPing" FE="Depictive" />
        <valenceUnit GF="Dep" PT="PP[down]" FE="Path" />
        <valenceUnit GF="Ext" PT="NP" FE="Self_mover" />
        <annoSet ID="1076340" />
      </pattern>
    </FEGroupRealization>
    <FEGroupRealization total="1">
      <FE name="Depictive" />
      <FE name="Path" />
      <FE name="Self_mover" />
      <FE name="Source" />
      <pattern total="1">
        <valenceUnit GF="Dep" PT="AJP" FE="Depictive" />
        <valenceUnit GF="Dep" PT="PP[down]" FE="Path" />
        <valenceUnit GF="Ext" PT="NP" FE="Self_mover" />
        <valenceUnit GF="Dep" PT="PP[from]" FE="Source" />
        <annoSet ID="1076384" />
      </pattern>
    </FEGroupRealization>
    <FEGroupRealization total="1">
      <FE name="Duration" />
      <FE name="Path" />
      <FE name="Self_mover" />
      <pattern total="1">
        <valenceUnit GF="Dep" PT="PP[to]" FE="Duration" />
        <valenceUnit GF="Dep" PT="PP[up]" FE="Path" />
        <valenceUnit GF="Ext" PT="NP" FE="Self_mover" />
        <annoSet ID="1077368" />
      </pattern>
    </FEGroupRealization>
    <FEGroupRealization total="1">
      <FE name="Explanation" />
      <FE name="Self_mover" />
      <FE name="Source" />
      <FE name="Time" />
      <pattern total="1">
        <valenceUnit GF="" PT="2nd" FE="Explanation" />
        <valenceUnit GF="Ext" PT="NP" FE="Self_mover" />
        <valenceUnit GF="Dep" PT="PP[off]" FE="Source" />
        <valenceUnit GF="Dep" PT="AVP" FE="Time" />
        <annoSet ID="1076510" />
      </pattern>
    </FEGroupRealization>
    <FEGroupRealization total="3">
      <FE name="Goal" />
      <FE name="Manner" />
      <FE name="Self_mover" />
      <pattern total="1">
        <valenceUnit GF="Dep" PT="PP[inside]" FE="Goal" />
        <valenceUnit GF="Dep" PT="AVP" FE="Manner" />
        <valenceUnit GF="Ext" PT="NP" FE="Self_mover" />
        <annoSet ID="1076336" />
      </pattern>
      <pattern total="1">
        <valenceUnit GF="Dep" PT="PP[to]" FE="Goal" />
        <valenceUnit GF="Dep" PT="Sub" FE="Manner" />
        <valenceUnit GF="Ext" PT="NP" FE="Self_mover" />
        <annoSet ID="1077290" />
      </pattern>
      <pattern total="1">
        <valenceUnit GF="Dep" PT="PP[up]" FE="Goal" />
        <valenceUnit GF="Dep" PT="AVP" FE="Manner" />
        <valenceUnit GF="Ext" PT="NP" FE="Self_mover" />
        <annoSet ID="1076320" />
      </pattern>
    </FEGroupRealization>
    <FEGroupRealization total="1">
      <FE name="Goal" />
      <FE name="Path" />
      <FE name="Path" />
      <FE name="Self_mover" />
      <FE name="Time" />
      <pattern total="1">
        <valenceUnit GF="Dep" PT="PP[to]" FE="Goal" />
        <valenceUnit GF="Dep" PT="PP[down]" FE="Path" />
        <valenceUnit GF="Dep" PT="PP[over]" FE="Path" />
        <valenceUnit GF="Ext" PT="NP" FE="Self_mover" />
        <valenceUnit GF="Dep" PT="AVP" FE="Time" />
        <annoSet ID="1076708" />
      </pattern>
    </FEGroupRealization>
    <FEGroupRealization total="1">
      <FE name="Goal" />
      <FE name="Path" />
      <FE name="Purpose" />
      <FE name="Self_mover" />
      <pattern total="1">
        <valenceUnit GF="Dep" PT="PP[into]" FE="Goal" />
        <valenceUnit GF="Dep" PT="PP[down]" FE="Path" />
        <valenceUnit GF="Dep" PT="VPto" FE="Purpose" />
        <valenceUnit GF="Ext" PT="NP" FE="Self_mover" />
        <annoSet ID="1076380" />
      </pattern>
    </FEGroupRealization>
    <FEGroupRealization total="1">
      <FE name="Goal" />
      <FE name="Path" />
      <FE name="Purpose" />
      <FE name="Self_mover" />
      <FE name="Time" />
      <pattern total="1">
        <valenceUnit GF="Dep" PT="PP[inside]" FE="Goal" />
        <valenceUnit GF="Dep" PT="PP[down]" FE="Path" />
        <valenceUnit GF="Dep" PT="VPto" FE="Purpose" />
        <valenceUnit GF="Ext" PT="NP" FE="Self_mover" />
        <valenceUnit GF="Dep" PT="Sub" FE="Time" />
        <annoSet ID="1076408" />
      </pattern>
    </FEGroupRealization>
    <FEGroupRealization total="7">
      <FE name="Goal" />
      <FE name="Path" />
      <FE name="Self_mover" />
      <pattern total="1">
        <valenceUnit GF="Dep" PT="PP[in]" FE="Goal" />
        <valenceUnit GF="Dep" PT="PP[over]" FE="Path" />
        <valenceUnit GF="Ext" PT="NP" FE="Self_mover" />
        <annoSet ID="1076480" />
      </pattern>
      <pattern total="3">
        <valenceUnit GF="Dep" PT="PP[in]" FE="Goal" />
        <valenceUnit GF="Dep" PT="PP[through]" FE="Path" />
        <valenceUnit GF="Ext" PT="NP" FE="Self_mover" />
        <annoSet ID="1076262" />
        <annoSet ID="1076460" />
        <annoSet ID="1076498" />
      </pattern>
      <pattern total="1">
        <valenceUnit GF="Dep" PT="PP[into]" FE="Goal" />
        <valenceUnit GF="Dep" PT="PP[up]" FE="Path" />
        <valenceUnit GF="Ext" PT="NP" FE="Self_mover" />
        <annoSet ID="1076766" />
      </pattern>
      <pattern total="2">
        <valenceUnit GF="Dep" PT="PP[to]" FE="Goal" />
        <valenceUnit GF="Dep" PT="PP[down]" FE="Path" />
        <valenceUnit GF="Ext" PT="NP" FE="Self_mover" />
        <annoSet ID="1076382" />
        <annoSet ID="1076396" />
      </pattern>
    </FEGroupRealization>
    <FEGroupRealization total="2">
      <FE name="Goal" />
      <FE name="Path" />
      <FE name="Self_mover" />
      <FE name="Source" />
      <pattern total="1">
        <valenceUnit GF="Dep" PT="PP[onto]" FE="Goal" />
        <valenceUnit GF="Dep" PT="AVP" FE="Path" />
        <valenceUnit GF="Ext" PT="NP" FE="Self_mover" />
        <valenceUnit GF="Dep" PT="PP[from]" FE="Source" />
        <annoSet ID="1076778" />
      </pattern>
      <pattern total="1">
        <valenceUnit GF="Dep" PT="PP[to]" FE="Goal" />
        <valenceUnit GF="Dep" PT="PP[through]" FE="Path" />
        <valenceUnit GF="Ext" PT="NP" FE="Self_mover" />
        <valenceUnit GF="Dep" PT="PP[from]" FE="Source" />
        <annoSet ID="1076794" />
      </pattern>
    </FEGroupRealization>
    <FEGroupRealization total="2">
      <FE name="Goal" />
      <FE name="Place" />
      <FE name="Self_mover" />
      <pattern total="1">
        <valenceUnit GF="Dep" PT="PP[in]" FE="Goal" />
        <valenceUnit GF="Dep" PT="PP[beside]" FE="Place" />
        <valenceUnit GF="Ext" PT="NP" FE="Self_mover" />
        <annoSet ID="1076486" />
      </pattern>
      <pattern total="1">
        <valenceUnit GF="Dep" PT="PP[to]" FE="Goal" />
        <valenceUnit GF="Dep" PT="NP" FE="Place" />
        <valenceUnit GF="Ext" PT="NP" FE="Self_mover" />
        <annoSet ID="1076544" />
      </pattern>
    </FEGroupRealization>
    <FEGroupRealization total="1">
      <FE name="Goal" />
      <FE name="Place" />
      <FE name="Self_mover" />
      <FE name="Time" />
      <pattern total="1">
        <valenceUnit GF="Dep" PT="PP[in]" FE="Goal" />
        <valenceUnit GF="Dep" PT="PP[beside]" FE="Place" />
        <valenceUnit GF="Ext" PT="NP" FE="Self_mover" />
        <valenceUnit GF="Dep" PT="PPing[after]" FE="Time" />
        <annoSet ID="1076482" />
      </pattern>
    </FEGroupRealization>
    <FEGroupRealization total="1">
      <FE name="Goal" />
      <FE name="Purpose" />
      <FE name="Self_mover" />
      <pattern total="1">
        <valenceUnit GF="Dep" PT="PP[aboard]" FE="Goal" />
        <valenceUnit GF="Dep" PT="VPto" FE="Purpose" />
        <valenceUnit GF="Ext" PT="NP" FE="Self_mover" />
        <annoSet ID="1076994" />
      </pattern>
    </FEGroupRealization>
    <FEGroupRealization total="25">
      <FE name="Goal" />
      <FE name="Self_mover" />
      <pattern total="1">
        <valenceUnit GF="Dep" PT="AVP" FE="Goal" />
        <valenceUnit GF="Ext" PT="NP" FE="Self_mover" />
        <annoSet ID="1076814" />
      </pattern>
      <pattern total="2">
        <valenceUnit GF="Dep" PT="PP[aboard]" FE="Goal" />
        <valenceUnit GF="Ext" PT="NP" FE="Self_mover" />
        <annoSet ID="1076282" />
        <annoSet ID="1076992" />
      </pattern>
      <pattern total="1">
        <valenceUnit GF="Dep" PT="PP[behind]" FE="Goal" />
        <valenceUnit GF="Ext" PT="NP" FE="Self_mover" />
        <annoSet ID="1077066" />
      </pattern>
      <pattern total="2">
        <valenceUnit GF="Dep" PT="PP[between]" FE="Goal" />
        <valenceUnit GF="Ext" PT="NP" FE="Self_mover" />
        <annoSet ID="1077070" />
        <annoSet ID="1077076" />
      </pattern>
      <pattern total="1">
        <valenceUnit GF="Dep" PT="PP[down]" FE="Goal" />
        <valenceUnit GF="Ext" PT="NP" FE="Self_mover" />
        <annoSet ID="1076288" />
      </pattern>
      <pattern total="2">
        <valenceUnit GF="Dep" PT="PP[in]" FE="Goal" />
        <valenceUnit GF="Ext" PT="NP" FE="Self_mover" />
        <annoSet ID="1076422" />
        <annoSet ID="1076424" />
      </pattern>
      <pattern total="3">
        <valenceUnit GF="Dep" PT="PP[into]" FE="Goal" />
        <valenceUnit GF="Ext" PT="NP" FE="Self_mover" />
        <annoSet ID="1076302" />
        <annoSet ID="1077180" />
        <annoSet ID="1077210" />
      </pattern>
      <pattern total="3">
        <valenceUnit GF="Dep" PT="PP[on]" FE="Goal" />
        <valenceUnit GF="Ext" PT="NP" FE="Self_mover" />
        <annoSet ID="1076266" />
        <annoSet ID="1076272" />
        <annoSet ID="1076550" />
      </pattern>
      <pattern total="5">
        <valenceUnit GF="Dep" PT="PP[onto]" FE="Goal" />
        <valenceUnit GF="Ext" PT="NP" FE="Self_mover" />
        <annoSet ID="1076328" />
        <annoSet ID="1077148" />
        <annoSet ID="1077152" />
        <annoSet ID="1077158" />
        <annoSet ID="1077174" />
      </pattern>
      <pattern total="5">
        <valenceUnit GF="Dep" PT="PP[to]" FE="Goal" />
        <valenceUnit GF="Ext" PT="NP" FE="Self_mover" />
        <annoSet ID="1076552" />
        <annoSet ID="1076558" />
        <annoSet ID="1076600" />
        <annoSet ID="1077296" />
        <annoSet ID="1077320" />
      </pattern>
    </FEGroupRealization>
    <FEGroupRealization total="3">
      <FE name="Goal" />
      <FE name="Self_mover" />
      <FE name="Source" />
      <pattern total="2">
        <valenceUnit GF="Dep" PT="PP[into]" FE="Goal" />
        <valenceUnit GF="Ext" PT="NP" FE="Self_mover" />
        <valenceUnit GF="Dep" PT="PP[out]" FE="Source" />
        <annoSet ID="1076654" />
        <annoSet ID="1076682" />
      </pattern>
      <pattern total="1">
        <valenceUnit GF="Dep" PT="PP[on]" FE="Goal" />
        <valenceUnit GF="Ext" PT="NP" FE="Self_mover" />
        <valenceUnit GF="Dep" PT="PP[out]" FE="Source" />
        <annoSet ID="1076670" />
      </pattern>
    </FEGroupRealization>
    <FEGroupRealization total="1">
      <FE name="Goal" />
      <FE name="Self_mover" />
      <FE name="Source" />
      <FE name="Time" />
      <pattern total="1">
        <valenceUnit GF="Dep" PT="PP[onto]" FE="Goal" />
        <valenceUnit GF="Ext" PT="NP" FE="Self_mover" />
        <valenceUnit GF="Dep" PT="PP[out]" FE="Source" />
        <valenceUnit GF="Dep" PT="AVP" FE="Time" />
        <annoSet ID="1076674" />
      </pattern>
    </FEGroupRealization>
    <FEGroupRealization total="1">
      <FE name="Goal" />
      <FE name="Self_mover" />
      <FE name="Speed" />
      <pattern total="1">
        <valenceUnit GF="Dep" PT="PP[in]" FE="Goal" />
        <valenceUnit GF="Ext" PT="NP" FE="Self_mover" />
        <valenceUnit GF="Dep" PT="AVP" FE="Speed" />
        <annoSet ID="1076430" />
      </pattern>
    </FEGroupRealization>
    <FEGroupRealization total="5">
      <FE name="Goal" />
      <FE name="Self_mover" />
      <FE name="Time" />
      <pattern total="1">
        <valenceUnit GF="Dep" PT="PP[aboard]" FE="Goal" />
        <valenceUnit GF="Ext" PT="NP" FE="Self_mover" />
        <valenceUnit GF="Dep" PT="NP" FE="Time" />
        <annoSet ID="1076972" />
      </pattern>
      <pattern total="1">
        <valenceUnit GF="Dep" PT="PP[into]" FE="Goal" />
        <valenceUnit GF="Ext" PT="NP" FE="Self_mover" />
        <valenceUnit GF="Dep" PT="AVP" FE="Time" />
        <annoSet ID="1076306" />
      </pattern>
      <pattern total="1">
        <valenceUnit GF="Dep" PT="PP[on]" FE="Goal" />
        <valenceUnit GF="Ext" PT="NP" FE="Self_mover" />
        <valenceUnit GF="Dep" PT="AVP" FE="Time" />
        <annoSet ID="1077106" />
      </pattern>
      <pattern total="1">
        <valenceUnit GF="Dep" PT="PP[onto]" FE="Goal" />
        <valenceUnit GF="Ext" PT="NP" FE="Self_mover" />
        <valenceUnit GF="Dep" PT="AVP" FE="Time" />
        <annoSet ID="1077162" />
      </pattern>
      <pattern total="1">
        <valenceUnit GF="Dep" PT="PP[to]" FE="Goal" />
        <valenceUnit GF="Ext" PT="NP" FE="Self_mover" />
        <valenceUnit GF="Dep" PT="PP[at]" FE="Time" />
        <annoSet ID="1077306" />
      </pattern>
    </FEGroupRealization>
    <FEGroupRealization total="1">
      <FE name="Internal_cause" />
      <FE name="Self_mover" />
      <FE name="Source" />
      <pattern total="1">
        <valenceUnit GF="Dep" PT="PP[in]" FE="Internal_cause" />
        <valenceUnit GF="Ext" PT="NP" FE="Self_mover" />
        <valenceUnit GF="Dep" PT="PP[off]" FE="Source" />
        <annoSet ID="1076526" />
      </pattern>
    </FEGroupRealization>
    <FEGroupRealization total="3">
      <FE name="Manner" />
      <FE name="Path" />
      <FE name="Self_mover" />
      <pattern total="1">
        <valenceUnit GF="Dep" PT="AVP" FE="Manner" />
        <valenceUnit GF="" PT="INI" FE="Path" />
        <valenceUnit GF="Ext" PT="NP" FE="Self_mover" />
        <annoSet ID="1076850" />
      </pattern>
      <pattern total="1">
        <valenceUnit GF="Dep" PT="AVP" FE="Manner" />
        <valenceUnit GF="Dep" PT="PP[over]" FE="Path" />
        <valenceUnit GF="Ext" PT="NP" FE="Self_mover" />
        <annoSet ID="1077224" />
      </pattern>
      <pattern total="1">
        <valenceUnit GF="Dep" PT="AVP" FE="Manner" />
        <valenceUnit GF="Dep" PT="PP[up]" FE="Path" />
        <valenceUnit GF="Ext" PT="NP" FE="Self_mover" />
        <annoSet ID="1076734" />
      </pattern>
    </FEGroupRealization>
    <FEGroupRealization total="1">
      <FE name="Manner" />
      <FE name="Self_mover" />
      <FE name="Source" />
      <pattern total="1">
        <valenceUnit GF="Dep" PT="AVP" FE="Manner" />
        <valenceUnit GF="Ext" PT="NP" FE="Self_mover" />
        <valenceUnit GF="Dep" PT="PP[out]" FE="Source" />
        <annoSet ID="1077182" />
      </pattern>
    </FEGroupRealization>
    <FEGroupRealization total="1">
      <FE name="Path" />
      <FE name="Path" />
      <FE name="Self_mover" />
      <FE name="Time" />
      <pattern total="1">
        <valenceUnit GF="Dep" PT="PP[towards]" FE="Path" />
        <valenceUnit GF="Dep" PT="PP[up]" FE="Path" />
        <valenceUnit GF="Ext" PT="NP" FE="Self_mover" />
        <valenceUnit GF="Dep" PT="AVP" FE="Time" />
        <annoSet ID="1076270" />
      </pattern>
    </FEGroupRealization>
    <FEGroupRealization total="1">
      <FE name="Path" />
      <FE name="Purpose" />
      <FE name="Self_mover" />
      <FE name="Self_mover" />
      <pattern total="1">
        <valenceUnit GF="Dep" PT="PP[over]" FE="Path" />
        <valenceUnit GF="Dep" PT="PP[after]" FE="Purpose" />
        <valenceUnit GF="Ext" PT="NP" FE="Self_mover" />
        <valenceUnit GF="Ext" PT="NP" FE="Self_mover" />
        <annoSet ID="1077238" />
      </pattern>
    </FEGroupRealization>
    <FEGroupRealization total="3">
      <FE name="Path" />
      <FE name="Purpose" />
      <FE name="Self_mover" />
      <FE name="Time" />
      <pattern total="1">
        <valenceUnit GF="Obj" PT="NP" FE="Path" />
        <valenceUnit GF="Dep" PT="VPto" FE="Purpose" />
        <valenceUnit GF="Ext" PT="NP" FE="Self_mover" />
        <valenceUnit GF="Dep" PT="AVP" FE="Time" />
        <annoSet ID="6560684" />
      </pattern>
      <pattern total="1">
        <valenceUnit GF="Dep" PT="PP[behind]" FE="Path" />
        <valenceUnit GF="Dep" PT="VPto" FE="Purpose" />
        <valenceUnit GF="Ext" PT="NP" FE="Self_mover" />
        <valenceUnit GF="Dep" PT="PP[on]" FE="Time" />
        <annoSet ID="1076756" />
      </pattern>
      <pattern total="1">
        <valenceUnit GF="Dep" PT="PP[through]" FE="Path" />
        <valenceUnit GF="Dep" PT="VPto" FE="Purpose" />
        <valenceUnit GF="Ext" PT="NP" FE="Self_mover" />
        <valenceUnit GF="Dep" PT="PP[during]" FE="Time" />
        <annoSet ID="1077280" />
      </pattern>
    </FEGroupRealization>
    <FEGroupRealization total="1">
      <FE name="Path" />
      <FE name="Result" />
      <FE name="Self_mover" />
      <FE name="Speed" />
      <pattern total="1">
        <valenceUnit GF="" PT="INI" FE="Path" />
        <valenceUnit GF="Dep" PT="PP[to]" FE="Result" />
        <valenceUnit GF="Ext" PT="NP" FE="Self_mover" />
        <valenceUnit GF="Dep" PT="AVP" FE="Speed" />
        <annoSet ID="1077302" />
      </pattern>
    </FEGroupRealization>
    <FEGroupRealization total="20">
      <FE name="Path" />
      <FE name="Self_mover" />
      <pattern total="1">
        <valenceUnit GF="" PT="INI" FE="Path" />
        <valenceUnit GF="Ext" PT="NP" FE="Self_mover" />
        <annoSet ID="1076894" />
      </pattern>
      <pattern total="1">
        <valenceUnit GF="Dep" PT="PP[across]" FE="Path" />
        <valenceUnit GF="Ext" PT="NP" FE="Self_mover" />
        <annoSet ID="1077044" />
      </pattern>
      <pattern total="1">
        <valenceUnit GF="Dep" PT="PP[along]" FE="Path" />
        <valenceUnit GF="Ext" PT="NP" FE="Self_mover" />
        <annoSet ID="1076578" />
      </pattern>
      <pattern total="3">
        <valenceUnit GF="Dep" PT="PP[down]" FE="Path" />
        <valenceUnit GF="Ext" PT="NP" FE="Self_mover" />
        <annoSet ID="1076354" />
        <annoSet ID="1076356" />
        <annoSet ID="1076358" />
      </pattern>
      <pattern total="1">
        <valenceUnit GF="Dep" PT="PP[of]" FE="Path" />
        <valenceUnit GF="Ext" PT="NP" FE="Self_mover" />
        <annoSet ID="1076748" />
      </pattern>
      <pattern total="1">
        <valenceUnit GF="Dep" PT="PP[out]" FE="Path" />
        <valenceUnit GF="" PT="CNI" FE="Self_mover" />
        <annoSet ID="1076614" />
      </pattern>
      <pattern total="1">
        <valenceUnit GF="Dep" PT="PP[out]" FE="Path" />
        <valenceUnit GF="Ext" PT="NP" FE="Self_mover" />
        <annoSet ID="1076334" />
      </pattern>
      <pattern total="5">
        <valenceUnit GF="Dep" PT="PP[over]" FE="Path" />
        <valenceUnit GF="Ext" PT="NP" FE="Self_mover" />
        <annoSet ID="1076692" />
        <annoSet ID="1076700" />
        <annoSet ID="1076706" />
        <annoSet ID="1076722" />
        <annoSet ID="1077230" />
      </pattern>
      <pattern total="3">
        <valenceUnit GF="Dep" PT="PP[through]" FE="Path" />
        <valenceUnit GF="Ext" PT="NP" FE="Self_mover" />
        <annoSet ID="1076652" />
        <annoSet ID="1077250" />
        <annoSet ID="1077274" />
      </pattern>
      <pattern total="3">
        <valenceUnit GF="Dep" PT="PP[up]" FE="Path" />
        <valenceUnit GF="Ext" PT="NP" FE="Self_mover" />
        <annoSet ID="1076268" />
        <annoSet ID="1076770" />
        <annoSet ID="1077372" />
      </pattern>
    </FEGroupRealization>
    <FEGroupRealization total="3">
      <FE name="Path" />
      <FE name="Self_mover" />
      <FE name="Source" />
      <pattern total="2">
        <valenceUnit GF="Dep" PT="PP[down]" FE="Path" />
        <valenceUnit GF="Ext" PT="NP" FE="Self_mover" />
        <valenceUnit GF="Dep" PT="PP[from]" FE="Source" />
        <annoSet ID="1076398" />
        <annoSet ID="1076414" />
      </pattern>
      <pattern total="1">
        <valenceUnit GF="Dep" PT="PP[down]" FE="Path" />
        <valenceUnit GF="Ext" PT="NP" FE="Self_mover" />
        <valenceUnit GF="Dep" PT="PP[out]" FE="Source" />
        <annoSet ID="1076392" />
      </pattern>
    </FEGroupRealization>
    <FEGroupRealization total="3">
      <FE name="Path" />
      <FE name="Self_mover" />
      <FE name="Time" />
      <pattern total="1">
        <valenceUnit GF="" PT="INI" FE="Path" />
        <valenceUnit GF="Ext" PT="NP" FE="Self_mover" />
        <valenceUnit GF="Dep" PT="AVP" FE="Time" />
        <annoSet ID="1076834" />
      </pattern>
      <pattern total="1">
        <valenceUnit GF="Dep" PT="PP[down]" FE="Path" />
        <valenceUnit GF="Ext" PT="NP" FE="Self_mover" />
        <valenceUnit GF="Dep" PT="NP" FE="Time" />
        <annoSet ID="1076368" />
      </pattern>
      <pattern total="1">
        <valenceUnit GF="Dep" PT="PP[up]" FE="Path" />
        <valenceUnit GF="Ext" PT="NP" FE="Self_mover" />
        <valenceUnit GF="Dep" PT="AVP" FE="Time" />
        <annoSet ID="1076284" />
      </pattern>
    </FEGroupRealization>
    <FEGroupRealization total="1">
      <FE name="Path" />
      <FE name="Self_mover" />
      <FE name="Time" />
      <FE name="Time" />
      <pattern total="1">
        <valenceUnit GF="Dep" PT="PP[over]" FE="Path" />
        <valenceUnit GF="Ext" PT="NP" FE="Self_mover" />
        <valenceUnit GF="Dep" PT="AVP" FE="Time" />
        <valenceUnit GF="Dep" PT="PP[during]" FE="Time" />
        <annoSet ID="1076714" />
      </pattern>
    </FEGroupRealization>
    <FEGroupRealization total="6">
      <FE name="Self_mover" />
      <FE name="Source" />
      <pattern total="1">
        <valenceUnit GF="Ext" PT="NP" FE="Self_mover" />
        <valenceUnit GF="Dep" PT="PP[from]" FE="Source" />
        <annoSet ID="1077190" />
      </pattern>
      <pattern total="1">
        <valenceUnit GF="Ext" PT="NP" FE="Self_mover" />
        <valenceUnit GF="Dep" PT="PP[off]" FE="Source" />
        <annoSet ID="1076520" />
      </pattern>
      <pattern total="4">
        <valenceUnit GF="Ext" PT="NP" FE="Self_mover" />
        <valenceUnit GF="Dep" PT="PP[out]" FE="Source" />
        <annoSet ID="1076612" />
        <annoSet ID="1076620" />
        <annoSet ID="1076622" />
        <annoSet ID="1077202" />
      </pattern>
    </FEGroupRealization>
    <FEGroupRealization total="2">
      <FE name="Self_mover" />
      <FE name="Source" />
      <FE name="Time" />
      <pattern total="2">
        <valenceUnit GF="Ext" PT="NP" FE="Self_mover" />
        <valenceUnit GF="Dep" PT="PP[off]" FE="Source" />
        <valenceUnit GF="Dep" PT="AVP" FE="Time" />
        <annoSet ID="1076502" />
        <annoSet ID="1076514" />
      </pattern>
    </FEGroupRealization>
  </valences>
  <subCorpus name="V-augmented">
    <sentence sentNo="0" ID="1244694n">
      <text>The car climbed up the hill with a scream of tyres , and Fran shivered in sudden reaction as she watched him go .</text>
      <annotationSet cDate="08/08/2025 07:59:57 PST Fri" status="AUGMENTED" ID="0">
        <layer name="FE" rank="1">
          <label cBy="auto-aug" feID="285" start="0" end="6" name="Self_mover" />
          <label cBy="auto-aug" feID="286" start="16" end="26" name="Source" />
          <label cBy="auto-aug" feID="289" start="28" end="49" name="Manner" />
        </layer>
        <layer name="Target" rank="1">
          <label cBy="auto-aug" start="8" end="14" name="Target" />
        </layer>
      </annotationSet>
    </sentence>
    <sentence sentNo="0" ID="619574n">
      <text>He climbed the steep hill and hurried away , the huge beast turning with difficulty to follow him . </text>
      <annotationSet cDate="08/08/2025 07:59:57 PST Fri" status="AUGMENTED" ID="0">
        <layer name="FE" rank="1">
          <label cBy="auto-aug" feID="285" start="0" end="1" name="Self_mover" />
          <label cBy="auto-aug" feID="287" start="11" end="24" name="Path" />
        </layer>
        <layer name="Target" rank="1">
          <label cBy="auto-aug" start="3" end="9" name="Target" />
        </layer>
      </annotationSet>
    </sentence>
    <sentence sentNo="0" ID="849813n">
      <text>The horses lose interest and climb the hill up the mountain . </text>
      <annotationSet cDate="08/08/2025 07:59:57 PST Fri" status="AUGMENTED" ID="0">
        <layer name="FE" rank="1">
          <label cBy="auto-aug" feID="285" start="0" end="9" name="Self_mover" />
          <label cBy="auto-aug" feID="286" start="35" end="42" name="Source" />
          <label cBy="auto-aug" feID="288" start="44" end="58" name="Goal" />
        </layer>
        <layer name="Target" rank="1">
          <label cBy="auto-aug" start="29" end="33" name="Target" />
        </layer>
      </annotationSet>
    </sentence>
    <sentence sentNo="0" ID="764051n">
      <text>Zeelenberg had considered climbing the mountain during the winter to train at Kenny Roberts ' ranch , where many other Europeans perfect the crucial art of sliding the rear wheel on mini bikes on purpose-built tracks . </text>
      <annotationSet cDate="08/08/2025 07:59:57 PST Fri" status="AUGMENTED" ID="0">
        <layer name="FE" rank="1">
          <label cBy="auto-aug" feID="285" start="0" end="9" name="Self_mover" />
          <label cBy="auto-aug" feID="288" start="35" end="46" name="Goal" />
          <label cBy="auto-aug" feID="1977" start="48" end="64" name="Time" />
          <label cBy="auto-aug" feID="3165" start="66" end="215" name="Purpose" />
        </layer>
        <layer name="Target" rank="1">
          <label cBy="auto-aug" start="26" end="33" name="Target" />
        </layer>
      </annotationSet>
    </sentence>
    <sentence sentNo="0" ID="4144474n">
      <text>Quiss cleared his throat and leaned forward towards the small figure , which climb upward without actually stepping back , '' Right , '' Quiss said , '' the answer to the question is : You ca n't have both in the same universe , Got it ? ''</text>
      <annotationSet cDate="08/08/2025 07:59:57 PST Fri" status="AUGMENTED" ID="0">
        <layer name="FE" rank="1">
          <label cBy="auto-aug" feID="285" start="52" end="67" name="Self_mover" />
          <label cBy="auto-aug" feID="285" start="71" end="75" name="Self_mover" />
          <label cBy="auto-aug" feID="9348" start="83" end="88" name="Direction" />
        </layer>
        <layer name="Target" rank="1">
          <label cBy="auto-aug" start="77" end="81" name="Target" />
        </layer>
      </annotationSet>
    </sentence>
    <sentence sentNo="0" ID="737910n">
      <text>Suppose Betty had come with her not to climb the mountain , not to ask her collaboration in salad-making but to keep an eye on her . </text>
      <annotationSet cDate="08/08/2025 07:59:57 PST Fri" status="AUGMENTED" ID="0">
        <layer name="FE" rank="1">
          <label cBy="auto-aug" feID="285" start="8" end="12" name="Self_mover" />
          <label cBy="auto-aug" feID="291" start="45" end="56" name="Area" />
        </layer>
        <layer name="Target" rank="1">
          <label cBy="auto-aug" start="39" end="43" name="Target" />
        </layer>
      </annotationSet>
    </sentence>
  </subCorpus>
</lexUnit>