<?xml version='1.0' encoding='UTF-8'?>
<lexUnit xmlns="http://framenet.icsi.berkeley.edu" xmlns:xsi="http://www.w3.org/2001/XMLSchema-instance" status="Finished_Initial" POS="V" name="need.v" ID="11791" frame="Needing" frameID="1375" totalAnnotated="57" xsi:schemaLocation="../schema/lexUnit.xsd">
  <header>
    <corpus description="BNC2" name="BNC2" ID="111">
      <document description="bncp" name="bncp" ID="421" />
    </corpus>
    <corpus description="Wall Street Journal Texts from the PropBank Project" name="PropBank" ID="115">
      <document description="Polemic Progressive Education" name="PolemicProgressiveEducation" ID="23011" />
    </corpus>
    <corpus description="Texts from Nuclear Threat Initiative website, created by Center for Non-Proliferation Studies" name="NTI" ID="135">
      <document description="WMD News 04/21/2006" name="WMDNews_042106" ID="23605" />
      <document description="Syria Nuclear Overview" name="Syria_NuclearOverview" ID="23631" />
    </corpus>
    <corpus description="Miscellaneous" name="Miscellaneous" ID="175">
      <document description="Iran-related Questions" name="IranRelatedQuestions" ID="23541" />
      <document description="TigerOfSanPedro" name="Tiger_Of_San_Pedro" ID="25343" />
    </corpus>
    <corpus description="American National Corpus Texts" name="ANC" ID="195">
      <document description="Slate magazine article: Entrepreneur as Madonna" name="EntrepreneurAsMadonna" ID="23646" />
      <document description="Berlitz History of Las Vegas" name="HistoryOfLasVegas" ID="23691" />
      <document description="Berlitz Intro of Jamaica" name="IntroJamaica" ID="23754" />
      <document description="Berlitz Where to Go in Hong Kong" name="WhereToHongKong" ID="23771" />
      <document description="Goodwill fund-raising letter" name="110CYL067" ID="23791" />
      <document description="Goodwill fund-raising letter" name="110CYL068" ID="23792" />
      <document description="Goodwill fund-raising letter" name="110CYL070" ID="23795" />
      <document description="Goodwill fund-raising letter" name="110CYL072" ID="23801" />
      <document description="Goodwill fund-raising letter" name="110CYL200" ID="23803" />
      <document description="Children's home fund-raising letter" name="112C-L013" ID="23811" />
    </corpus>
    <corpus description="LUCorpus-v0.3" name="LUCorpus-v0.3" ID="205">
      <document description="20000415_apw_eng-NEW" name="20000415_apw_eng-NEW" ID="23703" />
      <document description="wsj_2465" name="wsj_2465" ID="23722" />
      <document description="enron-thread-159550" name="enron-thread-159550" ID="23724" />
    </corpus>
    <frame>
      <FE fgColor="FFFFFF" bgColor="A52A2A" type="Extra-Thematic" abbrev="cir" name="Circumstances" />
      <FE fgColor="FFFFFF" bgColor="FF0000" type="Core" abbrev="cog" name="Cognizer" />
      <FE fgColor="FFFFFF" bgColor="FF69B4" type="Core" abbrev="con" name="Consequences" />
      <FE fgColor="FFFFFF" bgColor="FF00FF" type="Peripheral" abbrev="deg" name="Degree" />
      <FE fgColor="FFFFFF" bgColor="9400D3" type="Core" abbrev="dep" name="Dependent" />
      <FE fgColor="FFFFFF" bgColor="00008B" type="Extra-Thematic" abbrev="" name="Explanation" />
      <FE fgColor="FFFFFF" bgColor="00BFFF" type="Extra-Thematic" abbrev="fre" name="Frequency" />
      <FE fgColor="00008B" bgColor="FFFF00" type="Extra-Thematic" abbrev="Ite" name="Iterations" />
      <FE fgColor="FFFFFF" bgColor="9F79EE" type="Extra-Thematic" abbrev="" name="Particular_iteration" />
      <FE fgColor="FFFFFF" bgColor="FFA500" type="Peripheral" abbrev="pla" name="Place" />
      <FE fgColor="FFFFFF" bgColor="0000FF" type="Core" abbrev="req" name="Requirement" />
      <FE fgColor="FFFFFF" bgColor="008000" type="Peripheral" abbrev="tim" name="Time" />
    </frame>
  </header>
  <definition>COD: require (something) because it is essential or very important rather than just desirable.</definition>
  <lexeme POS="V" name="need" />
  <valences>
    <FERealization total="1">
      <FE name="Circumstances" />
      <pattern total="1">
        <valenceUnit GF="Dep" PT="AVP" FE="Circumstances" />
        <annoSet ID="6664003" />
      </pattern>
    </FERealization>
    <FERealization total="56">
      <FE name="Cognizer" />
      <pattern total="4">
        <valenceUnit GF="" PT="CNI" FE="Cognizer" />
        <annoSet ID="2328883" />
        <annoSet ID="2328983" />
        <annoSet ID="6556814" />
        <annoSet ID="6664003" />
      </pattern>
      <pattern total="1">
        <valenceUnit GF="" PT="DNI" FE="Cognizer" />
        <annoSet ID="6557708" />
      </pattern>
      <pattern total="1">
        <valenceUnit GF="" PT="INI" FE="Cognizer" />
        <annoSet ID="6534845" />
      </pattern>
      <pattern total="50">
        <valenceUnit GF="Ext" PT="NP" FE="Cognizer" />
        <annoSet ID="2328791" />
        <annoSet ID="2328805" />
        <annoSet ID="2328817" />
        <annoSet ID="2328829" />
        <annoSet ID="2328831" />
        <annoSet ID="2328847" />
        <annoSet ID="2328879" />
        <annoSet ID="2328885" />
        <annoSet ID="2328927" />
        <annoSet ID="2328939" />
        <annoSet ID="2328941" />
        <annoSet ID="2328951" />
        <annoSet ID="2328963" />
        <annoSet ID="2329031" />
        <annoSet ID="2329091" />
        <annoSet ID="2329119" />
        <annoSet ID="2329157" />
        <annoSet ID="2329179" />
        <annoSet ID="2329739" />
        <annoSet ID="2329751" />
        <annoSet ID="4530559" />
        <annoSet ID="4530586" />
        <annoSet ID="6526943" />
        <annoSet ID="6527533" />
        <annoSet ID="6534870" />
        <annoSet ID="6534874" />
        <annoSet ID="6534877" />
        <annoSet ID="6535334" />
        <annoSet ID="6535337" />
        <annoSet ID="6535339" />
        <annoSet ID="6537623" />
        <annoSet ID="6537705" />
        <annoSet ID="6538533" />
        <annoSet ID="6544262" />
        <annoSet ID="6545213" />
        <annoSet ID="6547590" />
        <annoSet ID="6548460" />
        <annoSet ID="6548525" />
        <annoSet ID="6556482" />
        <annoSet ID="6556863" />
        <annoSet ID="6557198" />
        <annoSet ID="6557345" />
        <annoSet ID="6557347" />
        <annoSet ID="6557469" />
        <annoSet ID="6557707" />
        <annoSet ID="6559061" />
        <annoSet ID="6562099" />
        <annoSet ID="6562209" />
        <annoSet ID="6645695" />
        <annoSet ID="6672880" />
      </pattern>
    </FERealization>
    <FERealization total="7">
      <FE name="Consequences" />
      <pattern total="1">
        <valenceUnit GF="" PT="DNI" FE="Consequences" />
        <annoSet ID="6557345" />
      </pattern>
      <pattern total="5">
        <valenceUnit GF="" PT="INI" FE="Consequences" />
        <annoSet ID="6534870" />
        <annoSet ID="6534874" />
        <annoSet ID="6534877" />
        <annoSet ID="6544262" />
        <annoSet ID="6547590" />
      </pattern>
      <pattern total="1">
        <valenceUnit GF="Dep" PT="Sub" FE="Consequences" />
        <annoSet ID="2329739" />
      </pattern>
    </FERealization>
    <FERealization total="5">
      <FE name="Degree" />
      <pattern total="5">
        <valenceUnit GF="Dep" PT="AVP" FE="Degree" />
        <annoSet ID="2328805" />
        <annoSet ID="2328829" />
        <annoSet ID="2328831" />
        <annoSet ID="2328847" />
        <annoSet ID="6556814" />
      </pattern>
    </FERealization>
    <FERealization total="48">
      <FE name="Dependent" />
      <pattern total="2">
        <valenceUnit GF="Ext" PT="NP" FE="Dependent" />
        <annoSet ID="6664003" />
        <annoSet ID="6673068" />
      </pattern>
      <pattern total="18">
        <valenceUnit GF="" PT="DNI" FE="Dependent" />
        <annoSet ID="2328791" />
        <annoSet ID="2328805" />
        <annoSet ID="2328817" />
        <annoSet ID="2328829" />
        <annoSet ID="2328831" />
        <annoSet ID="2328883" />
        <annoSet ID="2328927" />
        <annoSet ID="2328939" />
        <annoSet ID="2328951" />
        <annoSet ID="2329031" />
        <annoSet ID="2329157" />
        <annoSet ID="2329179" />
        <annoSet ID="6526943" />
        <annoSet ID="6527533" />
        <annoSet ID="6548525" />
        <annoSet ID="6556814" />
        <annoSet ID="6556863" />
        <annoSet ID="6645695" />
      </pattern>
      <pattern total="5">
        <valenceUnit GF="Dep" PT="PP[for]" FE="Dependent" />
        <annoSet ID="2328963" />
        <annoSet ID="2328983" />
        <annoSet ID="2329739" />
        <annoSet ID="6544262" />
        <annoSet ID="6557707" />
      </pattern>
      <pattern total="8">
        <valenceUnit GF="" PT="INI" FE="Dependent" />
        <annoSet ID="4530559" />
        <annoSet ID="6534845" />
        <annoSet ID="6535334" />
        <annoSet ID="6535337" />
        <annoSet ID="6535339" />
        <annoSet ID="6545213" />
        <annoSet ID="6547590" />
        <annoSet ID="6557708" />
      </pattern>
      <pattern total="12">
        <valenceUnit GF="Dep" PT="VPto" FE="Dependent" />
        <annoSet ID="2328847" />
        <annoSet ID="2328879" />
        <annoSet ID="2328885" />
        <annoSet ID="2328941" />
        <annoSet ID="2329091" />
        <annoSet ID="2329119" />
        <annoSet ID="6537623" />
        <annoSet ID="6556482" />
        <annoSet ID="6557198" />
        <annoSet ID="6557347" />
        <annoSet ID="6562099" />
        <annoSet ID="6562209" />
      </pattern>
      <pattern total="1">
        <valenceUnit GF="" PT="CNI" FE="Dependent" />
        <annoSet ID="6538533" />
      </pattern>
      <pattern total="1">
        <valenceUnit GF="Obj" PT="NP" FE="Dependent" />
        <annoSet ID="4530586" />
      </pattern>
      <pattern total="1">
        <valenceUnit GF="Dep" PT="Sub" FE="Dependent" />
        <annoSet ID="2329751" />
      </pattern>
    </FERealization>
    <FERealization total="2">
      <FE name="Frequency" />
      <pattern total="2">
        <valenceUnit GF="Dep" PT="AVP" FE="Frequency" />
        <annoSet ID="6537705" />
        <annoSet ID="6556482" />
      </pattern>
    </FERealization>
    <FERealization total="1">
      <FE name="Iterations" />
      <pattern total="1">
        <valenceUnit GF="Dep" PT="AVP" FE="Iterations" />
        <annoSet ID="2328951" />
      </pattern>
    </FERealization>
    <FERealization total="1">
      <FE name="Particular_iteration" />
      <pattern total="1">
        <valenceUnit GF="Dep" PT="NP" FE="Particular_iteration" />
        <annoSet ID="6672880" />
      </pattern>
    </FERealization>
    <FERealization total="1">
      <FE name="Place" />
      <pattern total="1">
        <valenceUnit GF="Dep" PT="PP[at]" FE="Place" />
        <annoSet ID="2328829" />
      </pattern>
    </FERealization>
    <FERealization total="56">
      <FE name="Requirement" />
      <pattern total="2">
        <valenceUnit GF="Obj" PT="VPto" FE="Requirement" />
        <annoSet ID="6664003" />
        <annoSet ID="6673068" />
      </pattern>
      <pattern total="4">
        <valenceUnit GF="Ext" PT="NP" FE="Requirement" />
        <annoSet ID="2328883" />
        <annoSet ID="2328983" />
        <annoSet ID="6548525" />
        <annoSet ID="6556814" />
      </pattern>
      <pattern total="1">
        <valenceUnit GF="" PT="DNI" FE="Requirement" />
        <annoSet ID="6557708" />
      </pattern>
      <pattern total="2">
        <valenceUnit GF="" PT="INI" FE="Requirement" />
        <annoSet ID="4530586" />
        <annoSet ID="6534845" />
      </pattern>
      <pattern total="44">
        <valenceUnit GF="Obj" PT="NP" FE="Requirement" />
        <annoSet ID="2328791" />
        <annoSet ID="2328805" />
        <annoSet ID="2328817" />
        <annoSet ID="2328829" />
        <annoSet ID="2328831" />
        <annoSet ID="2328847" />
        <annoSet ID="2328879" />
        <annoSet ID="2328885" />
        <annoSet ID="2328927" />
        <annoSet ID="2328939" />
        <annoSet ID="2328941" />
        <annoSet ID="2328951" />
        <annoSet ID="2328963" />
        <annoSet ID="2329031" />
        <annoSet ID="2329091" />
        <annoSet ID="2329119" />
        <annoSet ID="2329157" />
        <annoSet ID="2329179" />
        <annoSet ID="2329739" />
        <annoSet ID="2329751" />
        <annoSet ID="6526943" />
        <annoSet ID="6527533" />
        <annoSet ID="6534870" />
        <annoSet ID="6534874" />
        <annoSet ID="6534877" />
        <annoSet ID="6535334" />
        <annoSet ID="6535337" />
        <annoSet ID="6535339" />
        <annoSet ID="6537623" />
        <annoSet ID="6537705" />
        <annoSet ID="6544262" />
        <annoSet ID="6545213" />
        <annoSet ID="6547590" />
        <annoSet ID="6556482" />
        <annoSet ID="6556863" />
        <annoSet ID="6557345" />
        <annoSet ID="6557347" />
        <annoSet ID="6557469" />
        <annoSet ID="6557707" />
        <annoSet ID="6559061" />
        <annoSet ID="6562099" />
        <annoSet ID="6562209" />
        <annoSet ID="6645695" />
        <annoSet ID="6672880" />
      </pattern>
      <pattern total="4">
        <valenceUnit GF="Dep" PT="VPto" FE="Requirement" />
        <annoSet ID="4530559" />
        <annoSet ID="6534874" />
        <annoSet ID="6535337" />
        <annoSet ID="6548460" />
      </pattern>
      <pattern total="1">
        <valenceUnit GF="Dep" PT="NP" FE="Requirement" />
        <annoSet ID="6557198" />
      </pattern>
    </FERealization>
    <FERealization total="6">
      <FE name="Time" />
      <pattern total="3">
        <valenceUnit GF="Dep" PT="NP" FE="Time" />
        <annoSet ID="2328983" />
        <annoSet ID="6548460" />
        <annoSet ID="6645695" />
      </pattern>
      <pattern total="3">
        <valenceUnit GF="Dep" PT="AVP" FE="Time" />
        <annoSet ID="2328941" />
        <annoSet ID="2329157" />
        <annoSet ID="6538533" />
      </pattern>
    </FERealization>
    <FEGroupRealization total="1">
      <FE name="Circumstances" />
      <FE name="Cognizer" />
      <FE name="Dependent" />
      <FE name="Requirement" />
      <pattern total="1">
        <valenceUnit GF="Dep" PT="AVP" FE="Circumstances" />
        <valenceUnit GF="" PT="CNI" FE="Cognizer" />
        <valenceUnit GF="Ext" PT="NP" FE="Dependent" />
        <valenceUnit GF="Obj" PT="VPto" FE="Requirement" />
        <annoSet ID="6664003" />
      </pattern>
    </FEGroupRealization>
    <FEGroupRealization total="1">
      <FE name="Cognizer" />
      <FE name="Cognizer" />
      <FE name="Consequences" />
      <FE name="Requirement" />
      <pattern total="1">
        <valenceUnit GF="Ext" PT="NP" FE="Cognizer" />
        <valenceUnit GF="Ext" PT="NP" FE="Cognizer" />
        <valenceUnit GF="" PT="DNI" FE="Consequences" />
        <valenceUnit GF="Obj" PT="NP" FE="Requirement" />
        <annoSet ID="6557345" />
      </pattern>
    </FEGroupRealization>
    <FEGroupRealization total="1">
      <FE name="Cognizer" />
      <FE name="Cognizer" />
      <FE name="Dependent" />
      <FE name="Requirement" />
      <pattern total="1">
        <valenceUnit GF="Ext" PT="NP" FE="Cognizer" />
        <valenceUnit GF="Ext" PT="NP" FE="Cognizer" />
        <valenceUnit GF="" PT="INI" FE="Dependent" />
        <valenceUnit GF="Obj" PT="NP" FE="Requirement" />
        <annoSet ID="6545213" />
      </pattern>
    </FEGroupRealization>
    <FEGroupRealization total="3">
      <FE name="Cognizer" />
      <FE name="Consequences" />
      <FE name="Dependent" />
      <FE name="Requirement" />
      <pattern total="1">
        <valenceUnit GF="Ext" PT="NP" FE="Cognizer" />
        <valenceUnit GF="" PT="INI" FE="Consequences" />
        <valenceUnit GF="" PT="INI" FE="Dependent" />
        <valenceUnit GF="Obj" PT="NP" FE="Requirement" />
        <annoSet ID="6547590" />
      </pattern>
      <pattern total="1">
        <valenceUnit GF="Ext" PT="NP" FE="Cognizer" />
        <valenceUnit GF="" PT="INI" FE="Consequences" />
        <valenceUnit GF="Dep" PT="PP[for]" FE="Dependent" />
        <valenceUnit GF="Obj" PT="NP" FE="Requirement" />
        <annoSet ID="6544262" />
      </pattern>
      <pattern total="1">
        <valenceUnit GF="Ext" PT="NP" FE="Cognizer" />
        <valenceUnit GF="Dep" PT="Sub" FE="Consequences" />
        <valenceUnit GF="Dep" PT="PP[for]" FE="Dependent" />
        <valenceUnit GF="Obj" PT="NP" FE="Requirement" />
        <annoSet ID="2329739" />
      </pattern>
    </FEGroupRealization>
    <FEGroupRealization total="2">
      <FE name="Cognizer" />
      <FE name="Consequences" />
      <FE name="Requirement" />
      <pattern total="2">
        <valenceUnit GF="Ext" PT="NP" FE="Cognizer" />
        <valenceUnit GF="" PT="INI" FE="Consequences" />
        <valenceUnit GF="Obj" PT="NP" FE="Requirement" />
        <annoSet ID="6534870" />
        <annoSet ID="6534877" />
      </pattern>
    </FEGroupRealization>
    <FEGroupRealization total="1">
      <FE name="Cognizer" />
      <FE name="Consequences" />
      <FE name="Requirement" />
      <FE name="Requirement" />
      <pattern total="1">
        <valenceUnit GF="Ext" PT="NP" FE="Cognizer" />
        <valenceUnit GF="" PT="INI" FE="Consequences" />
        <valenceUnit GF="Obj" PT="NP" FE="Requirement" />
        <valenceUnit GF="Dep" PT="VPto" FE="Requirement" />
        <annoSet ID="6534874" />
      </pattern>
    </FEGroupRealization>
    <FEGroupRealization total="1">
      <FE name="Cognizer" />
      <FE name="Degree" />
      <FE name="Dependent" />
      <FE name="Place" />
      <FE name="Requirement" />
      <pattern total="1">
        <valenceUnit GF="Ext" PT="NP" FE="Cognizer" />
        <valenceUnit GF="Dep" PT="AVP" FE="Degree" />
        <valenceUnit GF="" PT="DNI" FE="Dependent" />
        <valenceUnit GF="Dep" PT="PP[at]" FE="Place" />
        <valenceUnit GF="Obj" PT="NP" FE="Requirement" />
        <annoSet ID="2328829" />
      </pattern>
    </FEGroupRealization>
    <FEGroupRealization total="4">
      <FE name="Cognizer" />
      <FE name="Degree" />
      <FE name="Dependent" />
      <FE name="Requirement" />
      <pattern total="1">
        <valenceUnit GF="" PT="CNI" FE="Cognizer" />
        <valenceUnit GF="Dep" PT="AVP" FE="Degree" />
        <valenceUnit GF="" PT="DNI" FE="Dependent" />
        <valenceUnit GF="Ext" PT="NP" FE="Requirement" />
        <annoSet ID="6556814" />
      </pattern>
      <pattern total="2">
        <valenceUnit GF="Ext" PT="NP" FE="Cognizer" />
        <valenceUnit GF="Dep" PT="AVP" FE="Degree" />
        <valenceUnit GF="" PT="DNI" FE="Dependent" />
        <valenceUnit GF="Obj" PT="NP" FE="Requirement" />
        <annoSet ID="2328805" />
        <annoSet ID="2328831" />
      </pattern>
      <pattern total="1">
        <valenceUnit GF="Ext" PT="NP" FE="Cognizer" />
        <valenceUnit GF="Dep" PT="AVP" FE="Degree" />
        <valenceUnit GF="Dep" PT="VPto" FE="Dependent" />
        <valenceUnit GF="Obj" PT="NP" FE="Requirement" />
        <annoSet ID="2328847" />
      </pattern>
    </FEGroupRealization>
    <FEGroupRealization total="1">
      <FE name="Cognizer" />
      <FE name="Dependent" />
      <FE name="Frequency" />
      <FE name="Requirement" />
      <pattern total="1">
        <valenceUnit GF="Ext" PT="NP" FE="Cognizer" />
        <valenceUnit GF="Dep" PT="VPto" FE="Dependent" />
        <valenceUnit GF="Dep" PT="AVP" FE="Frequency" />
        <valenceUnit GF="Obj" PT="NP" FE="Requirement" />
        <annoSet ID="6556482" />
      </pattern>
    </FEGroupRealization>
    <FEGroupRealization total="1">
      <FE name="Cognizer" />
      <FE name="Dependent" />
      <FE name="Iterations" />
      <FE name="Iterations" />
      <FE name="Requirement" />
      <pattern total="1">
        <valenceUnit GF="Ext" PT="NP" FE="Cognizer" />
        <valenceUnit GF="" PT="DNI" FE="Dependent" />
        <valenceUnit GF="Dep" PT="AVP" FE="Iterations" />
        <valenceUnit GF="Dep" PT="AVP" FE="Iterations" />
        <valenceUnit GF="Obj" PT="NP" FE="Requirement" />
        <annoSet ID="2328951" />
      </pattern>
    </FEGroupRealization>
    <FEGroupRealization total="27">
      <FE name="Cognizer" />
      <FE name="Dependent" />
      <FE name="Requirement" />
      <pattern total="1">
        <valenceUnit GF="" PT="CNI" FE="Cognizer" />
        <valenceUnit GF="" PT="DNI" FE="Dependent" />
        <valenceUnit GF="Ext" PT="NP" FE="Requirement" />
        <annoSet ID="2328883" />
      </pattern>
      <pattern total="1">
        <valenceUnit GF="" PT="DNI" FE="Cognizer" />
        <valenceUnit GF="" PT="INI" FE="Dependent" />
        <valenceUnit GF="" PT="DNI" FE="Requirement" />
        <annoSet ID="6557708" />
      </pattern>
      <pattern total="1">
        <valenceUnit GF="" PT="INI" FE="Cognizer" />
        <valenceUnit GF="" PT="INI" FE="Dependent" />
        <valenceUnit GF="" PT="INI" FE="Requirement" />
        <annoSet ID="6534845" />
      </pattern>
      <pattern total="9">
        <valenceUnit GF="Ext" PT="NP" FE="Cognizer" />
        <valenceUnit GF="" PT="DNI" FE="Dependent" />
        <valenceUnit GF="Obj" PT="NP" FE="Requirement" />
        <annoSet ID="2328791" />
        <annoSet ID="2328817" />
        <annoSet ID="2328927" />
        <annoSet ID="2328939" />
        <annoSet ID="2329031" />
        <annoSet ID="2329179" />
        <annoSet ID="6526943" />
        <annoSet ID="6527533" />
        <annoSet ID="6556863" />
      </pattern>
      <pattern total="2">
        <valenceUnit GF="Ext" PT="NP" FE="Cognizer" />
        <valenceUnit GF="" PT="INI" FE="Dependent" />
        <valenceUnit GF="Obj" PT="NP" FE="Requirement" />
        <annoSet ID="6535334" />
        <annoSet ID="6535339" />
      </pattern>
      <pattern total="1">
        <valenceUnit GF="Ext" PT="NP" FE="Cognizer" />
        <valenceUnit GF="Obj" PT="NP" FE="Dependent" />
        <valenceUnit GF="" PT="INI" FE="Requirement" />
        <annoSet ID="4530586" />
      </pattern>
      <pattern total="2">
        <valenceUnit GF="Ext" PT="NP" FE="Cognizer" />
        <valenceUnit GF="Dep" PT="PP[for]" FE="Dependent" />
        <valenceUnit GF="Obj" PT="NP" FE="Requirement" />
        <annoSet ID="2328963" />
        <annoSet ID="6557707" />
      </pattern>
      <pattern total="1">
        <valenceUnit GF="Ext" PT="NP" FE="Cognizer" />
        <valenceUnit GF="Dep" PT="Sub" FE="Dependent" />
        <valenceUnit GF="Obj" PT="NP" FE="Requirement" />
        <annoSet ID="2329751" />
      </pattern>
      <pattern total="1">
        <valenceUnit GF="Ext" PT="NP" FE="Cognizer" />
        <valenceUnit GF="Dep" PT="VPto" FE="Dependent" />
        <valenceUnit GF="Dep" PT="NP" FE="Requirement" />
        <annoSet ID="6557198" />
      </pattern>
      <pattern total="8">
        <valenceUnit GF="Ext" PT="NP" FE="Cognizer" />
        <valenceUnit GF="Dep" PT="VPto" FE="Dependent" />
        <valenceUnit GF="Obj" PT="NP" FE="Requirement" />
        <annoSet ID="2328879" />
        <annoSet ID="2328885" />
        <annoSet ID="2329091" />
        <annoSet ID="2329119" />
        <annoSet ID="6537623" />
        <annoSet ID="6557347" />
        <annoSet ID="6562099" />
        <annoSet ID="6562209" />
      </pattern>
    </FEGroupRealization>
    <FEGroupRealization total="3">
      <FE name="Cognizer" />
      <FE name="Dependent" />
      <FE name="Requirement" />
      <FE name="Requirement" />
      <pattern total="1">
        <valenceUnit GF="Ext" PT="NP" FE="Cognizer" />
        <valenceUnit GF="" PT="DNI" FE="Dependent" />
        <valenceUnit GF="Ext" PT="NP" FE="Requirement" />
        <valenceUnit GF="Ext" PT="NP" FE="Requirement" />
        <annoSet ID="6548525" />
      </pattern>
      <pattern total="1">
        <valenceUnit GF="Ext" PT="NP" FE="Cognizer" />
        <valenceUnit GF="" PT="INI" FE="Dependent" />
        <valenceUnit GF="Obj" PT="NP" FE="Requirement" />
        <valenceUnit GF="Dep" PT="VPto" FE="Requirement" />
        <annoSet ID="6535337" />
      </pattern>
      <pattern total="1">
        <valenceUnit GF="Ext" PT="NP" FE="Cognizer" />
        <valenceUnit GF="" PT="INI" FE="Dependent" />
        <valenceUnit GF="Dep" PT="VPto" FE="Requirement" />
        <valenceUnit GF="Dep" PT="VPto" FE="Requirement" />
        <annoSet ID="4530559" />
      </pattern>
    </FEGroupRealization>
    <FEGroupRealization total="4">
      <FE name="Cognizer" />
      <FE name="Dependent" />
      <FE name="Requirement" />
      <FE name="Time" />
      <pattern total="1">
        <valenceUnit GF="" PT="CNI" FE="Cognizer" />
        <valenceUnit GF="Dep" PT="PP[for]" FE="Dependent" />
        <valenceUnit GF="Ext" PT="NP" FE="Requirement" />
        <valenceUnit GF="Dep" PT="NP" FE="Time" />
        <annoSet ID="2328983" />
      </pattern>
      <pattern total="1">
        <valenceUnit GF="Ext" PT="NP" FE="Cognizer" />
        <valenceUnit GF="" PT="DNI" FE="Dependent" />
        <valenceUnit GF="Obj" PT="NP" FE="Requirement" />
        <valenceUnit GF="Dep" PT="AVP" FE="Time" />
        <annoSet ID="2329157" />
      </pattern>
      <pattern total="1">
        <valenceUnit GF="Ext" PT="NP" FE="Cognizer" />
        <valenceUnit GF="" PT="DNI" FE="Dependent" />
        <valenceUnit GF="Obj" PT="NP" FE="Requirement" />
        <valenceUnit GF="Dep" PT="NP" FE="Time" />
        <annoSet ID="6645695" />
      </pattern>
      <pattern total="1">
        <valenceUnit GF="Ext" PT="NP" FE="Cognizer" />
        <valenceUnit GF="Dep" PT="VPto" FE="Dependent" />
        <valenceUnit GF="Obj" PT="NP" FE="Requirement" />
        <valenceUnit GF="Dep" PT="AVP" FE="Time" />
        <annoSet ID="2328941" />
      </pattern>
    </FEGroupRealization>
    <FEGroupRealization total="1">
      <FE name="Cognizer" />
      <FE name="Dependent" />
      <FE name="Time" />
      <pattern total="1">
        <valenceUnit GF="Ext" PT="NP" FE="Cognizer" />
        <valenceUnit GF="" PT="CNI" FE="Dependent" />
        <valenceUnit GF="Dep" PT="AVP" FE="Time" />
        <annoSet ID="6538533" />
      </pattern>
    </FEGroupRealization>
    <FEGroupRealization total="1">
      <FE name="Cognizer" />
      <FE name="Frequency" />
      <FE name="Requirement" />
      <pattern total="1">
        <valenceUnit GF="Ext" PT="NP" FE="Cognizer" />
        <valenceUnit GF="Dep" PT="AVP" FE="Frequency" />
        <valenceUnit GF="Obj" PT="NP" FE="Requirement" />
        <annoSet ID="6537705" />
      </pattern>
    </FEGroupRealization>
    <FEGroupRealization total="1">
      <FE name="Cognizer" />
      <FE name="Particular_iteration" />
      <FE name="Requirement" />
      <pattern total="1">
        <valenceUnit GF="Ext" PT="NP" FE="Cognizer" />
        <valenceUnit GF="Dep" PT="NP" FE="Particular_iteration" />
        <valenceUnit GF="Obj" PT="NP" FE="Requirement" />
        <annoSet ID="6672880" />
      </pattern>
    </FEGroupRealization>
    <FEGroupRealization total="2">
      <FE name="Cognizer" />
      <FE name="Requirement" />
      <pattern total="2">
        <valenceUnit GF="Ext" PT="NP" FE="Cognizer" />
        <valenceUnit GF="Obj" PT="NP" FE="Requirement" />
        <annoSet ID="6557469" />
        <annoSet ID="6559061" />
      </pattern>
    </FEGroupRealization>
    <FEGroupRealization total="1">
      <FE name="Cognizer" />
      <FE name="Requirement" />
      <FE name="Time" />
      <pattern total="1">
        <valenceUnit GF="Ext" PT="NP" FE="Cognizer" />
        <valenceUnit GF="Dep" PT="VPto" FE="Requirement" />
        <valenceUnit GF="Dep" PT="NP" FE="Time" />
        <annoSet ID="6548460" />
      </pattern>
    </FEGroupRealization>
    <FEGroupRealization total="1">
      <FE name="Dependent" />
      <FE name="Requirement" />
      <pattern total="1">
        <valenceUnit GF="Ext" PT="NP" FE="Dependent" />
        <valenceUnit GF="Obj" PT="VPto" FE="Requirement" />
        <annoSet ID="6673068" />
      </pattern>
    </FEGroupRealization>
  </valences>
  <subCorpus name="V-augmented">
    <sentence sentNo="0" ID="1440752n">
      <text>However , a contrary trend of rapid increase in the number of ` people needing help " was discovered .</text>
      <annotationSet cDate="08/08/2025 07:57:53 PST Fri" status="AUGMENTED" ID="0">
        <layer name="FE" rank="1">
          <label cBy="auto-aug" feID="7709" start="64" end="69" name="Cognizer" />
          <label cBy="auto-aug" feID="7710" start="79" end="82" name="Requirement" />
        </layer>
        <layer name="Target" rank="1">
          <label cBy="auto-aug" start="71" end="77" name="Target" />
        </layer>
      </annotationSet>
    </sentence>
    <sentence sentNo="0" ID="1440808n">
      <text>` I too will need food .</text>
      <annotationSet cDate="08/08/2025 07:57:53 PST Fri" status="AUGMENTED" ID="0">
        <layer name="FE" rank="1">
          <label cBy="auto-aug" feID="7709" start="2" end="2" name="Cognizer" />
          <label cBy="auto-aug" feID="7710" start="18" end="21" name="Requirement" />
        </layer>
        <layer name="Target" rank="1">
          <label cBy="auto-aug" start="13" end="16" name="Target" />
        </layer>
      </annotationSet>
    </sentence>
    <sentence sentNo="0" ID="1440831n">
      <text>supplies are urgently needed for operations .</text>
      <annotationSet cDate="08/08/2025 07:57:53 PST Fri" status="AUGMENTED" ID="0">
        <layer name="FE" rank="1">
          <label cBy="auto-aug" feID="7710" start="0" end="7" name="Requirement" />
          <label cBy="auto-aug" feID="7751" start="13" end="20" name="Degree" />
          <label cBy="auto-aug" feID="7711" start="29" end="42" name="Dependent" />
        </layer>
        <layer name="Target" rank="1">
          <label cBy="auto-aug" start="22" end="27" name="Target" />
        </layer>
      </annotationSet>
    </sentence>
    <sentence sentNo="0" ID="1440796n">
      <text>Then the resources is needed .</text>
      <annotationSet cDate="08/08/2025 07:57:53 PST Fri" status="AUGMENTED" ID="0">
        <layer name="FE" rank="1">
          <label cBy="auto-aug" feID="7710" start="5" end="17" name="Requirement" />
        </layer>
        <layer name="Target" rank="1">
          <label cBy="auto-aug" start="22" end="27" name="Target" />
        </layer>
      </annotationSet>
    </sentence>
    <sentence sentNo="0" ID="1440870n">
      <text>Jimmy Warren was indeed in a state of shock at what he had witnessed and Rachel knew that Jimmy Warren would need care and support .</text>
      <annotationSet cDate="08/08/2025 07:57:53 PST Fri" status="AUGMENTED" ID="0">
        <layer name="FE" rank="1">
          <label cBy="auto-aug" feID="7709" start="90" end="101" name="Cognizer" />
          <label cBy="auto-aug" feID="7710" start="114" end="129" name="Requirement" />
        </layer>
        <layer name="Target" rank="1">
          <label cBy="auto-aug" start="109" end="112" name="Target" />
        </layer>
      </annotationSet>
    </sentence>
    <sentence sentNo="0" ID="1440765n">
      <text>Miss Catherine Metcalfe needed a song  , and Miss Catherine Metcalfe of Bainbridge obliged with her accordion .</text>
      <annotationSet cDate="08/08/2025 07:57:53 PST Fri" status="AUGMENTED" ID="0">
        <layer name="FE" rank="1">
          <label cBy="auto-aug" feID="7709" start="0" end="22" name="Cognizer" />
          <label cBy="auto-aug" feID="7710" start="31" end="36" name="Requirement" />
          <label cBy="auto-aug" feID="7711" start="38" end="37" name="Dependent" />
        </layer>
        <layer name="Target" rank="1">
          <label cBy="auto-aug" start="24" end="29" name="Target" />
        </layer>
      </annotationSet>
    </sentence>
    <sentence sentNo="0" ID="1440872n">
      <text>` I do n't need anything , but occasionally bites become infected and we have to intervene . "</text>
      <annotationSet cDate="08/08/2025 07:57:53 PST Fri" status="AUGMENTED" ID="0">
        <layer name="FE" rank="1">
          <label cBy="auto-aug" feID="7709" start="2" end="2" name="Cognizer" />
          <label cBy="auto-aug" feID="7710" start="16" end="23" name="Requirement" />
        </layer>
        <layer name="Target" rank="1">
          <label cBy="auto-aug" start="11" end="14" name="Target" />
        </layer>
      </annotationSet>
    </sentence>
    <sentence sentNo="0" ID="1440913n">
      <text>I needs assistance .</text>
      <annotationSet cDate="08/08/2025 07:57:53 PST Fri" status="AUGMENTED" ID="0">
        <layer name="FE" rank="1">
          <label cBy="auto-aug" feID="7709" start="0" end="0" name="Cognizer" />
          <label cBy="auto-aug" feID="7710" start="8" end="17" name="Requirement" />
        </layer>
        <layer name="Target" rank="1">
          <label cBy="auto-aug" start="2" end="6" name="Target" />
        </layer>
      </annotationSet>
    </sentence>
    <sentence sentNo="0" ID="1440814n">
      <text>Paul Mason , Lee Richardson needed medication , could be necessary since Paul Mason , Lee Richardson and Gary Smith are all victims of flu .</text>
      <annotationSet cDate="08/08/2025 07:57:53 PST Fri" status="AUGMENTED" ID="0">
        <layer name="FE" rank="1">
          <label cBy="auto-aug" feID="7709" start="0" end="9" name="Cognizer" />
          <label cBy="auto-aug" feID="7709" start="13" end="26" name="Cognizer" />
          <label cBy="auto-aug" feID="7710" start="35" end="44" name="Requirement" />
        </layer>
        <layer name="Target" rank="1">
          <label cBy="auto-aug" start="28" end="33" name="Target" />
        </layer>
      </annotationSet>
    </sentence>
    <sentence sentNo="0" ID="1440825n">
      <text>` Will you need anything ? " asked Herr Bischoff as he handed his Russian client a personal sealed envelope .</text>
      <annotationSet cDate="08/08/2025 07:57:53 PST Fri" status="AUGMENTED" ID="0">
        <layer name="FE" rank="1">
          <label cBy="auto-aug" feID="7709" start="7" end="9" name="Cognizer" />
          <label cBy="auto-aug" feID="7710" start="16" end="23" name="Requirement" />
        </layer>
        <layer name="Target" rank="1">
          <label cBy="auto-aug" start="11" end="14" name="Target" />
        </layer>
      </annotationSet>
    </sentence>
    <sentence sentNo="0" ID="4097632n">
      <text>The Natural Resources Defense Council has estimated that the government could need more resources to address the issue .</text>
      <annotationSet cDate="08/08/2025 07:57:53 PST Fri" status="AUGMENTED" ID="0">
        <layer name="FE" rank="1">
          <label cBy="auto-aug" feID="7709" start="57" end="70" name="Cognizer" />
          <label cBy="auto-aug" feID="7710" start="83" end="96" name="Requirement" />
          <label cBy="auto-aug" feID="7711" start="98" end="117" name="Dependent" />
        </layer>
        <layer name="Target" rank="1">
          <label cBy="auto-aug" start="78" end="81" name="Target" />
        </layer>
      </annotationSet>
    </sentence>
    <sentence sentNo="0" ID="1440754n">
      <text>Indeed , patients may need support at different stages of the treatment programme .</text>
      <annotationSet cDate="08/08/2025 07:57:53 PST Fri" status="AUGMENTED" ID="0">
        <layer name="FE" rank="1">
          <label cBy="auto-aug" feID="7709" start="9" end="16" name="Cognizer" />
          <label cBy="auto-aug" feID="7710" start="27" end="33" name="Requirement" />
          <label cBy="auto-aug" feID="7728" start="35" end="80" name="Circumstances" />
        </layer>
        <layer name="Target" rank="1">
          <label cBy="auto-aug" start="22" end="25" name="Target" />
        </layer>
      </annotationSet>
    </sentence>
    <sentence sentNo="0" ID="1440917n">
      <text>At present I you to study need   .</text>
      <annotationSet cDate="08/08/2025 07:57:53 PST Fri" status="AUGMENTED" ID="0">
        <layer name="FE" rank="1">
          <label cBy="auto-aug" feID="7762" start="0" end="9" name="Time" />
          <label cBy="auto-aug" feID="7709" start="11" end="24" name="Cognizer" />
          <label cBy="auto-aug" feID="7710" start="31" end="30" name="Requirement" />
          <label cBy="auto-aug" feID="7711" start="32" end="31" name="Dependent" />
        </layer>
        <layer name="Target" rank="1">
          <label cBy="auto-aug" start="26" end="29" name="Target" />
        </layer>
      </annotationSet>
    </sentence>
    <sentence sentNo="0" ID="1440788n">
      <text>Thus most long-term care for the patients who require assistance need  would be the responsibility of the local authority rather than , as formerly , of the NHS .</text>
      <annotationSet cDate="08/08/2025 07:57:53 PST Fri" status="AUGMENTED" ID="0">
        <layer name="FE" rank="1">
          <label cBy="auto-aug" feID="7709" start="29" end="40" name="Cognizer" />
          <label cBy="auto-aug" feID="7709" start="42" end="63" name="Cognizer" />
          <label cBy="auto-aug" feID="7710" start="70" end="69" name="Requirement" />
        </layer>
        <layer name="Target" rank="1">
          <label cBy="auto-aug" start="65" end="68" name="Target" />
        </layer>
      </annotationSet>
    </sentence>
    <sentence sentNo="0" ID="1440813n">
      <text>I have needed assistance .</text>
      <annotationSet cDate="08/08/2025 07:57:53 PST Fri" status="AUGMENTED" ID="0">
        <layer name="FE" rank="1">
          <label cBy="auto-aug" feID="7709" start="0" end="0" name="Cognizer" />
          <label cBy="auto-aug" feID="7710" start="14" end="23" name="Requirement" />
        </layer>
        <layer name="Target" rank="1">
          <label cBy="auto-aug" start="7" end="12" name="Target" />
        </layer>
      </annotationSet>
    </sentence>
    <sentence sentNo="0" ID="1440832n">
      <text>I urgently needs assistance .</text>
      <annotationSet cDate="08/08/2025 07:57:53 PST Fri" status="AUGMENTED" ID="0">
        <layer name="FE" rank="1">
          <label cBy="auto-aug" feID="7709" start="0" end="0" name="Cognizer" />
          <label cBy="auto-aug" feID="7751" start="2" end="9" name="Degree" />
          <label cBy="auto-aug" feID="7710" start="17" end="26" name="Requirement" />
        </layer>
        <layer name="Target" rank="1">
          <label cBy="auto-aug" start="11" end="15" name="Target" />
        </layer>
      </annotationSet>
    </sentence>
    <sentence sentNo="0" ID="1440797n">
      <text>you will be needed by everyone .</text>
      <annotationSet cDate="08/08/2025 07:57:53 PST Fri" status="AUGMENTED" ID="0">
        <layer name="FE" rank="1">
          <label cBy="auto-aug" feID="7710" start="0" end="2" name="Requirement" />
          <label cBy="auto-aug" feID="7709" start="19" end="29" name="Cognizer" />
        </layer>
        <layer name="Target" rank="1">
          <label cBy="auto-aug" start="12" end="17" name="Target" />
        </layer>
      </annotationSet>
    </sentence>
  </subCorpus>
</lexUnit>