<?xml version='1.0' encoding='UTF-8'?>
<lexUnit xmlns="http://framenet.icsi.berkeley.edu" xmlns:xsi="http://www.w3.org/2001/XMLSchema-instance" status="FN1_Sent" POS="V" name="waltz.v" ID="1262" frame="Self_motion" frameID="64" totalAnnotated="24" xsi:schemaLocation="../schema/lexUnit.xsd">
  <header>
    <corpus description="AQUAINT Knowledge-Based Evaluation Texts" name="KBEval" ID="185">
      <document description="utd-icsi" name="utd-icsi" ID="23579" />
    </corpus>
    <frame>
      <FE fgColor="FFFFFF" bgColor="A52A2A" type="Core" abbrev="Area" name="Area" />
      <FE fgColor="000000" bgColor="FF0000" type="Extra-Thematic" abbrev="" name="Concessive" />
      <FE fgColor="000000" bgColor="A52A2A" type="Extra-Thematic" abbrev="coo" name="Coordinated_event" />
      <FE fgColor="FFFFFF" bgColor="808080" type="Extra-Thematic" abbrev="Thm_c" name="Cotheme" />
      <FE fgColor="FFFFFF" bgColor="9400D3" type="Extra-Thematic" abbrev="Dep" name="Depictive" />
      <FE fgColor="000000" bgColor="d0d0d0" type="Core" abbrev="dir" name="Direction" />
      <FE fgColor="000000" bgColor="FFFF00" type="Peripheral" abbrev="Dist" name="Distance" />
      <FE fgColor="FFFFFF" bgColor="9F79EE" type="Peripheral" abbrev="Dur" name="Duration" />
      <FE fgColor="FFFFFF" bgColor="A9A9A9" type="Extra-Thematic" abbrev="Exp" name="Explanation" />
      <FE fgColor="FFFFFF" bgColor="90876C" type="Extra-Thematic" abbrev="ext" name="External_cause" />
      <FE fgColor="FFFFFF" bgColor="00BFFF" type="Core" abbrev="Goal" name="Goal" />
      <FE fgColor="FFFFFF" bgColor="2E8B57" type="Extra-Thematic" abbrev="Cause" name="Internal_cause" />
      <FE fgColor="FFFFFF" bgColor="FF00FF" type="Peripheral" abbrev="Manr" name="Manner" />
      <FE fgColor="FFFFFF" bgColor="FF69B4" type="Peripheral" abbrev="Mns" name="Means" />
      <FE fgColor="FFFFFF" bgColor="0000FF" type="Core" abbrev="Path" name="Path" />
      <FE fgColor="000000" bgColor="FF00FF" type="Peripheral" abbrev="" name="Path_shape" />
      <FE fgColor="FFFFFF" bgColor="008000" type="Peripheral" abbrev="" name="Place" />
      <FE fgColor="FFFFFF" bgColor="800080" type="Peripheral" abbrev="Purp" name="Purpose" />
      <FE fgColor="FFFFFF" bgColor="7CCD73" type="Extra-Thematic" abbrev="Result" name="Result" />
      <FE fgColor="FFFFFF" bgColor="FF0000" type="Core" abbrev="SMov" name="Self_mover" />
      <FE fgColor="FFFFFF" bgColor="006400" type="Core" abbrev="Src" name="Source" />
      <FE fgColor="FFFFFF" bgColor="1E90FF" type="Peripheral" abbrev="Spd" name="Speed" />
      <FE fgColor="FFFFFF" bgColor="FFA500" type="Peripheral" abbrev="Time" name="Time" />
    </frame>
  </header>
  <definition>COD: move or act lightly, casually, or inconsiderately:</definition>
  <lexeme POS="V" name="waltz" />
  <valences>
    <FERealization total="1">
      <FE name="Area" />
      <pattern total="1">
        <valenceUnit GF="Dep" PT="PP[around]" FE="Area" />
        <annoSet ID="1023765" />
      </pattern>
    </FERealization>
    <FERealization total="5">
      <FE name="Depictive" />
      <pattern total="1">
        <valenceUnit GF="Dep" PT="PP[in]" FE="Depictive" />
        <annoSet ID="1023791" />
      </pattern>
      <pattern total="2">
        <valenceUnit GF="Dep" PT="PP[with]" FE="Depictive" />
        <annoSet ID="1023795" />
        <annoSet ID="1023807" />
      </pattern>
      <pattern total="2">
        <valenceUnit GF="Dep" PT="VPing" FE="Depictive" />
        <annoSet ID="1023715" />
        <annoSet ID="1023787" />
      </pattern>
    </FERealization>
    <FERealization total="1">
      <FE name="Duration" />
      <pattern total="1">
        <valenceUnit GF="Dep" PT="NP" FE="Duration" />
        <annoSet ID="1023765" />
      </pattern>
    </FERealization>
    <FERealization total="10">
      <FE name="Goal" />
      <pattern total="3">
        <valenceUnit GF="Dep" PT="PP[to]" FE="Goal" />
        <annoSet ID="1023715" />
        <annoSet ID="1023745" />
        <annoSet ID="1023807" />
      </pattern>
      <pattern total="1">
        <valenceUnit GF="Dep" PT="AVP" FE="Goal" />
        <annoSet ID="1023809" />
      </pattern>
      <pattern total="2">
        <valenceUnit GF="Dep" PT="PP[in]" FE="Goal" />
        <annoSet ID="1023781" />
        <annoSet ID="1023799" />
      </pattern>
      <pattern total="4">
        <valenceUnit GF="Dep" PT="PP[into]" FE="Goal" />
        <annoSet ID="1023721" />
        <annoSet ID="1023723" />
        <annoSet ID="1023727" />
        <annoSet ID="6532567" />
      </pattern>
    </FERealization>
    <FERealization total="2">
      <FE name="Manner" />
      <pattern total="2">
        <valenceUnit GF="Dep" PT="AVP" FE="Manner" />
        <annoSet ID="1023769" />
        <annoSet ID="6532567" />
      </pattern>
    </FERealization>
    <FERealization total="10">
      <FE name="Path" />
      <pattern total="1">
        <valenceUnit GF="Dep" PT="PP[round]" FE="Path" />
        <annoSet ID="1023791" />
      </pattern>
      <pattern total="2">
        <valenceUnit GF="Dep" PT="PP[over]" FE="Path" />
        <annoSet ID="1023787" />
        <annoSet ID="1023807" />
      </pattern>
      <pattern total="1">
        <valenceUnit GF="Dep" PT="AVP" FE="Path" />
        <annoSet ID="1023721" />
      </pattern>
      <pattern total="1">
        <valenceUnit GF="Dep" PT="PP[around]" FE="Path" />
        <annoSet ID="1023769" />
      </pattern>
      <pattern total="1">
        <valenceUnit GF="Dep" PT="PP[along]" FE="Path" />
        <annoSet ID="1023763" />
      </pattern>
      <pattern total="1">
        <valenceUnit GF="Dep" PT="PP[in]" FE="Path" />
        <annoSet ID="1023773" />
      </pattern>
      <pattern total="3">
        <valenceUnit GF="Dep" PT="PP[through]" FE="Path" />
        <annoSet ID="1023733" />
        <annoSet ID="1023735" />
        <annoSet ID="1023737" />
      </pattern>
    </FERealization>
    <FERealization total="1">
      <FE name="Place" />
      <pattern total="1">
        <valenceUnit GF="Dep" PT="PP[at]" FE="Place" />
        <annoSet ID="1023763" />
      </pattern>
    </FERealization>
    <FERealization total="1">
      <FE name="Purpose" />
      <pattern total="1">
        <valenceUnit GF="Dep" PT="PP[for]" FE="Purpose" />
        <annoSet ID="1023799" />
      </pattern>
    </FERealization>
    <FERealization total="24">
      <FE name="Self_mover" />
      <pattern total="1">
        <valenceUnit GF="" PT="CNI" FE="Self_mover" />
        <annoSet ID="1023765" />
      </pattern>
      <pattern total="22">
        <valenceUnit GF="Ext" PT="NP" FE="Self_mover" />
        <annoSet ID="1023715" />
        <annoSet ID="1023721" />
        <annoSet ID="1023723" />
        <annoSet ID="1023727" />
        <annoSet ID="1023733" />
        <annoSet ID="1023735" />
        <annoSet ID="1023737" />
        <annoSet ID="1023745" />
        <annoSet ID="1023761" />
        <annoSet ID="1023763" />
        <annoSet ID="1023769" />
        <annoSet ID="1023771" />
        <annoSet ID="1023773" />
        <annoSet ID="1023781" />
        <annoSet ID="1023783" />
        <annoSet ID="1023785" />
        <annoSet ID="1023787" />
        <annoSet ID="1023791" />
        <annoSet ID="1023795" />
        <annoSet ID="1023799" />
        <annoSet ID="1023807" />
        <annoSet ID="1023809" />
      </pattern>
      <pattern total="1">
        <valenceUnit GF="Ext" PT="N" FE="Self_mover" />
        <annoSet ID="6532567" />
      </pattern>
    </FERealization>
    <FERealization total="6">
      <FE name="Source" />
      <pattern total="2">
        <valenceUnit GF="Dep" PT="AVP" FE="Source" />
        <annoSet ID="1023771" />
        <annoSet ID="1023795" />
      </pattern>
      <pattern total="1">
        <valenceUnit GF="Dep" PT="PP[from]" FE="Source" />
        <annoSet ID="1023715" />
      </pattern>
      <pattern total="2">
        <valenceUnit GF="Dep" PT="PP[off]" FE="Source" />
        <annoSet ID="1023783" />
        <annoSet ID="1023785" />
      </pattern>
      <pattern total="1">
        <valenceUnit GF="Dep" PT="PP[out]" FE="Source" />
        <annoSet ID="1023761" />
      </pattern>
    </FERealization>
    <FERealization total="2">
      <FE name="Time" />
      <pattern total="1">
        <valenceUnit GF="Dep" PT="PP[after]" FE="Time" />
        <annoSet ID="1023799" />
      </pattern>
      <pattern total="1">
        <valenceUnit GF="Dep" PT="PP[on]" FE="Time" />
        <annoSet ID="1023737" />
      </pattern>
    </FERealization>
    <FEGroupRealization total="1">
      <FE name="Area" />
      <FE name="Duration" />
      <FE name="Self_mover" />
      <pattern total="1">
        <valenceUnit GF="Dep" PT="PP[around]" FE="Area" />
        <valenceUnit GF="Dep" PT="NP" FE="Duration" />
        <valenceUnit GF="" PT="CNI" FE="Self_mover" />
        <annoSet ID="1023765" />
      </pattern>
    </FEGroupRealization>
    <FEGroupRealization total="1">
      <FE name="Depictive" />
      <FE name="Goal" />
      <FE name="Goal" />
      <FE name="Self_mover" />
      <FE name="Source" />
      <FE name="Source" />
      <pattern total="1">
        <valenceUnit GF="Dep" PT="VPing" FE="Depictive" />
        <valenceUnit GF="Dep" PT="PP[to]" FE="Goal" />
        <valenceUnit GF="Dep" PT="PP[to]" FE="Goal" />
        <valenceUnit GF="Ext" PT="NP" FE="Self_mover" />
        <valenceUnit GF="Dep" PT="PP[from]" FE="Source" />
        <valenceUnit GF="Dep" PT="PP[from]" FE="Source" />
        <annoSet ID="1023715" />
      </pattern>
    </FEGroupRealization>
    <FEGroupRealization total="1">
      <FE name="Depictive" />
      <FE name="Goal" />
      <FE name="Path" />
      <FE name="Self_mover" />
      <pattern total="1">
        <valenceUnit GF="Dep" PT="PP[with]" FE="Depictive" />
        <valenceUnit GF="Dep" PT="PP[to]" FE="Goal" />
        <valenceUnit GF="Dep" PT="PP[over]" FE="Path" />
        <valenceUnit GF="Ext" PT="NP" FE="Self_mover" />
        <annoSet ID="1023807" />
      </pattern>
    </FEGroupRealization>
    <FEGroupRealization total="2">
      <FE name="Depictive" />
      <FE name="Path" />
      <FE name="Self_mover" />
      <pattern total="1">
        <valenceUnit GF="Dep" PT="PP[in]" FE="Depictive" />
        <valenceUnit GF="Dep" PT="PP[round]" FE="Path" />
        <valenceUnit GF="Ext" PT="NP" FE="Self_mover" />
        <annoSet ID="1023791" />
      </pattern>
      <pattern total="1">
        <valenceUnit GF="Dep" PT="VPing" FE="Depictive" />
        <valenceUnit GF="Dep" PT="PP[over]" FE="Path" />
        <valenceUnit GF="Ext" PT="NP" FE="Self_mover" />
        <annoSet ID="1023787" />
      </pattern>
    </FEGroupRealization>
    <FEGroupRealization total="1">
      <FE name="Depictive" />
      <FE name="Self_mover" />
      <FE name="Source" />
      <pattern total="1">
        <valenceUnit GF="Dep" PT="PP[with]" FE="Depictive" />
        <valenceUnit GF="Ext" PT="NP" FE="Self_mover" />
        <valenceUnit GF="Dep" PT="AVP" FE="Source" />
        <annoSet ID="1023795" />
      </pattern>
    </FEGroupRealization>
    <FEGroupRealization total="1">
      <FE name="Goal" />
      <FE name="Manner" />
      <FE name="Self_mover" />
      <pattern total="1">
        <valenceUnit GF="Dep" PT="PP[into]" FE="Goal" />
        <valenceUnit GF="Dep" PT="AVP" FE="Manner" />
        <valenceUnit GF="Ext" PT="N" FE="Self_mover" />
        <annoSet ID="6532567" />
      </pattern>
    </FEGroupRealization>
    <FEGroupRealization total="1">
      <FE name="Goal" />
      <FE name="Path" />
      <FE name="Self_mover" />
      <pattern total="1">
        <valenceUnit GF="Dep" PT="PP[into]" FE="Goal" />
        <valenceUnit GF="Dep" PT="AVP" FE="Path" />
        <valenceUnit GF="Ext" PT="NP" FE="Self_mover" />
        <annoSet ID="1023721" />
      </pattern>
    </FEGroupRealization>
    <FEGroupRealization total="1">
      <FE name="Goal" />
      <FE name="Purpose" />
      <FE name="Self_mover" />
      <FE name="Time" />
      <pattern total="1">
        <valenceUnit GF="Dep" PT="PP[in]" FE="Goal" />
        <valenceUnit GF="Dep" PT="PP[for]" FE="Purpose" />
        <valenceUnit GF="Ext" PT="NP" FE="Self_mover" />
        <valenceUnit GF="Dep" PT="PP[after]" FE="Time" />
        <annoSet ID="1023799" />
      </pattern>
    </FEGroupRealization>
    <FEGroupRealization total="5">
      <FE name="Goal" />
      <FE name="Self_mover" />
      <pattern total="1">
        <valenceUnit GF="Dep" PT="AVP" FE="Goal" />
        <valenceUnit GF="Ext" PT="NP" FE="Self_mover" />
        <annoSet ID="1023809" />
      </pattern>
      <pattern total="1">
        <valenceUnit GF="Dep" PT="PP[in]" FE="Goal" />
        <valenceUnit GF="Ext" PT="NP" FE="Self_mover" />
        <annoSet ID="1023781" />
      </pattern>
      <pattern total="2">
        <valenceUnit GF="Dep" PT="PP[into]" FE="Goal" />
        <valenceUnit GF="Ext" PT="NP" FE="Self_mover" />
        <annoSet ID="1023723" />
        <annoSet ID="1023727" />
      </pattern>
      <pattern total="1">
        <valenceUnit GF="Dep" PT="PP[to]" FE="Goal" />
        <valenceUnit GF="Ext" PT="NP" FE="Self_mover" />
        <annoSet ID="1023745" />
      </pattern>
    </FEGroupRealization>
    <FEGroupRealization total="1">
      <FE name="Manner" />
      <FE name="Path" />
      <FE name="Self_mover" />
      <pattern total="1">
        <valenceUnit GF="Dep" PT="AVP" FE="Manner" />
        <valenceUnit GF="Dep" PT="PP[around]" FE="Path" />
        <valenceUnit GF="Ext" PT="NP" FE="Self_mover" />
        <annoSet ID="1023769" />
      </pattern>
    </FEGroupRealization>
    <FEGroupRealization total="1">
      <FE name="Path" />
      <FE name="Place" />
      <FE name="Self_mover" />
      <pattern total="1">
        <valenceUnit GF="Dep" PT="PP[along]" FE="Path" />
        <valenceUnit GF="Dep" PT="PP[at]" FE="Place" />
        <valenceUnit GF="Ext" PT="NP" FE="Self_mover" />
        <annoSet ID="1023763" />
      </pattern>
    </FEGroupRealization>
    <FEGroupRealization total="3">
      <FE name="Path" />
      <FE name="Self_mover" />
      <pattern total="1">
        <valenceUnit GF="Dep" PT="PP[in]" FE="Path" />
        <valenceUnit GF="Ext" PT="NP" FE="Self_mover" />
        <annoSet ID="1023773" />
      </pattern>
      <pattern total="2">
        <valenceUnit GF="Dep" PT="PP[through]" FE="Path" />
        <valenceUnit GF="Ext" PT="NP" FE="Self_mover" />
        <annoSet ID="1023733" />
        <annoSet ID="1023735" />
      </pattern>
    </FEGroupRealization>
    <FEGroupRealization total="1">
      <FE name="Path" />
      <FE name="Self_mover" />
      <FE name="Time" />
      <pattern total="1">
        <valenceUnit GF="Dep" PT="PP[through]" FE="Path" />
        <valenceUnit GF="Ext" PT="NP" FE="Self_mover" />
        <valenceUnit GF="Dep" PT="PP[on]" FE="Time" />
        <annoSet ID="1023737" />
      </pattern>
    </FEGroupRealization>
    <FEGroupRealization total="4">
      <FE name="Self_mover" />
      <FE name="Source" />
      <pattern total="1">
        <valenceUnit GF="Ext" PT="NP" FE="Self_mover" />
        <valenceUnit GF="Dep" PT="AVP" FE="Source" />
        <annoSet ID="1023771" />
      </pattern>
      <pattern total="2">
        <valenceUnit GF="Ext" PT="NP" FE="Self_mover" />
        <valenceUnit GF="Dep" PT="PP[off]" FE="Source" />
        <annoSet ID="1023783" />
        <annoSet ID="1023785" />
      </pattern>
      <pattern total="1">
        <valenceUnit GF="Ext" PT="NP" FE="Self_mover" />
        <valenceUnit GF="Dep" PT="PP[out]" FE="Source" />
        <annoSet ID="1023761" />
      </pattern>
    </FEGroupRealization>
  </valences>
  <subCorpus name="V-augmented">
    <sentence sentNo="0" ID="733238n">
      <text>He waltzed toward the machine to take a look at the machine . </text>
      <annotationSet cDate="08/08/2025 08:00:08 PST Fri" status="AUGMENTED" ID="0">
        <layer name="FE" rank="1">
          <label cBy="auto-aug" feID="285" start="0" end="1" name="Self_mover" />
          <label cBy="auto-aug" feID="287" start="11" end="28" name="Path" />
          <label cBy="auto-aug" feID="3165" start="30" end="58" name="Purpose" />
        </layer>
        <layer name="Target" rank="1">
          <label cBy="auto-aug" start="3" end="9" name="Target" />
        </layer>
      </annotationSet>
    </sentence>
    <sentence sentNo="0" ID="753717n">
      <text>` I 'll waltz the dance and shoot a cable mike through one of the windows . " </text>
      <annotationSet cDate="08/08/2025 08:00:08 PST Fri" status="AUGMENTED" ID="0">
        <layer name="FE" rank="1">
          <label cBy="auto-aug" feID="285" start="2" end="2" name="Self_mover" />
          <label cBy="auto-aug" feID="288" start="14" end="22" name="Goal" />
        </layer>
        <layer name="Target" rank="1">
          <label cBy="auto-aug" start="8" end="12" name="Target" />
        </layer>
      </annotationSet>
    </sentence>
    <sentence sentNo="0" ID="748285n">
      <text>Bodie received the message about the sneaky departure of Chrissie and the two children as he was waltzing to the door , just after six in the morning . </text>
      <annotationSet cDate="08/08/2025 08:00:08 PST Fri" status="AUGMENTED" ID="0">
        <layer name="FE" rank="1">
          <label cBy="auto-aug" feID="285" start="90" end="91" name="Self_mover" />
          <label cBy="auto-aug" feID="287" start="106" end="116" name="Path" />
        </layer>
        <layer name="Target" rank="1">
          <label cBy="auto-aug" start="97" end="104" name="Target" />
        </layer>
      </annotationSet>
    </sentence>
  </subCorpus>
</lexUnit>