<?xml version='1.0' encoding='UTF-8'?>
<lexUnit xmlns="http://framenet.icsi.berkeley.edu" xmlns:xsi="http://www.w3.org/2001/XMLSchema-instance" status="Finished_Initial" POS="V" name="decline.v" ID="12759" frame="Agree_or_refuse_to_act" frameID="1625" totalAnnotated="11" xsi:schemaLocation="../schema/lexUnit.xsd">
  <header>
    <corpus description="BNC2" name="BNC2" ID="111">
      <document description="bncp" name="bncp" ID="421" />
    </corpus>
    <corpus description="AQUAINT Knowledge-Based Evaluation Texts" name="KBEval" ID="185">
      <document description="Brandeis" name="Brandeis" ID="23573" />
    </corpus>
    <frame>
      <FE fgColor="000000" bgColor="EEE8AA" type="Extra-Thematic" abbrev="Co-t" name="Co-timed_event" />
      <FE fgColor="FFFFFF" bgColor="9400D3" type="Extra-Thematic" abbrev="Depict" name="Depictive" />
      <FE fgColor="FFFFFF" bgColor="0000FF" type="Extra-Thematic" abbrev="Eve" name="Event_description" />
      <FE fgColor="FFFFFF" bgColor="90876C" type="Extra-Thematic" abbrev="Exp" name="Explanation" />
      <FE fgColor="000000" bgColor="7FFF00" type="Extra-Thematic" abbrev="Fre" name="Frequency" />
      <FE fgColor="FFFFFF" bgColor="008000" type="Core" abbrev="int" name="Interlocutor" />
      <FE fgColor="FFFFFF" bgColor="FFA500" type="Extra-Thematic" abbrev="Int" name="Internal_cause" />
      <FE fgColor="FFFFFF" bgColor="FF00FF" type="Peripheral" abbrev="Manr" name="Manner" />
      <FE fgColor="FFFFFF" bgColor="A52A2A" type="Peripheral" abbrev="Mns" name="Means" />
      <FE fgColor="FFFFFF" bgColor="7CCD73" type="Peripheral" abbrev="Medium" name="Medium" />
      <FE fgColor="FFFFFF" bgColor="00008B" type="Extra-Thematic" abbrev="par" name="Particular_iteration" />
      <FE fgColor="FFFFFF" bgColor="FF69B4" type="Peripheral" abbrev="pla" name="Place" />
      <FE fgColor="FFFFFF" bgColor="00BFFF" type="Core" abbrev="pro" name="Proposed_action" />
      <FE fgColor="FFFFFF" bgColor="1E90FF" type="Peripheral" abbrev="pur" name="Purpose" />
      <FE fgColor="FFFFFF" bgColor="808080" type="Peripheral" abbrev="rol" name="Role" />
      <FE fgColor="FFFFFF" bgColor="FF0000" type="Core" abbrev="spr" name="Speaker" />
      <FE fgColor="FFFFFF" bgColor="2E8B57" type="Peripheral" abbrev="tim" name="Time" />
    </frame>
  </header>
  <definition>COD: politely refuse</definition>
  <lexeme POS="V" name="decline" />
  <valences>
    <FERealization total="1">
      <FE name="Co-timed_event" />
      <pattern total="1">
        <valenceUnit GF="Dep" PT="PP[with]" FE="Co-timed_event" />
        <annoSet ID="2169254" />
      </pattern>
    </FERealization>
    <FERealization total="1">
      <FE name="Depictive" />
      <pattern total="1">
        <valenceUnit GF="" PT="2nd" FE="Depictive" />
        <annoSet ID="2169254" />
      </pattern>
    </FERealization>
    <FERealization total="2">
      <FE name="Explanation" />
      <pattern total="1">
        <valenceUnit GF="Dep" PT="Sub" FE="Explanation" />
        <annoSet ID="2169348" />
      </pattern>
      <pattern total="1">
        <valenceUnit GF="Dep" PT="VPing" FE="Explanation" />
        <annoSet ID="2169516" />
      </pattern>
    </FERealization>
    <FERealization total="11">
      <FE name="Interlocutor" />
      <pattern total="11">
        <valenceUnit GF="" PT="DNI" FE="Interlocutor" />
        <annoSet ID="2169254" />
        <annoSet ID="2169258" />
        <annoSet ID="2169276" />
        <annoSet ID="2169294" />
        <annoSet ID="2169348" />
        <annoSet ID="2169364" />
        <annoSet ID="2169404" />
        <annoSet ID="2169496" />
        <annoSet ID="2169516" />
        <annoSet ID="6532781" />
        <annoSet ID="6533219" />
      </pattern>
    </FERealization>
    <FERealization total="1">
      <FE name="Particular_iteration" />
      <pattern total="1">
        <valenceUnit GF="Dep" PT="AVP" FE="Particular_iteration" />
        <annoSet ID="2169294" />
      </pattern>
    </FERealization>
    <FERealization total="11">
      <FE name="Proposed_action" />
      <pattern total="5">
        <valenceUnit GF="Obj" PT="NP" FE="Proposed_action" />
        <annoSet ID="2169254" />
        <annoSet ID="2169348" />
        <annoSet ID="2169496" />
        <annoSet ID="2169516" />
        <annoSet ID="6533219" />
      </pattern>
      <pattern total="6">
        <valenceUnit GF="Dep" PT="VPto" FE="Proposed_action" />
        <annoSet ID="2169258" />
        <annoSet ID="2169276" />
        <annoSet ID="2169294" />
        <annoSet ID="2169364" />
        <annoSet ID="2169404" />
        <annoSet ID="6532781" />
      </pattern>
    </FERealization>
    <FERealization total="11">
      <FE name="Speaker" />
      <pattern total="11">
        <valenceUnit GF="Ext" PT="NP" FE="Speaker" />
        <annoSet ID="2169254" />
        <annoSet ID="2169258" />
        <annoSet ID="2169276" />
        <annoSet ID="2169294" />
        <annoSet ID="2169348" />
        <annoSet ID="2169364" />
        <annoSet ID="2169404" />
        <annoSet ID="2169496" />
        <annoSet ID="2169516" />
        <annoSet ID="6532781" />
        <annoSet ID="6533219" />
      </pattern>
    </FERealization>
    <FERealization total="1">
      <FE name="Time" />
      <pattern total="1">
        <valenceUnit GF="Dep" PT="NP" FE="Time" />
        <annoSet ID="2169276" />
      </pattern>
    </FERealization>
    <FEGroupRealization total="1">
      <FE name="Co-timed_event" />
      <FE name="Depictive" />
      <FE name="Interlocutor" />
      <FE name="Proposed_action" />
      <FE name="Speaker" />
      <pattern total="1">
        <valenceUnit GF="Dep" PT="PP[with]" FE="Co-timed_event" />
        <valenceUnit GF="" PT="2nd" FE="Depictive" />
        <valenceUnit GF="" PT="DNI" FE="Interlocutor" />
        <valenceUnit GF="Obj" PT="NP" FE="Proposed_action" />
        <valenceUnit GF="Ext" PT="NP" FE="Speaker" />
        <annoSet ID="2169254" />
      </pattern>
    </FEGroupRealization>
    <FEGroupRealization total="2">
      <FE name="Explanation" />
      <FE name="Interlocutor" />
      <FE name="Proposed_action" />
      <FE name="Speaker" />
      <pattern total="1">
        <valenceUnit GF="Dep" PT="Sub" FE="Explanation" />
        <valenceUnit GF="" PT="DNI" FE="Interlocutor" />
        <valenceUnit GF="Obj" PT="NP" FE="Proposed_action" />
        <valenceUnit GF="Ext" PT="NP" FE="Speaker" />
        <annoSet ID="2169348" />
      </pattern>
      <pattern total="1">
        <valenceUnit GF="Dep" PT="VPing" FE="Explanation" />
        <valenceUnit GF="" PT="DNI" FE="Interlocutor" />
        <valenceUnit GF="Obj" PT="NP" FE="Proposed_action" />
        <valenceUnit GF="Ext" PT="NP" FE="Speaker" />
        <annoSet ID="2169516" />
      </pattern>
    </FEGroupRealization>
    <FEGroupRealization total="1">
      <FE name="Interlocutor" />
      <FE name="Particular_iteration" />
      <FE name="Proposed_action" />
      <FE name="Speaker" />
      <pattern total="1">
        <valenceUnit GF="" PT="DNI" FE="Interlocutor" />
        <valenceUnit GF="Dep" PT="AVP" FE="Particular_iteration" />
        <valenceUnit GF="Dep" PT="VPto" FE="Proposed_action" />
        <valenceUnit GF="Ext" PT="NP" FE="Speaker" />
        <annoSet ID="2169294" />
      </pattern>
    </FEGroupRealization>
    <FEGroupRealization total="6">
      <FE name="Interlocutor" />
      <FE name="Proposed_action" />
      <FE name="Speaker" />
      <pattern total="2">
        <valenceUnit GF="" PT="DNI" FE="Interlocutor" />
        <valenceUnit GF="Obj" PT="NP" FE="Proposed_action" />
        <valenceUnit GF="Ext" PT="NP" FE="Speaker" />
        <annoSet ID="2169496" />
        <annoSet ID="6533219" />
      </pattern>
      <pattern total="4">
        <valenceUnit GF="" PT="DNI" FE="Interlocutor" />
        <valenceUnit GF="Dep" PT="VPto" FE="Proposed_action" />
        <valenceUnit GF="Ext" PT="NP" FE="Speaker" />
        <annoSet ID="2169258" />
        <annoSet ID="2169364" />
        <annoSet ID="2169404" />
        <annoSet ID="6532781" />
      </pattern>
    </FEGroupRealization>
    <FEGroupRealization total="1">
      <FE name="Interlocutor" />
      <FE name="Proposed_action" />
      <FE name="Speaker" />
      <FE name="Time" />
      <pattern total="1">
        <valenceUnit GF="" PT="DNI" FE="Interlocutor" />
        <valenceUnit GF="Dep" PT="VPto" FE="Proposed_action" />
        <valenceUnit GF="Ext" PT="NP" FE="Speaker" />
        <valenceUnit GF="Dep" PT="NP" FE="Time" />
        <annoSet ID="2169276" />
      </pattern>
    </FEGroupRealization>
  </valences>
  <subCorpus name="V-augmented">
    <sentence sentNo="0" ID="1360832n">
      <text>Margaret Thatcher 's government so far declines to implement new policies .</text>
      <annotationSet cDate="08/08/2025 08:00:37 PST Fri" status="AUGMENTED" ID="0">
        <layer name="FE" rank="1">
          <label cBy="auto-aug" feID="9043" start="0" end="30" name="Speaker" />
          <label cBy="auto-aug" feID="9052" start="32" end="37" name="Time" />
          <label cBy="auto-aug" feID="9046" start="48" end="72" name="Proposed_action" />
        </layer>
        <layer name="Target" rank="1">
          <label cBy="auto-aug" start="39" end="46" name="Target" />
        </layer>
      </annotationSet>
    </sentence>
    <sentence sentNo="0" ID="4098208n">
      <text>QN : Did the Clinton administration decline to take action to end the DPRK 's missile sales ?</text>
      <annotationSet cDate="08/08/2025 08:00:37 PST Fri" status="AUGMENTED" ID="0">
        <layer name="FE" rank="1">
          <label cBy="auto-aug" feID="9043" start="9" end="34" name="Speaker" />
          <label cBy="auto-aug" feID="9046" start="44" end="57" name="Proposed_action" />
          <label cBy="auto-aug" feID="9053" start="59" end="90" name="Purpose" />
        </layer>
        <layer name="Target" rank="1">
          <label cBy="auto-aug" start="36" end="42" name="Target" />
        </layer>
      </annotationSet>
    </sentence>
    <sentence sentNo="0" ID="1360531n">
      <text>However , they declined at the last moment the offer .</text>
      <annotationSet cDate="08/08/2025 08:00:37 PST Fri" status="AUGMENTED" ID="0">
        <layer name="FE" rank="1">
          <label cBy="auto-aug" feID="9043" start="10" end="13" name="Speaker" />
          <label cBy="auto-aug" feID="9052" start="24" end="41" name="Time" />
          <label cBy="auto-aug" feID="9046" start="43" end="51" name="Proposed_action" />
        </layer>
        <layer name="Target" rank="1">
          <label cBy="auto-aug" start="15" end="22" name="Target" />
        </layer>
      </annotationSet>
    </sentence>
  </subCorpus>
</lexUnit>