<?xml version='1.0' encoding='UTF-8'?>
<lexUnit xmlns="http://framenet.icsi.berkeley.edu" xmlns:xsi="http://www.w3.org/2001/XMLSchema-instance" status="Finished_Initial" POS="V" name="emphasize.v" ID="12418" frame="Convey_importance" frameID="1543" totalAnnotated="29" xsi:schemaLocation="../schema/lexUnit.xsd">
  <header>
    <corpus description="BNC2" name="BNC2" ID="111">
      <document description="bncp" name="bncp" ID="421" />
    </corpus>
    <corpus description="LUCorpus-v0.3" name="LUCorpus-v0.3" ID="205">
      <document description="AFGP-2002-602187-Trans" name="AFGP-2002-602187-Trans" ID="23743" />
    </corpus>
    <frame>
      <FE fgColor="FFFFFF" bgColor="008000" type="Peripheral" abbrev="Add" name="Addressee" />
      <FE fgColor="FFFFFF" bgColor="90876C" type="Extra-Thematic" abbrev="" name="Circumstances" />
      <FE fgColor="FFFFFF" bgColor="00008B" type="Peripheral" abbrev="deg" name="Degree" />
      <FE fgColor="000000" bgColor="EEE8AA" type="Extra-Thematic" abbrev="" name="Event_description" />
      <FE fgColor="FFFFFF" bgColor="0000FF" type="Extra-Thematic" abbrev="" name="Frequency" />
      <FE fgColor="FFFFFF" bgColor="FFA500" type="Extra-Thematic" abbrev="Ite" name="Iterations" />
      <FE fgColor="FFFFFF" bgColor="FF00FF" type="Peripheral" abbrev="Manr" name="Manner" />
      <FE fgColor="FFFFFF" bgColor="A52A2A" type="Peripheral" abbrev="Mns" name="Means" />
      <FE fgColor="FFFFFF" bgColor="9F79EE" type="Core" abbrev="Medium" name="Medium" />
      <FE fgColor="FFFFFF" bgColor="800080" type="Core" abbrev="Msg" name="Message" />
      <FE fgColor="000000" bgColor="FFD700" type="Extra-Thematic" abbrev="" name="Particular_iteration" />
      <FE fgColor="FFFFFF" bgColor="7CCD7C" type="Extra-Thematic" abbrev="peri" name="Period_of_iterations" />
      <FE fgColor="FFFFFF" bgColor="2E8B57" type="Peripheral" abbrev="pla" name="Place" />
      <FE fgColor="FFFFFF" bgColor="FF0000" type="Core" abbrev="spe" name="Speaker" />
      <FE fgColor="FFFFFF" bgColor="1E90FF" type="Peripheral" abbrev="tim" name="Time" />
    </frame>
  </header>
  <definition>FN: convey the importance of</definition>
  <lexeme POS="V" name="emphasize" />
  <valences>
    <FERealization total="1">
      <FE name="Addressee" />
      <pattern total="1">
        <valenceUnit GF="Dep" PT="PP[to]" FE="Addressee" />
        <annoSet ID="2238093" />
      </pattern>
    </FERealization>
    <FERealization total="2">
      <FE name="Circumstances" />
      <pattern total="1">
        <valenceUnit GF="Dep" PT="PP[in]" FE="Circumstances" />
        <annoSet ID="2237829" />
      </pattern>
      <pattern total="1">
        <valenceUnit GF="Dep" PT="Sub" FE="Circumstances" />
        <annoSet ID="2237671" />
      </pattern>
    </FERealization>
    <FERealization total="3">
      <FE name="Degree" />
      <pattern total="3">
        <valenceUnit GF="Dep" PT="AVP" FE="Degree" />
        <annoSet ID="2237667" />
        <annoSet ID="2237669" />
        <annoSet ID="2237671" />
      </pattern>
    </FERealization>
    <FERealization total="1">
      <FE name="Frequency" />
      <pattern total="1">
        <valenceUnit GF="Dep" PT="AVP" FE="Frequency" />
        <annoSet ID="2237897" />
      </pattern>
    </FERealization>
    <FERealization total="1">
      <FE name="Iterations" />
      <pattern total="1">
        <valenceUnit GF="Dep" PT="AVP" FE="Iterations" />
        <annoSet ID="2238095" />
      </pattern>
    </FERealization>
    <FERealization total="11">
      <FE name="Medium" />
      <pattern total="8">
        <valenceUnit GF="Ext" PT="NP" FE="Medium" />
        <annoSet ID="2237633" />
        <annoSet ID="2237851" />
        <annoSet ID="2237897" />
        <annoSet ID="2237947" />
        <annoSet ID="2237965" />
        <annoSet ID="2237999" />
        <annoSet ID="2238005" />
        <annoSet ID="6547762" />
      </pattern>
      <pattern total="2">
        <valenceUnit GF="Dep" PT="PP[by]" FE="Medium" />
        <annoSet ID="2237757" />
        <annoSet ID="2237767" />
      </pattern>
      <pattern total="1">
        <valenceUnit GF="Dep" PT="PP[in]" FE="Medium" />
        <annoSet ID="2237771" />
      </pattern>
    </FERealization>
    <FERealization total="29">
      <FE name="Message" />
      <pattern total="7">
        <valenceUnit GF="Dep" PT="Sfin" FE="Message" />
        <annoSet ID="2237669" />
        <annoSet ID="2237857" />
        <annoSet ID="2237869" />
        <annoSet ID="2237887" />
        <annoSet ID="2238087" />
        <annoSet ID="2238093" />
        <annoSet ID="2238095" />
      </pattern>
      <pattern total="15">
        <valenceUnit GF="Obj" PT="NP" FE="Message" />
        <annoSet ID="2237633" />
        <annoSet ID="2237647" />
        <annoSet ID="2237653" />
        <annoSet ID="2237667" />
        <annoSet ID="2237729" />
        <annoSet ID="2237731" />
        <annoSet ID="2237829" />
        <annoSet ID="2237851" />
        <annoSet ID="2237897" />
        <annoSet ID="2237923" />
        <annoSet ID="2237941" />
        <annoSet ID="2237947" />
        <annoSet ID="2237965" />
        <annoSet ID="2237999" />
        <annoSet ID="2238021" />
      </pattern>
      <pattern total="5">
        <valenceUnit GF="Ext" PT="NP" FE="Message" />
        <annoSet ID="2237669" />
        <annoSet ID="2237671" />
        <annoSet ID="2237757" />
        <annoSet ID="2237767" />
        <annoSet ID="2237771" />
      </pattern>
      <pattern total="1">
        <valenceUnit GF="Dep" PT="VPto" FE="Message" />
        <annoSet ID="6547762" />
      </pattern>
      <pattern total="1">
        <valenceUnit GF="Dep" PT="Sinterrog" FE="Message" />
        <annoSet ID="2238005" />
      </pattern>
      <pattern total="1">
        <valenceUnit GF="Dep" PT="QUO" FE="Message" />
        <annoSet ID="2237815" />
      </pattern>
    </FERealization>
    <FERealization total="19">
      <FE name="Speaker" />
      <pattern total="14">
        <valenceUnit GF="Ext" PT="NP" FE="Speaker" />
        <annoSet ID="2237647" />
        <annoSet ID="2237653" />
        <annoSet ID="2237667" />
        <annoSet ID="2237729" />
        <annoSet ID="2237815" />
        <annoSet ID="2237829" />
        <annoSet ID="2237857" />
        <annoSet ID="2237869" />
        <annoSet ID="2237887" />
        <annoSet ID="2237923" />
        <annoSet ID="2237941" />
        <annoSet ID="2238021" />
        <annoSet ID="2238093" />
        <annoSet ID="2238095" />
      </pattern>
      <pattern total="4">
        <valenceUnit GF="" PT="CNI" FE="Speaker" />
        <annoSet ID="2237669" />
        <annoSet ID="2237671" />
        <annoSet ID="2237731" />
        <annoSet ID="2238087" />
      </pattern>
      <pattern total="1">
        <valenceUnit GF="Dep" PT="PP[by]" FE="Speaker" />
        <annoSet ID="2237771" />
      </pattern>
    </FERealization>
    <FEGroupRealization total="1">
      <FE name="Addressee" />
      <FE name="Message" />
      <FE name="Speaker" />
      <pattern total="1">
        <valenceUnit GF="Dep" PT="PP[to]" FE="Addressee" />
        <valenceUnit GF="Dep" PT="Sfin" FE="Message" />
        <valenceUnit GF="Ext" PT="NP" FE="Speaker" />
        <annoSet ID="2238093" />
      </pattern>
    </FEGroupRealization>
    <FEGroupRealization total="1">
      <FE name="Circumstances" />
      <FE name="Degree" />
      <FE name="Message" />
      <FE name="Speaker" />
      <pattern total="1">
        <valenceUnit GF="Dep" PT="Sub" FE="Circumstances" />
        <valenceUnit GF="Dep" PT="AVP" FE="Degree" />
        <valenceUnit GF="Ext" PT="NP" FE="Message" />
        <valenceUnit GF="" PT="CNI" FE="Speaker" />
        <annoSet ID="2237671" />
      </pattern>
    </FEGroupRealization>
    <FEGroupRealization total="1">
      <FE name="Circumstances" />
      <FE name="Message" />
      <FE name="Speaker" />
      <pattern total="1">
        <valenceUnit GF="Dep" PT="PP[in]" FE="Circumstances" />
        <valenceUnit GF="Obj" PT="NP" FE="Message" />
        <valenceUnit GF="Ext" PT="NP" FE="Speaker" />
        <annoSet ID="2237829" />
      </pattern>
    </FEGroupRealization>
    <FEGroupRealization total="1">
      <FE name="Degree" />
      <FE name="Message" />
      <FE name="Message" />
      <FE name="Speaker" />
      <pattern total="1">
        <valenceUnit GF="Dep" PT="AVP" FE="Degree" />
        <valenceUnit GF="Ext" PT="NP" FE="Message" />
        <valenceUnit GF="Dep" PT="Sfin" FE="Message" />
        <valenceUnit GF="" PT="CNI" FE="Speaker" />
        <annoSet ID="2237669" />
      </pattern>
    </FEGroupRealization>
    <FEGroupRealization total="1">
      <FE name="Degree" />
      <FE name="Message" />
      <FE name="Speaker" />
      <pattern total="1">
        <valenceUnit GF="Dep" PT="AVP" FE="Degree" />
        <valenceUnit GF="Obj" PT="NP" FE="Message" />
        <valenceUnit GF="Ext" PT="NP" FE="Speaker" />
        <annoSet ID="2237667" />
      </pattern>
    </FEGroupRealization>
    <FEGroupRealization total="1">
      <FE name="Frequency" />
      <FE name="Medium" />
      <FE name="Message" />
      <pattern total="1">
        <valenceUnit GF="Dep" PT="AVP" FE="Frequency" />
        <valenceUnit GF="Ext" PT="NP" FE="Medium" />
        <valenceUnit GF="Obj" PT="NP" FE="Message" />
        <annoSet ID="2237897" />
      </pattern>
    </FEGroupRealization>
    <FEGroupRealization total="1">
      <FE name="Iterations" />
      <FE name="Message" />
      <FE name="Speaker" />
      <pattern total="1">
        <valenceUnit GF="Dep" PT="AVP" FE="Iterations" />
        <valenceUnit GF="Dep" PT="Sfin" FE="Message" />
        <valenceUnit GF="Ext" PT="NP" FE="Speaker" />
        <annoSet ID="2238095" />
      </pattern>
    </FEGroupRealization>
    <FEGroupRealization total="1">
      <FE name="Medium" />
      <FE name="Medium" />
      <FE name="Message" />
      <pattern total="1">
        <valenceUnit GF="Ext" PT="NP" FE="Medium" />
        <valenceUnit GF="Ext" PT="NP" FE="Medium" />
        <valenceUnit GF="Dep" PT="VPto" FE="Message" />
        <annoSet ID="6547762" />
      </pattern>
    </FEGroupRealization>
    <FEGroupRealization total="8">
      <FE name="Medium" />
      <FE name="Message" />
      <pattern total="5">
        <valenceUnit GF="Ext" PT="NP" FE="Medium" />
        <valenceUnit GF="Obj" PT="NP" FE="Message" />
        <annoSet ID="2237633" />
        <annoSet ID="2237851" />
        <annoSet ID="2237947" />
        <annoSet ID="2237965" />
        <annoSet ID="2237999" />
      </pattern>
      <pattern total="1">
        <valenceUnit GF="Ext" PT="NP" FE="Medium" />
        <valenceUnit GF="Dep" PT="Sinterrog" FE="Message" />
        <annoSet ID="2238005" />
      </pattern>
      <pattern total="2">
        <valenceUnit GF="Dep" PT="PP[by]" FE="Medium" />
        <valenceUnit GF="Ext" PT="NP" FE="Message" />
        <annoSet ID="2237757" />
        <annoSet ID="2237767" />
      </pattern>
    </FEGroupRealization>
    <FEGroupRealization total="1">
      <FE name="Medium" />
      <FE name="Message" />
      <FE name="Speaker" />
      <pattern total="1">
        <valenceUnit GF="Dep" PT="PP[in]" FE="Medium" />
        <valenceUnit GF="Ext" PT="NP" FE="Message" />
        <valenceUnit GF="Dep" PT="PP[by]" FE="Speaker" />
        <annoSet ID="2237771" />
      </pattern>
    </FEGroupRealization>
    <FEGroupRealization total="12">
      <FE name="Message" />
      <FE name="Speaker" />
      <pattern total="1">
        <valenceUnit GF="Obj" PT="NP" FE="Message" />
        <valenceUnit GF="" PT="CNI" FE="Speaker" />
        <annoSet ID="2237731" />
      </pattern>
      <pattern total="6">
        <valenceUnit GF="Obj" PT="NP" FE="Message" />
        <valenceUnit GF="Ext" PT="NP" FE="Speaker" />
        <annoSet ID="2237647" />
        <annoSet ID="2237653" />
        <annoSet ID="2237729" />
        <annoSet ID="2237923" />
        <annoSet ID="2237941" />
        <annoSet ID="2238021" />
      </pattern>
      <pattern total="1">
        <valenceUnit GF="Dep" PT="QUO" FE="Message" />
        <valenceUnit GF="Ext" PT="NP" FE="Speaker" />
        <annoSet ID="2237815" />
      </pattern>
      <pattern total="1">
        <valenceUnit GF="Dep" PT="Sfin" FE="Message" />
        <valenceUnit GF="" PT="CNI" FE="Speaker" />
        <annoSet ID="2238087" />
      </pattern>
      <pattern total="3">
        <valenceUnit GF="Dep" PT="Sfin" FE="Message" />
        <valenceUnit GF="Ext" PT="NP" FE="Speaker" />
        <annoSet ID="2237857" />
        <annoSet ID="2237869" />
        <annoSet ID="2237887" />
      </pattern>
    </FEGroupRealization>
  </valences>
  <subCorpus name="V-augmented">
    <sentence sentNo="0" ID="1395319n">
      <text>Cheshire police emphasized the need for vigilance .</text>
      <annotationSet cDate="08/08/2025 08:00:49 PST Fri" status="AUGMENTED" ID="0">
        <layer name="FE" rank="1">
          <label cBy="auto-aug" feID="8418" start="0" end="14" name="Speaker" />
          <label cBy="auto-aug" feID="8420" start="27" end="48" name="Message" />
        </layer>
        <layer name="Target" rank="1">
          <label cBy="auto-aug" start="16" end="25" name="Target" />
        </layer>
      </annotationSet>
    </sentence>
    <sentence sentNo="0" ID="1395467n">
      <text>It has made physically handicapped people keen to emphasize their experiences .</text>
      <annotationSet cDate="08/08/2025 08:00:49 PST Fri" status="AUGMENTED" ID="0">
        <layer name="FE" rank="1">
          <label cBy="auto-aug" feID="8418" start="12" end="40" name="Speaker" />
          <label cBy="auto-aug" feID="8420" start="60" end="76" name="Message" />
        </layer>
        <layer name="Target" rank="1">
          <label cBy="auto-aug" start="50" end="58" name="Target" />
        </layer>
      </annotationSet>
    </sentence>
    <sentence sentNo="0" ID="1395586n">
      <text>the point surely just emphasize the importance .</text>
      <annotationSet cDate="08/08/2025 08:00:49 PST Fri" status="AUGMENTED" ID="0">
        <layer name="FE" rank="1">
          <label cBy="auto-aug" feID="8422" start="0" end="8" name="Medium" />
          <label cBy="auto-aug" feID="8420" start="32" end="45" name="Message" />
        </layer>
        <layer name="Target" rank="1">
          <label cBy="auto-aug" start="22" end="30" name="Target" />
        </layer>
      </annotationSet>
    </sentence>
  </subCorpus>
</lexUnit>