<?xml version='1.0' encoding='UTF-8'?>
<lexUnit xmlns="http://framenet.icsi.berkeley.edu" xmlns:xsi="http://www.w3.org/2001/XMLSchema-instance" status="Created" POS="V" name="get.v" ID="12808" frame="Board_vehicle" frameID="1633" totalAnnotated="2" xsi:schemaLocation="../schema/lexUnit.xsd">
  <header>
    <corpus description="AQUAINT Knowledge-Based Evaluation Texts" name="KBEval" ID="185">
      <document description="atm" name="atm" ID="23577" />
    </corpus>
    <frame>
      <FE fgColor="000000" bgColor="FFFF00" type="Extra-Thematic" abbrev="" name="Circumstances" />
      <FE fgColor="000000" bgColor="d0d0d0" type="Extra-Thematic" abbrev="CT" name="Cotheme" />
      <FE fgColor="FFFFFF" bgColor="1E90FF" type="Extra-Thematic" abbrev="dep" name="Depictive" />
      <FE fgColor="FFFFFF" bgColor="2E8B57" type="Extra-Thematic" abbrev="dfs" name="Duration_of_final_state" />
      <FE fgColor="FFFFFF" bgColor="FF00FF" type="Peripheral" abbrev="" name="Manner" />
      <FE fgColor="FFFFFF" bgColor="A52A2A" type="Peripheral" abbrev="" name="Path" />
      <FE fgColor="FFFFFF" bgColor="800080" type="Peripheral" abbrev="pla" name="Place" />
      <FE fgColor="FFFFFF" bgColor="0000FF" type="Peripheral" abbrev="Pur" name="Purpose" />
      <FE fgColor="FFFFFF" bgColor="006400" type="Peripheral" abbrev="" name="Source" />
      <FE fgColor="000000" bgColor="FFA500" type="Peripheral" abbrev="Time" name="Time" />
      <FE fgColor="FFFFFF" bgColor="FF0000" type="Core" abbrev="tra" name="Traveller" />
      <FE fgColor="FFFFFF" bgColor="00008B" type="Core" abbrev="veh" name="Vehicle" />
    </frame>
  </header>
  <definition>FN: enter or mount a vehicle</definition>
  <lexeme POS="V" name="get" />
  <valences>
    <FERealization total="2">
      <FE name="Traveller" />
      <pattern total="1">
        <valenceUnit GF="" PT="DNI" FE="Traveller" />
        <annoSet ID="6672775" />
      </pattern>
      <pattern total="1">
        <valenceUnit GF="Ext" PT="NP" FE="Traveller" />
        <annoSet ID="6533410" />
      </pattern>
    </FERealization>
    <FERealization total="2">
      <FE name="Vehicle" />
      <pattern total="1">
        <valenceUnit GF="" PT="DNI" FE="Vehicle" />
        <annoSet ID="6672775" />
      </pattern>
      <pattern total="1">
        <valenceUnit GF="Dep" PT="PP[on]" FE="Vehicle" />
        <annoSet ID="6533410" />
      </pattern>
    </FERealization>
    <FEGroupRealization total="2">
      <FE name="Traveller" />
      <FE name="Vehicle" />
      <pattern total="1">
        <valenceUnit GF="" PT="DNI" FE="Traveller" />
        <valenceUnit GF="" PT="DNI" FE="Vehicle" />
        <annoSet ID="6672775" />
      </pattern>
      <pattern total="1">
        <valenceUnit GF="Ext" PT="NP" FE="Traveller" />
        <valenceUnit GF="Dep" PT="PP[on]" FE="Vehicle" />
        <annoSet ID="6533410" />
      </pattern>
    </FEGroupRealization>
  </valences>
  <subCorpus name="V-augmented">
    <sentence sentNo="0" ID="1369239n">
      <text>On Feb. 28 the ship was got by the crew at Vlorë and sailed for Italy .</text>
      <annotationSet cDate="08/08/2025 08:00:20 PST Fri" status="AUGMENTED" ID="0">
        <layer name="FE" rank="1">
          <label cBy="auto-aug" feID="9122" start="0" end="9" name="Time" />
          <label cBy="auto-aug" feID="9110" start="11" end="18" name="Vehicle" />
          <label cBy="auto-aug" feID="9109" start="28" end="38" name="Traveller" />
          <label cBy="auto-aug" feID="9125" start="40" end="47" name="Place" />
        </layer>
        <layer name="Target" rank="1">
          <label cBy="auto-aug" start="24" end="26" name="Target" />
        </layer>
      </annotationSet>
    </sentence>
    <sentence sentNo="0" ID="1369153n">
      <text>Thousands blocked East German rail lines and crowded into stations to try to get a ride , and thus qualify for the trip to West Germany .</text>
      <annotationSet cDate="08/08/2025 08:00:20 PST Fri" status="AUGMENTED" ID="0">
        <layer name="FE" rank="1">
          <label cBy="auto-aug" feID="9109" start="0" end="8" name="Traveller" />
          <label cBy="auto-aug" feID="9110" start="81" end="86" name="Vehicle" />
        </layer>
        <layer name="Target" rank="1">
          <label cBy="auto-aug" start="77" end="79" name="Target" />
        </layer>
      </annotationSet>
    </sentence>
    <sentence sentNo="0" ID="1369138n">
      <text>And secondly , we want you to stop anybody get a helicopter under pretext of rescue -- or salvage . "</text>
      <annotationSet cDate="08/08/2025 08:00:20 PST Fri" status="AUGMENTED" ID="0">
        <layer name="FE" rank="1">
          <label cBy="auto-aug" feID="9109" start="35" end="41" name="Traveller" />
          <label cBy="auto-aug" feID="9110" start="47" end="58" name="Vehicle" />
          <label cBy="auto-aug" feID="9121" start="60" end="96" name="Depictive" />
        </layer>
        <layer name="Target" rank="1">
          <label cBy="auto-aug" start="43" end="45" name="Target" />
        </layer>
      </annotationSet>
    </sentence>
  </subCorpus>
</lexUnit>