<?xml version='1.0' encoding='UTF-8'?>
<lexUnit xmlns="http://framenet.icsi.berkeley.edu" xmlns:xsi="http://www.w3.org/2001/XMLSchema-instance" status="Created" POS="V" name="wait.v" ID="12503" frame="Holding_off_on" frameID="1576" totalAnnotated="14" xsi:schemaLocation="../schema/lexUnit.xsd">
  <header>
    <corpus description="MASC" name="MASC" ID="150">
      <document description="Examples of the lemma wait from the MASC project for FN annotation" name="wait" ID="24696" />
    </corpus>
    <corpus description="Miscellaneous" name="Miscellaneous" ID="175">
      <document description="TigerOfSanPedro" name="Tiger_Of_San_Pedro" ID="25343" />
    </corpus>
    <corpus description="LUCorpus-v0.3" name="LUCorpus-v0.3" ID="205">
      <document description="enron-thread-159550" name="enron-thread-159550" ID="23724" />
    </corpus>
    <frame>
      <FE fgColor="FFFFFF" bgColor="FF0000" type="Core" abbrev="age" name="Agent" />
      <FE fgColor="FFFFFF" bgColor="808080" type="Extra-Thematic" abbrev="cir" name="Circumstances" />
      <FE fgColor="FFFFFF" bgColor="FF69B4" type="Peripheral" abbrev="Deg" name="Degree" />
      <FE fgColor="FFFFFF" bgColor="0000FF" type="Core" abbrev="Des" name="Desirable_action" />
      <FE fgColor="FFFFFF" bgColor="00008B" type="Peripheral" abbrev="dur" name="Duration" />
      <FE fgColor="FFFFFF" bgColor="006400" type="Peripheral" abbrev="end" name="End_point" />
      <FE fgColor="FFFFFF" bgColor="9F79EE" type="Extra-Thematic" abbrev="exp" name="Explanation" />
      <FE fgColor="FFFFFF" bgColor="FF00FF" type="Peripheral" abbrev="Man" name="Manner" />
      <FE fgColor="FFFFFF" bgColor="A52A2A" type="Peripheral" abbrev="mea" name="Means" />
      <FE fgColor="FFFFFF" bgColor="008000" type="Peripheral" abbrev="" name="Place" />
      <FE fgColor="FFFFFF" bgColor="800080" type="Extra-Thematic" abbrev="Purp" name="Purpose" />
      <FE fgColor="FFFFFF" bgColor="1E90FF" type="Core" abbrev="sal" name="Salient_entity" />
      <FE fgColor="FFFFFF" bgColor="FFA500" type="Peripheral" abbrev="" name="Time" />
    </frame>
  </header>
  <definition>FN: temporarily refrain from</definition>
  <lexeme POS="V" name="wait" />
  <valences>
    <FERealization total="14">
      <FE name="Agent" />
      <pattern total="5">
        <valenceUnit GF="" PT="CNI" FE="Agent" />
        <annoSet ID="6548546" />
        <annoSet ID="6582723" />
        <annoSet ID="6582747" />
        <annoSet ID="6582749" />
        <annoSet ID="6582811" />
      </pattern>
      <pattern total="9">
        <valenceUnit GF="Ext" PT="NP" FE="Agent" />
        <annoSet ID="6582722" />
        <annoSet ID="6582727" />
        <annoSet ID="6582732" />
        <annoSet ID="6582746" />
        <annoSet ID="6582748" />
        <annoSet ID="6582759" />
        <annoSet ID="6582761" />
        <annoSet ID="6582797" />
        <annoSet ID="6646780" />
      </pattern>
    </FERealization>
    <FERealization total="14">
      <FE name="Desirable_action" />
      <pattern total="11">
        <valenceUnit GF="" PT="DNI" FE="Desirable_action" />
        <annoSet ID="6548546" />
        <annoSet ID="6582722" />
        <annoSet ID="6582723" />
        <annoSet ID="6582732" />
        <annoSet ID="6582746" />
        <annoSet ID="6582747" />
        <annoSet ID="6582748" />
        <annoSet ID="6582749" />
        <annoSet ID="6582761" />
        <annoSet ID="6582797" />
        <annoSet ID="6646780" />
      </pattern>
      <pattern total="2">
        <valenceUnit GF="Dep" PT="VPto" FE="Desirable_action" />
        <annoSet ID="6582727" />
        <annoSet ID="6582811" />
      </pattern>
      <pattern total="1">
        <valenceUnit GF="Dep" PT="PP[before]" FE="Desirable_action" />
        <annoSet ID="6582759" />
      </pattern>
    </FERealization>
    <FERealization total="4">
      <FE name="Duration" />
      <pattern total="3">
        <valenceUnit GF="Obj" PT="NP" FE="Duration" />
        <annoSet ID="6582722" />
        <annoSet ID="6582723" />
        <annoSet ID="6582759" />
      </pattern>
      <pattern total="1">
        <valenceUnit GF="Dep" PT="NP" FE="Duration" />
        <annoSet ID="6646780" />
      </pattern>
    </FERealization>
    <FERealization total="6">
      <FE name="End_point" />
      <pattern total="5">
        <valenceUnit GF="Dep" PT="PP[until]" FE="End_point" />
        <annoSet ID="6548546" />
        <annoSet ID="6582747" />
        <annoSet ID="6582749" />
        <annoSet ID="6582761" />
        <annoSet ID="6582797" />
      </pattern>
      <pattern total="1">
        <valenceUnit GF="Dep" PT="PP[till]" FE="End_point" />
        <annoSet ID="6582732" />
      </pattern>
    </FERealization>
    <FERealization total="1">
      <FE name="Purpose" />
      <pattern total="1">
        <valenceUnit GF="Dep" PT="Srel" FE="Purpose" />
        <annoSet ID="6582727" />
      </pattern>
    </FERealization>
    <FEGroupRealization total="3">
      <FE name="Agent" />
      <FE name="Desirable_action" />
      <pattern total="1">
        <valenceUnit GF="" PT="CNI" FE="Agent" />
        <valenceUnit GF="Dep" PT="VPto" FE="Desirable_action" />
        <annoSet ID="6582811" />
      </pattern>
      <pattern total="2">
        <valenceUnit GF="Ext" PT="NP" FE="Agent" />
        <valenceUnit GF="" PT="DNI" FE="Desirable_action" />
        <annoSet ID="6582746" />
        <annoSet ID="6582748" />
      </pattern>
    </FEGroupRealization>
    <FEGroupRealization total="4">
      <FE name="Agent" />
      <FE name="Desirable_action" />
      <FE name="Duration" />
      <pattern total="1">
        <valenceUnit GF="" PT="CNI" FE="Agent" />
        <valenceUnit GF="" PT="DNI" FE="Desirable_action" />
        <valenceUnit GF="Obj" PT="NP" FE="Duration" />
        <annoSet ID="6582723" />
      </pattern>
      <pattern total="1">
        <valenceUnit GF="Ext" PT="NP" FE="Agent" />
        <valenceUnit GF="" PT="DNI" FE="Desirable_action" />
        <valenceUnit GF="Dep" PT="NP" FE="Duration" />
        <annoSet ID="6646780" />
      </pattern>
      <pattern total="1">
        <valenceUnit GF="Ext" PT="NP" FE="Agent" />
        <valenceUnit GF="" PT="DNI" FE="Desirable_action" />
        <valenceUnit GF="Obj" PT="NP" FE="Duration" />
        <annoSet ID="6582722" />
      </pattern>
      <pattern total="1">
        <valenceUnit GF="Ext" PT="NP" FE="Agent" />
        <valenceUnit GF="Dep" PT="PP[before]" FE="Desirable_action" />
        <valenceUnit GF="Obj" PT="NP" FE="Duration" />
        <annoSet ID="6582759" />
      </pattern>
    </FEGroupRealization>
    <FEGroupRealization total="6">
      <FE name="Agent" />
      <FE name="Desirable_action" />
      <FE name="End_point" />
      <pattern total="3">
        <valenceUnit GF="" PT="CNI" FE="Agent" />
        <valenceUnit GF="" PT="DNI" FE="Desirable_action" />
        <valenceUnit GF="Dep" PT="PP[until]" FE="End_point" />
        <annoSet ID="6548546" />
        <annoSet ID="6582747" />
        <annoSet ID="6582749" />
      </pattern>
      <pattern total="1">
        <valenceUnit GF="Ext" PT="NP" FE="Agent" />
        <valenceUnit GF="" PT="DNI" FE="Desirable_action" />
        <valenceUnit GF="Dep" PT="PP[till]" FE="End_point" />
        <annoSet ID="6582732" />
      </pattern>
      <pattern total="2">
        <valenceUnit GF="Ext" PT="NP" FE="Agent" />
        <valenceUnit GF="" PT="DNI" FE="Desirable_action" />
        <valenceUnit GF="Dep" PT="PP[until]" FE="End_point" />
        <annoSet ID="6582761" />
        <annoSet ID="6582797" />
      </pattern>
    </FEGroupRealization>
    <FEGroupRealization total="1">
      <FE name="Agent" />
      <FE name="Desirable_action" />
      <FE name="Purpose" />
      <pattern total="1">
        <valenceUnit GF="Ext" PT="NP" FE="Agent" />
        <valenceUnit GF="Dep" PT="VPto" FE="Desirable_action" />
        <valenceUnit GF="Dep" PT="Srel" FE="Purpose" />
        <annoSet ID="6582727" />
      </pattern>
    </FEGroupRealization>
  </valences>
  <subCorpus name="V-augmented">
    <sentence sentNo="0" ID="1586826n">
      <text>We do have sufficient data that a straightforward regime of thrombolysis and aspirin works , but I would advise waiting the results until more data is available .</text>
      <annotationSet cDate="08/08/2025 08:00:30 PST Fri" status="AUGMENTED" ID="0">
        <layer name="FE" rank="1">
          <label cBy="auto-aug" feID="8640" start="120" end="130" name="Salient_entity" />
          <label cBy="auto-aug" feID="8636" start="132" end="159" name="Time" />
        </layer>
        <layer name="Target" rank="1">
          <label cBy="auto-aug" start="112" end="118" name="Target" />
        </layer>
      </annotationSet>
    </sentence>
    <sentence sentNo="0" ID="1586847n">
      <text>I was waiting to feel more comfortable , as I did n't want to wear a shirt that had never won a game .</text>
      <annotationSet cDate="08/08/2025 08:00:30 PST Fri" status="AUGMENTED" ID="0">
        <layer name="FE" rank="1">
          <label cBy="auto-aug" feID="8630" start="0" end="0" name="Agent" />
          <label cBy="auto-aug" feID="8631" start="14" end="37" name="Desirable_action" />
        </layer>
        <layer name="Target" rank="1">
          <label cBy="auto-aug" start="6" end="12" name="Target" />
        </layer>
      </annotationSet>
    </sentence>
  </subCorpus>
</lexUnit>