<?xml version='1.0' encoding='UTF-8'?>
<lexUnit xmlns="http://framenet.icsi.berkeley.edu" xmlns:xsi="http://www.w3.org/2001/XMLSchema-instance" status="Created" POS="V" name="break up.v" ID="12090" frame="Cause_to_fragment" frameID="414" totalAnnotated="1" xsi:schemaLocation="../schema/lexUnit.xsd">
  <header>
    <corpus description="LUCorpus-v0.3" name="LUCorpus-v0.3" ID="205">
      <document description="sw2025-ms98-a-trans.ascii-1-NEW" name="sw2025-ms98-a-trans.ascii-1-NEW" ID="23731" />
    </corpus>
    <frame>
      <FE fgColor="FFFFFF" bgColor="FF0000" type="Core" abbrev="Agt" name="Agent" />
      <FE fgColor="FFFFFF" bgColor="00BFFF" type="Core" abbrev="cau" name="Cause" />
      <FE fgColor="FFFFFF" bgColor="1E90FF" type="Peripheral" abbrev="Degr" name="Degree" />
      <FE fgColor="FFFFFF" bgColor="9F79EE" type="Extra-Thematic" abbrev="Exp" name="Explanation" />
      <FE fgColor="FFFFFF" bgColor="808080" type="Peripheral" abbrev="Ins" name="Instrument" />
      <FE fgColor="FFFFFF" bgColor="FF69B4" type="Peripheral" abbrev="Mnr" name="Manner" />
      <FE fgColor="FFFFFF" bgColor="FF00FF" type="Peripheral" abbrev="Mns" name="Means" />
      <FE fgColor="FFFFFF" bgColor="9400D3" type="Core" abbrev="Pieces" name="Pieces" />
      <FE fgColor="FFFFFF" bgColor="008000" type="Peripheral" abbrev="Place" name="Place" />
      <FE fgColor="FFFFFF" bgColor="800080" type="Extra-Thematic" abbrev="Purp" name="Purpose" />
      <FE fgColor="FFFFFF" bgColor="00008B" type="Peripheral" abbrev="Res_surf" name="Resistant_surface" />
      <FE fgColor="FFFFFF" bgColor="A52A2A" type="Extra-Thematic" abbrev="Result" name="Result" />
      <FE fgColor="FFFFFF" bgColor="7CCD73" type="Extra-Thematic" abbrev="Subr" name="Subregion" />
      <FE fgColor="FFFFFF" bgColor="FFA500" type="Peripheral" abbrev="Time" name="Time" />
      <FE fgColor="FFFFFF" bgColor="0000FF" type="Core" abbrev="Pat" name="Whole_patient" />
    </frame>
  </header>
  <definition>FN: cause to separate into pieces</definition>
  <lexeme order="1" headword="true" breakBefore="false" POS="V" name="break" />
  <lexeme order="2" headword="false" breakBefore="true" POS="ADV" name="up" />
  <valences>
    <FERealization total="1">
      <FE name="Agent" />
      <pattern total="1">
        <valenceUnit GF="" PT="DNI" FE="Agent" />
        <annoSet ID="6551472" />
      </pattern>
    </FERealization>
    <FERealization total="1">
      <FE name="Whole_patient" />
      <pattern total="1">
        <valenceUnit GF="Obj" PT="NP" FE="Whole_patient" />
        <annoSet ID="6551472" />
      </pattern>
    </FERealization>
    <FEGroupRealization total="1">
      <FE name="Agent" />
      <FE name="Whole_patient" />
      <pattern total="1">
        <valenceUnit GF="" PT="DNI" FE="Agent" />
        <valenceUnit GF="Obj" PT="NP" FE="Whole_patient" />
        <annoSet ID="6551472" />
      </pattern>
    </FEGroupRealization>
  </valences>
  <subCorpus name="V-augmented">
    <sentence sentNo="0" ID="1278119n">
      <text>He stopped again by the pavilion and , with his eyes fixed on Gabriel and a demented grin on his pock-marked face , break up Gabriel from bottom to top .</text>
      <annotationSet cDate="08/08/2025 08:00:18 PST Fri" status="AUGMENTED" ID="0">
        <layer name="FE" rank="1">
          <label cBy="auto-aug" feID="3802" start="0" end="1" name="Agent" />
          <label cBy="auto-aug" feID="3806" start="125" end="131" name="Whole_patient" />
          <label cBy="auto-aug" feID="3834" start="133" end="150" name="Subregion" />
        </layer>
        <layer name="Target" rank="1">
          <label cBy="auto-aug" start="116" end="123" name="Target" />
        </layer>
      </annotationSet>
    </sentence>
    <sentence sentNo="0" ID="1173468n">
      <text>He jumped down and grabbed one , I ran after him , trod on the screws , fell , hurting my gouty foot and breaking up the screws . </text>
      <annotationSet cDate="08/08/2025 08:00:18 PST Fri" status="AUGMENTED" ID="0">
        <layer name="FE" rank="1">
          <label cBy="auto-aug" feID="3802" start="33" end="33" name="Agent" />
          <label cBy="auto-aug" feID="3806" start="117" end="126" name="Whole_patient" />
        </layer>
        <layer name="Target" rank="1">
          <label cBy="auto-aug" start="105" end="115" name="Target" />
        </layer>
      </annotationSet>
    </sentence>
    <sentence sentNo="0" ID="1171190n">
      <text>Benin turned back to Vasili then gripped the cassette in both hands and broke up the cassette in half , allowing the tape to spill out on to the road . </text>
      <annotationSet cDate="08/08/2025 08:00:18 PST Fri" status="AUGMENTED" ID="0">
        <layer name="FE" rank="1">
          <label cBy="auto-aug" feID="3802" start="0" end="4" name="Agent" />
          <label cBy="auto-aug" feID="3806" start="81" end="92" name="Whole_patient" />
          <label cBy="auto-aug" feID="3835" start="94" end="100" name="Result" />
        </layer>
        <layer name="Target" rank="1">
          <label cBy="auto-aug" start="72" end="79" name="Target" />
        </layer>
      </annotationSet>
    </sentence>
  </subCorpus>
</lexUnit>