<?xml version='1.0' encoding='UTF-8'?>
<lexUnit xmlns="http://framenet.icsi.berkeley.edu" xmlns:xsi="http://www.w3.org/2001/XMLSchema-instance" status="Finished_Initial" POS="V" name="adopt.v" ID="12532" frame="Adopt_selection" frameID="1590" totalAnnotated="34" xsi:schemaLocation="../schema/lexUnit.xsd">
  <header>
    <corpus description="BNC2" name="BNC2" ID="111">
      <document description="bncp" name="bncp" ID="421" />
    </corpus>
    <corpus description="Wall Street Journal Texts from the PropBank Project" name="PropBank" ID="115">
      <document description="Election Victory" name="ElectionVictory" ID="23010" />
    </corpus>
    <corpus description="Texts from Nuclear Threat Initiative website, created by Center for Non-Proliferation Studies" name="NTI" ID="135">
      <document description="North Korea Nuclear Overview" name="NorthKorea_NuclearOverview" ID="23562" />
      <document description="WMD News 06/26/2006" name="WMDNews_062606" ID="23621" />
    </corpus>
    <corpus description="LUCorpus-v0.3" name="LUCorpus-v0.3" ID="205">
      <document description="AFGP-2002-600002-Trans" name="AFGP-2002-600002-Trans" ID="23736" />
    </corpus>
    <frame>
      <FE fgColor="FFFFFF" bgColor="FF0000" type="Core" abbrev="age" name="Agent" />
      <FE fgColor="FFFFFF" bgColor="A52A2A" type="Core" abbrev="att" name="Attribute" />
      <FE fgColor="000000" bgColor="FFFF00" type="Extra-Thematic" abbrev="Cir" name="Circumstances" />
      <FE fgColor="FFFFFF" bgColor="7CCD73" type="Extra-Thematic" abbrev="Cf" name="Communicative_force" />
      <FE fgColor="FFFFFF" bgColor="2E8B57" type="Extra-Thematic" abbrev="Con" name="Containing_event" />
      <FE fgColor="000000" bgColor="EEE8AA" type="Extra-Thematic" abbrev="Dep" name="Depictive" />
      <FE fgColor="000000" bgColor="7FFF00" type="Extra-Thematic" abbrev="Dur" name="Duration" />
      <FE fgColor="000000" bgColor="A9A9A9" type="Extra-Thematic" abbrev="Eve" name="Event_description" />
      <FE fgColor="FFFFFF" bgColor="90876C" type="Extra-Thematic" abbrev="Exp" name="Explanation" />
      <FE fgColor="FFFFFF" bgColor="1E90FF" type="Extra-Thematic" abbrev="Fre" name="Frequency" />
      <FE fgColor="FFFFFF" bgColor="9400D3" type="Peripheral" abbrev="Ins" name="Instrument" />
      <FE fgColor="FFFFFF" bgColor="FF00FF" type="Peripheral" abbrev="man" name="Manner" />
      <FE fgColor="FFFFFF" bgColor="00008B" type="Peripheral" abbrev="Mea" name="Means" />
      <FE fgColor="000000" bgColor="FFD700" type="Extra-Thematic" abbrev="part" name="Particular_iteration" />
      <FE fgColor="FFFFFF" bgColor="008000" type="Peripheral" abbrev="Pla" name="Place" />
      <FE fgColor="FFFFFF" bgColor="800080" type="Peripheral" abbrev="Pur" name="Purpose" />
      <FE fgColor="FFFFFF" bgColor="FF69B4" type="Extra-Thematic" abbrev="re-e" name="Re-encoding" />
      <FE fgColor="FFFFFF" bgColor="9F79EE" type="Extra-Thematic" abbrev="Rol" name="Role" />
      <FE fgColor="FFFFFF" bgColor="FFA500" type="Peripheral" abbrev="tim" name="Time" />
      <FE fgColor="FFFFFF" bgColor="0000FF" type="Core" abbrev="val" name="Value" />
    </frame>
  </header>
  <definition>COD: choose to take up or follow (an option or course of action).</definition>
  <lexeme POS="V" name="adopt" />
  <valences>
    <FERealization total="34">
      <FE name="Agent" />
      <pattern total="8">
        <valenceUnit GF="" PT="CNI" FE="Agent" />
        <annoSet ID="2170262" />
        <annoSet ID="2170314" />
        <annoSet ID="2170412" />
        <annoSet ID="2170418" />
        <annoSet ID="2170624" />
        <annoSet ID="2170732" />
        <annoSet ID="6549854" />
        <annoSet ID="6549863" />
      </pattern>
      <pattern total="1">
        <valenceUnit GF="" PT="INI" FE="Agent" />
        <annoSet ID="6549924" />
      </pattern>
      <pattern total="23">
        <valenceUnit GF="Ext" PT="NP" FE="Agent" />
        <annoSet ID="2170184" />
        <annoSet ID="2170200" />
        <annoSet ID="2170212" />
        <annoSet ID="2170216" />
        <annoSet ID="2170244" />
        <annoSet ID="2170274" />
        <annoSet ID="2170304" />
        <annoSet ID="2170326" />
        <annoSet ID="2170332" />
        <annoSet ID="2170340" />
        <annoSet ID="2170392" />
        <annoSet ID="2170428" />
        <annoSet ID="2170494" />
        <annoSet ID="2170498" />
        <annoSet ID="2170504" />
        <annoSet ID="2170524" />
        <annoSet ID="2170526" />
        <annoSet ID="2170552" />
        <annoSet ID="2170572" />
        <annoSet ID="2170642" />
        <annoSet ID="2170652" />
        <annoSet ID="4530476" />
        <annoSet ID="6530032" />
      </pattern>
      <pattern total="2">
        <valenceUnit GF="Dep" PT="PP[by]" FE="Agent" />
        <annoSet ID="2170738" />
        <annoSet ID="6537227" />
      </pattern>
    </FERealization>
    <FERealization total="31">
      <FE name="Attribute" />
      <pattern total="18">
        <valenceUnit GF="" PT="2nd" FE="Attribute" />
        <annoSet ID="2170200" />
        <annoSet ID="2170216" />
        <annoSet ID="2170274" />
        <annoSet ID="2170304" />
        <annoSet ID="2170326" />
        <annoSet ID="2170332" />
        <annoSet ID="2170340" />
        <annoSet ID="2170392" />
        <annoSet ID="2170412" />
        <annoSet ID="2170504" />
        <annoSet ID="2170526" />
        <annoSet ID="2170552" />
        <annoSet ID="2170572" />
        <annoSet ID="2170624" />
        <annoSet ID="2170642" />
        <annoSet ID="2170652" />
        <annoSet ID="2170732" />
        <annoSet ID="2170738" />
      </pattern>
      <pattern total="4">
        <valenceUnit GF="" PT="DNI" FE="Attribute" />
        <annoSet ID="2170244" />
        <annoSet ID="2170262" />
        <annoSet ID="4530476" />
        <annoSet ID="6530032" />
      </pattern>
      <pattern total="2">
        <valenceUnit GF="Ext" PT="NP" FE="Attribute" />
        <annoSet ID="6549854" />
        <annoSet ID="6549863" />
      </pattern>
      <pattern total="3">
        <valenceUnit GF="Dep" PT="PP[as]" FE="Attribute" />
        <annoSet ID="2170418" />
        <annoSet ID="2170428" />
        <annoSet ID="2170524" />
      </pattern>
      <pattern total="1">
        <valenceUnit GF="Dep" PT="PP[for]" FE="Attribute" />
        <annoSet ID="2170314" />
      </pattern>
      <pattern total="1">
        <valenceUnit GF="" PT="INI" FE="Attribute" />
        <annoSet ID="6549924" />
      </pattern>
      <pattern total="2">
        <valenceUnit GF="Obj" PT="NP" FE="Attribute" />
        <annoSet ID="2170184" />
        <annoSet ID="2170212" />
      </pattern>
    </FERealization>
    <FERealization total="4">
      <FE name="Circumstances" />
      <pattern total="3">
        <valenceUnit GF="Dep" PT="PP[for]" FE="Circumstances" />
        <annoSet ID="2170418" />
        <annoSet ID="2170498" />
        <annoSet ID="2170624" />
      </pattern>
      <pattern total="1">
        <valenceUnit GF="Dep" PT="PP[on]" FE="Circumstances" />
        <annoSet ID="6537227" />
      </pattern>
    </FERealization>
    <FERealization total="1">
      <FE name="Communicative_force" />
      <pattern total="1">
        <valenceUnit GF="Dep" PT="AVP" FE="Communicative_force" />
        <annoSet ID="2170274" />
      </pattern>
    </FERealization>
    <FERealization total="1">
      <FE name="Containing_event" />
      <pattern total="1">
        <valenceUnit GF="Dep" PT="PP[in]" FE="Containing_event" />
        <annoSet ID="2170526" />
      </pattern>
    </FERealization>
    <FERealization total="1">
      <FE name="Depictive" />
      <pattern total="1">
        <valenceUnit GF="Dep" PT="VPing" FE="Depictive" />
        <annoSet ID="2170326" />
      </pattern>
    </FERealization>
    <FERealization total="1">
      <FE name="Event_description" />
      <pattern total="1">
        <valenceUnit GF="Dep" PT="AVP" FE="Event_description" />
        <annoSet ID="2170184" />
      </pattern>
    </FERealization>
    <FERealization total="1">
      <FE name="Frequency" />
      <pattern total="1">
        <valenceUnit GF="Dep" PT="PP[at]" FE="Frequency" />
        <annoSet ID="2170428" />
      </pattern>
    </FERealization>
    <FERealization total="4">
      <FE name="Manner" />
      <pattern total="4">
        <valenceUnit GF="Dep" PT="AVP" FE="Manner" />
        <annoSet ID="2170244" />
        <annoSet ID="2170262" />
        <annoSet ID="2170304" />
        <annoSet ID="2170314" />
      </pattern>
    </FERealization>
    <FERealization total="2">
      <FE name="Particular_iteration" />
      <pattern total="2">
        <valenceUnit GF="Dep" PT="AVP" FE="Particular_iteration" />
        <annoSet ID="2170274" />
        <annoSet ID="2170326" />
      </pattern>
    </FERealization>
    <FERealization total="1">
      <FE name="Place" />
      <pattern total="1">
        <valenceUnit GF="Dep" PT="AVP" FE="Place" />
        <annoSet ID="2170412" />
      </pattern>
    </FERealization>
    <FERealization total="3">
      <FE name="Purpose" />
      <pattern total="3">
        <valenceUnit GF="Dep" PT="VPto" FE="Purpose" />
        <annoSet ID="2170552" />
        <annoSet ID="6549854" />
        <annoSet ID="6549863" />
      </pattern>
    </FERealization>
    <FERealization total="1">
      <FE name="Role" />
      <pattern total="1">
        <valenceUnit GF="Dep" PT="PP[as]" FE="Role" />
        <annoSet ID="2170412" />
      </pattern>
    </FERealization>
    <FERealization total="9">
      <FE name="Time" />
      <pattern total="1">
        <valenceUnit GF="Dep" PT="PP[within]" FE="Time" />
        <annoSet ID="2170262" />
      </pattern>
      <pattern total="3">
        <valenceUnit GF="Dep" PT="AVP" FE="Time" />
        <annoSet ID="2170392" />
        <annoSet ID="2170418" />
        <annoSet ID="6530032" />
      </pattern>
      <pattern total="3">
        <valenceUnit GF="Dep" PT="PP[on]" FE="Time" />
        <annoSet ID="2170332" />
        <annoSet ID="2170340" />
        <annoSet ID="2170572" />
      </pattern>
      <pattern total="1">
        <valenceUnit GF="Dep" PT="NP" FE="Time" />
        <annoSet ID="2170524" />
      </pattern>
      <pattern total="1">
        <valenceUnit GF="Dep" PT="PP[in]" FE="Time" />
        <annoSet ID="6537227" />
      </pattern>
    </FERealization>
    <FERealization total="34">
      <FE name="Value" />
      <pattern total="8">
        <valenceUnit GF="Ext" PT="NP" FE="Value" />
        <annoSet ID="2170262" />
        <annoSet ID="2170314" />
        <annoSet ID="2170412" />
        <annoSet ID="2170418" />
        <annoSet ID="2170624" />
        <annoSet ID="2170732" />
        <annoSet ID="2170738" />
        <annoSet ID="6537227" />
      </pattern>
      <pattern total="2">
        <valenceUnit GF="" PT="INI" FE="Value" />
        <annoSet ID="6549854" />
        <annoSet ID="6549863" />
      </pattern>
      <pattern total="22">
        <valenceUnit GF="Obj" PT="NP" FE="Value" />
        <annoSet ID="2170200" />
        <annoSet ID="2170216" />
        <annoSet ID="2170244" />
        <annoSet ID="2170274" />
        <annoSet ID="2170304" />
        <annoSet ID="2170326" />
        <annoSet ID="2170332" />
        <annoSet ID="2170340" />
        <annoSet ID="2170392" />
        <annoSet ID="2170428" />
        <annoSet ID="2170494" />
        <annoSet ID="2170498" />
        <annoSet ID="2170504" />
        <annoSet ID="2170524" />
        <annoSet ID="2170526" />
        <annoSet ID="2170552" />
        <annoSet ID="2170572" />
        <annoSet ID="2170642" />
        <annoSet ID="2170652" />
        <annoSet ID="4530476" />
        <annoSet ID="6530032" />
        <annoSet ID="6549924" />
      </pattern>
      <pattern total="1">
        <valenceUnit GF="Dep" PT="PP[on]" FE="Value" />
        <annoSet ID="2170200" />
      </pattern>
      <pattern total="1">
        <valenceUnit GF="" PT="DNI" FE="Value" />
        <annoSet ID="2170184" />
      </pattern>
      <pattern total="1">
        <valenceUnit GF="" PT="2nd" FE="Value" />
        <annoSet ID="2170212" />
      </pattern>
    </FERealization>
    <FEGroupRealization total="1">
      <FE name="Agent" />
      <FE name="Agent" />
      <FE name="Attribute" />
      <FE name="Value" />
      <pattern total="1">
        <valenceUnit GF="Ext" PT="NP" FE="Agent" />
        <valenceUnit GF="Ext" PT="NP" FE="Agent" />
        <valenceUnit GF="" PT="DNI" FE="Attribute" />
        <valenceUnit GF="Obj" PT="NP" FE="Value" />
        <annoSet ID="4530476" />
      </pattern>
    </FEGroupRealization>
    <FEGroupRealization total="1">
      <FE name="Agent" />
      <FE name="Attribute" />
      <FE name="Circumstances" />
      <FE name="Time" />
      <FE name="Value" />
      <pattern total="1">
        <valenceUnit GF="" PT="CNI" FE="Agent" />
        <valenceUnit GF="Dep" PT="PP[as]" FE="Attribute" />
        <valenceUnit GF="Dep" PT="PP[for]" FE="Circumstances" />
        <valenceUnit GF="Dep" PT="AVP" FE="Time" />
        <valenceUnit GF="Ext" PT="NP" FE="Value" />
        <annoSet ID="2170418" />
      </pattern>
    </FEGroupRealization>
    <FEGroupRealization total="1">
      <FE name="Agent" />
      <FE name="Attribute" />
      <FE name="Circumstances" />
      <FE name="Value" />
      <pattern total="1">
        <valenceUnit GF="" PT="CNI" FE="Agent" />
        <valenceUnit GF="" PT="2nd" FE="Attribute" />
        <valenceUnit GF="Dep" PT="PP[for]" FE="Circumstances" />
        <valenceUnit GF="Ext" PT="NP" FE="Value" />
        <annoSet ID="2170624" />
      </pattern>
    </FEGroupRealization>
    <FEGroupRealization total="1">
      <FE name="Agent" />
      <FE name="Attribute" />
      <FE name="Communicative_force" />
      <FE name="Particular_iteration" />
      <FE name="Value" />
      <pattern total="1">
        <valenceUnit GF="Ext" PT="NP" FE="Agent" />
        <valenceUnit GF="" PT="2nd" FE="Attribute" />
        <valenceUnit GF="Dep" PT="AVP" FE="Communicative_force" />
        <valenceUnit GF="Dep" PT="AVP" FE="Particular_iteration" />
        <valenceUnit GF="Obj" PT="NP" FE="Value" />
        <annoSet ID="2170274" />
      </pattern>
    </FEGroupRealization>
    <FEGroupRealization total="1">
      <FE name="Agent" />
      <FE name="Attribute" />
      <FE name="Containing_event" />
      <FE name="Value" />
      <pattern total="1">
        <valenceUnit GF="Ext" PT="NP" FE="Agent" />
        <valenceUnit GF="" PT="2nd" FE="Attribute" />
        <valenceUnit GF="Dep" PT="PP[in]" FE="Containing_event" />
        <valenceUnit GF="Obj" PT="NP" FE="Value" />
        <annoSet ID="2170526" />
      </pattern>
    </FEGroupRealization>
    <FEGroupRealization total="1">
      <FE name="Agent" />
      <FE name="Attribute" />
      <FE name="Depictive" />
      <FE name="Particular_iteration" />
      <FE name="Value" />
      <pattern total="1">
        <valenceUnit GF="Ext" PT="NP" FE="Agent" />
        <valenceUnit GF="" PT="2nd" FE="Attribute" />
        <valenceUnit GF="Dep" PT="VPing" FE="Depictive" />
        <valenceUnit GF="Dep" PT="AVP" FE="Particular_iteration" />
        <valenceUnit GF="Obj" PT="NP" FE="Value" />
        <annoSet ID="2170326" />
      </pattern>
    </FEGroupRealization>
    <FEGroupRealization total="1">
      <FE name="Agent" />
      <FE name="Attribute" />
      <FE name="Event_description" />
      <FE name="Value" />
      <pattern total="1">
        <valenceUnit GF="Ext" PT="NP" FE="Agent" />
        <valenceUnit GF="Obj" PT="NP" FE="Attribute" />
        <valenceUnit GF="Dep" PT="AVP" FE="Event_description" />
        <valenceUnit GF="" PT="DNI" FE="Value" />
        <annoSet ID="2170184" />
      </pattern>
    </FEGroupRealization>
    <FEGroupRealization total="1">
      <FE name="Agent" />
      <FE name="Attribute" />
      <FE name="Frequency" />
      <FE name="Value" />
      <pattern total="1">
        <valenceUnit GF="Ext" PT="NP" FE="Agent" />
        <valenceUnit GF="Dep" PT="PP[as]" FE="Attribute" />
        <valenceUnit GF="Dep" PT="PP[at]" FE="Frequency" />
        <valenceUnit GF="Obj" PT="NP" FE="Value" />
        <annoSet ID="2170428" />
      </pattern>
    </FEGroupRealization>
    <FEGroupRealization total="1">
      <FE name="Agent" />
      <FE name="Attribute" />
      <FE name="Manner" />
      <FE name="Time" />
      <FE name="Value" />
      <pattern total="1">
        <valenceUnit GF="" PT="CNI" FE="Agent" />
        <valenceUnit GF="" PT="DNI" FE="Attribute" />
        <valenceUnit GF="Dep" PT="AVP" FE="Manner" />
        <valenceUnit GF="Dep" PT="PP[within]" FE="Time" />
        <valenceUnit GF="Ext" PT="NP" FE="Value" />
        <annoSet ID="2170262" />
      </pattern>
    </FEGroupRealization>
    <FEGroupRealization total="3">
      <FE name="Agent" />
      <FE name="Attribute" />
      <FE name="Manner" />
      <FE name="Value" />
      <pattern total="1">
        <valenceUnit GF="" PT="CNI" FE="Agent" />
        <valenceUnit GF="Dep" PT="PP[for]" FE="Attribute" />
        <valenceUnit GF="Dep" PT="AVP" FE="Manner" />
        <valenceUnit GF="Ext" PT="NP" FE="Value" />
        <annoSet ID="2170314" />
      </pattern>
      <pattern total="1">
        <valenceUnit GF="Ext" PT="NP" FE="Agent" />
        <valenceUnit GF="" PT="2nd" FE="Attribute" />
        <valenceUnit GF="Dep" PT="AVP" FE="Manner" />
        <valenceUnit GF="Obj" PT="NP" FE="Value" />
        <annoSet ID="2170304" />
      </pattern>
      <pattern total="1">
        <valenceUnit GF="Ext" PT="NP" FE="Agent" />
        <valenceUnit GF="" PT="DNI" FE="Attribute" />
        <valenceUnit GF="Dep" PT="AVP" FE="Manner" />
        <valenceUnit GF="Obj" PT="NP" FE="Value" />
        <annoSet ID="2170244" />
      </pattern>
    </FEGroupRealization>
    <FEGroupRealization total="1">
      <FE name="Agent" />
      <FE name="Attribute" />
      <FE name="Place" />
      <FE name="Role" />
      <FE name="Value" />
      <pattern total="1">
        <valenceUnit GF="" PT="CNI" FE="Agent" />
        <valenceUnit GF="" PT="2nd" FE="Attribute" />
        <valenceUnit GF="Dep" PT="AVP" FE="Place" />
        <valenceUnit GF="Dep" PT="PP[as]" FE="Role" />
        <valenceUnit GF="Ext" PT="NP" FE="Value" />
        <annoSet ID="2170412" />
      </pattern>
    </FEGroupRealization>
    <FEGroupRealization total="3">
      <FE name="Agent" />
      <FE name="Attribute" />
      <FE name="Purpose" />
      <FE name="Value" />
      <pattern total="2">
        <valenceUnit GF="" PT="CNI" FE="Agent" />
        <valenceUnit GF="Ext" PT="NP" FE="Attribute" />
        <valenceUnit GF="Dep" PT="VPto" FE="Purpose" />
        <valenceUnit GF="" PT="INI" FE="Value" />
        <annoSet ID="6549854" />
        <annoSet ID="6549863" />
      </pattern>
      <pattern total="1">
        <valenceUnit GF="Ext" PT="NP" FE="Agent" />
        <valenceUnit GF="" PT="2nd" FE="Attribute" />
        <valenceUnit GF="Dep" PT="VPto" FE="Purpose" />
        <valenceUnit GF="Obj" PT="NP" FE="Value" />
        <annoSet ID="2170552" />
      </pattern>
    </FEGroupRealization>
    <FEGroupRealization total="5">
      <FE name="Agent" />
      <FE name="Attribute" />
      <FE name="Time" />
      <FE name="Value" />
      <pattern total="1">
        <valenceUnit GF="Ext" PT="NP" FE="Agent" />
        <valenceUnit GF="" PT="2nd" FE="Attribute" />
        <valenceUnit GF="Dep" PT="AVP" FE="Time" />
        <valenceUnit GF="Obj" PT="NP" FE="Value" />
        <annoSet ID="2170392" />
      </pattern>
      <pattern total="2">
        <valenceUnit GF="Ext" PT="NP" FE="Agent" />
        <valenceUnit GF="" PT="2nd" FE="Attribute" />
        <valenceUnit GF="Dep" PT="PP[on]" FE="Time" />
        <valenceUnit GF="Obj" PT="NP" FE="Value" />
        <annoSet ID="2170340" />
        <annoSet ID="2170572" />
      </pattern>
      <pattern total="1">
        <valenceUnit GF="Ext" PT="NP" FE="Agent" />
        <valenceUnit GF="" PT="DNI" FE="Attribute" />
        <valenceUnit GF="Dep" PT="AVP" FE="Time" />
        <valenceUnit GF="Obj" PT="NP" FE="Value" />
        <annoSet ID="6530032" />
      </pattern>
      <pattern total="1">
        <valenceUnit GF="Ext" PT="NP" FE="Agent" />
        <valenceUnit GF="Dep" PT="PP[as]" FE="Attribute" />
        <valenceUnit GF="Dep" PT="NP" FE="Time" />
        <valenceUnit GF="Obj" PT="NP" FE="Value" />
        <annoSet ID="2170524" />
      </pattern>
    </FEGroupRealization>
    <FEGroupRealization total="1">
      <FE name="Agent" />
      <FE name="Attribute" />
      <FE name="Time" />
      <FE name="Value" />
      <FE name="Value" />
      <pattern total="1">
        <valenceUnit GF="Ext" PT="NP" FE="Agent" />
        <valenceUnit GF="" PT="2nd" FE="Attribute" />
        <valenceUnit GF="Dep" PT="PP[on]" FE="Time" />
        <valenceUnit GF="Obj" PT="NP" FE="Value" />
        <valenceUnit GF="Obj" PT="NP" FE="Value" />
        <annoSet ID="2170332" />
      </pattern>
    </FEGroupRealization>
    <FEGroupRealization total="8">
      <FE name="Agent" />
      <FE name="Attribute" />
      <FE name="Value" />
      <pattern total="1">
        <valenceUnit GF="" PT="CNI" FE="Agent" />
        <valenceUnit GF="" PT="2nd" FE="Attribute" />
        <valenceUnit GF="Ext" PT="NP" FE="Value" />
        <annoSet ID="2170732" />
      </pattern>
      <pattern total="1">
        <valenceUnit GF="" PT="INI" FE="Agent" />
        <valenceUnit GF="" PT="INI" FE="Attribute" />
        <valenceUnit GF="Obj" PT="NP" FE="Value" />
        <annoSet ID="6549924" />
      </pattern>
      <pattern total="4">
        <valenceUnit GF="Ext" PT="NP" FE="Agent" />
        <valenceUnit GF="" PT="2nd" FE="Attribute" />
        <valenceUnit GF="Obj" PT="NP" FE="Value" />
        <annoSet ID="2170216" />
        <annoSet ID="2170504" />
        <annoSet ID="2170642" />
        <annoSet ID="2170652" />
      </pattern>
      <pattern total="1">
        <valenceUnit GF="Ext" PT="NP" FE="Agent" />
        <valenceUnit GF="Obj" PT="NP" FE="Attribute" />
        <valenceUnit GF="" PT="2nd" FE="Value" />
        <annoSet ID="2170212" />
      </pattern>
      <pattern total="1">
        <valenceUnit GF="Dep" PT="PP[by]" FE="Agent" />
        <valenceUnit GF="" PT="2nd" FE="Attribute" />
        <valenceUnit GF="Ext" PT="NP" FE="Value" />
        <annoSet ID="2170738" />
      </pattern>
    </FEGroupRealization>
    <FEGroupRealization total="1">
      <FE name="Agent" />
      <FE name="Attribute" />
      <FE name="Value" />
      <FE name="Value" />
      <pattern total="1">
        <valenceUnit GF="Ext" PT="NP" FE="Agent" />
        <valenceUnit GF="" PT="2nd" FE="Attribute" />
        <valenceUnit GF="Obj" PT="NP" FE="Value" />
        <valenceUnit GF="Dep" PT="PP[on]" FE="Value" />
        <annoSet ID="2170200" />
      </pattern>
    </FEGroupRealization>
    <FEGroupRealization total="1">
      <FE name="Agent" />
      <FE name="Circumstances" />
      <FE name="Time" />
      <FE name="Value" />
      <pattern total="1">
        <valenceUnit GF="Dep" PT="PP[by]" FE="Agent" />
        <valenceUnit GF="Dep" PT="PP[on]" FE="Circumstances" />
        <valenceUnit GF="Dep" PT="PP[in]" FE="Time" />
        <valenceUnit GF="Ext" PT="NP" FE="Value" />
        <annoSet ID="6537227" />
      </pattern>
    </FEGroupRealization>
    <FEGroupRealization total="1">
      <FE name="Agent" />
      <FE name="Circumstances" />
      <FE name="Value" />
      <pattern total="1">
        <valenceUnit GF="Ext" PT="NP" FE="Agent" />
        <valenceUnit GF="Dep" PT="PP[for]" FE="Circumstances" />
        <valenceUnit GF="Obj" PT="NP" FE="Value" />
        <annoSet ID="2170498" />
      </pattern>
    </FEGroupRealization>
    <FEGroupRealization total="1">
      <FE name="Agent" />
      <FE name="Value" />
      <pattern total="1">
        <valenceUnit GF="Ext" PT="NP" FE="Agent" />
        <valenceUnit GF="Obj" PT="NP" FE="Value" />
        <annoSet ID="2170494" />
      </pattern>
    </FEGroupRealization>
  </valences>
  <subCorpus name="V-augmented">
    <sentence sentNo="0" ID="1361619n">
      <text>Pouting seductively , she adopted the perfect pose , as she alluringly slipped the flimsy straps of her silk and lace petticoat from her ivory shoulders .</text>
      <annotationSet cDate="08/08/2025 07:59:36 PST Fri" status="AUGMENTED" ID="0">
        <layer name="FE" rank="1">
          <label cBy="auto-aug" feID="10137" start="0" end="18" name="Depictive" />
          <label cBy="auto-aug" feID="8684" start="22" end="24" name="Agent" />
          <label cBy="auto-aug" feID="8686" start="34" end="49" name="Value" />
        </layer>
        <layer name="Target" rank="1">
          <label cBy="auto-aug" start="26" end="32" name="Target" />
        </layer>
      </annotationSet>
    </sentence>
    <sentence sentNo="0" ID="1361423n">
      <text>An alien woman does not , as formerly , adopt a British surname automatically on marriage to a British citizen .</text>
      <annotationSet cDate="08/08/2025 07:59:36 PST Fri" status="AUGMENTED" ID="0">
        <layer name="FE" rank="1">
          <label cBy="auto-aug" feID="8684" start="0" end="13" name="Agent" />
          <label cBy="auto-aug" feID="8686" start="46" end="62" name="Value" />
          <label cBy="auto-aug" feID="8688" start="64" end="76" name="Manner" />
          <label cBy="auto-aug" feID="8687" start="78" end="109" name="Time" />
        </layer>
        <layer name="Target" rank="1">
          <label cBy="auto-aug" start="40" end="44" name="Target" />
        </layer>
      </annotationSet>
    </sentence>
    <sentence sentNo="0" ID="1361520n">
      <text>This led to the development officer having to adopt new strategies herself , and occasionally this involved her in more work than she felt she could easily provide .</text>
      <annotationSet cDate="08/08/2025 07:59:36 PST Fri" status="AUGMENTED" ID="0">
        <layer name="FE" rank="1">
          <label cBy="auto-aug" feID="8684" start="12" end="34" name="Agent" />
          <label cBy="auto-aug" feID="8686" start="52" end="65" name="Value" />
          <label cBy="auto-aug" feID="8684" start="67" end="73" name="Agent" />
        </layer>
        <layer name="Target" rank="1">
          <label cBy="auto-aug" start="46" end="50" name="Target" />
        </layer>
      </annotationSet>
    </sentence>
    <sentence sentNo="0" ID="1361762n">
      <text>Labour will adopt a new policy , with environmental modernisation an integral part of our industrial strategy .</text>
      <annotationSet cDate="08/08/2025 07:59:36 PST Fri" status="AUGMENTED" ID="0">
        <layer name="FE" rank="1">
          <label cBy="auto-aug" feID="8684" start="0" end="5" name="Agent" />
          <label cBy="auto-aug" feID="8686" start="18" end="29" name="Value" />
          <label cBy="auto-aug" feID="10144" start="33" end="108" name="Circumstances" />
        </layer>
        <layer name="Target" rank="1">
          <label cBy="auto-aug" start="12" end="16" name="Target" />
        </layer>
      </annotationSet>
    </sentence>
    <sentence sentNo="0" ID="1361553n">
      <text>You know I had to adopt a child .</text>
      <annotationSet cDate="08/08/2025 07:59:36 PST Fri" status="AUGMENTED" ID="0">
        <layer name="FE" rank="1">
          <label cBy="auto-aug" feID="8684" start="9" end="9" name="Agent" />
          <label cBy="auto-aug" feID="8686" start="24" end="30" name="Value" />
        </layer>
        <layer name="Target" rank="1">
          <label cBy="auto-aug" start="18" end="22" name="Target" />
        </layer>
      </annotationSet>
    </sentence>
    <sentence sentNo="0" ID="1361499n">
      <text>Media in addition adopt new perspectives in the perception of viewers , listeners and readers .</text>
      <annotationSet cDate="08/08/2025 07:59:36 PST Fri" status="AUGMENTED" ID="0">
        <layer name="FE" rank="1">
          <label cBy="auto-aug" feID="8684" start="0" end="4" name="Agent" />
          <label cBy="auto-aug" feID="8686" start="24" end="39" name="Value" />
          <label cBy="auto-aug" feID="10144" start="41" end="92" name="Circumstances" />
        </layer>
        <layer name="Target" rank="1">
          <label cBy="auto-aug" start="18" end="22" name="Target" />
        </layer>
      </annotationSet>
    </sentence>
  </subCorpus>
</lexUnit>