<?xml version='1.0' encoding='UTF-8'?>
<lexUnit xmlns="http://framenet.icsi.berkeley.edu" xmlns:xsi="http://www.w3.org/2001/XMLSchema-instance" status="Finished_Initial" POS="V" name="seek.v" ID="12161" frame="Seeking_to_achieve" frameID="1480" totalAnnotated="71" xsi:schemaLocation="../schema/lexUnit.xsd">
  <header>
    <corpus description="BNC2" name="BNC2" ID="111">
      <document description="bncp" name="bncp" ID="421" />
    </corpus>
    <corpus description="Texts from Nuclear Threat Initiative website, created by Center for Non-Proliferation Studies" name="NTI" ID="135">
      <document description="North Korea Introduction" name="NorthKorea_Introduction" ID="23481" />
      <document description="Iran Chemical" name="Iran_Chemical" ID="23514" />
      <document description="North Korea Nuclear Capabilities" name="NorthKorea_NuclearCapabilities" ID="23561" />
      <document description="North Korea Nuclear Overview" name="NorthKorea_NuclearOverview" ID="23562" />
      <document description="B W Tutorial chapter1" name="BWTutorial_chapter1" ID="23602" />
      <document description="WMD News 04/21/2006" name="WMDNews_042106" ID="23605" />
    </corpus>
    <corpus description="Miscellaneous" name="Miscellaneous" ID="175">
      <document description="Iran-related Questions" name="IranRelatedQuestions" ID="23541" />
    </corpus>
    <corpus description="AQUAINT Knowledge-Based Evaluation Texts" name="KBEval" ID="185">
      <document description="lcch" name="lcch" ID="23574" />
      <document description="MIT" name="MIT" ID="23580" />
    </corpus>
    <corpus description="LUCorpus-v0.3" name="LUCorpus-v0.3" ID="205">
      <document description="20000410_nyt-NEW" name="20000410_nyt-NEW" ID="23701" />
    </corpus>
    <frame>
      <FE fgColor="FFFFFF" bgColor="FF0000" type="Core" abbrev="age" name="Agent" />
      <FE fgColor="000000" bgColor="FFA500" type="Extra-Thematic" abbrev="" name="Beneficiary" />
      <FE fgColor="000000" bgColor="FFFF00" type="Extra-Thematic" abbrev="Cir" name="Circumstances" />
      <FE fgColor="FFFFFF" bgColor="FF69B4" type="Peripheral" abbrev="Degr" name="Degree" />
      <FE fgColor="FFFFFF" bgColor="00008B" type="Extra-Thematic" abbrev="Dep" name="Depictive" />
      <FE fgColor="FFFFFF" bgColor="800080" type="Extra-Thematic" abbrev="dur" name="Duration" />
      <FE fgColor="FFFFFF" bgColor="1E90FF" type="Extra-Thematic" abbrev="exp" name="Explanation" />
      <FE fgColor="FFFFFF" bgColor="FF00FF" type="Peripheral" abbrev="man" name="Manner" />
      <FE fgColor="FFFFFF" bgColor="A52A2A" type="Peripheral" abbrev="Means" name="Means" />
      <FE fgColor="FFFFFF" bgColor="808080" type="Peripheral" abbrev="out" name="Outcome" />
      <FE fgColor="FFFFFF" bgColor="008000" type="Peripheral" abbrev="Place" name="Place" />
      <FE fgColor="FFFFFF" bgColor="9400D3" type="Peripheral" abbrev="pur" name="Purpose" />
      <FE fgColor="FFFFFF" bgColor="00BFFF" type="Core" abbrev="sou" name="Sought_entity" />
      <FE fgColor="FFFFFF" bgColor="7CCD7C" type="Extra-Thematic" abbrev="src" name="Source" />
      <FE fgColor="FFFFFF" bgColor="2E8B57" type="Core" abbrev="soa" name="State_of_affairs" />
      <FE fgColor="FFFFFF" bgColor="FFA500" type="Peripheral" abbrev="Time" name="Time" />
    </frame>
  </header>
  <definition>FN: take steps towards obtaining an entity or bringing about a state of affairs</definition>
  <lexeme POS="V" name="seek" />
  <valences>
    <FERealization total="71">
      <FE name="Agent" />
      <pattern total="10">
        <valenceUnit GF="" PT="CNI" FE="Agent" />
        <annoSet ID="2123303" />
        <annoSet ID="2123443" />
        <annoSet ID="2123527" />
        <annoSet ID="2123551" />
        <annoSet ID="2123559" />
        <annoSet ID="2123659" />
        <annoSet ID="2123693" />
        <annoSet ID="6527409" />
        <annoSet ID="6527410" />
        <annoSet ID="6535411" />
      </pattern>
      <pattern total="3">
        <valenceUnit GF="Ext" PT="N" FE="Agent" />
        <annoSet ID="2123305" />
        <annoSet ID="2123501" />
        <annoSet ID="2123595" />
      </pattern>
      <pattern total="57">
        <valenceUnit GF="Ext" PT="NP" FE="Agent" />
        <annoSet ID="2123263" />
        <annoSet ID="2123267" />
        <annoSet ID="2123287" />
        <annoSet ID="2123291" />
        <annoSet ID="2123293" />
        <annoSet ID="2123301" />
        <annoSet ID="2123327" />
        <annoSet ID="2123329" />
        <annoSet ID="2123333" />
        <annoSet ID="2123335" />
        <annoSet ID="2123337" />
        <annoSet ID="2123345" />
        <annoSet ID="2123359" />
        <annoSet ID="2123375" />
        <annoSet ID="2123377" />
        <annoSet ID="2123385" />
        <annoSet ID="2123389" />
        <annoSet ID="2123407" />
        <annoSet ID="2123411" />
        <annoSet ID="2123425" />
        <annoSet ID="2123441" />
        <annoSet ID="2123451" />
        <annoSet ID="2123477" />
        <annoSet ID="2123493" />
        <annoSet ID="2123509" />
        <annoSet ID="2123515" />
        <annoSet ID="2123531" />
        <annoSet ID="2123537" />
        <annoSet ID="2123561" />
        <annoSet ID="2123607" />
        <annoSet ID="2123619" />
        <annoSet ID="2123645" />
        <annoSet ID="2123651" />
        <annoSet ID="2123683" />
        <annoSet ID="2123745" />
        <annoSet ID="2123759" />
        <annoSet ID="6527393" />
        <annoSet ID="6527411" />
        <annoSet ID="6527412" />
        <annoSet ID="6527413" />
        <annoSet ID="6527414" />
        <annoSet ID="6527415" />
        <annoSet ID="6527416" />
        <annoSet ID="6527823" />
        <annoSet ID="6528419" />
        <annoSet ID="6528956" />
        <annoSet ID="6529339" />
        <annoSet ID="6529929" />
        <annoSet ID="6530273" />
        <annoSet ID="6532342" />
        <annoSet ID="6532698" />
        <annoSet ID="6535412" />
        <annoSet ID="6535467" />
        <annoSet ID="6535477" />
        <annoSet ID="6535762" />
        <annoSet ID="6535941" />
        <annoSet ID="6544798" />
      </pattern>
      <pattern total="1">
        <valenceUnit GF="Dep" PT="PP[by]" FE="Agent" />
        <annoSet ID="2123471" />
      </pattern>
    </FERealization>
    <FERealization total="3">
      <FE name="Beneficiary" />
      <pattern total="3">
        <valenceUnit GF="Dep" PT="PP[for]" FE="Beneficiary" />
        <annoSet ID="2123305" />
        <annoSet ID="2123329" />
        <annoSet ID="2123337" />
      </pattern>
    </FERealization>
    <FERealization total="6">
      <FE name="Circumstances" />
      <pattern total="5">
        <valenceUnit GF="Dep" PT="PP[in]" FE="Circumstances" />
        <annoSet ID="2123407" />
        <annoSet ID="2123451" />
        <annoSet ID="2123527" />
        <annoSet ID="2123537" />
        <annoSet ID="2123595" />
      </pattern>
      <pattern total="1">
        <valenceUnit GF="Dep" PT="Sfin" FE="Circumstances" />
        <annoSet ID="2123287" />
      </pattern>
    </FERealization>
    <FERealization total="1">
      <FE name="Degree" />
      <pattern total="1">
        <valenceUnit GF="Dep" PT="AVP" FE="Degree" />
        <annoSet ID="2123683" />
      </pattern>
    </FERealization>
    <FERealization total="2">
      <FE name="Depictive" />
      <pattern total="1">
        <valenceUnit GF="Dep" PT="AVP" FE="Depictive" />
        <annoSet ID="2123745" />
      </pattern>
      <pattern total="1">
        <valenceUnit GF="Dep" PT="Sabs" FE="Depictive" />
        <annoSet ID="2123263" />
      </pattern>
    </FERealization>
    <FERealization total="2">
      <FE name="Duration" />
      <pattern total="2">
        <valenceUnit GF="Dep" PT="PP[for]" FE="Duration" />
        <annoSet ID="2123327" />
        <annoSet ID="2123509" />
      </pattern>
    </FERealization>
    <FERealization total="6">
      <FE name="Explanation" />
      <pattern total="2">
        <valenceUnit GF="Dep" PT="Sub" FE="Explanation" />
        <annoSet ID="2123441" />
        <annoSet ID="2123443" />
      </pattern>
      <pattern total="1">
        <valenceUnit GF="Dep" PT="AJP" FE="Explanation" />
        <annoSet ID="2123619" />
      </pattern>
      <pattern total="2">
        <valenceUnit GF="Dep" PT="Sfin" FE="Explanation" />
        <annoSet ID="2123425" />
        <annoSet ID="6527414" />
      </pattern>
      <pattern total="1">
        <valenceUnit GF="Dep" PT="VPed" FE="Explanation" />
        <annoSet ID="6535467" />
      </pattern>
    </FERealization>
    <FERealization total="11">
      <FE name="Manner" />
      <pattern total="10">
        <valenceUnit GF="Dep" PT="AVP" FE="Manner" />
        <annoSet ID="2123267" />
        <annoSet ID="2123389" />
        <annoSet ID="2123407" />
        <annoSet ID="2123451" />
        <annoSet ID="2123471" />
        <annoSet ID="2123645" />
        <annoSet ID="2123759" />
        <annoSet ID="6527412" />
        <annoSet ID="6527416" />
        <annoSet ID="6535941" />
      </pattern>
      <pattern total="1">
        <valenceUnit GF="Dep" PT="PP[on]" FE="Manner" />
        <annoSet ID="6528956" />
      </pattern>
    </FERealization>
    <FERealization total="10">
      <FE name="Means" />
      <pattern total="4">
        <valenceUnit GF="Dep" PT="PP[by]" FE="Means" />
        <annoSet ID="2123301" />
        <annoSet ID="2123303" />
        <annoSet ID="2123451" />
        <annoSet ID="2123745" />
      </pattern>
      <pattern total="5">
        <valenceUnit GF="Dep" PT="PP[through]" FE="Means" />
        <annoSet ID="2123333" />
        <annoSet ID="2123389" />
        <annoSet ID="2123471" />
        <annoSet ID="2123531" />
        <annoSet ID="2123561" />
      </pattern>
      <pattern total="1">
        <valenceUnit GF="Dep" PT="PPing[by]" FE="Means" />
        <annoSet ID="6535412" />
      </pattern>
    </FERealization>
    <FERealization total="4">
      <FE name="Purpose" />
      <pattern total="4">
        <valenceUnit GF="Dep" PT="PP[for]" FE="Purpose" />
        <annoSet ID="2123333" />
        <annoSet ID="2123501" />
        <annoSet ID="2123559" />
        <annoSet ID="2123693" />
      </pattern>
    </FERealization>
    <FERealization total="37">
      <FE name="Sought_entity" />
      <pattern total="6">
        <valenceUnit GF="Ext" PT="NP" FE="Sought_entity" />
        <annoSet ID="2123443" />
        <annoSet ID="2123527" />
        <annoSet ID="2123551" />
        <annoSet ID="2123559" />
        <annoSet ID="2123693" />
        <annoSet ID="6535411" />
      </pattern>
      <pattern total="31">
        <valenceUnit GF="Obj" PT="NP" FE="Sought_entity" />
        <annoSet ID="2123301" />
        <annoSet ID="2123305" />
        <annoSet ID="2123327" />
        <annoSet ID="2123329" />
        <annoSet ID="2123333" />
        <annoSet ID="2123335" />
        <annoSet ID="2123337" />
        <annoSet ID="2123345" />
        <annoSet ID="2123359" />
        <annoSet ID="2123375" />
        <annoSet ID="2123377" />
        <annoSet ID="2123389" />
        <annoSet ID="2123407" />
        <annoSet ID="2123425" />
        <annoSet ID="2123441" />
        <annoSet ID="2123493" />
        <annoSet ID="2123501" />
        <annoSet ID="2123509" />
        <annoSet ID="2123515" />
        <annoSet ID="2123595" />
        <annoSet ID="2123607" />
        <annoSet ID="2123645" />
        <annoSet ID="2123651" />
        <annoSet ID="6527411" />
        <annoSet ID="6527413" />
        <annoSet ID="6527414" />
        <annoSet ID="6527415" />
        <annoSet ID="6527823" />
        <annoSet ID="6529339" />
        <annoSet ID="6532342" />
        <annoSet ID="6532698" />
      </pattern>
    </FERealization>
    <FERealization total="12">
      <FE name="Source" />
      <pattern total="11">
        <valenceUnit GF="Dep" PT="PP[from]" FE="Source" />
        <annoSet ID="2123345" />
        <annoSet ID="2123359" />
        <annoSet ID="2123375" />
        <annoSet ID="2123377" />
        <annoSet ID="2123493" />
        <annoSet ID="2123501" />
        <annoSet ID="2123551" />
        <annoSet ID="2123607" />
        <annoSet ID="6527413" />
        <annoSet ID="6529339" />
        <annoSet ID="6532342" />
      </pattern>
      <pattern total="1">
        <valenceUnit GF="Dep" PT="PP[in]" FE="Source" />
        <annoSet ID="2123305" />
      </pattern>
    </FERealization>
    <FERealization total="34">
      <FE name="State_of_affairs" />
      <pattern total="2">
        <valenceUnit GF="Ext" PT="NP" FE="State_of_affairs" />
        <annoSet ID="2123303" />
        <annoSet ID="2123471" />
      </pattern>
      <pattern total="10">
        <valenceUnit GF="Obj" PT="NP" FE="State_of_affairs" />
        <annoSet ID="2123385" />
        <annoSet ID="2123411" />
        <annoSet ID="6527409" />
        <annoSet ID="6527410" />
        <annoSet ID="6527412" />
        <annoSet ID="6527416" />
        <annoSet ID="6528419" />
        <annoSet ID="6529929" />
        <annoSet ID="6530273" />
        <annoSet ID="6544798" />
      </pattern>
      <pattern total="22">
        <valenceUnit GF="Dep" PT="VPto" FE="State_of_affairs" />
        <annoSet ID="2123263" />
        <annoSet ID="2123267" />
        <annoSet ID="2123287" />
        <annoSet ID="2123291" />
        <annoSet ID="2123293" />
        <annoSet ID="2123451" />
        <annoSet ID="2123477" />
        <annoSet ID="2123531" />
        <annoSet ID="2123537" />
        <annoSet ID="2123561" />
        <annoSet ID="2123619" />
        <annoSet ID="2123659" />
        <annoSet ID="2123683" />
        <annoSet ID="2123745" />
        <annoSet ID="2123759" />
        <annoSet ID="6527393" />
        <annoSet ID="6528956" />
        <annoSet ID="6535412" />
        <annoSet ID="6535467" />
        <annoSet ID="6535477" />
        <annoSet ID="6535762" />
        <annoSet ID="6535941" />
      </pattern>
    </FERealization>
    <FERealization total="7">
      <FE name="Time" />
      <pattern total="2">
        <valenceUnit GF="Dep" PT="PP[at]" FE="Time" />
        <annoSet ID="2123293" />
        <annoSet ID="2123551" />
      </pattern>
      <pattern total="4">
        <valenceUnit GF="Dep" PT="AVP" FE="Time" />
        <annoSet ID="2123301" />
        <annoSet ID="2123515" />
        <annoSet ID="2123607" />
        <annoSet ID="2123651" />
      </pattern>
      <pattern total="1">
        <valenceUnit GF="Dep" PT="PP[for]" FE="Time" />
        <annoSet ID="2123335" />
      </pattern>
    </FERealization>
    <FEGroupRealization total="1">
      <FE name="Agent" />
      <FE name="Agent" />
      <FE name="Degree" />
      <FE name="State_of_affairs" />
      <pattern total="1">
        <valenceUnit GF="Ext" PT="NP" FE="Agent" />
        <valenceUnit GF="Ext" PT="NP" FE="Agent" />
        <valenceUnit GF="Dep" PT="AVP" FE="Degree" />
        <valenceUnit GF="Dep" PT="VPto" FE="State_of_affairs" />
        <annoSet ID="2123683" />
      </pattern>
    </FEGroupRealization>
    <FEGroupRealization total="1">
      <FE name="Agent" />
      <FE name="Agent" />
      <FE name="Manner" />
      <FE name="Sought_entity" />
      <pattern total="1">
        <valenceUnit GF="Ext" PT="NP" FE="Agent" />
        <valenceUnit GF="Ext" PT="NP" FE="Agent" />
        <valenceUnit GF="Dep" PT="AVP" FE="Manner" />
        <valenceUnit GF="Obj" PT="NP" FE="Sought_entity" />
        <annoSet ID="2123645" />
      </pattern>
    </FEGroupRealization>
    <FEGroupRealization total="2">
      <FE name="Agent" />
      <FE name="Agent" />
      <FE name="Sought_entity" />
      <FE name="Time" />
      <pattern total="2">
        <valenceUnit GF="Ext" PT="NP" FE="Agent" />
        <valenceUnit GF="Ext" PT="NP" FE="Agent" />
        <valenceUnit GF="Obj" PT="NP" FE="Sought_entity" />
        <valenceUnit GF="Dep" PT="AVP" FE="Time" />
        <annoSet ID="2123515" />
        <annoSet ID="2123651" />
      </pattern>
    </FEGroupRealization>
    <FEGroupRealization total="2">
      <FE name="Agent" />
      <FE name="Agent" />
      <FE name="State_of_affairs" />
      <pattern total="2">
        <valenceUnit GF="Ext" PT="NP" FE="Agent" />
        <valenceUnit GF="Ext" PT="NP" FE="Agent" />
        <valenceUnit GF="Dep" PT="VPto" FE="State_of_affairs" />
        <annoSet ID="2123291" />
        <annoSet ID="6535477" />
      </pattern>
    </FEGroupRealization>
    <FEGroupRealization total="2">
      <FE name="Agent" />
      <FE name="Beneficiary" />
      <FE name="Sought_entity" />
      <pattern total="2">
        <valenceUnit GF="Ext" PT="NP" FE="Agent" />
        <valenceUnit GF="Dep" PT="PP[for]" FE="Beneficiary" />
        <valenceUnit GF="Obj" PT="NP" FE="Sought_entity" />
        <annoSet ID="2123329" />
        <annoSet ID="2123337" />
      </pattern>
    </FEGroupRealization>
    <FEGroupRealization total="1">
      <FE name="Agent" />
      <FE name="Beneficiary" />
      <FE name="Sought_entity" />
      <FE name="Source" />
      <pattern total="1">
        <valenceUnit GF="Ext" PT="N" FE="Agent" />
        <valenceUnit GF="Dep" PT="PP[for]" FE="Beneficiary" />
        <valenceUnit GF="Obj" PT="NP" FE="Sought_entity" />
        <valenceUnit GF="Dep" PT="PP[in]" FE="Source" />
        <annoSet ID="2123305" />
      </pattern>
    </FEGroupRealization>
    <FEGroupRealization total="1">
      <FE name="Agent" />
      <FE name="Circumstances" />
      <FE name="Manner" />
      <FE name="Means" />
      <FE name="State_of_affairs" />
      <pattern total="1">
        <valenceUnit GF="Ext" PT="NP" FE="Agent" />
        <valenceUnit GF="Dep" PT="PP[in]" FE="Circumstances" />
        <valenceUnit GF="Dep" PT="AVP" FE="Manner" />
        <valenceUnit GF="Dep" PT="PP[by]" FE="Means" />
        <valenceUnit GF="Dep" PT="VPto" FE="State_of_affairs" />
        <annoSet ID="2123451" />
      </pattern>
    </FEGroupRealization>
    <FEGroupRealization total="1">
      <FE name="Agent" />
      <FE name="Circumstances" />
      <FE name="Manner" />
      <FE name="Sought_entity" />
      <pattern total="1">
        <valenceUnit GF="Ext" PT="NP" FE="Agent" />
        <valenceUnit GF="Dep" PT="PP[in]" FE="Circumstances" />
        <valenceUnit GF="Dep" PT="AVP" FE="Manner" />
        <valenceUnit GF="Obj" PT="NP" FE="Sought_entity" />
        <annoSet ID="2123407" />
      </pattern>
    </FEGroupRealization>
    <FEGroupRealization total="2">
      <FE name="Agent" />
      <FE name="Circumstances" />
      <FE name="Sought_entity" />
      <pattern total="1">
        <valenceUnit GF="" PT="CNI" FE="Agent" />
        <valenceUnit GF="Dep" PT="PP[in]" FE="Circumstances" />
        <valenceUnit GF="Ext" PT="NP" FE="Sought_entity" />
        <annoSet ID="2123527" />
      </pattern>
      <pattern total="1">
        <valenceUnit GF="Ext" PT="N" FE="Agent" />
        <valenceUnit GF="Dep" PT="PP[in]" FE="Circumstances" />
        <valenceUnit GF="Obj" PT="NP" FE="Sought_entity" />
        <annoSet ID="2123595" />
      </pattern>
    </FEGroupRealization>
    <FEGroupRealization total="2">
      <FE name="Agent" />
      <FE name="Circumstances" />
      <FE name="State_of_affairs" />
      <pattern total="1">
        <valenceUnit GF="Ext" PT="NP" FE="Agent" />
        <valenceUnit GF="Dep" PT="PP[in]" FE="Circumstances" />
        <valenceUnit GF="Dep" PT="VPto" FE="State_of_affairs" />
        <annoSet ID="2123537" />
      </pattern>
      <pattern total="1">
        <valenceUnit GF="Ext" PT="NP" FE="Agent" />
        <valenceUnit GF="Dep" PT="Sfin" FE="Circumstances" />
        <valenceUnit GF="Dep" PT="VPto" FE="State_of_affairs" />
        <annoSet ID="2123287" />
      </pattern>
    </FEGroupRealization>
    <FEGroupRealization total="1">
      <FE name="Agent" />
      <FE name="Depictive" />
      <FE name="Means" />
      <FE name="State_of_affairs" />
      <pattern total="1">
        <valenceUnit GF="Ext" PT="NP" FE="Agent" />
        <valenceUnit GF="Dep" PT="AVP" FE="Depictive" />
        <valenceUnit GF="Dep" PT="PP[by]" FE="Means" />
        <valenceUnit GF="Dep" PT="VPto" FE="State_of_affairs" />
        <annoSet ID="2123745" />
      </pattern>
    </FEGroupRealization>
    <FEGroupRealization total="1">
      <FE name="Agent" />
      <FE name="Depictive" />
      <FE name="State_of_affairs" />
      <pattern total="1">
        <valenceUnit GF="Ext" PT="NP" FE="Agent" />
        <valenceUnit GF="Dep" PT="Sabs" FE="Depictive" />
        <valenceUnit GF="Dep" PT="VPto" FE="State_of_affairs" />
        <annoSet ID="2123263" />
      </pattern>
    </FEGroupRealization>
    <FEGroupRealization total="2">
      <FE name="Agent" />
      <FE name="Duration" />
      <FE name="Sought_entity" />
      <pattern total="2">
        <valenceUnit GF="Ext" PT="NP" FE="Agent" />
        <valenceUnit GF="Dep" PT="PP[for]" FE="Duration" />
        <valenceUnit GF="Obj" PT="NP" FE="Sought_entity" />
        <annoSet ID="2123327" />
        <annoSet ID="2123509" />
      </pattern>
    </FEGroupRealization>
    <FEGroupRealization total="4">
      <FE name="Agent" />
      <FE name="Explanation" />
      <FE name="Sought_entity" />
      <pattern total="1">
        <valenceUnit GF="" PT="CNI" FE="Agent" />
        <valenceUnit GF="Dep" PT="Sub" FE="Explanation" />
        <valenceUnit GF="Ext" PT="NP" FE="Sought_entity" />
        <annoSet ID="2123443" />
      </pattern>
      <pattern total="2">
        <valenceUnit GF="Ext" PT="NP" FE="Agent" />
        <valenceUnit GF="Dep" PT="Sfin" FE="Explanation" />
        <valenceUnit GF="Obj" PT="NP" FE="Sought_entity" />
        <annoSet ID="2123425" />
        <annoSet ID="6527414" />
      </pattern>
      <pattern total="1">
        <valenceUnit GF="Ext" PT="NP" FE="Agent" />
        <valenceUnit GF="Dep" PT="Sub" FE="Explanation" />
        <valenceUnit GF="Obj" PT="NP" FE="Sought_entity" />
        <annoSet ID="2123441" />
      </pattern>
    </FEGroupRealization>
    <FEGroupRealization total="2">
      <FE name="Agent" />
      <FE name="Explanation" />
      <FE name="State_of_affairs" />
      <pattern total="1">
        <valenceUnit GF="Ext" PT="NP" FE="Agent" />
        <valenceUnit GF="Dep" PT="AJP" FE="Explanation" />
        <valenceUnit GF="Dep" PT="VPto" FE="State_of_affairs" />
        <annoSet ID="2123619" />
      </pattern>
      <pattern total="1">
        <valenceUnit GF="Ext" PT="NP" FE="Agent" />
        <valenceUnit GF="Dep" PT="VPed" FE="Explanation" />
        <valenceUnit GF="Dep" PT="VPto" FE="State_of_affairs" />
        <annoSet ID="6535467" />
      </pattern>
    </FEGroupRealization>
    <FEGroupRealization total="1">
      <FE name="Agent" />
      <FE name="Manner" />
      <FE name="Means" />
      <FE name="Sought_entity" />
      <pattern total="1">
        <valenceUnit GF="Ext" PT="NP" FE="Agent" />
        <valenceUnit GF="Dep" PT="AVP" FE="Manner" />
        <valenceUnit GF="Dep" PT="PP[through]" FE="Means" />
        <valenceUnit GF="Obj" PT="NP" FE="Sought_entity" />
        <annoSet ID="2123389" />
      </pattern>
    </FEGroupRealization>
    <FEGroupRealization total="1">
      <FE name="Agent" />
      <FE name="Manner" />
      <FE name="Means" />
      <FE name="State_of_affairs" />
      <pattern total="1">
        <valenceUnit GF="Dep" PT="PP[by]" FE="Agent" />
        <valenceUnit GF="Dep" PT="AVP" FE="Manner" />
        <valenceUnit GF="Dep" PT="PP[through]" FE="Means" />
        <valenceUnit GF="Ext" PT="NP" FE="State_of_affairs" />
        <annoSet ID="2123471" />
      </pattern>
    </FEGroupRealization>
    <FEGroupRealization total="6">
      <FE name="Agent" />
      <FE name="Manner" />
      <FE name="State_of_affairs" />
      <pattern total="2">
        <valenceUnit GF="Ext" PT="NP" FE="Agent" />
        <valenceUnit GF="Dep" PT="AVP" FE="Manner" />
        <valenceUnit GF="Obj" PT="NP" FE="State_of_affairs" />
        <annoSet ID="6527412" />
        <annoSet ID="6527416" />
      </pattern>
      <pattern total="3">
        <valenceUnit GF="Ext" PT="NP" FE="Agent" />
        <valenceUnit GF="Dep" PT="AVP" FE="Manner" />
        <valenceUnit GF="Dep" PT="VPto" FE="State_of_affairs" />
        <annoSet ID="2123267" />
        <annoSet ID="2123759" />
        <annoSet ID="6535941" />
      </pattern>
      <pattern total="1">
        <valenceUnit GF="Ext" PT="NP" FE="Agent" />
        <valenceUnit GF="Dep" PT="PP[on]" FE="Manner" />
        <valenceUnit GF="Dep" PT="VPto" FE="State_of_affairs" />
        <annoSet ID="6528956" />
      </pattern>
    </FEGroupRealization>
    <FEGroupRealization total="1">
      <FE name="Agent" />
      <FE name="Means" />
      <FE name="Purpose" />
      <FE name="Sought_entity" />
      <pattern total="1">
        <valenceUnit GF="Ext" PT="NP" FE="Agent" />
        <valenceUnit GF="Dep" PT="PP[through]" FE="Means" />
        <valenceUnit GF="Dep" PT="PP[for]" FE="Purpose" />
        <valenceUnit GF="Obj" PT="NP" FE="Sought_entity" />
        <annoSet ID="2123333" />
      </pattern>
    </FEGroupRealization>
    <FEGroupRealization total="1">
      <FE name="Agent" />
      <FE name="Means" />
      <FE name="Sought_entity" />
      <FE name="Time" />
      <pattern total="1">
        <valenceUnit GF="Ext" PT="NP" FE="Agent" />
        <valenceUnit GF="Dep" PT="PP[by]" FE="Means" />
        <valenceUnit GF="Obj" PT="NP" FE="Sought_entity" />
        <valenceUnit GF="Dep" PT="AVP" FE="Time" />
        <annoSet ID="2123301" />
      </pattern>
    </FEGroupRealization>
    <FEGroupRealization total="4">
      <FE name="Agent" />
      <FE name="Means" />
      <FE name="State_of_affairs" />
      <pattern total="1">
        <valenceUnit GF="" PT="CNI" FE="Agent" />
        <valenceUnit GF="Dep" PT="PP[by]" FE="Means" />
        <valenceUnit GF="Ext" PT="NP" FE="State_of_affairs" />
        <annoSet ID="2123303" />
      </pattern>
      <pattern total="2">
        <valenceUnit GF="Ext" PT="NP" FE="Agent" />
        <valenceUnit GF="Dep" PT="PP[through]" FE="Means" />
        <valenceUnit GF="Dep" PT="VPto" FE="State_of_affairs" />
        <annoSet ID="2123531" />
        <annoSet ID="2123561" />
      </pattern>
      <pattern total="1">
        <valenceUnit GF="Ext" PT="NP" FE="Agent" />
        <valenceUnit GF="Dep" PT="PPing[by]" FE="Means" />
        <valenceUnit GF="Dep" PT="VPto" FE="State_of_affairs" />
        <annoSet ID="6535412" />
      </pattern>
    </FEGroupRealization>
    <FEGroupRealization total="2">
      <FE name="Agent" />
      <FE name="Purpose" />
      <FE name="Sought_entity" />
      <pattern total="2">
        <valenceUnit GF="" PT="CNI" FE="Agent" />
        <valenceUnit GF="Dep" PT="PP[for]" FE="Purpose" />
        <valenceUnit GF="Ext" PT="NP" FE="Sought_entity" />
        <annoSet ID="2123559" />
        <annoSet ID="2123693" />
      </pattern>
    </FEGroupRealization>
    <FEGroupRealization total="1">
      <FE name="Agent" />
      <FE name="Purpose" />
      <FE name="Sought_entity" />
      <FE name="Source" />
      <pattern total="1">
        <valenceUnit GF="Ext" PT="N" FE="Agent" />
        <valenceUnit GF="Dep" PT="PP[for]" FE="Purpose" />
        <valenceUnit GF="Obj" PT="NP" FE="Sought_entity" />
        <valenceUnit GF="Dep" PT="PP[from]" FE="Source" />
        <annoSet ID="2123501" />
      </pattern>
    </FEGroupRealization>
    <FEGroupRealization total="5">
      <FE name="Agent" />
      <FE name="Sought_entity" />
      <pattern total="1">
        <valenceUnit GF="" PT="CNI" FE="Agent" />
        <valenceUnit GF="Ext" PT="NP" FE="Sought_entity" />
        <annoSet ID="6535411" />
      </pattern>
      <pattern total="4">
        <valenceUnit GF="Ext" PT="NP" FE="Agent" />
        <valenceUnit GF="Obj" PT="NP" FE="Sought_entity" />
        <annoSet ID="6527411" />
        <annoSet ID="6527415" />
        <annoSet ID="6527823" />
        <annoSet ID="6532698" />
      </pattern>
    </FEGroupRealization>
    <FEGroupRealization total="1">
      <FE name="Agent" />
      <FE name="Sought_entity" />
      <FE name="Sought_entity" />
      <FE name="Source" />
      <pattern total="1">
        <valenceUnit GF="Ext" PT="NP" FE="Agent" />
        <valenceUnit GF="Obj" PT="NP" FE="Sought_entity" />
        <valenceUnit GF="Obj" PT="NP" FE="Sought_entity" />
        <valenceUnit GF="Dep" PT="PP[from]" FE="Source" />
        <annoSet ID="6532342" />
      </pattern>
    </FEGroupRealization>
    <FEGroupRealization total="1">
      <FE name="Agent" />
      <FE name="Sought_entity" />
      <FE name="Sought_entity" />
      <FE name="Source" />
      <FE name="Time" />
      <pattern total="1">
        <valenceUnit GF="Ext" PT="NP" FE="Agent" />
        <valenceUnit GF="Obj" PT="NP" FE="Sought_entity" />
        <valenceUnit GF="Obj" PT="NP" FE="Sought_entity" />
        <valenceUnit GF="Dep" PT="PP[from]" FE="Source" />
        <valenceUnit GF="Dep" PT="AVP" FE="Time" />
        <annoSet ID="2123607" />
      </pattern>
    </FEGroupRealization>
    <FEGroupRealization total="7">
      <FE name="Agent" />
      <FE name="Sought_entity" />
      <FE name="Source" />
      <pattern total="7">
        <valenceUnit GF="Ext" PT="NP" FE="Agent" />
        <valenceUnit GF="Obj" PT="NP" FE="Sought_entity" />
        <valenceUnit GF="Dep" PT="PP[from]" FE="Source" />
        <annoSet ID="2123345" />
        <annoSet ID="2123359" />
        <annoSet ID="2123375" />
        <annoSet ID="2123377" />
        <annoSet ID="2123493" />
        <annoSet ID="6527413" />
        <annoSet ID="6529339" />
      </pattern>
    </FEGroupRealization>
    <FEGroupRealization total="1">
      <FE name="Agent" />
      <FE name="Sought_entity" />
      <FE name="Source" />
      <FE name="Time" />
      <pattern total="1">
        <valenceUnit GF="" PT="CNI" FE="Agent" />
        <valenceUnit GF="Ext" PT="NP" FE="Sought_entity" />
        <valenceUnit GF="Dep" PT="PP[from]" FE="Source" />
        <valenceUnit GF="Dep" PT="PP[at]" FE="Time" />
        <annoSet ID="2123551" />
      </pattern>
    </FEGroupRealization>
    <FEGroupRealization total="1">
      <FE name="Agent" />
      <FE name="Sought_entity" />
      <FE name="Time" />
      <pattern total="1">
        <valenceUnit GF="Ext" PT="NP" FE="Agent" />
        <valenceUnit GF="Obj" PT="NP" FE="Sought_entity" />
        <valenceUnit GF="Dep" PT="PP[for]" FE="Time" />
        <annoSet ID="2123335" />
      </pattern>
    </FEGroupRealization>
    <FEGroupRealization total="12">
      <FE name="Agent" />
      <FE name="State_of_affairs" />
      <pattern total="2">
        <valenceUnit GF="" PT="CNI" FE="Agent" />
        <valenceUnit GF="Obj" PT="NP" FE="State_of_affairs" />
        <annoSet ID="6527409" />
        <annoSet ID="6527410" />
      </pattern>
      <pattern total="1">
        <valenceUnit GF="" PT="CNI" FE="Agent" />
        <valenceUnit GF="Dep" PT="VPto" FE="State_of_affairs" />
        <annoSet ID="2123659" />
      </pattern>
      <pattern total="6">
        <valenceUnit GF="Ext" PT="NP" FE="Agent" />
        <valenceUnit GF="Obj" PT="NP" FE="State_of_affairs" />
        <annoSet ID="2123385" />
        <annoSet ID="2123411" />
        <annoSet ID="6528419" />
        <annoSet ID="6529929" />
        <annoSet ID="6530273" />
        <annoSet ID="6544798" />
      </pattern>
      <pattern total="3">
        <valenceUnit GF="Ext" PT="NP" FE="Agent" />
        <valenceUnit GF="Dep" PT="VPto" FE="State_of_affairs" />
        <annoSet ID="2123477" />
        <annoSet ID="6527393" />
        <annoSet ID="6535762" />
      </pattern>
    </FEGroupRealization>
    <FEGroupRealization total="1">
      <FE name="Agent" />
      <FE name="State_of_affairs" />
      <FE name="State_of_affairs" />
      <FE name="Time" />
      <pattern total="1">
        <valenceUnit GF="Ext" PT="NP" FE="Agent" />
        <valenceUnit GF="Dep" PT="VPto" FE="State_of_affairs" />
        <valenceUnit GF="Dep" PT="VPto" FE="State_of_affairs" />
        <valenceUnit GF="Dep" PT="PP[at]" FE="Time" />
        <annoSet ID="2123293" />
      </pattern>
    </FEGroupRealization>
  </valences>
  <subCorpus name="V-augmented">
    <sentence sentNo="0" ID="4096659n">
      <text>Concurrently , the United States along with some other IAEA board members has continued to maintain that Iran is seeking nuclear capabilities .</text>
      <annotationSet cDate="08/08/2025 08:00:07 PST Fri" status="AUGMENTED" ID="0">
        <layer name="FE" rank="1">
          <label cBy="auto-aug" feID="8060" start="105" end="108" name="Agent" />
          <label cBy="auto-aug" feID="8071" start="121" end="140" name="State_of_affairs" />
        </layer>
        <layer name="Target" rank="1">
          <label cBy="auto-aug" start="113" end="119" name="Target" />
        </layer>
      </annotationSet>
    </sentence>
  </subCorpus>
</lexUnit>