<?xml version='1.0' encoding='UTF-8'?>
<lexUnit xmlns="http://framenet.icsi.berkeley.edu" xmlns:xsi="http://www.w3.org/2001/XMLSchema-instance" status="Created" POS="V" name="focus.v" ID="12483" frame="Emphasizing" frameID="1542" totalAnnotated="7" xsi:schemaLocation="../schema/lexUnit.xsd">
  <header>
    <corpus description="Texts from Nuclear Threat Initiative website, created by Center for Non-Proliferation Studies" name="NTI" ID="135">
      <document description="B W Tutorial chapter1" name="BWTutorial_chapter1" ID="23602" />
      <document description="WMD News 06/26/2006" name="WMDNews_062606" ID="23621" />
      <document description="China Overview" name="ChinaOverview" ID="23671" />
    </corpus>
    <corpus description="American National Corpus Texts" name="ANC" ID="195">
      <document description="journal_christine" name="journal_christine" ID="23936" />
    </corpus>
    <corpus description="LUCorpus-v0.3" name="LUCorpus-v0.3" ID="205">
      <document description="20000416_xin_eng-NEW" name="20000416_xin_eng-NEW" ID="23702" />
    </corpus>
    <corpus description="Texts from WikiMedia--WikiNews and Wikipedia" name="WikiTexts" ID="246">
      <document description="Fires_9" name="Fires_9" ID="25624" />
    </corpus>
    <frame>
      <FE fgColor="000000" bgColor="A9A9A9" type="Core" abbrev="act" name="Action" />
      <FE fgColor="FFFFFF" bgColor="800080" type="Core" abbrev="age" name="Agent" />
      <FE fgColor="FFFFFF" bgColor="2E8B57" type="Core" abbrev="art" name="Artifact" />
      <FE fgColor="FFFFFF" bgColor="A52A2A" type="Core" abbrev="com" name="Competing_consideration" />
      <FE fgColor="FFFFFF" bgColor="FF0000" type="Core" abbrev="con" name="Consideration" />
      <FE fgColor="FFFFFF" bgColor="FF69B4" type="Peripheral" abbrev="Degree" name="Degree" />
      <FE fgColor="000000" bgColor="EEE8AA" type="Extra-Thematic" abbrev="dep" name="Depictive" />
      <FE fgColor="FFFFFF" bgColor="1E90FF" type="Extra-Thematic" abbrev="Exp" name="Explanation" />
      <FE fgColor="000000" bgColor="FFFF00" type="Extra-Thematic" abbrev="" name="Frequency" />
      <FE fgColor="FFFFFF" bgColor="FF00FF" type="Peripheral" abbrev="man" name="Manner" />
      <FE fgColor="FFFFFF" bgColor="00008B" type="Peripheral" abbrev="mea" name="Means" />
      <FE fgColor="FFFFFF" bgColor="008000" type="Peripheral" abbrev="pla" name="Place" />
      <FE fgColor="FFFFFF" bgColor="808080" type="Peripheral" abbrev="pur" name="Purpose" />
      <FE fgColor="FFFFFF" bgColor="FFA500" type="Peripheral" abbrev="tim" name="Time" />
      <FE fgColor="FFFFFF" bgColor="0000FF" type="Extra-Thematic" abbrev="Undertaking" name="Undertaking" />
    </frame>
  </header>
  <definition>COD: pay particular attention to.</definition>
  <lexeme POS="V" name="focus" />
  <valences>
    <FERealization total="2">
      <FE name="Action" />
      <pattern total="2">
        <valenceUnit GF="Ext" PT="NP" FE="Action" />
        <annoSet ID="6545006" />
        <annoSet ID="6774076" />
      </pattern>
    </FERealization>
    <FERealization total="4">
      <FE name="Agent" />
      <pattern total="1">
        <valenceUnit GF="" PT="CNI" FE="Agent" />
        <annoSet ID="6573986" />
      </pattern>
      <pattern total="3">
        <valenceUnit GF="Ext" PT="NP" FE="Agent" />
        <annoSet ID="6535946" />
        <annoSet ID="6536915" />
        <annoSet ID="6540797" />
      </pattern>
    </FERealization>
    <FERealization total="1">
      <FE name="Artifact" />
      <pattern total="1">
        <valenceUnit GF="Ext" PT="NP" FE="Artifact" />
        <annoSet ID="6541518" />
      </pattern>
    </FERealization>
    <FERealization total="6">
      <FE name="Competing_consideration" />
      <pattern total="6">
        <valenceUnit GF="" PT="INI" FE="Competing_consideration" />
        <annoSet ID="6535946" />
        <annoSet ID="6536915" />
        <annoSet ID="6540797" />
        <annoSet ID="6541518" />
        <annoSet ID="6545006" />
        <annoSet ID="6573986" />
      </pattern>
    </FERealization>
    <FERealization total="7">
      <FE name="Consideration" />
      <pattern total="7">
        <valenceUnit GF="Dep" PT="PP[on]" FE="Consideration" />
        <annoSet ID="6535946" />
        <annoSet ID="6536915" />
        <annoSet ID="6540797" />
        <annoSet ID="6541518" />
        <annoSet ID="6545006" />
        <annoSet ID="6573986" />
        <annoSet ID="6774076" />
      </pattern>
    </FERealization>
    <FERealization total="2">
      <FE name="Degree" />
      <pattern total="2">
        <valenceUnit GF="Dep" PT="AVP" FE="Degree" />
        <annoSet ID="6536915" />
        <annoSet ID="6545006" />
      </pattern>
    </FERealization>
    <FERealization total="1">
      <FE name="Purpose" />
      <pattern total="1">
        <valenceUnit GF="Dep" PT="PP[as]" FE="Purpose" />
        <annoSet ID="6573986" />
      </pattern>
    </FERealization>
    <FEGroupRealization total="1">
      <FE name="Action" />
      <FE name="Competing_consideration" />
      <FE name="Consideration" />
      <FE name="Degree" />
      <pattern total="1">
        <valenceUnit GF="Ext" PT="NP" FE="Action" />
        <valenceUnit GF="" PT="INI" FE="Competing_consideration" />
        <valenceUnit GF="Dep" PT="PP[on]" FE="Consideration" />
        <valenceUnit GF="Dep" PT="AVP" FE="Degree" />
        <annoSet ID="6545006" />
      </pattern>
    </FEGroupRealization>
    <FEGroupRealization total="1">
      <FE name="Action" />
      <FE name="Consideration" />
      <pattern total="1">
        <valenceUnit GF="Ext" PT="NP" FE="Action" />
        <valenceUnit GF="Dep" PT="PP[on]" FE="Consideration" />
        <annoSet ID="6774076" />
      </pattern>
    </FEGroupRealization>
    <FEGroupRealization total="2">
      <FE name="Agent" />
      <FE name="Competing_consideration" />
      <FE name="Consideration" />
      <pattern total="2">
        <valenceUnit GF="Ext" PT="NP" FE="Agent" />
        <valenceUnit GF="" PT="INI" FE="Competing_consideration" />
        <valenceUnit GF="Dep" PT="PP[on]" FE="Consideration" />
        <annoSet ID="6535946" />
        <annoSet ID="6540797" />
      </pattern>
    </FEGroupRealization>
    <FEGroupRealization total="1">
      <FE name="Agent" />
      <FE name="Competing_consideration" />
      <FE name="Consideration" />
      <FE name="Degree" />
      <pattern total="1">
        <valenceUnit GF="Ext" PT="NP" FE="Agent" />
        <valenceUnit GF="" PT="INI" FE="Competing_consideration" />
        <valenceUnit GF="Dep" PT="PP[on]" FE="Consideration" />
        <valenceUnit GF="Dep" PT="AVP" FE="Degree" />
        <annoSet ID="6536915" />
      </pattern>
    </FEGroupRealization>
    <FEGroupRealization total="1">
      <FE name="Agent" />
      <FE name="Competing_consideration" />
      <FE name="Consideration" />
      <FE name="Purpose" />
      <pattern total="1">
        <valenceUnit GF="" PT="CNI" FE="Agent" />
        <valenceUnit GF="" PT="INI" FE="Competing_consideration" />
        <valenceUnit GF="Dep" PT="PP[on]" FE="Consideration" />
        <valenceUnit GF="Dep" PT="PP[as]" FE="Purpose" />
        <annoSet ID="6573986" />
      </pattern>
    </FEGroupRealization>
    <FEGroupRealization total="1">
      <FE name="Artifact" />
      <FE name="Competing_consideration" />
      <FE name="Consideration" />
      <pattern total="1">
        <valenceUnit GF="Ext" PT="NP" FE="Artifact" />
        <valenceUnit GF="" PT="INI" FE="Competing_consideration" />
        <valenceUnit GF="Dep" PT="PP[on]" FE="Consideration" />
        <annoSet ID="6541518" />
      </pattern>
    </FEGroupRealization>
  </valences>
  <subCorpus name="V-augmented">
    <sentence sentNo="0" ID="4099685n">
      <text>Due to challenges posed by a limited source of indigenously produced precursors for CW agents , it is believed that North Korea focuses on developing its chemical weapons capabilities ( Previous reports have also alleged a large stock of sarin nerve agent. ) In 2001 , it was estimated that there are 12 facilities in the DPRK where raw chemicals , precursors , and CW agents are produced and / or stored .</text>
      <annotationSet cDate="08/08/2025 08:00:02 PST Fri" status="AUGMENTED" ID="0">
        <layer name="FE" rank="1">
          <label cBy="auto-aug" feID="8410" start="116" end="126" name="Agent" />
          <label cBy="auto-aug" feID="8406" start="136" end="182" name="Consideration" />
        </layer>
        <layer name="Target" rank="1">
          <label cBy="auto-aug" start="128" end="134" name="Target" />
        </layer>
      </annotationSet>
    </sentence>
    <sentence sentNo="0" ID="4164794n">
      <text>The three figures looked quite awful ; someone had painted red , blue and green panties over the mid-sections of the figures perhaps to register objection to their nudity , but this only served to focus their attention .</text>
      <annotationSet cDate="08/08/2025 08:00:02 PST Fri" status="AUGMENTED" ID="0">
        <layer name="FE" rank="1">
          <label cBy="auto-aug" feID="8601" start="177" end="180" name="Action" />
          <label cBy="auto-aug" feID="8406" start="203" end="217" name="Consideration" />
        </layer>
        <layer name="Target" rank="1">
          <label cBy="auto-aug" start="197" end="201" name="Target" />
        </layer>
      </annotationSet>
    </sentence>
    <sentence sentNo="0" ID="4164840n">
      <text>Turning to Egor he requests more body parts and , to focus on the task at hand , he physically hurls our hunchbacked hero from the top of his castle into the graveyard below where the game begins .</text>
      <annotationSet cDate="08/08/2025 08:00:02 PST Fri" status="AUGMENTED" ID="0">
        <layer name="FE" rank="1">
          <label cBy="auto-aug" feID="8406" start="59" end="77" name="Consideration" />
        </layer>
        <layer name="Target" rank="1">
          <label cBy="auto-aug" start="53" end="57" name="Target" />
        </layer>
      </annotationSet>
    </sentence>
  </subCorpus>
</lexUnit>