<?xml version='1.0' encoding='UTF-8'?>
<lexUnit xmlns="http://framenet.icsi.berkeley.edu" xmlns:xsi="http://www.w3.org/2001/XMLSchema-instance" status="Finished_Initial" POS="V" name="disembark.v" ID="12817" frame="Disembarking" frameID="1634" totalAnnotated="21" xsi:schemaLocation="../schema/lexUnit.xsd">
  <header>
    <corpus description="BNC2" name="BNC2" ID="111">
      <document description="bncp" name="bncp" ID="421" />
    </corpus>
    <corpus description="American National Corpus Texts" name="ANC" ID="195">
      <document description="Berlitz Where to Go in Hong Kong" name="WhereToHongKong" ID="23771" />
    </corpus>
    <frame>
      <FE fgColor="000000" bgColor="d0d0d0" type="Extra-Thematic" abbrev="CT" name="Cotheme" />
      <FE fgColor="FFFFFF" bgColor="1E90FF" type="Extra-Thematic" abbrev="dep" name="Depictive" />
      <FE fgColor="FFFFFF" bgColor="2E8B57" type="Extra-Thematic" abbrev="dfs" name="Duration_of_final_state" />
      <FE fgColor="FFFFFF" bgColor="008000" type="Peripheral" abbrev="goa" name="Goal" />
      <FE fgColor="FFFFFF" bgColor="FF00FF" type="Peripheral" abbrev="" name="Manner" />
      <FE fgColor="FFFFFF" bgColor="A52A2A" type="Peripheral" abbrev="pat" name="Path" />
      <FE fgColor="FFFFFF" bgColor="800080" type="Peripheral" abbrev="pla" name="Place" />
      <FE fgColor="FFFFFF" bgColor="0000FF" type="Peripheral" abbrev="Pur" name="Purpose" />
      <FE fgColor="000000" bgColor="FFA500" type="Peripheral" abbrev="Time" name="Time" />
      <FE fgColor="FFFFFF" bgColor="FF0000" type="Core" abbrev="tra" name="Traveller" />
      <FE fgColor="FFFFFF" bgColor="00008B" type="Core" abbrev="veh" name="Vehicle" />
    </frame>
  </header>
  <definition>FN: leave a vehicle, usually a ship, aircraft, or train.</definition>
  <lexeme POS="V" name="disembark" />
  <valences>
    <FERealization total="3">
      <FE name="Depictive" />
      <pattern total="1">
        <valenceUnit GF="Dep" PT="PP[under]" FE="Depictive" />
        <annoSet ID="2351399" />
      </pattern>
      <pattern total="1">
        <valenceUnit GF="Dep" PT="Sfin" FE="Depictive" />
        <annoSet ID="2351431" />
      </pattern>
      <pattern total="1">
        <valenceUnit GF="Dep" PT="VPing" FE="Depictive" />
        <annoSet ID="2351383" />
      </pattern>
    </FERealization>
    <FERealization total="1">
      <FE name="Goal" />
      <pattern total="1">
        <valenceUnit GF="Dep" PT="PP[onto]" FE="Goal" />
        <annoSet ID="2351341" />
      </pattern>
    </FERealization>
    <FERealization total="1">
      <FE name="Manner" />
      <pattern total="1">
        <valenceUnit GF="Dep" PT="AVP" FE="Manner" />
        <annoSet ID="2351331" />
      </pattern>
    </FERealization>
    <FERealization total="13">
      <FE name="Place" />
      <pattern total="11">
        <valenceUnit GF="Dep" PT="PP[at]" FE="Place" />
        <annoSet ID="2351319" />
        <annoSet ID="2351339" />
        <annoSet ID="2351355" />
        <annoSet ID="2351373" />
        <annoSet ID="2351383" />
        <annoSet ID="2351385" />
        <annoSet ID="2351399" />
        <annoSet ID="2351411" />
        <annoSet ID="2351415" />
        <annoSet ID="2351425" />
        <annoSet ID="2351487" />
      </pattern>
      <pattern total="1">
        <valenceUnit GF="Dep" PT="PP[in]" FE="Place" />
        <annoSet ID="2351341" />
      </pattern>
      <pattern total="1">
        <valenceUnit GF="Dep" PT="PP[of]" FE="Place" />
        <annoSet ID="2351363" />
      </pattern>
    </FERealization>
    <FERealization total="5">
      <FE name="Purpose" />
      <pattern total="2">
        <valenceUnit GF="Dep" PT="PP[for]" FE="Purpose" />
        <annoSet ID="2351425" />
        <annoSet ID="2351485" />
      </pattern>
      <pattern total="2">
        <valenceUnit GF="Dep" PT="VPto" FE="Purpose" />
        <annoSet ID="2351319" />
        <annoSet ID="2351487" />
      </pattern>
      <pattern total="1">
        <valenceUnit GF="Dep" PT="VPbrst" FE="Purpose" />
        <annoSet ID="2351363" />
      </pattern>
    </FERealization>
    <FERealization total="3">
      <FE name="Time" />
      <pattern total="2">
        <valenceUnit GF="Dep" PT="PP[on]" FE="Time" />
        <annoSet ID="2351399" />
        <annoSet ID="2351411" />
      </pattern>
      <pattern total="1">
        <valenceUnit GF="Dep" PT="AVP" FE="Time" />
        <annoSet ID="2351489" />
      </pattern>
    </FERealization>
    <FERealization total="21">
      <FE name="Traveller" />
      <pattern total="19">
        <valenceUnit GF="Ext" PT="NP" FE="Traveller" />
        <annoSet ID="2351319" />
        <annoSet ID="2351331" />
        <annoSet ID="2351339" />
        <annoSet ID="2351341" />
        <annoSet ID="2351355" />
        <annoSet ID="2351363" />
        <annoSet ID="2351365" />
        <annoSet ID="2351373" />
        <annoSet ID="2351383" />
        <annoSet ID="2351385" />
        <annoSet ID="2351399" />
        <annoSet ID="2351411" />
        <annoSet ID="2351415" />
        <annoSet ID="2351425" />
        <annoSet ID="2351431" />
        <annoSet ID="2351445" />
        <annoSet ID="2351487" />
        <annoSet ID="2351489" />
        <annoSet ID="6560281" />
      </pattern>
      <pattern total="2">
        <valenceUnit GF="" PT="DNI" FE="Traveller" />
        <annoSet ID="2351461" />
        <annoSet ID="2351485" />
      </pattern>
    </FERealization>
    <FERealization total="21">
      <FE name="Vehicle" />
      <pattern total="7">
        <valenceUnit GF="" PT="INI" FE="Vehicle" />
        <annoSet ID="2351355" />
        <annoSet ID="2351383" />
        <annoSet ID="2351399" />
        <annoSet ID="2351411" />
        <annoSet ID="2351487" />
        <annoSet ID="2351489" />
        <annoSet ID="6560281" />
      </pattern>
      <pattern total="7">
        <valenceUnit GF="Dep" PT="PP[from]" FE="Vehicle" />
        <annoSet ID="2351339" />
        <annoSet ID="2351363" />
        <annoSet ID="2351365" />
        <annoSet ID="2351415" />
        <annoSet ID="2351431" />
        <annoSet ID="2351445" />
        <annoSet ID="2351461" />
      </pattern>
      <pattern total="6">
        <valenceUnit GF="" PT="DNI" FE="Vehicle" />
        <annoSet ID="2351319" />
        <annoSet ID="2351331" />
        <annoSet ID="2351341" />
        <annoSet ID="2351373" />
        <annoSet ID="2351385" />
        <annoSet ID="2351425" />
      </pattern>
      <pattern total="1">
        <valenceUnit GF="Obj" PT="NP" FE="Vehicle" />
        <annoSet ID="2351485" />
      </pattern>
    </FERealization>
    <FEGroupRealization total="1">
      <FE name="Depictive" />
      <FE name="Place" />
      <FE name="Time" />
      <FE name="Traveller" />
      <FE name="Vehicle" />
      <pattern total="1">
        <valenceUnit GF="Dep" PT="PP[under]" FE="Depictive" />
        <valenceUnit GF="Dep" PT="PP[at]" FE="Place" />
        <valenceUnit GF="Dep" PT="PP[on]" FE="Time" />
        <valenceUnit GF="Ext" PT="NP" FE="Traveller" />
        <valenceUnit GF="" PT="INI" FE="Vehicle" />
        <annoSet ID="2351399" />
      </pattern>
    </FEGroupRealization>
    <FEGroupRealization total="1">
      <FE name="Depictive" />
      <FE name="Place" />
      <FE name="Traveller" />
      <FE name="Vehicle" />
      <pattern total="1">
        <valenceUnit GF="Dep" PT="VPing" FE="Depictive" />
        <valenceUnit GF="Dep" PT="PP[at]" FE="Place" />
        <valenceUnit GF="Ext" PT="NP" FE="Traveller" />
        <valenceUnit GF="" PT="INI" FE="Vehicle" />
        <annoSet ID="2351383" />
      </pattern>
    </FEGroupRealization>
    <FEGroupRealization total="1">
      <FE name="Depictive" />
      <FE name="Traveller" />
      <FE name="Vehicle" />
      <pattern total="1">
        <valenceUnit GF="Dep" PT="Sfin" FE="Depictive" />
        <valenceUnit GF="Ext" PT="NP" FE="Traveller" />
        <valenceUnit GF="Dep" PT="PP[from]" FE="Vehicle" />
        <annoSet ID="2351431" />
      </pattern>
    </FEGroupRealization>
    <FEGroupRealization total="1">
      <FE name="Goal" />
      <FE name="Place" />
      <FE name="Traveller" />
      <FE name="Vehicle" />
      <pattern total="1">
        <valenceUnit GF="Dep" PT="PP[onto]" FE="Goal" />
        <valenceUnit GF="Dep" PT="PP[in]" FE="Place" />
        <valenceUnit GF="Ext" PT="NP" FE="Traveller" />
        <valenceUnit GF="" PT="DNI" FE="Vehicle" />
        <annoSet ID="2351341" />
      </pattern>
    </FEGroupRealization>
    <FEGroupRealization total="1">
      <FE name="Manner" />
      <FE name="Traveller" />
      <FE name="Vehicle" />
      <pattern total="1">
        <valenceUnit GF="Dep" PT="AVP" FE="Manner" />
        <valenceUnit GF="Ext" PT="NP" FE="Traveller" />
        <valenceUnit GF="" PT="DNI" FE="Vehicle" />
        <annoSet ID="2351331" />
      </pattern>
    </FEGroupRealization>
    <FEGroupRealization total="4">
      <FE name="Place" />
      <FE name="Purpose" />
      <FE name="Traveller" />
      <FE name="Vehicle" />
      <pattern total="1">
        <valenceUnit GF="Dep" PT="PP[at]" FE="Place" />
        <valenceUnit GF="Dep" PT="PP[for]" FE="Purpose" />
        <valenceUnit GF="Ext" PT="NP" FE="Traveller" />
        <valenceUnit GF="" PT="DNI" FE="Vehicle" />
        <annoSet ID="2351425" />
      </pattern>
      <pattern total="1">
        <valenceUnit GF="Dep" PT="PP[at]" FE="Place" />
        <valenceUnit GF="Dep" PT="VPto" FE="Purpose" />
        <valenceUnit GF="Ext" PT="NP" FE="Traveller" />
        <valenceUnit GF="" PT="DNI" FE="Vehicle" />
        <annoSet ID="2351319" />
      </pattern>
      <pattern total="1">
        <valenceUnit GF="Dep" PT="PP[at]" FE="Place" />
        <valenceUnit GF="Dep" PT="VPto" FE="Purpose" />
        <valenceUnit GF="Ext" PT="NP" FE="Traveller" />
        <valenceUnit GF="" PT="INI" FE="Vehicle" />
        <annoSet ID="2351487" />
      </pattern>
      <pattern total="1">
        <valenceUnit GF="Dep" PT="PP[of]" FE="Place" />
        <valenceUnit GF="Dep" PT="VPbrst" FE="Purpose" />
        <valenceUnit GF="Ext" PT="NP" FE="Traveller" />
        <valenceUnit GF="Dep" PT="PP[from]" FE="Vehicle" />
        <annoSet ID="2351363" />
      </pattern>
    </FEGroupRealization>
    <FEGroupRealization total="1">
      <FE name="Place" />
      <FE name="Time" />
      <FE name="Traveller" />
      <FE name="Vehicle" />
      <pattern total="1">
        <valenceUnit GF="Dep" PT="PP[at]" FE="Place" />
        <valenceUnit GF="Dep" PT="PP[on]" FE="Time" />
        <valenceUnit GF="Ext" PT="NP" FE="Traveller" />
        <valenceUnit GF="" PT="INI" FE="Vehicle" />
        <annoSet ID="2351411" />
      </pattern>
    </FEGroupRealization>
    <FEGroupRealization total="1">
      <FE name="Place" />
      <FE name="Traveller" />
      <FE name="Traveller" />
      <FE name="Vehicle" />
      <pattern total="1">
        <valenceUnit GF="Dep" PT="PP[at]" FE="Place" />
        <valenceUnit GF="Ext" PT="NP" FE="Traveller" />
        <valenceUnit GF="Ext" PT="NP" FE="Traveller" />
        <valenceUnit GF="Dep" PT="PP[from]" FE="Vehicle" />
        <annoSet ID="2351339" />
      </pattern>
    </FEGroupRealization>
    <FEGroupRealization total="4">
      <FE name="Place" />
      <FE name="Traveller" />
      <FE name="Vehicle" />
      <pattern total="2">
        <valenceUnit GF="Dep" PT="PP[at]" FE="Place" />
        <valenceUnit GF="Ext" PT="NP" FE="Traveller" />
        <valenceUnit GF="" PT="DNI" FE="Vehicle" />
        <annoSet ID="2351373" />
        <annoSet ID="2351385" />
      </pattern>
      <pattern total="1">
        <valenceUnit GF="Dep" PT="PP[at]" FE="Place" />
        <valenceUnit GF="Ext" PT="NP" FE="Traveller" />
        <valenceUnit GF="" PT="INI" FE="Vehicle" />
        <annoSet ID="2351355" />
      </pattern>
      <pattern total="1">
        <valenceUnit GF="Dep" PT="PP[at]" FE="Place" />
        <valenceUnit GF="Ext" PT="NP" FE="Traveller" />
        <valenceUnit GF="Dep" PT="PP[from]" FE="Vehicle" />
        <annoSet ID="2351415" />
      </pattern>
    </FEGroupRealization>
    <FEGroupRealization total="1">
      <FE name="Purpose" />
      <FE name="Traveller" />
      <FE name="Vehicle" />
      <pattern total="1">
        <valenceUnit GF="Dep" PT="PP[for]" FE="Purpose" />
        <valenceUnit GF="" PT="DNI" FE="Traveller" />
        <valenceUnit GF="Obj" PT="NP" FE="Vehicle" />
        <annoSet ID="2351485" />
      </pattern>
    </FEGroupRealization>
    <FEGroupRealization total="1">
      <FE name="Time" />
      <FE name="Traveller" />
      <FE name="Vehicle" />
      <pattern total="1">
        <valenceUnit GF="Dep" PT="AVP" FE="Time" />
        <valenceUnit GF="Ext" PT="NP" FE="Traveller" />
        <valenceUnit GF="" PT="INI" FE="Vehicle" />
        <annoSet ID="2351489" />
      </pattern>
    </FEGroupRealization>
    <FEGroupRealization total="4">
      <FE name="Traveller" />
      <FE name="Vehicle" />
      <pattern total="1">
        <valenceUnit GF="" PT="DNI" FE="Traveller" />
        <valenceUnit GF="Dep" PT="PP[from]" FE="Vehicle" />
        <annoSet ID="2351461" />
      </pattern>
      <pattern total="1">
        <valenceUnit GF="Ext" PT="NP" FE="Traveller" />
        <valenceUnit GF="" PT="INI" FE="Vehicle" />
        <annoSet ID="6560281" />
      </pattern>
      <pattern total="2">
        <valenceUnit GF="Ext" PT="NP" FE="Traveller" />
        <valenceUnit GF="Dep" PT="PP[from]" FE="Vehicle" />
        <annoSet ID="2351365" />
        <annoSet ID="2351445" />
      </pattern>
    </FEGroupRealization>
  </valences>
  <subCorpus name="V-augmented">
    <sentence sentNo="0" ID="1494329n">
      <text>At Grosmont you can disembark the train and join the North Yorkshire Moors Railway .</text>
      <annotationSet cDate="08/08/2025 07:59:47 PST Fri" status="AUGMENTED" ID="0">
        <layer name="FE" rank="1">
          <label cBy="auto-aug" feID="9137" start="0" end="10" name="Goal" />
          <label cBy="auto-aug" feID="9126" start="12" end="14" name="Traveller" />
          <label cBy="auto-aug" feID="9127" start="30" end="38" name="Vehicle" />
        </layer>
        <layer name="Target" rank="1">
          <label cBy="auto-aug" start="20" end="28" name="Target" />
        </layer>
      </annotationSet>
    </sentence>
    <sentence sentNo="0" ID="1494331n">
      <text>Twenty minutes earlier he had disembarked the train at Berkeley station .</text>
      <annotationSet cDate="08/08/2025 07:59:47 PST Fri" status="AUGMENTED" ID="0">
        <layer name="FE" rank="1">
          <label cBy="auto-aug" feID="9133" start="0" end="21" name="Time" />
          <label cBy="auto-aug" feID="9126" start="23" end="24" name="Traveller" />
          <label cBy="auto-aug" feID="9127" start="42" end="50" name="Vehicle" />
          <label cBy="auto-aug" feID="9137" start="52" end="70" name="Goal" />
        </layer>
        <layer name="Target" rank="1">
          <label cBy="auto-aug" start="30" end="40" name="Target" />
        </layer>
      </annotationSet>
    </sentence>
    <sentence sentNo="0" ID="1494456n">
      <text>We disembarked the plane and Werewolf slipped on a pair of gold-rimmed shades , which reminded me to put on the plain glass Yuppie specs I 'd borrowed from Fly .</text>
      <annotationSet cDate="08/08/2025 07:59:47 PST Fri" status="AUGMENTED" ID="0">
        <layer name="FE" rank="1">
          <label cBy="auto-aug" feID="9126" start="0" end="1" name="Traveller" />
          <label cBy="auto-aug" feID="9127" start="15" end="23" name="Vehicle" />
        </layer>
        <layer name="Target" rank="1">
          <label cBy="auto-aug" start="3" end="13" name="Target" />
        </layer>
      </annotationSet>
    </sentence>
  </subCorpus>
</lexUnit>