<?xml version='1.0' encoding='UTF-8'?>
<lexUnit xmlns="http://framenet.icsi.berkeley.edu" xmlns:xsi="http://www.w3.org/2001/XMLSchema-instance" status="Finished_Initial" POS="V" name="achieve.v" ID="12306" frame="Accomplishment" frameID="1519" totalAnnotated="53" xsi:schemaLocation="../schema/lexUnit.xsd">
  <header>
    <corpus description="BNC2" name="BNC2" ID="111">
      <document description="bncp" name="bncp" ID="421" />
    </corpus>
    <corpus description="Texts from Nuclear Threat Initiative website, created by Center for Non-Proliferation Studies" name="NTI" ID="135">
      <document description="North Korea Introduction" name="NorthKorea_Introduction" ID="23481" />
      <document description="Iran Nuclear" name="Iran_Nuclear" ID="23511" />
      <document description="Iran Missile" name="Iran_Missile" ID="23512" />
      <document description="Syria Nuclear Overview" name="Syria_NuclearOverview" ID="23631" />
    </corpus>
    <corpus description="American National Corpus Texts" name="ANC" ID="195">
      <document description="Berlitz History of Las Vegas" name="HistoryOfLasVegas" ID="23691" />
      <document description="Berlitz History of Greece" name="HistoryOfGreece" ID="23692" />
      <document description="Berlitz Where to Go in Hong Kong" name="WhereToHongKong" ID="23771" />
    </corpus>
    <frame>
      <FE fgColor="FFFFFF" bgColor="FF0000" type="Core" abbrev="Agt" name="Agent" />
      <FE fgColor="000000" bgColor="00BFFF" type="Extra-Thematic" abbrev="" name="Circumstances" />
      <FE fgColor="FFFFFF" bgColor="FF69B4" type="Extra-Thematic" abbrev="Degr" name="Degree" />
      <FE fgColor="FFFFFF" bgColor="9400D3" type="Extra-Thematic" abbrev="dom" name="Domain" />
      <FE fgColor="000000" bgColor="7FFF00" type="Peripheral" abbrev="" name="Duration" />
      <FE fgColor="FFFFFF" bgColor="90876C" type="Extra-Thematic" abbrev="exp" name="Explanation" />
      <FE fgColor="FFFFFF" bgColor="0000FF" type="Core" abbrev="goa" name="Goal" />
      <FE fgColor="FFFFFF" bgColor="808080" type="Peripheral" abbrev="Ins" name="Instrument" />
      <FE fgColor="000000" bgColor="FFA500" type="Peripheral" abbrev="man" name="Manner" />
      <FE fgColor="FFFFFF" bgColor="FF00FF" type="Peripheral" abbrev="Mns" name="Means" />
      <FE fgColor="FFFFFF" bgColor="800080" type="Extra-Thematic" abbrev="" name="Outcome" />
      <FE fgColor="FFFFFF" bgColor="2E8B57" type="Extra-Thematic" abbrev="" name="Particular_iteration" />
      <FE fgColor="FFFFFF" bgColor="008000" type="Peripheral" abbrev="Place" name="Place" />
      <FE fgColor="000000" bgColor="FFFF00" type="Peripheral" abbrev="Time" name="Time" />
    </frame>
  </header>
  <definition>COD: bring about or accomplish by effort, skill, or courage.</definition>
  <lexeme POS="V" name="achieve" />
  <valences>
    <FERealization total="53">
      <FE name="Agent" />
      <pattern total="30">
        <valenceUnit GF="" PT="CNI" FE="Agent" />
        <annoSet ID="2118763" />
        <annoSet ID="2118767" />
        <annoSet ID="2118797" />
        <annoSet ID="2118807" />
        <annoSet ID="2118821" />
        <annoSet ID="2118829" />
        <annoSet ID="2118831" />
        <annoSet ID="2118845" />
        <annoSet ID="2118847" />
        <annoSet ID="2118859" />
        <annoSet ID="2118861" />
        <annoSet ID="2118879" />
        <annoSet ID="2118899" />
        <annoSet ID="2118901" />
        <annoSet ID="2118903" />
        <annoSet ID="2118905" />
        <annoSet ID="2118909" />
        <annoSet ID="2118919" />
        <annoSet ID="2118929" />
        <annoSet ID="2118945" />
        <annoSet ID="2118953" />
        <annoSet ID="2118955" />
        <annoSet ID="2118963" />
        <annoSet ID="2119001" />
        <annoSet ID="2119059" />
        <annoSet ID="2119175" />
        <annoSet ID="2119195" />
        <annoSet ID="2119213" />
        <annoSet ID="6528424" />
        <annoSet ID="6534422" />
      </pattern>
      <pattern total="18">
        <valenceUnit GF="Ext" PT="NP" FE="Agent" />
        <annoSet ID="2118735" />
        <annoSet ID="2118793" />
        <annoSet ID="2118823" />
        <annoSet ID="2118867" />
        <annoSet ID="2118965" />
        <annoSet ID="2118979" />
        <annoSet ID="2118983" />
        <annoSet ID="2118995" />
        <annoSet ID="2119065" />
        <annoSet ID="2119083" />
        <annoSet ID="2119099" />
        <annoSet ID="6528235" />
        <annoSet ID="6528238" />
        <annoSet ID="6537680" />
        <annoSet ID="6542998" />
        <annoSet ID="6543879" />
        <annoSet ID="6551689" />
        <annoSet ID="6560483" />
      </pattern>
      <pattern total="3">
        <valenceUnit GF="Dep" PT="PP[by]" FE="Agent" />
        <annoSet ID="2118753" />
        <annoSet ID="2119033" />
        <annoSet ID="2119039" />
      </pattern>
      <pattern total="1">
        <valenceUnit GF="Dep" PT="PP[for]" FE="Agent" />
        <annoSet ID="2118773" />
      </pattern>
      <pattern total="1">
        <valenceUnit GF="Ext" PT="Poss" FE="Agent" />
        <annoSet ID="6528236" />
      </pattern>
    </FERealization>
    <FERealization total="9">
      <FE name="Circumstances" />
      <pattern total="1">
        <valenceUnit GF="Dep" PT="AJP" FE="Circumstances" />
        <annoSet ID="2119213" />
      </pattern>
      <pattern total="5">
        <valenceUnit GF="Dep" PT="PP[in]" FE="Circumstances" />
        <annoSet ID="2118821" />
        <annoSet ID="2118847" />
        <annoSet ID="2118905" />
        <annoSet ID="2118909" />
        <annoSet ID="2118929" />
      </pattern>
      <pattern total="1">
        <valenceUnit GF="Dep" PT="PP[on]" FE="Circumstances" />
        <annoSet ID="2118963" />
      </pattern>
      <pattern total="1">
        <valenceUnit GF="Dep" PT="PP[despite]" FE="Circumstances" />
        <annoSet ID="2118995" />
      </pattern>
      <pattern total="1">
        <valenceUnit GF="Dep" PT="PP[as]" FE="Circumstances" />
        <annoSet ID="2119039" />
      </pattern>
    </FERealization>
    <FERealization total="3">
      <FE name="Degree" />
      <pattern total="3">
        <valenceUnit GF="Dep" PT="AVP" FE="Degree" />
        <annoSet ID="2118763" />
        <annoSet ID="2118767" />
        <annoSet ID="2119099" />
      </pattern>
    </FERealization>
    <FERealization total="3">
      <FE name="Explanation" />
      <pattern total="1">
        <valenceUnit GF="Dep" PT="PP[since]" FE="Explanation" />
        <annoSet ID="2118797" />
      </pattern>
      <pattern total="1">
        <valenceUnit GF="Dep" PT="PP[because of]" FE="Explanation" />
        <annoSet ID="2119099" />
      </pattern>
      <pattern total="1">
        <valenceUnit GF="Dep" PT="PP[of]" FE="Explanation" />
        <annoSet ID="6528238" />
      </pattern>
    </FERealization>
    <FERealization total="53">
      <FE name="Goal" />
      <pattern total="29">
        <valenceUnit GF="Ext" PT="NP" FE="Goal" />
        <annoSet ID="2118753" />
        <annoSet ID="2118763" />
        <annoSet ID="2118767" />
        <annoSet ID="2118821" />
        <annoSet ID="2118829" />
        <annoSet ID="2118831" />
        <annoSet ID="2118845" />
        <annoSet ID="2118847" />
        <annoSet ID="2118859" />
        <annoSet ID="2118861" />
        <annoSet ID="2118879" />
        <annoSet ID="2118901" />
        <annoSet ID="2118903" />
        <annoSet ID="2118905" />
        <annoSet ID="2118909" />
        <annoSet ID="2118919" />
        <annoSet ID="2118929" />
        <annoSet ID="2118945" />
        <annoSet ID="2118953" />
        <annoSet ID="2118955" />
        <annoSet ID="2118963" />
        <annoSet ID="2119033" />
        <annoSet ID="2119039" />
        <annoSet ID="2119059" />
        <annoSet ID="2119175" />
        <annoSet ID="2119195" />
        <annoSet ID="2119213" />
        <annoSet ID="6528424" />
        <annoSet ID="6534422" />
      </pattern>
      <pattern total="22">
        <valenceUnit GF="Obj" PT="NP" FE="Goal" />
        <annoSet ID="2118735" />
        <annoSet ID="2118773" />
        <annoSet ID="2118793" />
        <annoSet ID="2118797" />
        <annoSet ID="2118807" />
        <annoSet ID="2118823" />
        <annoSet ID="2118867" />
        <annoSet ID="2118965" />
        <annoSet ID="2118979" />
        <annoSet ID="2118983" />
        <annoSet ID="2118995" />
        <annoSet ID="2119001" />
        <annoSet ID="2119065" />
        <annoSet ID="2119083" />
        <annoSet ID="2119099" />
        <annoSet ID="6528235" />
        <annoSet ID="6528236" />
        <annoSet ID="6528238" />
        <annoSet ID="6542998" />
        <annoSet ID="6543879" />
        <annoSet ID="6551689" />
        <annoSet ID="6560483" />
      </pattern>
      <pattern total="1">
        <valenceUnit GF="Dep" PT="NP" FE="Goal" />
        <annoSet ID="2118899" />
      </pattern>
      <pattern total="1">
        <valenceUnit GF="Dep" PT="PP[in]" FE="Goal" />
        <annoSet ID="2118945" />
      </pattern>
      <pattern total="1">
        <valenceUnit GF="Dep" PT="VPto" FE="Goal" />
        <annoSet ID="6537680" />
      </pattern>
    </FERealization>
    <FERealization total="7">
      <FE name="Instrument" />
      <pattern total="4">
        <valenceUnit GF="Dep" PT="PP[with]" FE="Instrument" />
        <annoSet ID="2118767" />
        <annoSet ID="2118831" />
        <annoSet ID="2119065" />
        <annoSet ID="2119083" />
      </pattern>
      <pattern total="2">
        <valenceUnit GF="Ext" PT="NP" FE="Instrument" />
        <annoSet ID="2118797" />
        <annoSet ID="2119001" />
      </pattern>
      <pattern total="1">
        <valenceUnit GF="Dep" PT="VPing" FE="Instrument" />
        <annoSet ID="2118953" />
      </pattern>
    </FERealization>
    <FERealization total="5">
      <FE name="Manner" />
      <pattern total="3">
        <valenceUnit GF="Dep" PT="AVP" FE="Manner" />
        <annoSet ID="2118753" />
        <annoSet ID="2118963" />
        <annoSet ID="2119195" />
      </pattern>
      <pattern total="1">
        <valenceUnit GF="Dep" PT="PP[in]" FE="Manner" />
        <annoSet ID="2118901" />
      </pattern>
      <pattern total="1">
        <valenceUnit GF="Dep" PT="PPing[without]" FE="Manner" />
        <annoSet ID="2118955" />
      </pattern>
    </FERealization>
    <FERealization total="15">
      <FE name="Means" />
      <pattern total="8">
        <valenceUnit GF="Dep" PT="PP[by]" FE="Means" />
        <annoSet ID="2118861" />
        <annoSet ID="2118867" />
        <annoSet ID="2118879" />
        <annoSet ID="2118899" />
        <annoSet ID="2118963" />
        <annoSet ID="2118965" />
        <annoSet ID="2119001" />
        <annoSet ID="6560483" />
      </pattern>
      <pattern total="2">
        <valenceUnit GF="Dep" PT="PP[through]" FE="Means" />
        <annoSet ID="2118763" />
        <annoSet ID="2118859" />
      </pattern>
      <pattern total="2">
        <valenceUnit GF="Dep" PT="AVP" FE="Means" />
        <annoSet ID="6528424" />
        <annoSet ID="6534422" />
      </pattern>
      <pattern total="2">
        <valenceUnit GF="Dep" PT="PP[in]" FE="Means" />
        <annoSet ID="2118845" />
        <annoSet ID="2118919" />
      </pattern>
      <pattern total="1">
        <valenceUnit GF="Ext" PT="NP" FE="Means" />
        <annoSet ID="2118773" />
      </pattern>
    </FERealization>
    <FERealization total="2">
      <FE name="Outcome" />
      <pattern total="2">
        <valenceUnit GF="Dep" PT="PP[at]" FE="Outcome" />
        <annoSet ID="2118829" />
        <annoSet ID="2119059" />
      </pattern>
    </FERealization>
    <FERealization total="1">
      <FE name="Particular_iteration" />
      <pattern total="1">
        <valenceUnit GF="Dep" PT="PP[for]" FE="Particular_iteration" />
        <annoSet ID="6542998" />
      </pattern>
    </FERealization>
    <FERealization total="2">
      <FE name="Place" />
      <pattern total="1">
        <valenceUnit GF="Dep" PT="PP[in]" FE="Place" />
        <annoSet ID="2118903" />
      </pattern>
      <pattern total="1">
        <valenceUnit GF="Dep" PT="PP[at]" FE="Place" />
        <annoSet ID="2118823" />
      </pattern>
    </FERealization>
    <FERealization total="10">
      <FE name="Time" />
      <pattern total="1">
        <valenceUnit GF="Dep" PT="PP[at]" FE="Time" />
        <annoSet ID="2118821" />
      </pattern>
      <pattern total="1">
        <valenceUnit GF="Dep" PT="PP[after]" FE="Time" />
        <annoSet ID="2119195" />
      </pattern>
      <pattern total="1">
        <valenceUnit GF="Dep" PT="Sfin" FE="Time" />
        <annoSet ID="2119175" />
      </pattern>
      <pattern total="1">
        <valenceUnit GF="Dep" PT="PP[within]" FE="Time" />
        <annoSet ID="6528238" />
      </pattern>
      <pattern total="3">
        <valenceUnit GF="Dep" PT="PP[in]" FE="Time" />
        <annoSet ID="2118735" />
        <annoSet ID="2118979" />
        <annoSet ID="6542998" />
      </pattern>
      <pattern total="3">
        <valenceUnit GF="Dep" PT="AVP" FE="Time" />
        <annoSet ID="2118793" />
        <annoSet ID="2118823" />
        <annoSet ID="2119039" />
      </pattern>
    </FERealization>
    <FEGroupRealization total="1">
      <FE name="Agent" />
      <FE name="Agent" />
      <FE name="Goal" />
      <FE name="Means" />
      <pattern total="1">
        <valenceUnit GF="Ext" PT="NP" FE="Agent" />
        <valenceUnit GF="Ext" PT="NP" FE="Agent" />
        <valenceUnit GF="Obj" PT="NP" FE="Goal" />
        <valenceUnit GF="Dep" PT="PP[by]" FE="Means" />
        <annoSet ID="6560483" />
      </pattern>
    </FEGroupRealization>
    <FEGroupRealization total="6">
      <FE name="Agent" />
      <FE name="Circumstances" />
      <FE name="Goal" />
      <pattern total="1">
        <valenceUnit GF="" PT="CNI" FE="Agent" />
        <valenceUnit GF="Dep" PT="AJP" FE="Circumstances" />
        <valenceUnit GF="Ext" PT="NP" FE="Goal" />
        <annoSet ID="2119213" />
      </pattern>
      <pattern total="4">
        <valenceUnit GF="" PT="CNI" FE="Agent" />
        <valenceUnit GF="Dep" PT="PP[in]" FE="Circumstances" />
        <valenceUnit GF="Ext" PT="NP" FE="Goal" />
        <annoSet ID="2118847" />
        <annoSet ID="2118905" />
        <annoSet ID="2118909" />
        <annoSet ID="2118929" />
      </pattern>
      <pattern total="1">
        <valenceUnit GF="Ext" PT="NP" FE="Agent" />
        <valenceUnit GF="Dep" PT="PP[despite]" FE="Circumstances" />
        <valenceUnit GF="Obj" PT="NP" FE="Goal" />
        <annoSet ID="2118995" />
      </pattern>
    </FEGroupRealization>
    <FEGroupRealization total="1">
      <FE name="Agent" />
      <FE name="Circumstances" />
      <FE name="Goal" />
      <FE name="Manner" />
      <FE name="Means" />
      <pattern total="1">
        <valenceUnit GF="" PT="CNI" FE="Agent" />
        <valenceUnit GF="Dep" PT="PP[on]" FE="Circumstances" />
        <valenceUnit GF="Ext" PT="NP" FE="Goal" />
        <valenceUnit GF="Dep" PT="AVP" FE="Manner" />
        <valenceUnit GF="Dep" PT="PP[by]" FE="Means" />
        <annoSet ID="2118963" />
      </pattern>
    </FEGroupRealization>
    <FEGroupRealization total="2">
      <FE name="Agent" />
      <FE name="Circumstances" />
      <FE name="Goal" />
      <FE name="Time" />
      <pattern total="1">
        <valenceUnit GF="" PT="CNI" FE="Agent" />
        <valenceUnit GF="Dep" PT="PP[in]" FE="Circumstances" />
        <valenceUnit GF="Ext" PT="NP" FE="Goal" />
        <valenceUnit GF="Dep" PT="PP[at]" FE="Time" />
        <annoSet ID="2118821" />
      </pattern>
      <pattern total="1">
        <valenceUnit GF="Dep" PT="PP[by]" FE="Agent" />
        <valenceUnit GF="Dep" PT="PP[as]" FE="Circumstances" />
        <valenceUnit GF="Ext" PT="NP" FE="Goal" />
        <valenceUnit GF="Dep" PT="AVP" FE="Time" />
        <annoSet ID="2119039" />
      </pattern>
    </FEGroupRealization>
    <FEGroupRealization total="1">
      <FE name="Agent" />
      <FE name="Degree" />
      <FE name="Explanation" />
      <FE name="Goal" />
      <pattern total="1">
        <valenceUnit GF="Ext" PT="NP" FE="Agent" />
        <valenceUnit GF="Dep" PT="AVP" FE="Degree" />
        <valenceUnit GF="Dep" PT="PP[because of]" FE="Explanation" />
        <valenceUnit GF="Obj" PT="NP" FE="Goal" />
        <annoSet ID="2119099" />
      </pattern>
    </FEGroupRealization>
    <FEGroupRealization total="1">
      <FE name="Agent" />
      <FE name="Degree" />
      <FE name="Goal" />
      <FE name="Instrument" />
      <pattern total="1">
        <valenceUnit GF="" PT="CNI" FE="Agent" />
        <valenceUnit GF="Dep" PT="AVP" FE="Degree" />
        <valenceUnit GF="Ext" PT="NP" FE="Goal" />
        <valenceUnit GF="Dep" PT="PP[with]" FE="Instrument" />
        <annoSet ID="2118767" />
      </pattern>
    </FEGroupRealization>
    <FEGroupRealization total="1">
      <FE name="Agent" />
      <FE name="Degree" />
      <FE name="Goal" />
      <FE name="Means" />
      <pattern total="1">
        <valenceUnit GF="" PT="CNI" FE="Agent" />
        <valenceUnit GF="Dep" PT="AVP" FE="Degree" />
        <valenceUnit GF="Ext" PT="NP" FE="Goal" />
        <valenceUnit GF="Dep" PT="PP[through]" FE="Means" />
        <annoSet ID="2118763" />
      </pattern>
    </FEGroupRealization>
    <FEGroupRealization total="1">
      <FE name="Agent" />
      <FE name="Explanation" />
      <FE name="Goal" />
      <FE name="Instrument" />
      <pattern total="1">
        <valenceUnit GF="" PT="CNI" FE="Agent" />
        <valenceUnit GF="Dep" PT="PP[since]" FE="Explanation" />
        <valenceUnit GF="Obj" PT="NP" FE="Goal" />
        <valenceUnit GF="Ext" PT="NP" FE="Instrument" />
        <annoSet ID="2118797" />
      </pattern>
    </FEGroupRealization>
    <FEGroupRealization total="1">
      <FE name="Agent" />
      <FE name="Explanation" />
      <FE name="Goal" />
      <FE name="Time" />
      <pattern total="1">
        <valenceUnit GF="Ext" PT="NP" FE="Agent" />
        <valenceUnit GF="Dep" PT="PP[of]" FE="Explanation" />
        <valenceUnit GF="Obj" PT="NP" FE="Goal" />
        <valenceUnit GF="Dep" PT="PP[within]" FE="Time" />
        <annoSet ID="6528238" />
      </pattern>
    </FEGroupRealization>
    <FEGroupRealization total="8">
      <FE name="Agent" />
      <FE name="Goal" />
      <pattern total="1">
        <valenceUnit GF="" PT="CNI" FE="Agent" />
        <valenceUnit GF="Obj" PT="NP" FE="Goal" />
        <annoSet ID="2118807" />
      </pattern>
      <pattern total="4">
        <valenceUnit GF="Ext" PT="NP" FE="Agent" />
        <valenceUnit GF="Obj" PT="NP" FE="Goal" />
        <annoSet ID="2118983" />
        <annoSet ID="6528235" />
        <annoSet ID="6543879" />
        <annoSet ID="6551689" />
      </pattern>
      <pattern total="1">
        <valenceUnit GF="Ext" PT="NP" FE="Agent" />
        <valenceUnit GF="Dep" PT="VPto" FE="Goal" />
        <annoSet ID="6537680" />
      </pattern>
      <pattern total="1">
        <valenceUnit GF="Dep" PT="PP[by]" FE="Agent" />
        <valenceUnit GF="Ext" PT="NP" FE="Goal" />
        <annoSet ID="2119033" />
      </pattern>
      <pattern total="1">
        <valenceUnit GF="Ext" PT="Poss" FE="Agent" />
        <valenceUnit GF="Obj" PT="NP" FE="Goal" />
        <annoSet ID="6528236" />
      </pattern>
    </FEGroupRealization>
    <FEGroupRealization total="1">
      <FE name="Agent" />
      <FE name="Goal" />
      <FE name="Goal" />
      <pattern total="1">
        <valenceUnit GF="" PT="CNI" FE="Agent" />
        <valenceUnit GF="Ext" PT="NP" FE="Goal" />
        <valenceUnit GF="Dep" PT="PP[in]" FE="Goal" />
        <annoSet ID="2118945" />
      </pattern>
    </FEGroupRealization>
    <FEGroupRealization total="1">
      <FE name="Agent" />
      <FE name="Goal" />
      <FE name="Goal" />
      <FE name="Manner" />
      <FE name="Time" />
      <pattern total="1">
        <valenceUnit GF="" PT="CNI" FE="Agent" />
        <valenceUnit GF="Ext" PT="NP" FE="Goal" />
        <valenceUnit GF="Ext" PT="NP" FE="Goal" />
        <valenceUnit GF="Dep" PT="AVP" FE="Manner" />
        <valenceUnit GF="Dep" PT="PP[after]" FE="Time" />
        <annoSet ID="2119195" />
      </pattern>
    </FEGroupRealization>
    <FEGroupRealization total="4">
      <FE name="Agent" />
      <FE name="Goal" />
      <FE name="Instrument" />
      <pattern total="1">
        <valenceUnit GF="" PT="CNI" FE="Agent" />
        <valenceUnit GF="Ext" PT="NP" FE="Goal" />
        <valenceUnit GF="Dep" PT="PP[with]" FE="Instrument" />
        <annoSet ID="2118831" />
      </pattern>
      <pattern total="1">
        <valenceUnit GF="" PT="CNI" FE="Agent" />
        <valenceUnit GF="Ext" PT="NP" FE="Goal" />
        <valenceUnit GF="Dep" PT="VPing" FE="Instrument" />
        <annoSet ID="2118953" />
      </pattern>
      <pattern total="2">
        <valenceUnit GF="Ext" PT="NP" FE="Agent" />
        <valenceUnit GF="Obj" PT="NP" FE="Goal" />
        <valenceUnit GF="Dep" PT="PP[with]" FE="Instrument" />
        <annoSet ID="2119065" />
        <annoSet ID="2119083" />
      </pattern>
    </FEGroupRealization>
    <FEGroupRealization total="1">
      <FE name="Agent" />
      <FE name="Goal" />
      <FE name="Instrument" />
      <FE name="Means" />
      <pattern total="1">
        <valenceUnit GF="" PT="CNI" FE="Agent" />
        <valenceUnit GF="Obj" PT="NP" FE="Goal" />
        <valenceUnit GF="Ext" PT="NP" FE="Instrument" />
        <valenceUnit GF="Dep" PT="PP[by]" FE="Means" />
        <annoSet ID="2119001" />
      </pattern>
    </FEGroupRealization>
    <FEGroupRealization total="3">
      <FE name="Agent" />
      <FE name="Goal" />
      <FE name="Manner" />
      <pattern total="1">
        <valenceUnit GF="" PT="CNI" FE="Agent" />
        <valenceUnit GF="Ext" PT="NP" FE="Goal" />
        <valenceUnit GF="Dep" PT="PP[in]" FE="Manner" />
        <annoSet ID="2118901" />
      </pattern>
      <pattern total="1">
        <valenceUnit GF="" PT="CNI" FE="Agent" />
        <valenceUnit GF="Ext" PT="NP" FE="Goal" />
        <valenceUnit GF="Dep" PT="PPing[without]" FE="Manner" />
        <annoSet ID="2118955" />
      </pattern>
      <pattern total="1">
        <valenceUnit GF="Dep" PT="PP[by]" FE="Agent" />
        <valenceUnit GF="Ext" PT="NP" FE="Goal" />
        <valenceUnit GF="Dep" PT="AVP" FE="Manner" />
        <annoSet ID="2118753" />
      </pattern>
    </FEGroupRealization>
    <FEGroupRealization total="11">
      <FE name="Agent" />
      <FE name="Goal" />
      <FE name="Means" />
      <pattern total="1">
        <valenceUnit GF="" PT="CNI" FE="Agent" />
        <valenceUnit GF="Dep" PT="NP" FE="Goal" />
        <valenceUnit GF="Dep" PT="PP[by]" FE="Means" />
        <annoSet ID="2118899" />
      </pattern>
      <pattern total="2">
        <valenceUnit GF="" PT="CNI" FE="Agent" />
        <valenceUnit GF="Ext" PT="NP" FE="Goal" />
        <valenceUnit GF="Dep" PT="AVP" FE="Means" />
        <annoSet ID="6528424" />
        <annoSet ID="6534422" />
      </pattern>
      <pattern total="2">
        <valenceUnit GF="" PT="CNI" FE="Agent" />
        <valenceUnit GF="Ext" PT="NP" FE="Goal" />
        <valenceUnit GF="Dep" PT="PP[by]" FE="Means" />
        <annoSet ID="2118861" />
        <annoSet ID="2118879" />
      </pattern>
      <pattern total="2">
        <valenceUnit GF="" PT="CNI" FE="Agent" />
        <valenceUnit GF="Ext" PT="NP" FE="Goal" />
        <valenceUnit GF="Dep" PT="PP[in]" FE="Means" />
        <annoSet ID="2118845" />
        <annoSet ID="2118919" />
      </pattern>
      <pattern total="1">
        <valenceUnit GF="" PT="CNI" FE="Agent" />
        <valenceUnit GF="Ext" PT="NP" FE="Goal" />
        <valenceUnit GF="Dep" PT="PP[through]" FE="Means" />
        <annoSet ID="2118859" />
      </pattern>
      <pattern total="2">
        <valenceUnit GF="Ext" PT="NP" FE="Agent" />
        <valenceUnit GF="Obj" PT="NP" FE="Goal" />
        <valenceUnit GF="Dep" PT="PP[by]" FE="Means" />
        <annoSet ID="2118867" />
        <annoSet ID="2118965" />
      </pattern>
      <pattern total="1">
        <valenceUnit GF="Dep" PT="PP[for]" FE="Agent" />
        <valenceUnit GF="Obj" PT="NP" FE="Goal" />
        <valenceUnit GF="Ext" PT="NP" FE="Means" />
        <annoSet ID="2118773" />
      </pattern>
    </FEGroupRealization>
    <FEGroupRealization total="2">
      <FE name="Agent" />
      <FE name="Goal" />
      <FE name="Outcome" />
      <pattern total="2">
        <valenceUnit GF="" PT="CNI" FE="Agent" />
        <valenceUnit GF="Ext" PT="NP" FE="Goal" />
        <valenceUnit GF="Dep" PT="PP[at]" FE="Outcome" />
        <annoSet ID="2118829" />
        <annoSet ID="2119059" />
      </pattern>
    </FEGroupRealization>
    <FEGroupRealization total="1">
      <FE name="Agent" />
      <FE name="Goal" />
      <FE name="Particular_iteration" />
      <FE name="Time" />
      <pattern total="1">
        <valenceUnit GF="Ext" PT="NP" FE="Agent" />
        <valenceUnit GF="Obj" PT="NP" FE="Goal" />
        <valenceUnit GF="Dep" PT="PP[for]" FE="Particular_iteration" />
        <valenceUnit GF="Dep" PT="PP[in]" FE="Time" />
        <annoSet ID="6542998" />
      </pattern>
    </FEGroupRealization>
    <FEGroupRealization total="1">
      <FE name="Agent" />
      <FE name="Goal" />
      <FE name="Place" />
      <pattern total="1">
        <valenceUnit GF="" PT="CNI" FE="Agent" />
        <valenceUnit GF="Ext" PT="NP" FE="Goal" />
        <valenceUnit GF="Dep" PT="PP[in]" FE="Place" />
        <annoSet ID="2118903" />
      </pattern>
    </FEGroupRealization>
    <FEGroupRealization total="1">
      <FE name="Agent" />
      <FE name="Goal" />
      <FE name="Place" />
      <FE name="Time" />
      <pattern total="1">
        <valenceUnit GF="Ext" PT="NP" FE="Agent" />
        <valenceUnit GF="Obj" PT="NP" FE="Goal" />
        <valenceUnit GF="Dep" PT="PP[at]" FE="Place" />
        <valenceUnit GF="Dep" PT="AVP" FE="Time" />
        <annoSet ID="2118823" />
      </pattern>
    </FEGroupRealization>
    <FEGroupRealization total="4">
      <FE name="Agent" />
      <FE name="Goal" />
      <FE name="Time" />
      <pattern total="1">
        <valenceUnit GF="" PT="CNI" FE="Agent" />
        <valenceUnit GF="Ext" PT="NP" FE="Goal" />
        <valenceUnit GF="Dep" PT="Sfin" FE="Time" />
        <annoSet ID="2119175" />
      </pattern>
      <pattern total="1">
        <valenceUnit GF="Ext" PT="NP" FE="Agent" />
        <valenceUnit GF="Obj" PT="NP" FE="Goal" />
        <valenceUnit GF="Dep" PT="AVP" FE="Time" />
        <annoSet ID="2118793" />
      </pattern>
      <pattern total="2">
        <valenceUnit GF="Ext" PT="NP" FE="Agent" />
        <valenceUnit GF="Obj" PT="NP" FE="Goal" />
        <valenceUnit GF="Dep" PT="PP[in]" FE="Time" />
        <annoSet ID="2118735" />
        <annoSet ID="2118979" />
      </pattern>
    </FEGroupRealization>
  </valences>
  <subCorpus name="V-augmented">
    <sentence sentNo="0" ID="1333924n">
      <text>Indeed very few presidents in the last half century have achieved much success .</text>
      <annotationSet cDate="08/08/2025 08:00:58 PST Fri" status="AUGMENTED" ID="0">
        <layer name="FE" rank="1">
          <label cBy="auto-aug" feID="8283" start="7" end="50" name="Agent" />
          <label cBy="auto-aug" feID="8291" start="66" end="69" name="Degree" />
          <label cBy="auto-aug" feID="8305" start="71" end="77" name="Goal" />
        </layer>
        <layer name="Target" rank="1">
          <label cBy="auto-aug" start="57" end="64" name="Target" />
        </layer>
      </annotationSet>
    </sentence>
  </subCorpus>
</lexUnit>