<?xml version='1.0' encoding='UTF-8'?>
<lexUnit xmlns="http://framenet.icsi.berkeley.edu" xmlns:xsi="http://www.w3.org/2001/XMLSchema-instance" status="Created" POS="V" name="see.v" ID="12011" frame="Categorization" frameID="21" totalAnnotated="2" xsi:schemaLocation="../schema/lexUnit.xsd">
  <header>
    <corpus description="American National Corpus Texts" name="ANC" ID="195">
      <document description="Berlitz History of Greece" name="HistoryOfGreece" ID="23692" />
    </corpus>
    <corpus description="LUCorpus-v0.3" name="LUCorpus-v0.3" ID="205">
      <document description="IZ-060316-01-Trans-1" name="IZ-060316-01-Trans-1" ID="23732" />
    </corpus>
    <frame>
      <FE fgColor="FFFFFF" bgColor="00BFFF" type="Core" abbrev="Cat" name="Category" />
      <FE fgColor="FFFFFF" bgColor="9F79EE" type="Extra-Thematic" abbrev="" name="Circumstances" />
      <FE fgColor="FFFFFF" bgColor="800080" type="Core" abbrev="Cog" name="Cognizer" />
      <FE fgColor="FFFFFF" bgColor="2E8B57" type="Extra-Thematic" abbrev="" name="Concessive" />
      <FE fgColor="FFFFFF" bgColor="808080" type="Core" abbrev="Crit" name="Criteria" />
      <FE fgColor="000000" bgColor="008000" type="Extra-Thematic" abbrev="" name="Explanation" />
      <FE fgColor="FFFFFF" bgColor="0000FF" type="Core" abbrev="Item" name="Item" />
      <FE fgColor="FFFFFF" bgColor="FF00FF" type="Peripheral" abbrev="Manr" name="Manner" />
      <FE fgColor="FFFFFF" bgColor="A52A2A" type="Peripheral" abbrev="Mns" name="Means" />
      <FE fgColor="FFFFFF" bgColor="FFA500" type="Peripheral" abbrev="Tm" name="Time" />
    </frame>
  </header>
  <definition>COD: regard in a specified way.</definition>
  <lexeme POS="V" name="see" />
  <valences>
    <FERealization total="2">
      <FE name="Category" />
      <pattern total="2">
        <valenceUnit GF="Dep" PT="PP[as]" FE="Category" />
        <annoSet ID="6543115" />
        <annoSet ID="6550940" />
      </pattern>
    </FERealization>
    <FERealization total="2">
      <FE name="Cognizer" />
      <pattern total="2">
        <valenceUnit GF="Ext" PT="NP" FE="Cognizer" />
        <annoSet ID="6543115" />
        <annoSet ID="6550940" />
      </pattern>
    </FERealization>
    <FERealization total="2">
      <FE name="Item" />
      <pattern total="2">
        <valenceUnit GF="Obj" PT="NP" FE="Item" />
        <annoSet ID="6543115" />
        <annoSet ID="6550940" />
      </pattern>
    </FERealization>
    <FEGroupRealization total="2">
      <FE name="Category" />
      <FE name="Cognizer" />
      <FE name="Item" />
      <pattern total="2">
        <valenceUnit GF="Dep" PT="PP[as]" FE="Category" />
        <valenceUnit GF="Ext" PT="NP" FE="Cognizer" />
        <valenceUnit GF="Obj" PT="NP" FE="Item" />
        <annoSet ID="6543115" />
        <annoSet ID="6550940" />
      </pattern>
    </FEGroupRealization>
  </valences>
  <subCorpus name="V-augmented">
    <sentence sentNo="0" ID="331094n">
      <text>His target of attack here is the enemy , a soldier I can see people . </text>
      <annotationSet cDate="08/08/2025 08:00:05 PST Fri" status="AUGMENTED" ID="0">
        <layer name="FE" rank="1">
          <label cBy="auto-aug" feID="93" start="29" end="37" name="Item" />
          <label cBy="auto-aug" feID="93" start="41" end="49" name="Item" />
          <label cBy="auto-aug" feID="92" start="51" end="51" name="Cognizer" />
          <label cBy="auto-aug" feID="94" start="61" end="66" name="Category" />
        </layer>
        <layer name="Target" rank="1">
          <label cBy="auto-aug" start="57" end="59" name="Target" />
        </layer>
      </annotationSet>
    </sentence>
    <sentence sentNo="0" ID="344498n">
      <text>Although by 1931 many people were still officially saw that year , the level of illiteracy in Poland compared very favourably with Italy ( 27 per cent ) and Spain ( 47.5 per cent ) . </text>
      <annotationSet cDate="08/08/2025 08:00:05 PST Fri" status="AUGMENTED" ID="0">
        <layer name="FE" rank="1">
          <label cBy="auto-aug" feID="93" start="17" end="27" name="Item" />
          <label cBy="auto-aug" feID="94" start="55" end="63" name="Category" />
        </layer>
        <layer name="Target" rank="1">
          <label cBy="auto-aug" start="51" end="53" name="Target" />
        </layer>
      </annotationSet>
    </sentence>
    <sentence sentNo="0" ID="344827n">
      <text>a picture could then be saw hierarchically by its color . </text>
      <annotationSet cDate="08/08/2025 08:00:05 PST Fri" status="AUGMENTED" ID="0">
        <layer name="FE" rank="1">
          <label cBy="auto-aug" feID="93" start="0" end="8" name="Item" />
          <label cBy="auto-aug" feID="968" start="28" end="41" name="Manner" />
          <label cBy="auto-aug" feID="95" start="43" end="54" name="Criteria" />
        </layer>
        <layer name="Target" rank="1">
          <label cBy="auto-aug" start="24" end="26" name="Target" />
        </layer>
      </annotationSet>
    </sentence>
  </subCorpus>
</lexUnit>