<?xml version='1.0' encoding='UTF-8'?>
<lexUnit xmlns="http://framenet.icsi.berkeley.edu" xmlns:xsi="http://www.w3.org/2001/XMLSchema-instance" status="Needs_SCs" POS="V" name="require.v" ID="12643" frame="Imposing_obligation" frameID="1494" totalAnnotated="27" xsi:schemaLocation="../schema/lexUnit.xsd">
  <header>
    <corpus description="Wall Street Journal Texts from the PropBank Project" name="PropBank" ID="115">
      <document description="Polemic Progressive Education" name="PolemicProgressiveEducation" ID="23011" />
    </corpus>
    <corpus description="Texts from Nuclear Threat Initiative website, created by Center for Non-Proliferation Studies" name="NTI" ID="135">
      <document description="North Korea Nuclear Overview" name="NorthKorea_NuclearOverview" ID="23562" />
      <document description="Russia Introduction" name="Russia_Introduction" ID="23563" />
    </corpus>
    <corpus description="LUCorpus-v0.3" name="LUCorpus-v0.3" ID="205">
      <document description="CNN_ENG_20030614_173123.4-NEW-1" name="CNN_ENG_20030614_173123.4-NEW-1" ID="23726" />
    </corpus>
    <corpus description="Texts from WikiMedia--WikiNews and Wikipedia" name="WikiTexts" ID="246">
      <document description="Fires_6" name="Fires_6" ID="25621" />
    </corpus>
    <frame>
      <FE fgColor="FFFFFF" bgColor="9400D3" type="Extra-Thematic" abbrev="con" name="Condition" />
      <FE fgColor="FFFFFF" bgColor="00008B" type="Core" abbrev="dut" name="Duty" />
      <FE fgColor="FFFFFF" bgColor="008000" type="Peripheral" abbrev="man" name="Manner" />
      <FE fgColor="FFFFFF" bgColor="FF69B4" type="Peripheral" abbrev="mea" name="Means" />
      <FE fgColor="FFFFFF" bgColor="FF0000" type="Core" abbrev="obl" name="Obligator" />
      <FE fgColor="FFFFFF" bgColor="0000FF" type="Peripheral" abbrev="pla" name="Place" />
      <FE fgColor="FFFFFF" bgColor="FF00FF" type="Core" abbrev="pri" name="Principle" />
      <FE fgColor="FFFFFF" bgColor="800080" type="Extra-Thematic" abbrev="pur" name="Purpose" />
      <FE fgColor="FFFFFF" bgColor="1E90FF" type="Core" abbrev="Resp" name="Responsible_party" />
      <FE fgColor="FFFFFF" bgColor="2E8B57" type="Core" abbrev="sit" name="Situation" />
      <FE fgColor="FFFFFF" bgColor="FFA500" type="Peripheral" abbrev="tim" name="Time" />
    </frame>
  </header>
  <definition>COD: specify as compulsory</definition>
  <lexeme POS="V" name="require" />
  <valences>
    <FERealization total="1">
      <FE name="Condition" />
      <pattern total="1">
        <valenceUnit GF="Dep" PT="Swhether" FE="Condition" />
        <annoSet ID="6630339" />
      </pattern>
    </FERealization>
    <FERealization total="27">
      <FE name="Duty" />
      <pattern total="24">
        <valenceUnit GF="Dep" PT="VPto" FE="Duty" />
        <annoSet ID="4530603" />
        <annoSet ID="6530465" />
        <annoSet ID="6530466" />
        <annoSet ID="6530468" />
        <annoSet ID="6547509" />
        <annoSet ID="6630321" />
        <annoSet ID="6630325" />
        <annoSet ID="6630331" />
        <annoSet ID="6630333" />
        <annoSet ID="6630339" />
        <annoSet ID="6630343" />
        <annoSet ID="6630349" />
        <annoSet ID="6630351" />
        <annoSet ID="6630353" />
        <annoSet ID="6630363" />
        <annoSet ID="6630365" />
        <annoSet ID="6630367" />
        <annoSet ID="6630369" />
        <annoSet ID="6630371" />
        <annoSet ID="6630373" />
        <annoSet ID="6630391" />
        <annoSet ID="6630411" />
        <annoSet ID="6630435" />
        <annoSet ID="6669507" />
      </pattern>
      <pattern total="3">
        <valenceUnit GF="Obj" PT="NP" FE="Duty" />
        <annoSet ID="6530467" />
        <annoSet ID="6630421" />
        <annoSet ID="6630423" />
      </pattern>
    </FERealization>
    <FERealization total="12">
      <FE name="Obligator" />
      <pattern total="8">
        <valenceUnit GF="" PT="CNI" FE="Obligator" />
        <annoSet ID="6630349" />
        <annoSet ID="6630351" />
        <annoSet ID="6630353" />
        <annoSet ID="6630365" />
        <annoSet ID="6630367" />
        <annoSet ID="6630369" />
        <annoSet ID="6630371" />
        <annoSet ID="6630421" />
      </pattern>
      <pattern total="4">
        <valenceUnit GF="Ext" PT="NP" FE="Obligator" />
        <annoSet ID="6547509" />
        <annoSet ID="6630321" />
        <annoSet ID="6630343" />
        <annoSet ID="6630391" />
      </pattern>
    </FERealization>
    <FERealization total="2">
      <FE name="Place" />
      <pattern total="2">
        <valenceUnit GF="Dep" PT="PP[in]" FE="Place" />
        <annoSet ID="6630367" />
        <annoSet ID="6669507" />
      </pattern>
    </FERealization>
    <FERealization total="11">
      <FE name="Principle" />
      <pattern total="9">
        <valenceUnit GF="Ext" PT="NP" FE="Principle" />
        <annoSet ID="4530603" />
        <annoSet ID="6530465" />
        <annoSet ID="6530467" />
        <annoSet ID="6530468" />
        <annoSet ID="6630325" />
        <annoSet ID="6630331" />
        <annoSet ID="6630333" />
        <annoSet ID="6630339" />
        <annoSet ID="6630423" />
      </pattern>
      <pattern total="1">
        <valenceUnit GF="" PT="CNI" FE="Principle" />
        <annoSet ID="6530466" />
      </pattern>
      <pattern total="1">
        <valenceUnit GF="Dep" PT="PP[under]" FE="Principle" />
        <annoSet ID="6630363" />
      </pattern>
    </FERealization>
    <FERealization total="1">
      <FE name="Purpose" />
      <pattern total="1">
        <valenceUnit GF="Dep" PT="VPto" FE="Purpose" />
        <annoSet ID="6630353" />
      </pattern>
    </FERealization>
    <FERealization total="26">
      <FE name="Responsible_party" />
      <pattern total="14">
        <valenceUnit GF="Obj" PT="NP" FE="Responsible_party" />
        <annoSet ID="4530603" />
        <annoSet ID="6530465" />
        <annoSet ID="6530468" />
        <annoSet ID="6547509" />
        <annoSet ID="6630321" />
        <annoSet ID="6630325" />
        <annoSet ID="6630331" />
        <annoSet ID="6630333" />
        <annoSet ID="6630339" />
        <annoSet ID="6630343" />
        <annoSet ID="6630391" />
        <annoSet ID="6630411" />
        <annoSet ID="6630435" />
        <annoSet ID="6669507" />
      </pattern>
      <pattern total="1">
        <valenceUnit GF="" PT="DNI" FE="Responsible_party" />
        <annoSet ID="6530467" />
      </pattern>
      <pattern total="1">
        <valenceUnit GF="" PT="INI" FE="Responsible_party" />
        <annoSet ID="6630423" />
      </pattern>
      <pattern total="10">
        <valenceUnit GF="Ext" PT="NP" FE="Responsible_party" />
        <annoSet ID="6530466" />
        <annoSet ID="6630349" />
        <annoSet ID="6630351" />
        <annoSet ID="6630353" />
        <annoSet ID="6630363" />
        <annoSet ID="6630365" />
        <annoSet ID="6630367" />
        <annoSet ID="6630369" />
        <annoSet ID="6630371" />
        <annoSet ID="6630373" />
      </pattern>
    </FERealization>
    <FERealization total="3">
      <FE name="Situation" />
      <pattern total="3">
        <valenceUnit GF="Ext" PT="NP" FE="Situation" />
        <annoSet ID="6630411" />
        <annoSet ID="6630435" />
        <annoSet ID="6669507" />
      </pattern>
    </FERealization>
    <FERealization total="1">
      <FE name="Time" />
      <pattern total="1">
        <valenceUnit GF="Obj" PT="NP" FE="Time" />
        <annoSet ID="6669507" />
      </pattern>
    </FERealization>
    <FEGroupRealization total="1">
      <FE name="Condition" />
      <FE name="Duty" />
      <FE name="Principle" />
      <FE name="Principle" />
      <FE name="Responsible_party" />
      <pattern total="1">
        <valenceUnit GF="Dep" PT="Swhether" FE="Condition" />
        <valenceUnit GF="Dep" PT="VPto" FE="Duty" />
        <valenceUnit GF="Ext" PT="NP" FE="Principle" />
        <valenceUnit GF="Ext" PT="NP" FE="Principle" />
        <valenceUnit GF="Obj" PT="NP" FE="Responsible_party" />
        <annoSet ID="6630339" />
      </pattern>
    </FEGroupRealization>
    <FEGroupRealization total="1">
      <FE name="Duty" />
      <FE name="Duty" />
      <FE name="Obligator" />
      <FE name="Responsible_party" />
      <pattern total="1">
        <valenceUnit GF="Dep" PT="VPto" FE="Duty" />
        <valenceUnit GF="Dep" PT="VPto" FE="Duty" />
        <valenceUnit GF="Ext" PT="NP" FE="Obligator" />
        <valenceUnit GF="Obj" PT="NP" FE="Responsible_party" />
        <annoSet ID="6547509" />
      </pattern>
    </FEGroupRealization>
    <FEGroupRealization total="1">
      <FE name="Duty" />
      <FE name="Obligator" />
      <pattern total="1">
        <valenceUnit GF="Obj" PT="NP" FE="Duty" />
        <valenceUnit GF="" PT="CNI" FE="Obligator" />
        <annoSet ID="6630421" />
      </pattern>
    </FEGroupRealization>
    <FEGroupRealization total="1">
      <FE name="Duty" />
      <FE name="Obligator" />
      <FE name="Place" />
      <FE name="Responsible_party" />
      <pattern total="1">
        <valenceUnit GF="Dep" PT="VPto" FE="Duty" />
        <valenceUnit GF="" PT="CNI" FE="Obligator" />
        <valenceUnit GF="Dep" PT="PP[in]" FE="Place" />
        <valenceUnit GF="Ext" PT="NP" FE="Responsible_party" />
        <annoSet ID="6630367" />
      </pattern>
    </FEGroupRealization>
    <FEGroupRealization total="1">
      <FE name="Duty" />
      <FE name="Obligator" />
      <FE name="Purpose" />
      <FE name="Responsible_party" />
      <pattern total="1">
        <valenceUnit GF="Dep" PT="VPto" FE="Duty" />
        <valenceUnit GF="" PT="CNI" FE="Obligator" />
        <valenceUnit GF="Dep" PT="VPto" FE="Purpose" />
        <valenceUnit GF="Ext" PT="NP" FE="Responsible_party" />
        <annoSet ID="6630353" />
      </pattern>
    </FEGroupRealization>
    <FEGroupRealization total="8">
      <FE name="Duty" />
      <FE name="Obligator" />
      <FE name="Responsible_party" />
      <pattern total="5">
        <valenceUnit GF="Dep" PT="VPto" FE="Duty" />
        <valenceUnit GF="" PT="CNI" FE="Obligator" />
        <valenceUnit GF="Ext" PT="NP" FE="Responsible_party" />
        <annoSet ID="6630349" />
        <annoSet ID="6630351" />
        <annoSet ID="6630365" />
        <annoSet ID="6630369" />
        <annoSet ID="6630371" />
      </pattern>
      <pattern total="3">
        <valenceUnit GF="Dep" PT="VPto" FE="Duty" />
        <valenceUnit GF="Ext" PT="NP" FE="Obligator" />
        <valenceUnit GF="Obj" PT="NP" FE="Responsible_party" />
        <annoSet ID="6630321" />
        <annoSet ID="6630343" />
        <annoSet ID="6630391" />
      </pattern>
    </FEGroupRealization>
    <FEGroupRealization total="1">
      <FE name="Duty" />
      <FE name="Place" />
      <FE name="Responsible_party" />
      <FE name="Situation" />
      <FE name="Time" />
      <pattern total="1">
        <valenceUnit GF="Dep" PT="VPto" FE="Duty" />
        <valenceUnit GF="Dep" PT="PP[in]" FE="Place" />
        <valenceUnit GF="Obj" PT="NP" FE="Responsible_party" />
        <valenceUnit GF="Ext" PT="NP" FE="Situation" />
        <valenceUnit GF="Obj" PT="NP" FE="Time" />
        <annoSet ID="6669507" />
      </pattern>
    </FEGroupRealization>
    <FEGroupRealization total="10">
      <FE name="Duty" />
      <FE name="Principle" />
      <FE name="Responsible_party" />
      <pattern total="1">
        <valenceUnit GF="Obj" PT="NP" FE="Duty" />
        <valenceUnit GF="Ext" PT="NP" FE="Principle" />
        <valenceUnit GF="" PT="DNI" FE="Responsible_party" />
        <annoSet ID="6530467" />
      </pattern>
      <pattern total="1">
        <valenceUnit GF="Obj" PT="NP" FE="Duty" />
        <valenceUnit GF="Ext" PT="NP" FE="Principle" />
        <valenceUnit GF="" PT="INI" FE="Responsible_party" />
        <annoSet ID="6630423" />
      </pattern>
      <pattern total="1">
        <valenceUnit GF="Dep" PT="VPto" FE="Duty" />
        <valenceUnit GF="" PT="CNI" FE="Principle" />
        <valenceUnit GF="Ext" PT="NP" FE="Responsible_party" />
        <annoSet ID="6530466" />
      </pattern>
      <pattern total="6">
        <valenceUnit GF="Dep" PT="VPto" FE="Duty" />
        <valenceUnit GF="Ext" PT="NP" FE="Principle" />
        <valenceUnit GF="Obj" PT="NP" FE="Responsible_party" />
        <annoSet ID="4530603" />
        <annoSet ID="6530465" />
        <annoSet ID="6530468" />
        <annoSet ID="6630325" />
        <annoSet ID="6630331" />
        <annoSet ID="6630333" />
      </pattern>
      <pattern total="1">
        <valenceUnit GF="Dep" PT="VPto" FE="Duty" />
        <valenceUnit GF="Dep" PT="PP[under]" FE="Principle" />
        <valenceUnit GF="Ext" PT="NP" FE="Responsible_party" />
        <annoSet ID="6630363" />
      </pattern>
    </FEGroupRealization>
    <FEGroupRealization total="1">
      <FE name="Duty" />
      <FE name="Responsible_party" />
      <pattern total="1">
        <valenceUnit GF="Dep" PT="VPto" FE="Duty" />
        <valenceUnit GF="Ext" PT="NP" FE="Responsible_party" />
        <annoSet ID="6630373" />
      </pattern>
    </FEGroupRealization>
    <FEGroupRealization total="2">
      <FE name="Duty" />
      <FE name="Responsible_party" />
      <FE name="Situation" />
      <pattern total="2">
        <valenceUnit GF="Dep" PT="VPto" FE="Duty" />
        <valenceUnit GF="Obj" PT="NP" FE="Responsible_party" />
        <valenceUnit GF="Ext" PT="NP" FE="Situation" />
        <annoSet ID="6630411" />
        <annoSet ID="6630435" />
      </pattern>
    </FEGroupRealization>
  </valences>
  <subCorpus name="V-augmented">
    <sentence sentNo="0" ID="1514407n">
      <text>They disagreed whether the students were required to submit their assignments on time .</text>
      <annotationSet cDate="08/08/2025 07:59:09 PST Fri" status="AUGMENTED" ID="0">
        <layer name="FE" rank="1">
          <label cBy="auto-aug" feID="8148" start="23" end="34" name="Responsible_party" />
          <label cBy="auto-aug" feID="8156" start="50" end="76" name="Principle" />
          <label cBy="auto-aug" feID="8149" start="78" end="84" name="Duty" />
        </layer>
        <layer name="Target" rank="1">
          <label cBy="auto-aug" start="41" end="48" name="Target" />
        </layer>
      </annotationSet>
    </sentence>
    <sentence sentNo="0" ID="1514399n">
      <text>Retailing Daily , for instance , declared : ` We are required to donate money as our contribution to a healthy , growing society . "</text>
      <annotationSet cDate="08/08/2025 07:59:09 PST Fri" status="AUGMENTED" ID="0">
        <layer name="FE" rank="1">
          <label cBy="auto-aug" feID="8148" start="46" end="47" name="Responsible_party" />
          <label cBy="auto-aug" feID="8149" start="62" end="76" name="Duty" />
          <label cBy="auto-aug" feID="10467" start="78" end="127" name="Purpose" />
        </layer>
        <layer name="Target" rank="1">
          <label cBy="auto-aug" start="53" end="60" name="Target" />
        </layer>
      </annotationSet>
    </sentence>
    <sentence sentNo="0" ID="1514408n">
      <text>The taxpayer , assuming the validity of the statute as I believe it is entitled to do , considers the taxpayer required to pay taxes .</text>
      <annotationSet cDate="08/08/2025 07:59:09 PST Fri" status="AUGMENTED" ID="0">
        <layer name="FE" rank="1">
          <label cBy="auto-aug" feID="8148" start="98" end="109" name="Responsible_party" />
          <label cBy="auto-aug" feID="8149" start="120" end="131" name="Duty" />
        </layer>
        <layer name="Target" rank="1">
          <label cBy="auto-aug" start="111" end="118" name="Target" />
        </layer>
      </annotationSet>
    </sentence>
    <sentence sentNo="0" ID="1514405n">
      <text>These set limits to the level of contributions with the aim to prevent candidates from becoming required to participate .</text>
      <annotationSet cDate="08/08/2025 07:59:09 PST Fri" status="AUGMENTED" ID="0">
        <layer name="FE" rank="1">
          <label cBy="auto-aug" feID="8154" start="105" end="118" name="Obligator" />
        </layer>
        <layer name="Target" rank="1">
          <label cBy="auto-aug" start="96" end="103" name="Target" />
        </layer>
      </annotationSet>
    </sentence>
    <sentence sentNo="0" ID="1514401n">
      <text>Suggestions of requiring the public a reasonable minimum wage are quite in keeping for a Government which has done virtually everything else it can to ensure that millions of Britons will work for derisory incomes .</text>
      <annotationSet cDate="08/08/2025 07:59:09 PST Fri" status="AUGMENTED" ID="0">
        <layer name="FE" rank="1">
          <label cBy="auto-aug" feID="8148" start="25" end="34" name="Responsible_party" />
          <label cBy="auto-aug" feID="8149" start="36" end="60" name="Duty" />
        </layer>
        <layer name="Target" rank="1">
          <label cBy="auto-aug" start="15" end="23" name="Target" />
        </layer>
      </annotationSet>
    </sentence>
  </subCorpus>
</lexUnit>