<?xml version='1.0' encoding='UTF-8'?>
<lexUnit xmlns="http://framenet.icsi.berkeley.edu" xmlns:xsi="http://www.w3.org/2001/XMLSchema-instance" status="Add_Annotation" POS="V" name="divert.v" ID="12333" frame="Redirecting" frameID="1530" totalAnnotated="3" xsi:schemaLocation="../schema/lexUnit.xsd">
  <header>
    <corpus description="BNC2" name="BNC2" ID="111">
      <document description="bncp" name="bncp" ID="421" />
    </corpus>
    <corpus description="Texts from Nuclear Threat Initiative website, created by Center for Non-Proliferation Studies" name="NTI" ID="135">
      <document description="North Korea Introduction" name="NorthKorea_Introduction" ID="23481" />
    </corpus>
    <frame>
      <FE fgColor="FFFFFF" bgColor="006400" type="Core" abbrev="age" name="Agent" />
      <FE fgColor="FFFFFF" bgColor="90876C" type="Core" abbrev="cau" name="Cause" />
      <FE fgColor="FFFFFF" bgColor="9400D3" type="Extra-Thematic" abbrev="Dep" name="Depictive" />
      <FE fgColor="FFFFFF" bgColor="A9A9A9" type="Core" abbrev="dir" name="Direction" />
      <FE fgColor="FFFFFF" bgColor="FF0000" type="Core" abbrev="Goal" name="Goal" />
      <FE fgColor="FFFFFF" bgColor="FF00FF" type="Peripheral" abbrev="Manr" name="Manner" />
      <FE fgColor="FFFFFF" bgColor="A52A2A" type="Peripheral" abbrev="mea" name="Means" />
      <FE fgColor="FFFFFF" bgColor="1E90FF" type="Core" abbrev="ori" name="Original_path" />
      <FE fgColor="FFFFFF" bgColor="0000FF" type="Core" abbrev="Path" name="Path" />
      <FE fgColor="FFFFFF" bgColor="008000" type="Peripheral" abbrev="" name="Place" />
      <FE fgColor="FFFFFF" bgColor="7CCD7C" type="Peripheral" abbrev="pur" name="Purpose" />
      <FE fgColor="FFFFFF" bgColor="800080" type="Core" abbrev="Thm" name="Theme" />
      <FE fgColor="FFFFFF" bgColor="FFA500" type="Peripheral" abbrev="Time" name="Time" />
    </frame>
  </header>
  <definition>COD: cause to change course or take a different route.</definition>
  <lexeme POS="V" name="divert" />
  <valences>
    <FERealization total="3">
      <FE name="Agent" />
      <pattern total="3">
        <valenceUnit GF="" PT="CNI" FE="Agent" />
        <annoSet ID="2565279" />
        <annoSet ID="2565521" />
        <annoSet ID="6528226" />
      </pattern>
    </FERealization>
    <FERealization total="1">
      <FE name="Direction" />
      <pattern total="1">
        <valenceUnit GF="Dep" PT="PP[towards]" FE="Direction" />
        <annoSet ID="2565521" />
      </pattern>
    </FERealization>
    <FERealization total="1">
      <FE name="Goal" />
      <pattern total="1">
        <valenceUnit GF="Dep" PT="PP[to]" FE="Goal" />
        <annoSet ID="6528226" />
      </pattern>
    </FERealization>
    <FERealization total="1">
      <FE name="Means" />
      <pattern total="1">
        <valenceUnit GF="Dep" PT="PP[via]" FE="Means" />
        <annoSet ID="2565279" />
      </pattern>
    </FERealization>
    <FERealization total="2">
      <FE name="Original_path" />
      <pattern total="1">
        <valenceUnit GF="" PT="CNI" FE="Original_path" />
        <annoSet ID="6528226" />
      </pattern>
      <pattern total="1">
        <valenceUnit GF="Dep" PT="PP[from]" FE="Original_path" />
        <annoSet ID="2565279" />
      </pattern>
    </FERealization>
    <FERealization total="1">
      <FE name="Path" />
      <pattern total="1">
        <valenceUnit GF="Dep" PT="PP[to]" FE="Path" />
        <annoSet ID="2565279" />
      </pattern>
    </FERealization>
    <FERealization total="3">
      <FE name="Theme" />
      <pattern total="3">
        <valenceUnit GF="Ext" PT="NP" FE="Theme" />
        <annoSet ID="2565279" />
        <annoSet ID="2565521" />
        <annoSet ID="6528226" />
      </pattern>
    </FERealization>
    <FEGroupRealization total="1">
      <FE name="Agent" />
      <FE name="Direction" />
      <FE name="Theme" />
      <pattern total="1">
        <valenceUnit GF="" PT="CNI" FE="Agent" />
        <valenceUnit GF="Dep" PT="PP[towards]" FE="Direction" />
        <valenceUnit GF="Ext" PT="NP" FE="Theme" />
        <annoSet ID="2565521" />
      </pattern>
    </FEGroupRealization>
    <FEGroupRealization total="1">
      <FE name="Agent" />
      <FE name="Goal" />
      <FE name="Original_path" />
      <FE name="Theme" />
      <pattern total="1">
        <valenceUnit GF="" PT="CNI" FE="Agent" />
        <valenceUnit GF="Dep" PT="PP[to]" FE="Goal" />
        <valenceUnit GF="" PT="CNI" FE="Original_path" />
        <valenceUnit GF="Ext" PT="NP" FE="Theme" />
        <annoSet ID="6528226" />
      </pattern>
    </FEGroupRealization>
    <FEGroupRealization total="1">
      <FE name="Agent" />
      <FE name="Means" />
      <FE name="Original_path" />
      <FE name="Path" />
      <FE name="Theme" />
      <pattern total="1">
        <valenceUnit GF="" PT="CNI" FE="Agent" />
        <valenceUnit GF="Dep" PT="PP[via]" FE="Means" />
        <valenceUnit GF="Dep" PT="PP[from]" FE="Original_path" />
        <valenceUnit GF="Dep" PT="PP[to]" FE="Path" />
        <valenceUnit GF="Ext" PT="NP" FE="Theme" />
        <annoSet ID="2565279" />
      </pattern>
    </FEGroupRealization>
  </valences>
  <subCorpus name="V-augmented">
    <sentence sentNo="0" ID="4101054n">
      <text>Bestowed with plenty of the invaluable pioneer spirit that characterizes Las Vegas to this day , Gass diverted the flow of the river by picking up where the Mormons left off -- the local labor force .</text>
      <annotationSet cDate="08/08/2025 07:59:16 PST Fri" status="AUGMENTED" ID="0">
        <layer name="FE" rank="1">
          <label cBy="auto-aug" feID="8337" start="97" end="100" name="Agent" />
          <label cBy="auto-aug" feID="8320" start="111" end="131" name="Theme" />
          <label cBy="auto-aug" feID="11618" start="133" end="172" name="Means" />
          <label cBy="auto-aug" feID="8320" start="177" end="197" name="Theme" />
        </layer>
        <layer name="Target" rank="1">
          <label cBy="auto-aug" start="102" end="109" name="Target" />
        </layer>
      </annotationSet>
    </sentence>
    <sentence sentNo="0" ID="1496511n">
      <text>` We will be diverting traffic to the new route , " Mr Darby said .</text>
      <annotationSet cDate="08/08/2025 07:59:16 PST Fri" status="AUGMENTED" ID="0">
        <layer name="FE" rank="1">
          <label cBy="auto-aug" feID="8337" start="2" end="3" name="Agent" />
          <label cBy="auto-aug" feID="8320" start="23" end="29" name="Theme" />
          <label cBy="auto-aug" feID="8323" start="31" end="46" name="Goal" />
        </layer>
        <layer name="Target" rank="1">
          <label cBy="auto-aug" start="13" end="21" name="Target" />
        </layer>
      </annotationSet>
    </sentence>
    <sentence sentNo="0" ID="1496501n">
      <text>Energy with wavelengths within these window regions is not absorbed but may be subject to a process called scattering which deflects or divert energy .</text>
      <annotationSet cDate="08/08/2025 07:59:16 PST Fri" status="AUGMENTED" ID="0">
        <layer name="FE" rank="1">
          <label cBy="auto-aug" feID="8338" start="90" end="116" name="Cause" />
          <label cBy="auto-aug" feID="8338" start="118" end="122" name="Cause" />
          <label cBy="auto-aug" feID="8320" start="143" end="148" name="Theme" />
        </layer>
        <layer name="Target" rank="1">
          <label cBy="auto-aug" start="136" end="141" name="Target" />
        </layer>
      </annotationSet>
    </sentence>
  </subCorpus>
</lexUnit>