<?xml version='1.0' encoding='UTF-8'?>
<lexUnit xmlns="http://framenet.icsi.berkeley.edu" xmlns:xsi="http://www.w3.org/2001/XMLSchema-instance" status="Created" POS="V" name="turn.v" ID="12939" frame="Change_direction" frameID="1653" totalAnnotated="1" xsi:schemaLocation="../schema/lexUnit.xsd">
  <header>
    <corpus description="American National Corpus Texts" name="ANC" ID="195">
      <document description="Berlitz Where to Go in Hong Kong" name="WhereToHongKong" ID="23771" />
    </corpus>
    <frame>
      <FE fgColor="FFFFFF" bgColor="7CCD73" type="Peripheral" abbrev="ang" name="Angle" />
      <FE fgColor="000000" bgColor="800080" type="Extra-Thematic" abbrev="cir" name="Circumstances" />
      <FE fgColor="FFFFFF" bgColor="FFA500" type="Extra-Thematic" abbrev="con" name="Containing_event" />
      <FE fgColor="000000" bgColor="9F79EE" type="Extra-Thematic" abbrev="Thm_c" name="Cotheme" />
      <FE fgColor="FFFFFF" bgColor="9400D3" type="Extra-Thematic" abbrev="Dep-Und" name="Depictive" />
      <FE fgColor="FFFFFF" bgColor="9F79EE" type="Core" abbrev="dir" name="Direction" />
      <FE fgColor="FFFFFF" bgColor="90876C" type="Extra-Thematic" abbrev="exp" name="Explanation" />
      <FE fgColor="FFFFFF" bgColor="A52A2A" type="Extra-Thematic" abbrev="fre" name="Frequency" />
      <FE fgColor="FFFFFF" bgColor="00BFFF" type="Peripheral" abbrev="Goal" name="Goal" />
      <FE fgColor="FFFFFF" bgColor="FF00FF" type="Peripheral" abbrev="Manr" name="Manner" />
      <FE fgColor="FFFFFF" bgColor="A52A2A" type="Peripheral" abbrev="Mns" name="Means" />
      <FE fgColor="FFFFFF" bgColor="00008B" type="Extra-Thematic" abbrev="Mea" name="Means_of_motion" />
      <FE fgColor="000000" bgColor="2E8B57" type="Extra-Thematic" abbrev="New" name="New_situation" />
      <FE fgColor="FFFFFF" bgColor="0000FF" type="Peripheral" abbrev="Path" name="Path" />
      <FE fgColor="000000" bgColor="A9A9A9" type="Peripheral" abbrev="PS" name="Path_shape" />
      <FE fgColor="000000" bgColor="EEE8AA" type="Peripheral" abbrev="" name="Place" />
      <FE fgColor="000000" bgColor="90876C" type="Extra-Thematic" abbrev="pur" name="Purpose" />
      <FE fgColor="000000" bgColor="008000" type="Extra-Thematic" abbrev="re-e" name="Re-encoding" />
      <FE fgColor="000000" bgColor="1E90FF" type="Extra-Thematic" abbrev="res" name="Result" />
      <FE fgColor="FFFFFF" bgColor="006400" type="Peripheral" abbrev="Src" name="Source" />
      <FE fgColor="FFFFFF" bgColor="9400D3" type="Peripheral" abbrev="Spd" name="Speed" />
      <FE fgColor="FFFFFF" bgColor="FF0000" type="Core" abbrev="Thm" name="Theme" />
      <FE fgColor="FFFFFF" bgColor="A9A9A9" type="Peripheral" abbrev="tim" name="Time" />
    </frame>
  </header>
  <definition>FN: change direction.</definition>
  <lexeme POS="V" name="turn" />
  <valences>
    <FERealization total="1">
      <FE name="Direction" />
      <pattern total="1">
        <valenceUnit GF="Dep" PT="PP[into]" FE="Direction" />
        <annoSet ID="6555626" />
      </pattern>
    </FERealization>
    <FERealization total="1">
      <FE name="Goal" />
      <pattern total="1">
        <valenceUnit GF="Dep" PT="VPto" FE="Goal" />
        <annoSet ID="6555626" />
      </pattern>
    </FERealization>
    <FERealization total="1">
      <FE name="Theme" />
      <pattern total="1">
        <valenceUnit GF="" PT="CNI" FE="Theme" />
        <annoSet ID="6555626" />
      </pattern>
    </FERealization>
    <FEGroupRealization total="1">
      <FE name="Direction" />
      <FE name="Goal" />
      <FE name="Theme" />
      <pattern total="1">
        <valenceUnit GF="Dep" PT="PP[into]" FE="Direction" />
        <valenceUnit GF="Dep" PT="VPto" FE="Goal" />
        <valenceUnit GF="" PT="CNI" FE="Theme" />
        <annoSet ID="6555626" />
      </pattern>
    </FEGroupRealization>
  </valences>
  <subCorpus name="V-augmented">
    <sentence sentNo="0" ID="624843n">
      <text>The car joined the evening traffic as left turn right smoothly . </text>
      <annotationSet cDate="08/08/2025 08:00:43 PST Fri" status="AUGMENTED" ID="0">
        <layer name="FE" rank="1">
          <label cBy="auto-aug" feID="9349" start="38" end="41" name="Theme" />
          <label cBy="auto-aug" feID="9363" start="48" end="52" name="Direction" />
          <label cBy="auto-aug" feID="9363" start="54" end="61" name="Direction" />
        </layer>
        <layer name="Target" rank="1">
          <label cBy="auto-aug" start="43" end="46" name="Target" />
        </layer>
      </annotationSet>
    </sentence>
    <sentence sentNo="0" ID="615234n">
      <text>Follow this path to a footpath junction then turn left to cross a stile . </text>
      <annotationSet cDate="08/08/2025 08:00:43 PST Fri" status="AUGMENTED" ID="0">
        <layer name="FE" rank="1">
          <label cBy="auto-aug" feID="9364" start="40" end="43" name="Time" />
          <label cBy="auto-aug" feID="9363" start="50" end="53" name="Direction" />
          <label cBy="auto-aug" feID="9365" start="55" end="70" name="Purpose" />
        </layer>
        <layer name="Target" rank="1">
          <label cBy="auto-aug" start="45" end="48" name="Target" />
        </layer>
      </annotationSet>
    </sentence>
    <sentence sentNo="0" ID="625674n">
      <text>` he turned across the road and went into the opposite lane where he collided with a transit van . " </text>
      <annotationSet cDate="08/08/2025 08:00:43 PST Fri" status="AUGMENTED" ID="0">
        <layer name="FE" rank="1">
          <label cBy="auto-aug" feID="9349" start="2" end="3" name="Theme" />
          <label cBy="auto-aug" feID="9351" start="12" end="26" name="Path" />
        </layer>
        <layer name="Target" rank="1">
          <label cBy="auto-aug" start="5" end="10" name="Target" />
        </layer>
      </annotationSet>
    </sentence>
  </subCorpus>
</lexUnit>