<?xml version='1.0' encoding='UTF-8'?>
<lexUnit xmlns="http://framenet.icsi.berkeley.edu" xmlns:xsi="http://www.w3.org/2001/XMLSchema-instance" status="Created" POS="V" name="honor.v" ID="12694" frame="Compliance" frameID="117" totalAnnotated="5" xsi:schemaLocation="../schema/lexUnit.xsd">
  <header>
    <corpus description="AQUAINT Knowledge-Based Evaluation Texts" name="KBEval" ID="185">
      <document description="Brandeis" name="Brandeis" ID="23573" />
      <document description="lcch" name="lcch" ID="23574" />
    </corpus>
    <corpus description="American National Corpus Texts" name="ANC" ID="195">
      <document description="Berlitz Where to Go in Hong Kong" name="WhereToHongKong" ID="23771" />
    </corpus>
    <frame>
      <FE fgColor="FFFFFF" bgColor="800080" type="Core" abbrev="Act" name="Act" />
      <FE fgColor="FFFFFF" bgColor="FF69B4" type="Peripheral" abbrev="Degr" name="Degree" />
      <FE fgColor="FFFFFF" bgColor="9400D3" type="Extra-Thematic" abbrev="Depict" name="Depictive" />
      <FE fgColor="FFFFFF" bgColor="90876C" type="Extra-Thematic" abbrev="exp" name="Explanation" />
      <FE fgColor="000000" bgColor="7FFF00" type="Peripheral" abbrev="" name="Judge" />
      <FE fgColor="FFFFFF" bgColor="FF00FF" type="Peripheral" abbrev="Manr" name="Manner" />
      <FE fgColor="FFFFFF" bgColor="A52A2A" type="Peripheral" abbrev="Mns" name="Means" />
      <FE fgColor="FFFFFF" bgColor="0000FF" type="Core" abbrev="Norm" name="Norm" />
      <FE fgColor="FFFFFF" bgColor="FF0000" type="Core" abbrev="Prot" name="Protagonist" />
      <FE fgColor="FFFFFF" bgColor="808080" type="Extra-Thematic" abbrev="Result" name="Result" />
      <FE fgColor="FFFFFF" bgColor="FFA500" type="Core" abbrev="soa" name="State_of_affairs" />
      <FE fgColor="FFFFFF" bgColor="008000" type="Peripheral" abbrev="Time" name="Time" />
    </frame>
  </header>
  <definition>COD: fulfil (an obligation) or keep (an agreement).</definition>
  <lexeme POS="V" name="honor" />
  <valences>
    <FERealization total="1">
      <FE name="Act" />
      <pattern total="1">
        <valenceUnit GF="Obj" PT="NP" FE="Act" />
        <annoSet ID="6560791" />
      </pattern>
    </FERealization>
    <FERealization total="4">
      <FE name="Norm" />
      <pattern total="4">
        <valenceUnit GF="Obj" PT="NP" FE="Norm" />
        <annoSet ID="6532039" />
        <annoSet ID="6532299" />
        <annoSet ID="6533486" />
        <annoSet ID="6533497" />
      </pattern>
    </FERealization>
    <FERealization total="5">
      <FE name="Protagonist" />
      <pattern total="5">
        <valenceUnit GF="Ext" PT="NP" FE="Protagonist" />
        <annoSet ID="6532039" />
        <annoSet ID="6532299" />
        <annoSet ID="6533486" />
        <annoSet ID="6533497" />
        <annoSet ID="6560791" />
      </pattern>
    </FERealization>
    <FEGroupRealization total="1">
      <FE name="Act" />
      <FE name="Protagonist" />
      <pattern total="1">
        <valenceUnit GF="Obj" PT="NP" FE="Act" />
        <valenceUnit GF="Ext" PT="NP" FE="Protagonist" />
        <annoSet ID="6560791" />
      </pattern>
    </FEGroupRealization>
    <FEGroupRealization total="4">
      <FE name="Norm" />
      <FE name="Protagonist" />
      <pattern total="4">
        <valenceUnit GF="Obj" PT="NP" FE="Norm" />
        <valenceUnit GF="Ext" PT="NP" FE="Protagonist" />
        <annoSet ID="6532039" />
        <annoSet ID="6532299" />
        <annoSet ID="6533486" />
        <annoSet ID="6533497" />
      </pattern>
    </FEGroupRealization>
  </valences>
  <subCorpus name="V-augmented">
    <sentence sentNo="0" ID="241684n">
      <text>I warned him that unless he honored strictly his commitments he would be at considerable risk . " </text>
      <annotationSet cDate="08/08/2025 08:00:39 PST Fri" status="AUGMENTED" ID="0">
        <layer name="FE" rank="1">
          <label cBy="auto-aug" feID="612" start="25" end="26" name="Protagonist" />
          <label cBy="auto-aug" feID="1117" start="36" end="43" name="Manner" />
          <label cBy="auto-aug" feID="640" start="45" end="59" name="Norm" />
        </layer>
        <layer name="Target" rank="1">
          <label cBy="auto-aug" start="28" end="34" name="Target" />
        </layer>
      </annotationSet>
    </sentence>
    <sentence sentNo="0" ID="241634n">
      <text>Whether in a large institution , a small restaurant , a bakery , a take-away food shop or the kitchen at home , those who handle and cook food must honor strictly the food safety guidelines . </text>
      <annotationSet cDate="08/08/2025 08:00:39 PST Fri" status="AUGMENTED" ID="0">
        <layer name="FE" rank="1">
          <label cBy="auto-aug" feID="612" start="112" end="141" name="Protagonist" />
          <label cBy="auto-aug" feID="1117" start="154" end="161" name="Manner" />
          <label cBy="auto-aug" feID="640" start="163" end="188" name="Norm" />
        </layer>
        <layer name="Target" rank="1">
          <label cBy="auto-aug" start="148" end="152" name="Target" />
        </layer>
      </annotationSet>
    </sentence>
    <sentence sentNo="0" ID="4103221n">
      <text>Requirements of joining AL QAEDA : 1 - Abiding by AL QAEDA rules , its beliefs and objectives as previously mentioned 2 - Obedience to the leaders in charge as much as possible , without honoring their obligations 3 - No connection between AL QAEDA membership and any other Islamic group 4 - Maintain secrecy in work-related issues 5- Physically healthy ( except in administrative work ) 6- The candidate should not be in question when it comes to religion , integrity or his morality 7- Reciting the pledge of AL-QAEDA .</text>
      <annotationSet cDate="08/08/2025 08:00:39 PST Fri" status="AUGMENTED" ID="0">
        <layer name="FE" rank="1">
          <label cBy="auto-aug" feID="640" start="196" end="212" name="Norm" />
        </layer>
        <layer name="Target" rank="1">
          <label cBy="auto-aug" start="187" end="194" name="Target" />
        </layer>
      </annotationSet>
    </sentence>
    <sentence sentNo="0" ID="242709n">
      <text>FoE says that the stations are sited in areas where communities were honored last year . </text>
      <annotationSet cDate="08/08/2025 08:00:39 PST Fri" status="AUGMENTED" ID="0">
        <layer name="FE" rank="1">
          <label cBy="auto-aug" feID="640" start="52" end="62" name="Norm" />
          <label cBy="auto-aug" feID="3608" start="77" end="85" name="Time" />
        </layer>
        <layer name="Target" rank="1">
          <label cBy="auto-aug" start="69" end="75" name="Target" />
        </layer>
      </annotationSet>
    </sentence>
    <sentence sentNo="0" ID="238663n">
      <text>Its purpose is to impose an obligation upon Norwich to secure that Winchester honors the agreement . </text>
      <annotationSet cDate="08/08/2025 08:00:39 PST Fri" status="AUGMENTED" ID="0">
        <layer name="FE" rank="1">
          <label cBy="auto-aug" feID="612" start="67" end="76" name="Protagonist" />
          <label cBy="auto-aug" feID="640" start="85" end="97" name="Norm" />
        </layer>
        <layer name="Target" rank="1">
          <label cBy="auto-aug" start="78" end="83" name="Target" />
        </layer>
      </annotationSet>
    </sentence>
    <sentence sentNo="0" ID="239040n">
      <text>` I feel that the trading standards officers have exceeded their authority by requiring Mr Wilson to honor his promise . " </text>
      <annotationSet cDate="08/08/2025 08:00:39 PST Fri" status="AUGMENTED" ID="0">
        <layer name="FE" rank="1">
          <label cBy="auto-aug" feID="612" start="88" end="96" name="Protagonist" />
          <label cBy="auto-aug" feID="640" start="107" end="117" name="Norm" />
        </layer>
        <layer name="Target" rank="1">
          <label cBy="auto-aug" start="101" end="105" name="Target" />
        </layer>
      </annotationSet>
    </sentence>
  </subCorpus>
</lexUnit>