<?xml version='1.0' encoding='UTF-8'?>
<lexUnit xmlns="http://framenet.icsi.berkeley.edu" xmlns:xsi="http://www.w3.org/2001/XMLSchema-instance" status="Created" POS="V" name="get.v" ID="12825" frame="Disembarking" frameID="1634" totalAnnotated="7" xsi:schemaLocation="../schema/lexUnit.xsd">
  <header>
    <corpus description="AQUAINT Knowledge-Based Evaluation Texts" name="KBEval" ID="185">
      <document description="atm" name="atm" ID="23577" />
    </corpus>
    <frame>
      <FE fgColor="000000" bgColor="d0d0d0" type="Extra-Thematic" abbrev="CT" name="Cotheme" />
      <FE fgColor="FFFFFF" bgColor="1E90FF" type="Extra-Thematic" abbrev="dep" name="Depictive" />
      <FE fgColor="FFFFFF" bgColor="2E8B57" type="Extra-Thematic" abbrev="dfs" name="Duration_of_final_state" />
      <FE fgColor="FFFFFF" bgColor="008000" type="Peripheral" abbrev="goa" name="Goal" />
      <FE fgColor="FFFFFF" bgColor="FF00FF" type="Peripheral" abbrev="" name="Manner" />
      <FE fgColor="FFFFFF" bgColor="A52A2A" type="Peripheral" abbrev="pat" name="Path" />
      <FE fgColor="FFFFFF" bgColor="800080" type="Peripheral" abbrev="pla" name="Place" />
      <FE fgColor="FFFFFF" bgColor="0000FF" type="Peripheral" abbrev="Pur" name="Purpose" />
      <FE fgColor="000000" bgColor="FFA500" type="Peripheral" abbrev="Time" name="Time" />
      <FE fgColor="FFFFFF" bgColor="FF0000" type="Core" abbrev="tra" name="Traveller" />
      <FE fgColor="FFFFFF" bgColor="00008B" type="Core" abbrev="veh" name="Vehicle" />
    </frame>
  </header>
  <definition>FN: exit a vehicle</definition>
  <lexeme POS="V" name="get" />
  <valences>
    <FERealization total="7">
      <FE name="Place" />
      <pattern total="7">
        <valenceUnit GF="Dep" PT="PP[in]" FE="Place" />
        <annoSet ID="6533405" />
        <annoSet ID="6533568" />
        <annoSet ID="6533570" />
        <annoSet ID="6533572" />
        <annoSet ID="6533574" />
        <annoSet ID="6533576" />
        <annoSet ID="6533578" />
      </pattern>
    </FERealization>
    <FERealization total="7">
      <FE name="Traveller" />
      <pattern total="7">
        <valenceUnit GF="Ext" PT="NP" FE="Traveller" />
        <annoSet ID="6533405" />
        <annoSet ID="6533568" />
        <annoSet ID="6533570" />
        <annoSet ID="6533572" />
        <annoSet ID="6533574" />
        <annoSet ID="6533576" />
        <annoSet ID="6533578" />
      </pattern>
    </FERealization>
    <FERealization total="7">
      <FE name="Vehicle" />
      <pattern total="7">
        <valenceUnit GF="Dep" PT="AVP" FE="Vehicle" />
        <annoSet ID="6533405" />
        <annoSet ID="6533568" />
        <annoSet ID="6533570" />
        <annoSet ID="6533572" />
        <annoSet ID="6533574" />
        <annoSet ID="6533576" />
        <annoSet ID="6533578" />
      </pattern>
    </FERealization>
    <FEGroupRealization total="7">
      <FE name="Place" />
      <FE name="Traveller" />
      <FE name="Vehicle" />
      <pattern total="7">
        <valenceUnit GF="Dep" PT="PP[in]" FE="Place" />
        <valenceUnit GF="Ext" PT="NP" FE="Traveller" />
        <valenceUnit GF="Dep" PT="AVP" FE="Vehicle" />
        <annoSet ID="6533405" />
        <annoSet ID="6533568" />
        <annoSet ID="6533570" />
        <annoSet ID="6533572" />
        <annoSet ID="6533574" />
        <annoSet ID="6533576" />
        <annoSet ID="6533578" />
      </pattern>
    </FEGroupRealization>
  </valences>
  <subCorpus name="V-augmented">
    <sentence sentNo="0" ID="1494329n">
      <text>At Grosmont you can get a ticket and join the North Yorkshire Moors Railway .</text>
      <annotationSet cDate="08/08/2025 07:59:55 PST Fri" status="AUGMENTED" ID="0">
        <layer name="FE" rank="1">
          <label cBy="auto-aug" feID="9137" start="0" end="10" name="Goal" />
          <label cBy="auto-aug" feID="9126" start="12" end="14" name="Traveller" />
          <label cBy="auto-aug" feID="9127" start="24" end="31" name="Vehicle" />
        </layer>
        <layer name="Target" rank="1">
          <label cBy="auto-aug" start="20" end="22" name="Target" />
        </layer>
      </annotationSet>
    </sentence>
    <sentence sentNo="0" ID="1451799n">
      <text>In common with most other passengers who get off the bus at Dulverton , Mrs. Thomas proceeded to the station exit across the railway tracks although a footbridge was provided for passengers .</text>
      <annotationSet cDate="08/08/2025 07:59:55 PST Fri" status="AUGMENTED" ID="0">
        <layer name="FE" rank="1">
          <label cBy="auto-aug" feID="9126" start="15" end="35" name="Traveller" />
          <label cBy="auto-aug" feID="9126" start="37" end="39" name="Traveller" />
          <label cBy="auto-aug" feID="9127" start="45" end="55" name="Vehicle" />
          <label cBy="auto-aug" feID="9136" start="57" end="68" name="Place" />
        </layer>
        <layer name="Target" rank="1">
          <label cBy="auto-aug" start="41" end="43" name="Target" />
        </layer>
      </annotationSet>
    </sentence>
    <sentence sentNo="0" ID="1494521n">
      <text>As they got and tethered the horses to a clump of stunted trees , Timothy said tentatively :</text>
      <annotationSet cDate="08/08/2025 07:59:55 PST Fri" status="AUGMENTED" ID="0">
        <layer name="FE" rank="1">
          <label cBy="auto-aug" feID="9126" start="3" end="6" name="Traveller" />
          <label cBy="auto-aug" feID="9127" start="25" end="34" name="Vehicle" />
        </layer>
        <layer name="Target" rank="1">
          <label cBy="auto-aug" start="8" end="10" name="Target" />
        </layer>
      </annotationSet>
    </sentence>
    <sentence sentNo="0" ID="1494334n">
      <text>Before I could get the car she was hastily walking away .</text>
      <annotationSet cDate="08/08/2025 07:59:55 PST Fri" status="AUGMENTED" ID="0">
        <layer name="FE" rank="1">
          <label cBy="auto-aug" feID="9126" start="7" end="7" name="Traveller" />
          <label cBy="auto-aug" feID="9127" start="19" end="25" name="Vehicle" />
        </layer>
        <layer name="Target" rank="1">
          <label cBy="auto-aug" start="15" end="17" name="Target" />
        </layer>
      </annotationSet>
    </sentence>
    <sentence sentNo="0" ID="1494466n">
      <text>The patrol got the jeep and , having informed the battalion operations room of their find , deployed around the bank to await the arrival of the RUC .</text>
      <annotationSet cDate="08/08/2025 07:59:55 PST Fri" status="AUGMENTED" ID="0">
        <layer name="FE" rank="1">
          <label cBy="auto-aug" feID="9126" start="0" end="9" name="Traveller" />
          <label cBy="auto-aug" feID="9127" start="15" end="22" name="Vehicle" />
        </layer>
        <layer name="Target" rank="1">
          <label cBy="auto-aug" start="11" end="13" name="Target" />
        </layer>
      </annotationSet>
    </sentence>
    <sentence sentNo="0" ID="1494332n">
      <text>He got a ride , seemingly oblivious to his surroundings , and walked the length of the freight cars , stopping beside the last one .</text>
      <annotationSet cDate="08/08/2025 07:59:55 PST Fri" status="AUGMENTED" ID="0">
        <layer name="FE" rank="1">
          <label cBy="auto-aug" feID="9126" start="0" end="1" name="Traveller" />
          <label cBy="auto-aug" feID="9127" start="7" end="12" name="Vehicle" />
          <label cBy="auto-aug" feID="9132" start="16" end="54" name="Depictive" />
        </layer>
        <layer name="Target" rank="1">
          <label cBy="auto-aug" start="3" end="5" name="Target" />
        </layer>
      </annotationSet>
    </sentence>
  </subCorpus>
</lexUnit>