<?xml version='1.0' encoding='UTF-8'?>
<lexUnit xmlns="http://framenet.icsi.berkeley.edu" xmlns:xsi="http://www.w3.org/2001/XMLSchema-instance" status="FN1_Sent" POS="V" name="tread.v" ID="1251" frame="Self_motion" frameID="64" totalAnnotated="43" xsi:schemaLocation="../schema/lexUnit.xsd">
  <header>
    <corpus description="AQUAINT Knowledge-Based Evaluation Texts" name="KBEval" ID="185">
      <document description="utd-icsi" name="utd-icsi" ID="23579" />
    </corpus>
    <frame>
      <FE fgColor="FFFFFF" bgColor="A52A2A" type="Core" abbrev="Area" name="Area" />
      <FE fgColor="000000" bgColor="FF0000" type="Extra-Thematic" abbrev="" name="Concessive" />
      <FE fgColor="000000" bgColor="A52A2A" type="Extra-Thematic" abbrev="coo" name="Coordinated_event" />
      <FE fgColor="FFFFFF" bgColor="808080" type="Extra-Thematic" abbrev="Thm_c" name="Cotheme" />
      <FE fgColor="FFFFFF" bgColor="9400D3" type="Extra-Thematic" abbrev="Dep" name="Depictive" />
      <FE fgColor="000000" bgColor="d0d0d0" type="Core" abbrev="dir" name="Direction" />
      <FE fgColor="000000" bgColor="FFFF00" type="Peripheral" abbrev="Dist" name="Distance" />
      <FE fgColor="FFFFFF" bgColor="9F79EE" type="Peripheral" abbrev="Dur" name="Duration" />
      <FE fgColor="FFFFFF" bgColor="A9A9A9" type="Extra-Thematic" abbrev="Exp" name="Explanation" />
      <FE fgColor="FFFFFF" bgColor="90876C" type="Extra-Thematic" abbrev="ext" name="External_cause" />
      <FE fgColor="FFFFFF" bgColor="00BFFF" type="Core" abbrev="Goal" name="Goal" />
      <FE fgColor="FFFFFF" bgColor="2E8B57" type="Extra-Thematic" abbrev="Cause" name="Internal_cause" />
      <FE fgColor="FFFFFF" bgColor="FF00FF" type="Peripheral" abbrev="Manr" name="Manner" />
      <FE fgColor="FFFFFF" bgColor="FF69B4" type="Peripheral" abbrev="Mns" name="Means" />
      <FE fgColor="FFFFFF" bgColor="0000FF" type="Core" abbrev="Path" name="Path" />
      <FE fgColor="000000" bgColor="FF00FF" type="Peripheral" abbrev="" name="Path_shape" />
      <FE fgColor="FFFFFF" bgColor="008000" type="Peripheral" abbrev="" name="Place" />
      <FE fgColor="FFFFFF" bgColor="800080" type="Peripheral" abbrev="Purp" name="Purpose" />
      <FE fgColor="FFFFFF" bgColor="7CCD73" type="Extra-Thematic" abbrev="Result" name="Result" />
      <FE fgColor="FFFFFF" bgColor="FF0000" type="Core" abbrev="SMov" name="Self_mover" />
      <FE fgColor="FFFFFF" bgColor="006400" type="Core" abbrev="Src" name="Source" />
      <FE fgColor="FFFFFF" bgColor="1E90FF" type="Peripheral" abbrev="Spd" name="Speed" />
      <FE fgColor="FFFFFF" bgColor="FFA500" type="Peripheral" abbrev="Time" name="Time" />
    </frame>
  </header>
  <definition>COD:  walk on or along</definition>
  <lexeme POS="V" name="tread" />
  <valences>
    <FERealization total="13">
      <FE name="Area" />
      <pattern total="2">
        <valenceUnit GF="Dep" PT="NP" FE="Area" />
        <annoSet ID="986909" />
        <annoSet ID="986913" />
      </pattern>
      <pattern total="1">
        <valenceUnit GF="Dep" PT="PP[around]" FE="Area" />
        <annoSet ID="987287" />
      </pattern>
      <pattern total="3">
        <valenceUnit GF="Dep" PT="PP[in]" FE="Area" />
        <annoSet ID="987137" />
        <annoSet ID="987145" />
        <annoSet ID="987169" />
      </pattern>
      <pattern total="6">
        <valenceUnit GF="Dep" PT="PP[on]" FE="Area" />
        <annoSet ID="987103" />
        <annoSet ID="987187" />
        <annoSet ID="987189" />
        <annoSet ID="987197" />
        <annoSet ID="987313" />
        <annoSet ID="6532568" />
      </pattern>
      <pattern total="1">
        <valenceUnit GF="Dep" PT="PP[round]" FE="Area" />
        <annoSet ID="987341" />
      </pattern>
    </FERealization>
    <FERealization total="2">
      <FE name="Cotheme" />
      <pattern total="1">
        <valenceUnit GF="Dep" PT="NP" FE="Cotheme" />
        <annoSet ID="986909" />
      </pattern>
      <pattern total="1">
        <valenceUnit GF="Dep" PT="PP[with]" FE="Cotheme" />
        <annoSet ID="987265" />
      </pattern>
    </FERealization>
    <FERealization total="3">
      <FE name="Depictive" />
      <pattern total="1">
        <valenceUnit GF="Dep" PT="PP[with]" FE="Depictive" />
        <annoSet ID="987169" />
      </pattern>
      <pattern total="1">
        <valenceUnit GF="Dep" PT="NP" FE="Depictive" />
        <annoSet ID="987337" />
      </pattern>
      <pattern total="1">
        <valenceUnit GF="Dep" PT="VPing" FE="Depictive" />
        <annoSet ID="987299" />
      </pattern>
    </FERealization>
    <FERealization total="1">
      <FE name="Duration" />
      <pattern total="1">
        <valenceUnit GF="Dep" PT="PP[for]" FE="Duration" />
        <annoSet ID="987379" />
      </pattern>
    </FERealization>
    <FERealization total="1">
      <FE name="Explanation" />
      <pattern total="1">
        <valenceUnit GF="Dep" PT="AVP" FE="Explanation" />
        <annoSet ID="987367" />
      </pattern>
    </FERealization>
    <FERealization total="7">
      <FE name="Goal" />
      <pattern total="4">
        <valenceUnit GF="Dep" PT="PP[to]" FE="Goal" />
        <annoSet ID="987111" />
        <annoSet ID="987273" />
        <annoSet ID="987337" />
        <annoSet ID="987349" />
      </pattern>
      <pattern total="2">
        <valenceUnit GF="Dep" PT="PP[into]" FE="Goal" />
        <annoSet ID="987179" />
        <annoSet ID="987185" />
      </pattern>
      <pattern total="1">
        <valenceUnit GF="Dep" PT="PP[up]" FE="Goal" />
        <annoSet ID="987357" />
      </pattern>
    </FERealization>
    <FERealization total="1">
      <FE name="Internal_cause" />
      <pattern total="1">
        <valenceUnit GF="Dep" PT="PP[for]" FE="Internal_cause" />
        <annoSet ID="987379" />
      </pattern>
    </FERealization>
    <FERealization total="26">
      <FE name="Manner" />
      <pattern total="23">
        <valenceUnit GF="Dep" PT="AVP" FE="Manner" />
        <annoSet ID="987103" />
        <annoSet ID="987111" />
        <annoSet ID="987115" />
        <annoSet ID="987117" />
        <annoSet ID="987137" />
        <annoSet ID="987139" />
        <annoSet ID="987145" />
        <annoSet ID="987169" />
        <annoSet ID="987179" />
        <annoSet ID="987185" />
        <annoSet ID="987187" />
        <annoSet ID="987189" />
        <annoSet ID="987241" />
        <annoSet ID="987265" />
        <annoSet ID="987273" />
        <annoSet ID="987289" />
        <annoSet ID="987297" />
        <annoSet ID="987299" />
        <annoSet ID="987367" />
        <annoSet ID="987369" />
        <annoSet ID="987379" />
        <annoSet ID="987381" />
        <annoSet ID="987397" />
      </pattern>
      <pattern total="1">
        <valenceUnit GF="Dep" PT="PP[like]" FE="Manner" />
        <annoSet ID="987341" />
      </pattern>
      <pattern total="1">
        <valenceUnit GF="Dep" PT="VPing" FE="Manner" />
        <annoSet ID="987369" />
      </pattern>
      <pattern total="2">
        <valenceUnit GF="Dep" PT="PP[with]" FE="Manner" />
        <annoSet ID="987251" />
        <annoSet ID="987271" />
      </pattern>
    </FERealization>
    <FERealization total="28">
      <FE name="Path" />
      <pattern total="4">
        <valenceUnit GF="Dep" PT="PP[across]" FE="Path" />
        <annoSet ID="987111" />
        <annoSet ID="987115" />
        <annoSet ID="987265" />
        <annoSet ID="987329" />
      </pattern>
      <pattern total="2">
        <valenceUnit GF="Dep" PT="PP[over]" FE="Path" />
        <annoSet ID="987335" />
        <annoSet ID="987337" />
      </pattern>
      <pattern total="3">
        <valenceUnit GF="Dep" PT="PP[down]" FE="Path" />
        <annoSet ID="987291" />
        <annoSet ID="987297" />
        <annoSet ID="987299" />
      </pattern>
      <pattern total="7">
        <valenceUnit GF="" PT="INI" FE="Path" />
        <annoSet ID="987251" />
        <annoSet ID="987271" />
        <annoSet ID="987367" />
        <annoSet ID="987369" />
        <annoSet ID="987379" />
        <annoSet ID="987381" />
        <annoSet ID="987397" />
      </pattern>
      <pattern total="2">
        <valenceUnit GF="Dep" PT="PP[up]" FE="Path" />
        <annoSet ID="987273" />
        <annoSet ID="987349" />
      </pattern>
      <pattern total="3">
        <valenceUnit GF="Dep" PT="PP[through]" FE="Path" />
        <annoSet ID="987233" />
        <annoSet ID="987235" />
        <annoSet ID="987357" />
      </pattern>
      <pattern total="1">
        <valenceUnit GF="Dep" PT="AVP" FE="Path" />
        <annoSet ID="987289" />
      </pattern>
      <pattern total="1">
        <valenceUnit GF="Dep" PT="PP[along]" FE="Path" />
        <annoSet ID="987117" />
      </pattern>
      <pattern total="1">
        <valenceUnit GF="Dep" PT="PP[in]" FE="Path" />
        <annoSet ID="987139" />
      </pattern>
      <pattern total="1">
        <valenceUnit GF="Dep" PT="PP[towards]" FE="Path" />
        <annoSet ID="987241" />
      </pattern>
      <pattern total="2">
        <valenceUnit GF="Dep" PT="NP" FE="Path" />
        <annoSet ID="986897" />
        <annoSet ID="987133" />
      </pattern>
      <pattern total="1">
        <valenceUnit GF="Dep" PT="PP[upon]" FE="Path" />
        <annoSet ID="987255" />
      </pattern>
    </FERealization>
    <FERealization total="4">
      <FE name="Place" />
      <pattern total="2">
        <valenceUnit GF="Dep" PT="PP[on]" FE="Place" />
        <annoSet ID="987235" />
        <annoSet ID="987341" />
      </pattern>
      <pattern total="1">
        <valenceUnit GF="Dep" PT="PP[at]" FE="Place" />
        <annoSet ID="987357" />
      </pattern>
      <pattern total="1">
        <valenceUnit GF="Dep" PT="AVP" FE="Place" />
        <annoSet ID="987381" />
      </pattern>
    </FERealization>
    <FERealization total="3">
      <FE name="Purpose" />
      <pattern total="1">
        <valenceUnit GF="Dep" PT="VPto" FE="Purpose" />
        <annoSet ID="987287" />
      </pattern>
      <pattern total="2">
        <valenceUnit GF="Dep" PT="VPing" FE="Purpose" />
        <annoSet ID="987103" />
        <annoSet ID="987145" />
      </pattern>
    </FERealization>
    <FERealization total="1">
      <FE name="Result" />
      <pattern total="1">
        <valenceUnit GF="" PT="2nd" FE="Result" />
        <annoSet ID="987197" />
      </pattern>
    </FERealization>
    <FERealization total="43">
      <FE name="Self_mover" />
      <pattern total="42">
        <valenceUnit GF="Ext" PT="NP" FE="Self_mover" />
        <annoSet ID="986897" />
        <annoSet ID="986909" />
        <annoSet ID="986913" />
        <annoSet ID="987103" />
        <annoSet ID="987111" />
        <annoSet ID="987115" />
        <annoSet ID="987117" />
        <annoSet ID="987133" />
        <annoSet ID="987137" />
        <annoSet ID="987139" />
        <annoSet ID="987145" />
        <annoSet ID="987169" />
        <annoSet ID="987179" />
        <annoSet ID="987185" />
        <annoSet ID="987187" />
        <annoSet ID="987189" />
        <annoSet ID="987197" />
        <annoSet ID="987233" />
        <annoSet ID="987235" />
        <annoSet ID="987241" />
        <annoSet ID="987251" />
        <annoSet ID="987255" />
        <annoSet ID="987265" />
        <annoSet ID="987271" />
        <annoSet ID="987273" />
        <annoSet ID="987289" />
        <annoSet ID="987291" />
        <annoSet ID="987297" />
        <annoSet ID="987299" />
        <annoSet ID="987313" />
        <annoSet ID="987329" />
        <annoSet ID="987335" />
        <annoSet ID="987337" />
        <annoSet ID="987341" />
        <annoSet ID="987349" />
        <annoSet ID="987357" />
        <annoSet ID="987367" />
        <annoSet ID="987369" />
        <annoSet ID="987379" />
        <annoSet ID="987381" />
        <annoSet ID="987397" />
        <annoSet ID="6532568" />
      </pattern>
      <pattern total="1">
        <valenceUnit GF="" PT="CNI" FE="Self_mover" />
        <annoSet ID="987287" />
      </pattern>
    </FERealization>
    <FERealization total="6">
      <FE name="Time" />
      <pattern total="2">
        <valenceUnit GF="Dep" PT="PP[in]" FE="Time" />
        <annoSet ID="986897" />
        <annoSet ID="986909" />
      </pattern>
      <pattern total="1">
        <valenceUnit GF="Dep" PT="Sub" FE="Time" />
        <annoSet ID="987197" />
      </pattern>
      <pattern total="3">
        <valenceUnit GF="Dep" PT="AVP" FE="Time" />
        <annoSet ID="987111" />
        <annoSet ID="987233" />
        <annoSet ID="987349" />
      </pattern>
    </FERealization>
    <FEGroupRealization total="1">
      <FE name="Area" />
      <FE name="Cotheme" />
      <FE name="Cotheme" />
      <FE name="Self_mover" />
      <FE name="Time" />
      <pattern total="1">
        <valenceUnit GF="Dep" PT="NP" FE="Area" />
        <valenceUnit GF="Dep" PT="NP" FE="Cotheme" />
        <valenceUnit GF="Dep" PT="NP" FE="Cotheme" />
        <valenceUnit GF="Ext" PT="NP" FE="Self_mover" />
        <valenceUnit GF="Dep" PT="PP[in]" FE="Time" />
        <annoSet ID="986909" />
      </pattern>
    </FEGroupRealization>
    <FEGroupRealization total="1">
      <FE name="Area" />
      <FE name="Depictive" />
      <FE name="Manner" />
      <FE name="Self_mover" />
      <pattern total="1">
        <valenceUnit GF="Dep" PT="PP[in]" FE="Area" />
        <valenceUnit GF="Dep" PT="PP[with]" FE="Depictive" />
        <valenceUnit GF="Dep" PT="AVP" FE="Manner" />
        <valenceUnit GF="Ext" PT="NP" FE="Self_mover" />
        <annoSet ID="987169" />
      </pattern>
    </FEGroupRealization>
    <FEGroupRealization total="1">
      <FE name="Area" />
      <FE name="Manner" />
      <FE name="Place" />
      <FE name="Self_mover" />
      <pattern total="1">
        <valenceUnit GF="Dep" PT="PP[round]" FE="Area" />
        <valenceUnit GF="Dep" PT="PP[like]" FE="Manner" />
        <valenceUnit GF="Dep" PT="PP[on]" FE="Place" />
        <valenceUnit GF="Ext" PT="NP" FE="Self_mover" />
        <annoSet ID="987341" />
      </pattern>
    </FEGroupRealization>
    <FEGroupRealization total="2">
      <FE name="Area" />
      <FE name="Manner" />
      <FE name="Purpose" />
      <FE name="Self_mover" />
      <pattern total="1">
        <valenceUnit GF="Dep" PT="PP[in]" FE="Area" />
        <valenceUnit GF="Dep" PT="AVP" FE="Manner" />
        <valenceUnit GF="Dep" PT="VPing" FE="Purpose" />
        <valenceUnit GF="Ext" PT="NP" FE="Self_mover" />
        <annoSet ID="987145" />
      </pattern>
      <pattern total="1">
        <valenceUnit GF="Dep" PT="PP[on]" FE="Area" />
        <valenceUnit GF="Dep" PT="AVP" FE="Manner" />
        <valenceUnit GF="Dep" PT="VPing" FE="Purpose" />
        <valenceUnit GF="Ext" PT="NP" FE="Self_mover" />
        <annoSet ID="987103" />
      </pattern>
    </FEGroupRealization>
    <FEGroupRealization total="3">
      <FE name="Area" />
      <FE name="Manner" />
      <FE name="Self_mover" />
      <pattern total="1">
        <valenceUnit GF="Dep" PT="PP[in]" FE="Area" />
        <valenceUnit GF="Dep" PT="AVP" FE="Manner" />
        <valenceUnit GF="Ext" PT="NP" FE="Self_mover" />
        <annoSet ID="987137" />
      </pattern>
      <pattern total="2">
        <valenceUnit GF="Dep" PT="PP[on]" FE="Area" />
        <valenceUnit GF="Dep" PT="AVP" FE="Manner" />
        <valenceUnit GF="Ext" PT="NP" FE="Self_mover" />
        <annoSet ID="987187" />
        <annoSet ID="987189" />
      </pattern>
    </FEGroupRealization>
    <FEGroupRealization total="1">
      <FE name="Area" />
      <FE name="Purpose" />
      <FE name="Self_mover" />
      <pattern total="1">
        <valenceUnit GF="Dep" PT="PP[around]" FE="Area" />
        <valenceUnit GF="Dep" PT="VPto" FE="Purpose" />
        <valenceUnit GF="" PT="CNI" FE="Self_mover" />
        <annoSet ID="987287" />
      </pattern>
    </FEGroupRealization>
    <FEGroupRealization total="1">
      <FE name="Area" />
      <FE name="Result" />
      <FE name="Self_mover" />
      <FE name="Time" />
      <pattern total="1">
        <valenceUnit GF="Dep" PT="PP[on]" FE="Area" />
        <valenceUnit GF="" PT="2nd" FE="Result" />
        <valenceUnit GF="Ext" PT="NP" FE="Self_mover" />
        <valenceUnit GF="Dep" PT="Sub" FE="Time" />
        <annoSet ID="987197" />
      </pattern>
    </FEGroupRealization>
    <FEGroupRealization total="3">
      <FE name="Area" />
      <FE name="Self_mover" />
      <pattern total="1">
        <valenceUnit GF="Dep" PT="NP" FE="Area" />
        <valenceUnit GF="Ext" PT="NP" FE="Self_mover" />
        <annoSet ID="986913" />
      </pattern>
      <pattern total="2">
        <valenceUnit GF="Dep" PT="PP[on]" FE="Area" />
        <valenceUnit GF="Ext" PT="NP" FE="Self_mover" />
        <annoSet ID="987313" />
        <annoSet ID="6532568" />
      </pattern>
    </FEGroupRealization>
    <FEGroupRealization total="1">
      <FE name="Cotheme" />
      <FE name="Manner" />
      <FE name="Path" />
      <FE name="Self_mover" />
      <pattern total="1">
        <valenceUnit GF="Dep" PT="PP[with]" FE="Cotheme" />
        <valenceUnit GF="Dep" PT="AVP" FE="Manner" />
        <valenceUnit GF="Dep" PT="PP[across]" FE="Path" />
        <valenceUnit GF="Ext" PT="NP" FE="Self_mover" />
        <annoSet ID="987265" />
      </pattern>
    </FEGroupRealization>
    <FEGroupRealization total="1">
      <FE name="Depictive" />
      <FE name="Goal" />
      <FE name="Path" />
      <FE name="Self_mover" />
      <pattern total="1">
        <valenceUnit GF="Dep" PT="NP" FE="Depictive" />
        <valenceUnit GF="Dep" PT="PP[to]" FE="Goal" />
        <valenceUnit GF="Dep" PT="PP[over]" FE="Path" />
        <valenceUnit GF="Ext" PT="NP" FE="Self_mover" />
        <annoSet ID="987337" />
      </pattern>
    </FEGroupRealization>
    <FEGroupRealization total="1">
      <FE name="Depictive" />
      <FE name="Manner" />
      <FE name="Path" />
      <FE name="Self_mover" />
      <pattern total="1">
        <valenceUnit GF="Dep" PT="VPing" FE="Depictive" />
        <valenceUnit GF="Dep" PT="AVP" FE="Manner" />
        <valenceUnit GF="Dep" PT="PP[down]" FE="Path" />
        <valenceUnit GF="Ext" PT="NP" FE="Self_mover" />
        <annoSet ID="987299" />
      </pattern>
    </FEGroupRealization>
    <FEGroupRealization total="1">
      <FE name="Duration" />
      <FE name="Internal_cause" />
      <FE name="Manner" />
      <FE name="Path" />
      <FE name="Self_mover" />
      <pattern total="1">
        <valenceUnit GF="Dep" PT="PP[for]" FE="Duration" />
        <valenceUnit GF="Dep" PT="PP[for]" FE="Internal_cause" />
        <valenceUnit GF="Dep" PT="AVP" FE="Manner" />
        <valenceUnit GF="" PT="INI" FE="Path" />
        <valenceUnit GF="Ext" PT="NP" FE="Self_mover" />
        <annoSet ID="987379" />
      </pattern>
    </FEGroupRealization>
    <FEGroupRealization total="1">
      <FE name="Explanation" />
      <FE name="Manner" />
      <FE name="Path" />
      <FE name="Self_mover" />
      <pattern total="1">
        <valenceUnit GF="Dep" PT="AVP" FE="Explanation" />
        <valenceUnit GF="Dep" PT="AVP" FE="Manner" />
        <valenceUnit GF="" PT="INI" FE="Path" />
        <valenceUnit GF="Ext" PT="NP" FE="Self_mover" />
        <annoSet ID="987367" />
      </pattern>
    </FEGroupRealization>
    <FEGroupRealization total="1">
      <FE name="Goal" />
      <FE name="Manner" />
      <FE name="Path" />
      <FE name="Self_mover" />
      <pattern total="1">
        <valenceUnit GF="Dep" PT="PP[to]" FE="Goal" />
        <valenceUnit GF="Dep" PT="AVP" FE="Manner" />
        <valenceUnit GF="Dep" PT="PP[up]" FE="Path" />
        <valenceUnit GF="Ext" PT="NP" FE="Self_mover" />
        <annoSet ID="987273" />
      </pattern>
    </FEGroupRealization>
    <FEGroupRealization total="1">
      <FE name="Goal" />
      <FE name="Manner" />
      <FE name="Path" />
      <FE name="Self_mover" />
      <FE name="Time" />
      <pattern total="1">
        <valenceUnit GF="Dep" PT="PP[to]" FE="Goal" />
        <valenceUnit GF="Dep" PT="AVP" FE="Manner" />
        <valenceUnit GF="Dep" PT="PP[across]" FE="Path" />
        <valenceUnit GF="Ext" PT="NP" FE="Self_mover" />
        <valenceUnit GF="Dep" PT="AVP" FE="Time" />
        <annoSet ID="987111" />
      </pattern>
    </FEGroupRealization>
    <FEGroupRealization total="2">
      <FE name="Goal" />
      <FE name="Manner" />
      <FE name="Self_mover" />
      <pattern total="2">
        <valenceUnit GF="Dep" PT="PP[into]" FE="Goal" />
        <valenceUnit GF="Dep" PT="AVP" FE="Manner" />
        <valenceUnit GF="Ext" PT="NP" FE="Self_mover" />
        <annoSet ID="987179" />
        <annoSet ID="987185" />
      </pattern>
    </FEGroupRealization>
    <FEGroupRealization total="1">
      <FE name="Goal" />
      <FE name="Path" />
      <FE name="Place" />
      <FE name="Self_mover" />
      <pattern total="1">
        <valenceUnit GF="Dep" PT="PP[up]" FE="Goal" />
        <valenceUnit GF="Dep" PT="PP[through]" FE="Path" />
        <valenceUnit GF="Dep" PT="PP[at]" FE="Place" />
        <valenceUnit GF="Ext" PT="NP" FE="Self_mover" />
        <annoSet ID="987357" />
      </pattern>
    </FEGroupRealization>
    <FEGroupRealization total="1">
      <FE name="Goal" />
      <FE name="Path" />
      <FE name="Self_mover" />
      <FE name="Time" />
      <pattern total="1">
        <valenceUnit GF="Dep" PT="PP[to]" FE="Goal" />
        <valenceUnit GF="Dep" PT="PP[up]" FE="Path" />
        <valenceUnit GF="Ext" PT="NP" FE="Self_mover" />
        <valenceUnit GF="Dep" PT="AVP" FE="Time" />
        <annoSet ID="987349" />
      </pattern>
    </FEGroupRealization>
    <FEGroupRealization total="1">
      <FE name="Manner" />
      <FE name="Manner" />
      <FE name="Path" />
      <FE name="Self_mover" />
      <pattern total="1">
        <valenceUnit GF="Dep" PT="AVP" FE="Manner" />
        <valenceUnit GF="Dep" PT="VPing" FE="Manner" />
        <valenceUnit GF="" PT="INI" FE="Path" />
        <valenceUnit GF="Ext" PT="NP" FE="Self_mover" />
        <annoSet ID="987369" />
      </pattern>
    </FEGroupRealization>
    <FEGroupRealization total="1">
      <FE name="Manner" />
      <FE name="Path" />
      <FE name="Place" />
      <FE name="Self_mover" />
      <pattern total="1">
        <valenceUnit GF="Dep" PT="AVP" FE="Manner" />
        <valenceUnit GF="" PT="INI" FE="Path" />
        <valenceUnit GF="Dep" PT="AVP" FE="Place" />
        <valenceUnit GF="Ext" PT="NP" FE="Self_mover" />
        <annoSet ID="987381" />
      </pattern>
    </FEGroupRealization>
    <FEGroupRealization total="9">
      <FE name="Manner" />
      <FE name="Path" />
      <FE name="Self_mover" />
      <pattern total="1">
        <valenceUnit GF="Dep" PT="AVP" FE="Manner" />
        <valenceUnit GF="Dep" PT="AVP" FE="Path" />
        <valenceUnit GF="Ext" PT="NP" FE="Self_mover" />
        <annoSet ID="987289" />
      </pattern>
      <pattern total="1">
        <valenceUnit GF="Dep" PT="AVP" FE="Manner" />
        <valenceUnit GF="" PT="INI" FE="Path" />
        <valenceUnit GF="Ext" PT="NP" FE="Self_mover" />
        <annoSet ID="987397" />
      </pattern>
      <pattern total="1">
        <valenceUnit GF="Dep" PT="AVP" FE="Manner" />
        <valenceUnit GF="Dep" PT="PP[across]" FE="Path" />
        <valenceUnit GF="Ext" PT="NP" FE="Self_mover" />
        <annoSet ID="987115" />
      </pattern>
      <pattern total="1">
        <valenceUnit GF="Dep" PT="AVP" FE="Manner" />
        <valenceUnit GF="Dep" PT="PP[along]" FE="Path" />
        <valenceUnit GF="Ext" PT="NP" FE="Self_mover" />
        <annoSet ID="987117" />
      </pattern>
      <pattern total="1">
        <valenceUnit GF="Dep" PT="AVP" FE="Manner" />
        <valenceUnit GF="Dep" PT="PP[down]" FE="Path" />
        <valenceUnit GF="Ext" PT="NP" FE="Self_mover" />
        <annoSet ID="987297" />
      </pattern>
      <pattern total="1">
        <valenceUnit GF="Dep" PT="AVP" FE="Manner" />
        <valenceUnit GF="Dep" PT="PP[in]" FE="Path" />
        <valenceUnit GF="Ext" PT="NP" FE="Self_mover" />
        <annoSet ID="987139" />
      </pattern>
      <pattern total="1">
        <valenceUnit GF="Dep" PT="AVP" FE="Manner" />
        <valenceUnit GF="Dep" PT="PP[towards]" FE="Path" />
        <valenceUnit GF="Ext" PT="NP" FE="Self_mover" />
        <annoSet ID="987241" />
      </pattern>
      <pattern total="2">
        <valenceUnit GF="Dep" PT="PP[with]" FE="Manner" />
        <valenceUnit GF="" PT="INI" FE="Path" />
        <valenceUnit GF="Ext" PT="NP" FE="Self_mover" />
        <annoSet ID="987251" />
        <annoSet ID="987271" />
      </pattern>
    </FEGroupRealization>
    <FEGroupRealization total="1">
      <FE name="Path" />
      <FE name="Place" />
      <FE name="Self_mover" />
      <pattern total="1">
        <valenceUnit GF="Dep" PT="PP[through]" FE="Path" />
        <valenceUnit GF="Dep" PT="PP[on]" FE="Place" />
        <valenceUnit GF="Ext" PT="NP" FE="Self_mover" />
        <annoSet ID="987235" />
      </pattern>
    </FEGroupRealization>
    <FEGroupRealization total="5">
      <FE name="Path" />
      <FE name="Self_mover" />
      <pattern total="1">
        <valenceUnit GF="Dep" PT="NP" FE="Path" />
        <valenceUnit GF="Ext" PT="NP" FE="Self_mover" />
        <annoSet ID="987133" />
      </pattern>
      <pattern total="1">
        <valenceUnit GF="Dep" PT="PP[across]" FE="Path" />
        <valenceUnit GF="Ext" PT="NP" FE="Self_mover" />
        <annoSet ID="987329" />
      </pattern>
      <pattern total="1">
        <valenceUnit GF="Dep" PT="PP[down]" FE="Path" />
        <valenceUnit GF="Ext" PT="NP" FE="Self_mover" />
        <annoSet ID="987291" />
      </pattern>
      <pattern total="1">
        <valenceUnit GF="Dep" PT="PP[over]" FE="Path" />
        <valenceUnit GF="Ext" PT="NP" FE="Self_mover" />
        <annoSet ID="987335" />
      </pattern>
      <pattern total="1">
        <valenceUnit GF="Dep" PT="PP[upon]" FE="Path" />
        <valenceUnit GF="Ext" PT="NP" FE="Self_mover" />
        <annoSet ID="987255" />
      </pattern>
    </FEGroupRealization>
    <FEGroupRealization total="2">
      <FE name="Path" />
      <FE name="Self_mover" />
      <FE name="Time" />
      <pattern total="1">
        <valenceUnit GF="Dep" PT="NP" FE="Path" />
        <valenceUnit GF="Ext" PT="NP" FE="Self_mover" />
        <valenceUnit GF="Dep" PT="PP[in]" FE="Time" />
        <annoSet ID="986897" />
      </pattern>
      <pattern total="1">
        <valenceUnit GF="Dep" PT="PP[through]" FE="Path" />
        <valenceUnit GF="Ext" PT="NP" FE="Self_mover" />
        <valenceUnit GF="Dep" PT="AVP" FE="Time" />
        <annoSet ID="987233" />
      </pattern>
    </FEGroupRealization>
  </valences>
  <subCorpus name="V-augmented">
    <sentence sentNo="0" ID="764841n">
      <text>In the hall he gave the dog a command which saw Azor tread the floor the carpet , and then Ven was striding towards the drawing-room door . </text>
      <annotationSet cDate="08/08/2025 07:59:33 PST Fri" status="AUGMENTED" ID="0">
        <layer name="FE" rank="1">
          <label cBy="auto-aug" feID="285" start="48" end="51" name="Self_mover" />
          <label cBy="auto-aug" feID="286" start="59" end="67" name="Source" />
          <label cBy="auto-aug" feID="288" start="69" end="78" name="Goal" />
        </layer>
        <layer name="Target" rank="1">
          <label cBy="auto-aug" start="53" end="57" name="Target" />
        </layer>
      </annotationSet>
    </sentence>
    <sentence sentNo="0" ID="734368n">
      <text>No one suggests he should be left to the mercy of mad killers , but if he 's really on the run he should be sheltering in some safe house , not treading the streets . </text>
      <annotationSet cDate="08/08/2025 07:59:33 PST Fri" status="AUGMENTED" ID="0">
        <layer name="FE" rank="1">
          <label cBy="auto-aug" feID="285" start="16" end="17" name="Self_mover" />
          <label cBy="auto-aug" feID="291" start="153" end="163" name="Area" />
        </layer>
        <layer name="Target" rank="1">
          <label cBy="auto-aug" start="144" end="151" name="Target" />
        </layer>
      </annotationSet>
    </sentence>
    <sentence sentNo="0" ID="1074452n">
      <text>Looking up to the blue sky , she watched the many birds treading the tree tops , chattering and screaming as they passed out of sight . </text>
      <annotationSet cDate="08/08/2025 07:59:33 PST Fri" status="AUGMENTED" ID="0">
        <layer name="FE" rank="1">
          <label cBy="auto-aug" feID="285" start="41" end="54" name="Self_mover" />
          <label cBy="auto-aug" feID="291" start="65" end="77" name="Area" />
        </layer>
        <layer name="Target" rank="1">
          <label cBy="auto-aug" start="56" end="63" name="Target" />
        </layer>
      </annotationSet>
    </sentence>
  </subCorpus>
</lexUnit>