<?xml version='1.0' encoding='UTF-8'?>
<lexUnit xmlns="http://framenet.icsi.berkeley.edu" xmlns:xsi="http://www.w3.org/2001/XMLSchema-instance" status="Finished_Initial" POS="V" name="dominate.v" ID="13596" frame="Dominate_situation" frameID="1795" totalAnnotated="24" xsi:schemaLocation="../schema/lexUnit.xsd">
  <header>
    <corpus description="BNC2" name="BNC2" ID="111">
      <document description="bncp" name="bncp" ID="421" />
    </corpus>
    <corpus description="Wall Street Journal Texts from the PropBank Project" name="PropBank" ID="115">
      <document description="Polemic Progressive Education" name="PolemicProgressiveEducation" ID="23011" />
    </corpus>
    <corpus description="American National Corpus Texts" name="ANC" ID="195">
      <document description="Slate magazine article: Entrepreneur as Madonna" name="EntrepreneurAsMadonna" ID="23646" />
      <document description="Berlitz Intro of Dublin" name="IntroOfDublin" ID="23652" />
      <document description="Berlitz Where to Go in Hong Kong" name="WhereToHongKong" ID="23771" />
    </corpus>
    <frame>
      <FE fgColor="FFFFFF" bgColor="FF0000" type="Core" abbrev="age" name="Agent" />
      <FE fgColor="FFFFFF" bgColor="A52A2A" type="Peripheral" abbrev="" name="Degree" />
      <FE fgColor="FFFFFF" bgColor="808080" type="Peripheral" abbrev="dur" name="Duration" />
      <FE fgColor="FFFFFF" bgColor="FF69B4" type="Peripheral" abbrev="man" name="Manner" />
      <FE fgColor="FFFFFF" bgColor="006400" type="Peripheral" abbrev="pla" name="Place" />
      <FE fgColor="FFFFFF" bgColor="008000" type="Core" abbrev="sit" name="Situation" />
      <FE fgColor="FFFFFF" bgColor="FFA500" type="Peripheral" abbrev="tim" name="Time" />
    </frame>
  </header>
  <definition>COD: have a commanding or controlling influence over.</definition>
  <lexeme POS="V" name="dominate" />
  <valences>
    <FERealization total="24">
      <FE name="Agent" />
      <pattern total="17">
        <valenceUnit GF="Ext" PT="NP" FE="Agent" />
        <annoSet ID="2353031" />
        <annoSet ID="2353039" />
        <annoSet ID="2353041" />
        <annoSet ID="2353099" />
        <annoSet ID="2353107" />
        <annoSet ID="2353111" />
        <annoSet ID="2353115" />
        <annoSet ID="2353151" />
        <annoSet ID="2353157" />
        <annoSet ID="2353213" />
        <annoSet ID="2353217" />
        <annoSet ID="2353241" />
        <annoSet ID="2353275" />
        <annoSet ID="2353301" />
        <annoSet ID="4531318" />
        <annoSet ID="6540002" />
        <annoSet ID="6540133" />
      </pattern>
      <pattern total="7">
        <valenceUnit GF="Dep" PT="PP[by]" FE="Agent" />
        <annoSet ID="2353069" />
        <annoSet ID="2353093" />
        <annoSet ID="2353119" />
        <annoSet ID="2353183" />
        <annoSet ID="2353193" />
        <annoSet ID="2353195" />
        <annoSet ID="6556180" />
      </pattern>
    </FERealization>
    <FERealization total="3">
      <FE name="Duration" />
      <pattern total="3">
        <valenceUnit GF="Dep" PT="PP[for]" FE="Duration" />
        <annoSet ID="2353213" />
        <annoSet ID="2353217" />
        <annoSet ID="2353241" />
      </pattern>
    </FERealization>
    <FERealization total="1">
      <FE name="Manner" />
      <pattern total="1">
        <valenceUnit GF="Dep" PT="AVP" FE="Manner" />
        <annoSet ID="2353157" />
      </pattern>
    </FERealization>
    <FERealization total="4">
      <FE name="Place" />
      <pattern total="1">
        <valenceUnit GF="Dep" PT="PP[at]" FE="Place" />
        <annoSet ID="2353301" />
      </pattern>
      <pattern total="1">
        <valenceUnit GF="Dep" PT="AVP" FE="Place" />
        <annoSet ID="2353031" />
      </pattern>
      <pattern total="1">
        <valenceUnit GF="Dep" PT="PP[within]" FE="Place" />
        <annoSet ID="2353107" />
      </pattern>
      <pattern total="1">
        <valenceUnit GF="Dep" PT="PP[in]" FE="Place" />
        <annoSet ID="2353093" />
      </pattern>
    </FERealization>
    <FERealization total="24">
      <FE name="Situation" />
      <pattern total="15">
        <valenceUnit GF="Obj" PT="NP" FE="Situation" />
        <annoSet ID="2353031" />
        <annoSet ID="2353039" />
        <annoSet ID="2353041" />
        <annoSet ID="2353099" />
        <annoSet ID="2353107" />
        <annoSet ID="2353115" />
        <annoSet ID="2353151" />
        <annoSet ID="2353157" />
        <annoSet ID="2353213" />
        <annoSet ID="2353217" />
        <annoSet ID="2353241" />
        <annoSet ID="2353275" />
        <annoSet ID="2353301" />
        <annoSet ID="6540002" />
        <annoSet ID="6540133" />
      </pattern>
      <pattern total="2">
        <valenceUnit GF="Dep" PT="NP" FE="Situation" />
        <annoSet ID="2353111" />
        <annoSet ID="4531318" />
      </pattern>
      <pattern total="7">
        <valenceUnit GF="Ext" PT="NP" FE="Situation" />
        <annoSet ID="2353069" />
        <annoSet ID="2353093" />
        <annoSet ID="2353119" />
        <annoSet ID="2353183" />
        <annoSet ID="2353193" />
        <annoSet ID="2353195" />
        <annoSet ID="6556180" />
      </pattern>
    </FERealization>
    <FERealization total="6">
      <FE name="Time" />
      <pattern total="1">
        <valenceUnit GF="Dep" PT="PP[in]" FE="Time" />
        <annoSet ID="2353275" />
      </pattern>
      <pattern total="1">
        <valenceUnit GF="Dep" PT="PP[by]" FE="Time" />
        <annoSet ID="2353157" />
      </pattern>
      <pattern total="2">
        <valenceUnit GF="Dep" PT="AVP" FE="Time" />
        <annoSet ID="2353111" />
        <annoSet ID="6540002" />
      </pattern>
      <pattern total="1">
        <valenceUnit GF="Dep" PT="PP[from]" FE="Time" />
        <annoSet ID="2353099" />
      </pattern>
      <pattern total="1">
        <valenceUnit GF="Dep" PT="Sub" FE="Time" />
        <annoSet ID="2353069" />
      </pattern>
    </FERealization>
    <FEGroupRealization total="1">
      <FE name="Agent" />
      <FE name="Agent" />
      <FE name="Duration" />
      <FE name="Situation" />
      <pattern total="1">
        <valenceUnit GF="Ext" PT="NP" FE="Agent" />
        <valenceUnit GF="Ext" PT="NP" FE="Agent" />
        <valenceUnit GF="Dep" PT="PP[for]" FE="Duration" />
        <valenceUnit GF="Obj" PT="NP" FE="Situation" />
        <annoSet ID="2353213" />
      </pattern>
    </FEGroupRealization>
    <FEGroupRealization total="1">
      <FE name="Agent" />
      <FE name="Agent" />
      <FE name="Place" />
      <FE name="Situation" />
      <pattern total="1">
        <valenceUnit GF="Ext" PT="NP" FE="Agent" />
        <valenceUnit GF="Ext" PT="NP" FE="Agent" />
        <valenceUnit GF="Dep" PT="PP[at]" FE="Place" />
        <valenceUnit GF="Obj" PT="NP" FE="Situation" />
        <annoSet ID="2353301" />
      </pattern>
    </FEGroupRealization>
    <FEGroupRealization total="2">
      <FE name="Agent" />
      <FE name="Agent" />
      <FE name="Situation" />
      <pattern total="2">
        <valenceUnit GF="Ext" PT="NP" FE="Agent" />
        <valenceUnit GF="Ext" PT="NP" FE="Agent" />
        <valenceUnit GF="Obj" PT="NP" FE="Situation" />
        <annoSet ID="2353115" />
        <annoSet ID="2353151" />
      </pattern>
    </FEGroupRealization>
    <FEGroupRealization total="1">
      <FE name="Agent" />
      <FE name="Agent" />
      <FE name="Situation" />
      <FE name="Time" />
      <pattern total="1">
        <valenceUnit GF="Ext" PT="NP" FE="Agent" />
        <valenceUnit GF="Ext" PT="NP" FE="Agent" />
        <valenceUnit GF="Obj" PT="NP" FE="Situation" />
        <valenceUnit GF="Dep" PT="PP[in]" FE="Time" />
        <annoSet ID="2353275" />
      </pattern>
    </FEGroupRealization>
    <FEGroupRealization total="2">
      <FE name="Agent" />
      <FE name="Duration" />
      <FE name="Situation" />
      <pattern total="2">
        <valenceUnit GF="Ext" PT="NP" FE="Agent" />
        <valenceUnit GF="Dep" PT="PP[for]" FE="Duration" />
        <valenceUnit GF="Obj" PT="NP" FE="Situation" />
        <annoSet ID="2353217" />
        <annoSet ID="2353241" />
      </pattern>
    </FEGroupRealization>
    <FEGroupRealization total="1">
      <FE name="Agent" />
      <FE name="Manner" />
      <FE name="Situation" />
      <FE name="Time" />
      <pattern total="1">
        <valenceUnit GF="Ext" PT="NP" FE="Agent" />
        <valenceUnit GF="Dep" PT="AVP" FE="Manner" />
        <valenceUnit GF="Obj" PT="NP" FE="Situation" />
        <valenceUnit GF="Dep" PT="PP[by]" FE="Time" />
        <annoSet ID="2353157" />
      </pattern>
    </FEGroupRealization>
    <FEGroupRealization total="3">
      <FE name="Agent" />
      <FE name="Place" />
      <FE name="Situation" />
      <pattern total="1">
        <valenceUnit GF="Ext" PT="NP" FE="Agent" />
        <valenceUnit GF="Dep" PT="AVP" FE="Place" />
        <valenceUnit GF="Obj" PT="NP" FE="Situation" />
        <annoSet ID="2353031" />
      </pattern>
      <pattern total="1">
        <valenceUnit GF="Ext" PT="NP" FE="Agent" />
        <valenceUnit GF="Dep" PT="PP[within]" FE="Place" />
        <valenceUnit GF="Obj" PT="NP" FE="Situation" />
        <annoSet ID="2353107" />
      </pattern>
      <pattern total="1">
        <valenceUnit GF="Dep" PT="PP[by]" FE="Agent" />
        <valenceUnit GF="Dep" PT="PP[in]" FE="Place" />
        <valenceUnit GF="Ext" PT="NP" FE="Situation" />
        <annoSet ID="2353093" />
      </pattern>
    </FEGroupRealization>
    <FEGroupRealization total="8">
      <FE name="Agent" />
      <FE name="Situation" />
      <pattern total="1">
        <valenceUnit GF="Ext" PT="NP" FE="Agent" />
        <valenceUnit GF="Dep" PT="NP" FE="Situation" />
        <annoSet ID="4531318" />
      </pattern>
      <pattern total="3">
        <valenceUnit GF="Ext" PT="NP" FE="Agent" />
        <valenceUnit GF="Obj" PT="NP" FE="Situation" />
        <annoSet ID="2353039" />
        <annoSet ID="2353041" />
        <annoSet ID="6540133" />
      </pattern>
      <pattern total="4">
        <valenceUnit GF="Dep" PT="PP[by]" FE="Agent" />
        <valenceUnit GF="Ext" PT="NP" FE="Situation" />
        <annoSet ID="2353119" />
        <annoSet ID="2353183" />
        <annoSet ID="2353193" />
        <annoSet ID="6556180" />
      </pattern>
    </FEGroupRealization>
    <FEGroupRealization total="1">
      <FE name="Agent" />
      <FE name="Situation" />
      <FE name="Situation" />
      <pattern total="1">
        <valenceUnit GF="Dep" PT="PP[by]" FE="Agent" />
        <valenceUnit GF="Ext" PT="NP" FE="Situation" />
        <valenceUnit GF="Ext" PT="NP" FE="Situation" />
        <annoSet ID="2353195" />
      </pattern>
    </FEGroupRealization>
    <FEGroupRealization total="1">
      <FE name="Agent" />
      <FE name="Situation" />
      <FE name="Situation" />
      <FE name="Time" />
      <pattern total="1">
        <valenceUnit GF="Ext" PT="NP" FE="Agent" />
        <valenceUnit GF="Dep" PT="NP" FE="Situation" />
        <valenceUnit GF="Dep" PT="NP" FE="Situation" />
        <valenceUnit GF="Dep" PT="AVP" FE="Time" />
        <annoSet ID="2353111" />
      </pattern>
    </FEGroupRealization>
    <FEGroupRealization total="3">
      <FE name="Agent" />
      <FE name="Situation" />
      <FE name="Time" />
      <pattern total="1">
        <valenceUnit GF="Ext" PT="NP" FE="Agent" />
        <valenceUnit GF="Obj" PT="NP" FE="Situation" />
        <valenceUnit GF="Dep" PT="AVP" FE="Time" />
        <annoSet ID="6540002" />
      </pattern>
      <pattern total="1">
        <valenceUnit GF="Ext" PT="NP" FE="Agent" />
        <valenceUnit GF="Obj" PT="NP" FE="Situation" />
        <valenceUnit GF="Dep" PT="PP[from]" FE="Time" />
        <annoSet ID="2353099" />
      </pattern>
      <pattern total="1">
        <valenceUnit GF="Dep" PT="PP[by]" FE="Agent" />
        <valenceUnit GF="Ext" PT="NP" FE="Situation" />
        <valenceUnit GF="Dep" PT="Sub" FE="Time" />
        <annoSet ID="2353069" />
      </pattern>
    </FEGroupRealization>
  </valences>
  <subCorpus name="V-augmented">
    <sentence sentNo="0" ID="4125690n">
      <text>Talk of the Trade : Battle to dominate the market</text>
      <annotationSet cDate="08/08/2025 08:00:06 PST Fri" status="AUGMENTED" ID="0">
        <layer name="FE" rank="1">
          <label cBy="auto-aug" feID="10644" start="39" end="48" name="Situation" />
        </layer>
        <layer name="Target" rank="1">
          <label cBy="auto-aug" start="30" end="37" name="Target" />
        </layer>
      </annotationSet>
    </sentence>
    <sentence sentNo="0" ID="4125693n">
      <text>WHEN DINOSAURS dominated the Earth</text>
      <annotationSet cDate="08/08/2025 08:00:06 PST Fri" status="AUGMENTED" ID="0">
        <layer name="FE" rank="1">
          <label cBy="auto-aug" feID="10651" start="0" end="3" name="Time" />
          <label cBy="auto-aug" feID="10643" start="5" end="13" name="Agent" />
          <label cBy="auto-aug" feID="10644" start="25" end="33" name="Situation" />
        </layer>
        <layer name="Target" rank="1">
          <label cBy="auto-aug" start="15" end="23" name="Target" />
        </layer>
      </annotationSet>
    </sentence>
  </subCorpus>
</lexUnit>