<?xml version='1.0' encoding='UTF-8'?>
<lexUnit xmlns="http://framenet.icsi.berkeley.edu" xmlns:xsi="http://www.w3.org/2001/XMLSchema-instance" status="Finished_Initial" incorporatedFE="Desirability" POS="V" name="thrive.v" ID="13517" frame="Thriving" frameID="1771" totalAnnotated="28" xsi:schemaLocation="../schema/lexUnit.xsd">
  <header>
    <corpus description="BNC2" name="BNC2" ID="111">
      <document description="bncp" name="bncp" ID="421" />
    </corpus>
    <corpus description="American National Corpus Texts" name="ANC" ID="195">
      <document description="Berlitz History of Las Vegas" name="HistoryOfLasVegas" ID="23691" />
      <document description="Berlitz History of Greece" name="HistoryOfGreece" ID="23692" />
      <document description="Berlitz Where to Go in Hong Kong" name="WhereToHongKong" ID="23771" />
      <document description="Goodwill fund-raising letter" name="110CYL068" ID="23792" />
    </corpus>
    <frame>
      <FE fgColor="FFFFFF" bgColor="808080" type="Peripheral" abbrev="cir" name="Circumstances" />
      <FE fgColor="FFFFFF" bgColor="FF00FF" type="Core" abbrev="" name="Desirability" />
      <FE fgColor="FFFFFF" bgColor="1E90FF" type="Peripheral" abbrev="dur" name="Duration" />
      <FE fgColor="FFFFFF" bgColor="FF0000" type="Core" abbrev="ent" name="Entity" />
      <FE fgColor="FFFFFF" bgColor="00008B" type="Extra-Thematic" abbrev="" name="Explanation" />
      <FE fgColor="FFFFFF" bgColor="0000FF" type="Extra-Thematic" abbrev="fre" name="Frequency" />
      <FE fgColor="000000" bgColor="FFFF00" type="Extra-Thematic" abbrev="par" name="Particular_iteration" />
      <FE fgColor="FFFFFF" bgColor="008000" type="Peripheral" abbrev="pla" name="Place" />
      <FE fgColor="FFFFFF" bgColor="800080" type="Extra-Thematic" abbrev="rol" name="Role" />
      <FE fgColor="FFFFFF" bgColor="FFA500" type="Peripheral" abbrev="tim" name="Time" />
    </frame>
  </header>
  <definition>COD: prosper; flourish.</definition>
  <lexeme POS="V" name="thrive" />
  <valences>
    <FERealization total="10">
      <FE name="Circumstances" />
      <pattern total="3">
        <valenceUnit GF="Dep" PT="PP[in]" FE="Circumstances" />
        <annoSet ID="2424797" />
        <annoSet ID="2424871" />
        <annoSet ID="6543860" />
      </pattern>
      <pattern total="5">
        <valenceUnit GF="Dep" PT="PP[on]" FE="Circumstances" />
        <annoSet ID="2424673" />
        <annoSet ID="2424677" />
        <annoSet ID="2424679" />
        <annoSet ID="2424693" />
        <annoSet ID="2424839" />
      </pattern>
      <pattern total="2">
        <valenceUnit GF="Dep" PT="PP[with]" FE="Circumstances" />
        <annoSet ID="2424767" />
        <annoSet ID="2424815" />
      </pattern>
    </FERealization>
    <FERealization total="1">
      <FE name="Duration" />
      <pattern total="1">
        <valenceUnit GF="Dep" PT="PP[for]" FE="Duration" />
        <annoSet ID="6543860" />
      </pattern>
    </FERealization>
    <FERealization total="28">
      <FE name="Entity" />
      <pattern total="27">
        <valenceUnit GF="Ext" PT="NP" FE="Entity" />
        <annoSet ID="2424673" />
        <annoSet ID="2424677" />
        <annoSet ID="2424679" />
        <annoSet ID="2424689" />
        <annoSet ID="2424693" />
        <annoSet ID="2424709" />
        <annoSet ID="2424715" />
        <annoSet ID="2424723" />
        <annoSet ID="2424725" />
        <annoSet ID="2424735" />
        <annoSet ID="2424767" />
        <annoSet ID="2424797" />
        <annoSet ID="2424815" />
        <annoSet ID="2424817" />
        <annoSet ID="2424825" />
        <annoSet ID="2424831" />
        <annoSet ID="2424839" />
        <annoSet ID="2424845" />
        <annoSet ID="2424871" />
        <annoSet ID="2424879" />
        <annoSet ID="2424883" />
        <annoSet ID="2424885" />
        <annoSet ID="2424893" />
        <annoSet ID="2424899" />
        <annoSet ID="6542320" />
        <annoSet ID="6543860" />
        <annoSet ID="6562041" />
      </pattern>
      <pattern total="1">
        <valenceUnit GF="Head" PT="N" FE="Entity" />
        <annoSet ID="6556505" />
      </pattern>
    </FERealization>
    <FERealization total="2">
      <FE name="Explanation" />
      <pattern total="1">
        <valenceUnit GF="Dep" PT="PP[because of]" FE="Explanation" />
        <annoSet ID="2424883" />
      </pattern>
      <pattern total="1">
        <valenceUnit GF="Dep" PT="Sub" FE="Explanation" />
        <annoSet ID="2424893" />
      </pattern>
    </FERealization>
    <FERealization total="11">
      <FE name="Place" />
      <pattern total="9">
        <valenceUnit GF="Dep" PT="PP[in]" FE="Place" />
        <annoSet ID="2424709" />
        <annoSet ID="2424715" />
        <annoSet ID="2424723" />
        <annoSet ID="2424725" />
        <annoSet ID="2424735" />
        <annoSet ID="2424815" />
        <annoSet ID="2424825" />
        <annoSet ID="2424831" />
        <annoSet ID="2424899" />
      </pattern>
      <pattern total="2">
        <valenceUnit GF="Dep" PT="PP[on]" FE="Place" />
        <annoSet ID="2424689" />
        <annoSet ID="2424817" />
      </pattern>
    </FERealization>
    <FERealization total="1">
      <FE name="Time" />
      <pattern total="1">
        <valenceUnit GF="Dep" PT="PP[at]" FE="Time" />
        <annoSet ID="6542320" />
      </pattern>
    </FERealization>
    <FEGroupRealization total="1">
      <FE name="Circumstances" />
      <FE name="Duration" />
      <FE name="Entity" />
      <pattern total="1">
        <valenceUnit GF="Dep" PT="PP[in]" FE="Circumstances" />
        <valenceUnit GF="Dep" PT="PP[for]" FE="Duration" />
        <valenceUnit GF="Ext" PT="NP" FE="Entity" />
        <annoSet ID="6543860" />
      </pattern>
    </FEGroupRealization>
    <FEGroupRealization total="7">
      <FE name="Circumstances" />
      <FE name="Entity" />
      <pattern total="2">
        <valenceUnit GF="Dep" PT="PP[in]" FE="Circumstances" />
        <valenceUnit GF="Ext" PT="NP" FE="Entity" />
        <annoSet ID="2424797" />
        <annoSet ID="2424871" />
      </pattern>
      <pattern total="4">
        <valenceUnit GF="Dep" PT="PP[on]" FE="Circumstances" />
        <valenceUnit GF="Ext" PT="NP" FE="Entity" />
        <annoSet ID="2424673" />
        <annoSet ID="2424677" />
        <annoSet ID="2424679" />
        <annoSet ID="2424693" />
      </pattern>
      <pattern total="1">
        <valenceUnit GF="Dep" PT="PP[with]" FE="Circumstances" />
        <valenceUnit GF="Ext" PT="NP" FE="Entity" />
        <annoSet ID="2424767" />
      </pattern>
    </FEGroupRealization>
    <FEGroupRealization total="1">
      <FE name="Circumstances" />
      <FE name="Entity" />
      <FE name="Entity" />
      <pattern total="1">
        <valenceUnit GF="Dep" PT="PP[on]" FE="Circumstances" />
        <valenceUnit GF="Ext" PT="NP" FE="Entity" />
        <valenceUnit GF="Ext" PT="NP" FE="Entity" />
        <annoSet ID="2424839" />
      </pattern>
    </FEGroupRealization>
    <FEGroupRealization total="1">
      <FE name="Circumstances" />
      <FE name="Entity" />
      <FE name="Place" />
      <pattern total="1">
        <valenceUnit GF="Dep" PT="PP[with]" FE="Circumstances" />
        <valenceUnit GF="Ext" PT="NP" FE="Entity" />
        <valenceUnit GF="Dep" PT="PP[in]" FE="Place" />
        <annoSet ID="2424815" />
      </pattern>
    </FEGroupRealization>
    <FEGroupRealization total="5">
      <FE name="Entity" />
      <pattern total="1">
        <valenceUnit GF="Head" PT="N" FE="Entity" />
        <annoSet ID="6556505" />
      </pattern>
      <pattern total="4">
        <valenceUnit GF="Ext" PT="NP" FE="Entity" />
        <annoSet ID="2424845" />
        <annoSet ID="2424879" />
        <annoSet ID="2424885" />
        <annoSet ID="6562041" />
      </pattern>
    </FEGroupRealization>
    <FEGroupRealization total="2">
      <FE name="Entity" />
      <FE name="Entity" />
      <FE name="Place" />
      <pattern total="1">
        <valenceUnit GF="Ext" PT="NP" FE="Entity" />
        <valenceUnit GF="Ext" PT="NP" FE="Entity" />
        <valenceUnit GF="Dep" PT="PP[in]" FE="Place" />
        <annoSet ID="2424831" />
      </pattern>
      <pattern total="1">
        <valenceUnit GF="Ext" PT="NP" FE="Entity" />
        <valenceUnit GF="Ext" PT="NP" FE="Entity" />
        <valenceUnit GF="Dep" PT="PP[on]" FE="Place" />
        <annoSet ID="2424689" />
      </pattern>
    </FEGroupRealization>
    <FEGroupRealization total="2">
      <FE name="Entity" />
      <FE name="Explanation" />
      <pattern total="1">
        <valenceUnit GF="Ext" PT="NP" FE="Entity" />
        <valenceUnit GF="Dep" PT="PP[because of]" FE="Explanation" />
        <annoSet ID="2424883" />
      </pattern>
      <pattern total="1">
        <valenceUnit GF="Ext" PT="NP" FE="Entity" />
        <valenceUnit GF="Dep" PT="Sub" FE="Explanation" />
        <annoSet ID="2424893" />
      </pattern>
    </FEGroupRealization>
    <FEGroupRealization total="8">
      <FE name="Entity" />
      <FE name="Place" />
      <pattern total="7">
        <valenceUnit GF="Ext" PT="NP" FE="Entity" />
        <valenceUnit GF="Dep" PT="PP[in]" FE="Place" />
        <annoSet ID="2424709" />
        <annoSet ID="2424715" />
        <annoSet ID="2424723" />
        <annoSet ID="2424725" />
        <annoSet ID="2424735" />
        <annoSet ID="2424825" />
        <annoSet ID="2424899" />
      </pattern>
      <pattern total="1">
        <valenceUnit GF="Ext" PT="NP" FE="Entity" />
        <valenceUnit GF="Dep" PT="PP[on]" FE="Place" />
        <annoSet ID="2424817" />
      </pattern>
    </FEGroupRealization>
    <FEGroupRealization total="1">
      <FE name="Entity" />
      <FE name="Time" />
      <pattern total="1">
        <valenceUnit GF="Ext" PT="NP" FE="Entity" />
        <valenceUnit GF="Dep" PT="PP[at]" FE="Time" />
        <annoSet ID="6542320" />
      </pattern>
    </FEGroupRealization>
  </valences>
  <subCorpus name="V-augmented">
    <sentence sentNo="0" ID="1484240n">
      <text>Coats of arms of the merchants who built the houses four hundred years ago catch the eye , as do the wealthy the influential thrived in old Stein .</text>
      <annotationSet cDate="08/08/2025 08:00:28 PST Fri" status="AUGMENTED" ID="0">
        <layer name="FE" rank="1">
          <label cBy="auto-aug" feID="10527" start="97" end="107" name="Entity" />
          <label cBy="auto-aug" feID="10527" start="109" end="123" name="Entity" />
          <label cBy="auto-aug" feID="10530" start="133" end="144" name="Place" />
        </layer>
        <layer name="Target" rank="1">
          <label cBy="auto-aug" start="125" end="131" name="Target" />
        </layer>
      </annotationSet>
    </sentence>
    <sentence sentNo="0" ID="1484284n">
      <text>the communities are thriving in the Young Churches .</text>
      <annotationSet cDate="08/08/2025 08:00:28 PST Fri" status="AUGMENTED" ID="0">
        <layer name="FE" rank="1">
          <label cBy="auto-aug" feID="10527" start="0" end="14" name="Entity" />
          <label cBy="auto-aug" feID="10530" start="29" end="49" name="Place" />
        </layer>
        <layer name="Target" rank="1">
          <label cBy="auto-aug" start="20" end="27" name="Target" />
        </layer>
      </annotationSet>
    </sentence>
  </subCorpus>
</lexUnit>