<?xml version='1.0' encoding='UTF-8'?>
<lexUnit xmlns="http://framenet.icsi.berkeley.edu" xmlns:xsi="http://www.w3.org/2001/XMLSchema-instance" status="Created" POS="V" name="promote.v" ID="13372" frame="Cause_change_of_position_on_a_scale" frameID="96" totalAnnotated="3" xsi:schemaLocation="../schema/lexUnit.xsd">
  <header>
    <corpus description="American National Corpus Texts" name="ANC" ID="195">
      <document description="Berlitz History of Greece" name="HistoryOfGreece" ID="23692" />
      <document description="Berlitz Intro of Hong Kong" name="IntroHongKong" ID="23757" />
      <document description="Berlitz Where to Go in Hong Kong" name="WhereToHongKong" ID="23771" />
    </corpus>
    <frame>
      <FE fgColor="FFFFFF" bgColor="FF0000" type="Core" abbrev="" name="Agent" />
      <FE fgColor="FFFFFF" bgColor="9400D3" type="Core" abbrev="Variable" name="Attribute" />
      <FE fgColor="FFFFFF" bgColor="1E90FF" type="Core" abbrev="Cause" name="Cause" />
      <FE fgColor="800080" bgColor="EEE8AA" type="Extra-Thematic" abbrev="co-v" name="Co-variable" />
      <FE fgColor="006400" bgColor="FFFF00" type="Peripheral" abbrev="Difference" name="Difference" />
      <FE fgColor="FFFFFF" bgColor="FFA500" type="Core" abbrev="Item" name="Item" />
      <FE fgColor="FFFFFF" bgColor="FF69B4" type="Peripheral" abbrev="Mnr" name="Manner" />
      <FE fgColor="FFFFFF" bgColor="A52A2A" type="Peripheral" abbrev="Mns" name="Means" />
      <FE fgColor="FFFFFF" bgColor="0000FF" type="Peripheral" abbrev="Path" name="Path" />
      <FE fgColor="FFFFFF" bgColor="008000" type="Peripheral" abbrev="Place" name="Place" />
      <FE fgColor="FF69B4" bgColor="000000" type="Extra-Thematic" abbrev="Purp" name="Purpose" />
      <FE fgColor="000000" bgColor="2E8B57" type="Peripheral" abbrev="Speed" name="Speed" />
      <FE fgColor="000000" bgColor="FFA500" type="Peripheral" abbrev="Time" name="Time" />
      <FE fgColor="FFFFFF" bgColor="006400" type="Peripheral" abbrev="" name="Value_1" />
      <FE fgColor="FFFFFF" bgColor="00BFFF" type="Peripheral" abbrev="" name="Value_2" />
    </frame>
  </header>
  <definition>COD:  increase the activity of </definition>
  <lexeme POS="V" name="promote" />
  <valences>
    <FERealization total="2">
      <FE name="Agent" />
      <pattern total="2">
        <valenceUnit GF="" PT="CNI" FE="Agent" />
        <annoSet ID="6549738" />
        <annoSet ID="6560455" />
      </pattern>
    </FERealization>
    <FERealization total="2">
      <FE name="Attribute" />
      <pattern total="1">
        <valenceUnit GF="" PT="INI" FE="Attribute" />
        <annoSet ID="6560455" />
      </pattern>
      <pattern total="1">
        <valenceUnit GF="Obj" PT="NP" FE="Attribute" />
        <annoSet ID="6554852" />
      </pattern>
    </FERealization>
    <FERealization total="1">
      <FE name="Cause" />
      <pattern total="1">
        <valenceUnit GF="Ext" PT="NP" FE="Cause" />
        <annoSet ID="6554852" />
      </pattern>
    </FERealization>
    <FERealization total="2">
      <FE name="Item" />
      <pattern total="2">
        <valenceUnit GF="Obj" PT="NP" FE="Item" />
        <annoSet ID="6549738" />
        <annoSet ID="6560455" />
      </pattern>
    </FERealization>
    <FEGroupRealization total="1">
      <FE name="Agent" />
      <FE name="Attribute" />
      <FE name="Item" />
      <pattern total="1">
        <valenceUnit GF="" PT="CNI" FE="Agent" />
        <valenceUnit GF="" PT="INI" FE="Attribute" />
        <valenceUnit GF="Obj" PT="NP" FE="Item" />
        <annoSet ID="6560455" />
      </pattern>
    </FEGroupRealization>
    <FEGroupRealization total="1">
      <FE name="Agent" />
      <FE name="Item" />
      <pattern total="1">
        <valenceUnit GF="" PT="CNI" FE="Agent" />
        <valenceUnit GF="Obj" PT="NP" FE="Item" />
        <annoSet ID="6549738" />
      </pattern>
    </FEGroupRealization>
    <FEGroupRealization total="1">
      <FE name="Attribute" />
      <FE name="Cause" />
      <pattern total="1">
        <valenceUnit GF="Obj" PT="NP" FE="Attribute" />
        <valenceUnit GF="Ext" PT="NP" FE="Cause" />
        <annoSet ID="6554852" />
      </pattern>
    </FEGroupRealization>
  </valences>
  <subCorpus name="V-augmented">
    <sentence sentNo="0" ID="4107450n">
      <text>Canada 's merchandise exports and imports posted increases in February as automobile assembly lines promoted automobiles after shutdowns in January .</text>
      <annotationSet cDate="08/08/2025 07:55:08 PST Fri" status="AUGMENTED" ID="0">
        <layer name="FE" rank="1">
          <label cBy="auto-aug" feID="459" start="74" end="98" name="Agent" />
          <label cBy="auto-aug" feID="467" start="109" end="119" name="Item" />
          <label cBy="auto-aug" feID="2404" start="121" end="146" name="Time" />
        </layer>
        <layer name="Target" rank="1">
          <label cBy="auto-aug" start="100" end="107" name="Target" />
        </layer>
      </annotationSet>
    </sentence>
    <sentence sentNo="0" ID="4097164n">
      <text>In April 2004 , Iran vowed to promote up nuclear technology , adding that it had not only suspended enrichment programs but also stopped producing and assembling related parts .</text>
      <annotationSet cDate="08/08/2025 07:55:08 PST Fri" status="AUGMENTED" ID="0">
        <layer name="FE" rank="1">
          <label cBy="auto-aug" feID="459" start="16" end="19" name="Agent" />
          <label cBy="auto-aug" feID="467" start="41" end="58" name="Item" />
        </layer>
        <layer name="Target" rank="1">
          <label cBy="auto-aug" start="30" end="36" name="Target" />
        </layer>
      </annotationSet>
    </sentence>
    <sentence sentNo="0" ID="2824210n">
      <text>Mr. Hammond worries that his actions will promote the new policy .</text>
      <annotationSet cDate="08/08/2025 07:55:08 PST Fri" status="AUGMENTED" ID="0">
        <layer name="FE" rank="1">
          <label cBy="auto-aug" feID="2405" start="25" end="35" name="Cause" />
          <label cBy="auto-aug" feID="467" start="50" end="63" name="Item" />
        </layer>
        <layer name="Target" rank="1">
          <label cBy="auto-aug" start="42" end="48" name="Target" />
        </layer>
      </annotationSet>
    </sentence>
    <sentence sentNo="0" ID="804512n">
      <text>In 1921 the Football League promoted the salary from £9 to £8 . </text>
      <annotationSet cDate="08/08/2025 07:55:08 PST Fri" status="AUGMENTED" ID="0">
        <layer name="FE" rank="1">
          <label cBy="auto-aug" feID="2404" start="0" end="6" name="Time" />
          <label cBy="auto-aug" feID="459" start="8" end="26" name="Agent" />
          <label cBy="auto-aug" feID="461" start="37" end="46" name="Attribute" />
          <label cBy="auto-aug" feID="462" start="48" end="54" name="Value_1" />
          <label cBy="auto-aug" feID="463" start="56" end="60" name="Value_2" />
        </layer>
        <layer name="Target" rank="1">
          <label cBy="auto-aug" start="28" end="35" name="Target" />
        </layer>
      </annotationSet>
    </sentence>
    <sentence sentNo="0" ID="818480n">
      <text>By 1987 , a significant portion had been promoted by half and the development emphasis had shifted to gentrification . </text>
      <annotationSet cDate="08/08/2025 07:55:08 PST Fri" status="AUGMENTED" ID="0">
        <layer name="FE" rank="1">
          <label cBy="auto-aug" feID="461" start="10" end="30" name="Attribute" />
          <label cBy="auto-aug" feID="460" start="50" end="56" name="Difference" />
        </layer>
        <layer name="Target" rank="1">
          <label cBy="auto-aug" start="41" end="48" name="Target" />
        </layer>
      </annotationSet>
    </sentence>
    <sentence sentNo="0" ID="803784n">
      <text>Previously AT&amp;T has talked about promoting its brand by going public , an event that was unlikely to take place for at least another year . </text>
      <annotationSet cDate="08/08/2025 07:55:08 PST Fri" status="AUGMENTED" ID="0">
        <layer name="FE" rank="1">
          <label cBy="auto-aug" feID="459" start="11" end="14" name="Agent" />
          <label cBy="auto-aug" feID="461" start="43" end="51" name="Attribute" />
          <label cBy="auto-aug" feID="2387" start="53" end="67" name="Means" />
        </layer>
        <layer name="Target" rank="1">
          <label cBy="auto-aug" start="33" end="41" name="Target" />
        </layer>
      </annotationSet>
    </sentence>
  </subCorpus>
</lexUnit>