<?xml version='1.0' encoding='UTF-8'?>
<lexUnit xmlns="http://framenet.icsi.berkeley.edu" xmlns:xsi="http://www.w3.org/2001/XMLSchema-instance" status="Finished_Initial" POS="V" name="be supposed (to).v" ID="13546" frame="Required_event" frameID="1381" totalAnnotated="7" xsi:schemaLocation="../schema/lexUnit.xsd">
  <header>
    <corpus description="BNC2" name="BNC2" ID="111">
      <document description="bncp" name="bncp" ID="421" />
    </corpus>
    <corpus description="LUCorpus-v0.3" name="LUCorpus-v0.3" ID="205">
      <document description="SNO-525" name="SNO-525" ID="23728" />
    </corpus>
    <frame>
      <FE fgColor="FFFFFF" bgColor="FF0000" type="Extra-Thematic" abbrev="cir" name="Circumstances" />
      <FE fgColor="FFFFFF" bgColor="FF00FF" type="Peripheral" abbrev="deg" name="Degree" />
      <FE fgColor="FFFFFF" bgColor="A52A2A" type="Extra-Thematic" abbrev="exp" name="Explanation" />
      <FE fgColor="FFFFFF" bgColor="008000" type="Peripheral" abbrev="neg" name="Negative_consequences" />
      <FE fgColor="FFFFFF" bgColor="1E90FF" type="Peripheral" abbrev="pla" name="Place" />
      <FE fgColor="FFFFFF" bgColor="0000FF" type="Peripheral" abbrev="pur" name="Purpose" />
      <FE fgColor="FFFFFF" bgColor="800080" type="Core" abbrev="req" name="Required_situation" />
      <FE fgColor="FFFFFF" bgColor="FFA500" type="Peripheral" abbrev="tim" name="Time" />
    </frame>
  </header>
  <definition>COD: be required or expected to do something.</definition>
  <lexeme order="1" headword="true" breakBefore="false" POS="V" name="be" />
  <lexeme order="2" headword="false" breakBefore="true" POS="A" name="supposed" />
  <valences>
    <FERealization total="7">
      <FE name="Required_situation" />
      <pattern total="7">
        <valenceUnit GF="Ext" PT="NP" FE="Required_situation" />
        <annoSet ID="2228011" />
        <annoSet ID="2228013" />
        <annoSet ID="2228017" />
        <annoSet ID="2228021" />
        <annoSet ID="2228047" />
        <annoSet ID="2228049" />
        <annoSet ID="6547921" />
      </pattern>
      <pattern total="7">
        <valenceUnit GF="Dep" PT="VPto" FE="Required_situation" />
        <annoSet ID="2228011" />
        <annoSet ID="2228013" />
        <annoSet ID="2228017" />
        <annoSet ID="2228021" />
        <annoSet ID="2228047" />
        <annoSet ID="2228049" />
        <annoSet ID="6547921" />
      </pattern>
    </FERealization>
    <FEGroupRealization total="7">
      <FE name="Required_situation" />
      <FE name="Required_situation" />
      <pattern total="7">
        <valenceUnit GF="Ext" PT="NP" FE="Required_situation" />
        <valenceUnit GF="Dep" PT="VPto" FE="Required_situation" />
        <annoSet ID="2228011" />
        <annoSet ID="2228013" />
        <annoSet ID="2228017" />
        <annoSet ID="2228021" />
        <annoSet ID="2228047" />
        <annoSet ID="2228049" />
        <annoSet ID="6547921" />
      </pattern>
    </FEGroupRealization>
  </valences>
  <subCorpus name="V-augmented">
    <sentence sentNo="0" ID="2824207n">
      <text>`` To ring for even one service at this tower , to pay am supposed to for assistance , '' says Mr. Hammond , a retired water-authority worker .</text>
      <annotationSet cDate="08/08/2025 08:00:27 PST Fri" status="AUGMENTED" ID="0">
        <layer name="FE" rank="1">
          <label cBy="auto-aug" feID="7755" start="3" end="44" name="Purpose" />
          <label cBy="auto-aug" feID="7752" start="48" end="53" name="Required_situation" />
          <label cBy="auto-aug" feID="7752" start="70" end="83" name="Required_situation" />
        </layer>
        <layer name="Target" rank="1">
          <label cBy="auto-aug" start="55" end="68" name="Target" />
        </layer>
      </annotationSet>
    </sentence>
    <sentence sentNo="0" ID="1390051n">
      <text>Getting up from the table , he added , ` to leave be supposed to by now .</text>
      <annotationSet cDate="08/08/2025 08:00:27 PST Fri" status="AUGMENTED" ID="0">
        <layer name="FE" rank="1">
          <label cBy="auto-aug" feID="7752" start="41" end="48" name="Required_situation" />
          <label cBy="auto-aug" feID="7752" start="65" end="70" name="Required_situation" />
        </layer>
        <layer name="Target" rank="1">
          <label cBy="auto-aug" start="50" end="63" name="Target" />
        </layer>
      </annotationSet>
    </sentence>
    <sentence sentNo="0" ID="1064916n">
      <text>to have was supposed to happen . </text>
      <annotationSet cDate="08/08/2025 08:00:27 PST Fri" status="AUGMENTED" ID="0">
        <layer name="FE" rank="1">
          <label cBy="auto-aug" feID="7752" start="0" end="1" name="Required_situation" />
          <label cBy="auto-aug" feID="7752" start="24" end="29" name="Required_situation" />
        </layer>
        <layer name="Target" rank="1">
          <label cBy="auto-aug" start="8" end="22" name="Target" />
        </layer>
      </annotationSet>
    </sentence>
  </subCorpus>
</lexUnit>