<?xml version='1.0' encoding='UTF-8'?>
<lexUnit xmlns="http://framenet.icsi.berkeley.edu" xmlns:xsi="http://www.w3.org/2001/XMLSchema-instance" status="Created" POS="V" name="back.v" ID="13989" frame="Taking_sides" frameID="1306" totalAnnotated="4" xsi:schemaLocation="../schema/lexUnit.xsd">
  <header>
    <corpus description="Wall Street Journal Texts from the PropBank Project" name="PropBank" ID="115">
      <document description="Ticket Splitting" name="TicketSplitting" ID="23012" />
    </corpus>
    <corpus description="American National Corpus Texts" name="ANC" ID="195">
      <document description="Berlitz History of Greece" name="HistoryOfGreece" ID="23692" />
    </corpus>
    <corpus description="LUCorpus-v0.3" name="LUCorpus-v0.3" ID="205">
      <document description="wsj_2465" name="wsj_2465" ID="23722" />
    </corpus>
    <frame>
      <FE fgColor="FFFFFF" bgColor="00008B" type="Core" abbrev="pos" name="Action" />
      <FE fgColor="FFFFFF" bgColor="FF0000" type="Core" abbrev="cog" name="Cognizer" />
      <FE fgColor="000000" bgColor="FFFF00" type="Extra-Thematic" abbrev="Con" name="Concessive" />
      <FE fgColor="FFFFFF" bgColor="FF69B4" type="Peripheral" abbrev="deg" name="Degree" />
      <FE fgColor="FFFFFF" bgColor="7CCD73" type="Extra-Thematic" abbrev="Des" name="Descriptor" />
      <FE fgColor="FFFFFF" bgColor="FFA500" type="Extra-Thematic" abbrev="exp" name="Explanation" />
      <FE fgColor="FFFFFF" bgColor="008000" type="Core" abbrev="iss" name="Issue" />
      <FE fgColor="FFFFFF" bgColor="00BFFF" type="Peripheral" abbrev="Man" name="Manner" />
      <FE fgColor="FFFFFF" bgColor="9F79EE" type="Extra-Thematic" abbrev="Par" name="Particular_iteration" />
      <FE fgColor="9400D3" bgColor="EEE8AA" type="Peripheral" abbrev="pla" name="Place" />
      <FE fgColor="FFFFFF" bgColor="0000FF" type="Core" abbrev="sid" name="Side" />
      <FE fgColor="FFFFFF" bgColor="800080" type="Peripheral" abbrev="tim" name="Time" />
    </frame>
  </header>
  <definition>COD: give material or moral support to.</definition>
  <lexeme POS="V" name="back" />
  <valences>
    <FERealization total="2">
      <FE name="Action" />
      <pattern total="1">
        <valenceUnit GF="" PT="DNI" FE="Action" />
        <annoSet ID="6542515" />
      </pattern>
      <pattern total="1">
        <valenceUnit GF="Dep" PT="NP" FE="Action" />
        <annoSet ID="6549625" />
      </pattern>
    </FERealization>
    <FERealization total="4">
      <FE name="Cognizer" />
      <pattern total="1">
        <valenceUnit GF="" PT="CNI" FE="Cognizer" />
        <annoSet ID="6542515" />
      </pattern>
      <pattern total="3">
        <valenceUnit GF="Ext" PT="NP" FE="Cognizer" />
        <annoSet ID="4530970" />
        <annoSet ID="6549625" />
        <annoSet ID="6549634" />
      </pattern>
    </FERealization>
    <FERealization total="1">
      <FE name="Degree" />
      <pattern total="1">
        <valenceUnit GF="Dep" PT="AVP" FE="Degree" />
        <annoSet ID="6549634" />
      </pattern>
    </FERealization>
    <FERealization total="3">
      <FE name="Side" />
      <pattern total="2">
        <valenceUnit GF="Ext" PT="NP" FE="Side" />
        <annoSet ID="6542515" />
        <annoSet ID="6549634" />
      </pattern>
      <pattern total="1">
        <valenceUnit GF="Obj" PT="NP" FE="Side" />
        <annoSet ID="4530970" />
      </pattern>
    </FERealization>
    <FERealization total="1">
      <FE name="Time" />
      <pattern total="1">
        <valenceUnit GF="Dep" PT="PP[since]" FE="Time" />
        <annoSet ID="4530970" />
      </pattern>
    </FERealization>
    <FEGroupRealization total="1">
      <FE name="Action" />
      <FE name="Cognizer" />
      <pattern total="1">
        <valenceUnit GF="Dep" PT="NP" FE="Action" />
        <valenceUnit GF="Ext" PT="NP" FE="Cognizer" />
        <annoSet ID="6549625" />
      </pattern>
    </FEGroupRealization>
    <FEGroupRealization total="1">
      <FE name="Action" />
      <FE name="Cognizer" />
      <FE name="Side" />
      <pattern total="1">
        <valenceUnit GF="" PT="DNI" FE="Action" />
        <valenceUnit GF="" PT="CNI" FE="Cognizer" />
        <valenceUnit GF="Ext" PT="NP" FE="Side" />
        <annoSet ID="6542515" />
      </pattern>
    </FEGroupRealization>
    <FEGroupRealization total="1">
      <FE name="Cognizer" />
      <FE name="Cognizer" />
      <FE name="Side" />
      <FE name="Time" />
      <pattern total="1">
        <valenceUnit GF="Ext" PT="NP" FE="Cognizer" />
        <valenceUnit GF="Ext" PT="NP" FE="Cognizer" />
        <valenceUnit GF="Obj" PT="NP" FE="Side" />
        <valenceUnit GF="Dep" PT="PP[since]" FE="Time" />
        <annoSet ID="4530970" />
      </pattern>
    </FEGroupRealization>
    <FEGroupRealization total="1">
      <FE name="Cognizer" />
      <FE name="Degree" />
      <FE name="Side" />
      <FE name="Side" />
      <pattern total="1">
        <valenceUnit GF="Ext" PT="NP" FE="Cognizer" />
        <valenceUnit GF="Dep" PT="AVP" FE="Degree" />
        <valenceUnit GF="Ext" PT="NP" FE="Side" />
        <valenceUnit GF="Ext" PT="NP" FE="Side" />
        <annoSet ID="6549634" />
      </pattern>
    </FEGroupRealization>
  </valences>
  <subCorpus name="V-augmented">
    <sentence sentNo="0" ID="1388159n">
      <text>For the first time I backed to the left .</text>
      <annotationSet cDate="08/08/2025 07:59:32 PST Fri" status="AUGMENTED" ID="0">
        <layer name="FE" rank="1">
          <label cBy="auto-aug" feID="10452" start="0" end="17" name="Particular_iteration" />
          <label cBy="auto-aug" feID="7433" start="19" end="19" name="Cognizer" />
          <label cBy="auto-aug" feID="7435" start="28" end="38" name="Side" />
        </layer>
        <layer name="Target" rank="1">
          <label cBy="auto-aug" start="21" end="26" name="Target" />
        </layer>
      </annotationSet>
    </sentence>
    <sentence sentNo="0" ID="1388010n">
      <text>I backed it from the very beginning .</text>
      <annotationSet cDate="08/08/2025 07:59:32 PST Fri" status="AUGMENTED" ID="0">
        <layer name="FE" rank="1">
          <label cBy="auto-aug" feID="7433" start="0" end="0" name="Cognizer" />
          <label cBy="auto-aug" feID="9155" start="9" end="10" name="Action" />
          <label cBy="auto-aug" feID="8160" start="12" end="34" name="Time" />
        </layer>
        <layer name="Target" rank="1">
          <label cBy="auto-aug" start="2" end="7" name="Target" />
        </layer>
      </annotationSet>
    </sentence>
    <sentence sentNo="0" ID="1388174n">
      <text>The implication is that she backed from the left at the first session and was ` upset " ( as the minority often asserted ) at the rejection of such excellent drafts .</text>
      <annotationSet cDate="08/08/2025 07:59:32 PST Fri" status="AUGMENTED" ID="0">
        <layer name="FE" rank="1">
          <label cBy="auto-aug" feID="7433" start="24" end="26" name="Cognizer" />
          <label cBy="auto-aug" feID="7435" start="35" end="47" name="Side" />
          <label cBy="auto-aug" feID="8160" start="49" end="68" name="Time" />
        </layer>
        <layer name="Target" rank="1">
          <label cBy="auto-aug" start="28" end="33" name="Target" />
        </layer>
      </annotationSet>
    </sentence>
  </subCorpus>
</lexUnit>