<?xml version='1.0' encoding='UTF-8'?>
<lexUnit xmlns="http://framenet.icsi.berkeley.edu" xmlns:xsi="http://www.w3.org/2001/XMLSchema-instance" status="FN1_Sent" POS="V" name="view.v" ID="1319" frame="Perception_active" frameID="66" totalAnnotated="31" xsi:schemaLocation="../schema/lexUnit.xsd">
  <header>
    <corpus description="American National Corpus Texts" name="ANC" ID="195">
      <document description="Berlitz Intro of Dublin" name="IntroOfDublin" ID="23652" />
      <document description="Berlitz Where to Go in Hong Kong" name="WhereToHongKong" ID="23771" />
    </corpus>
    <frame>
      <FE fgColor="FFFFFF" bgColor="9F79EE" type="Core-Unexpressed" abbrev="BodP" name="Body_part" />
      <FE fgColor="FFFFFF" bgColor="9400D3" type="Extra-Thematic" abbrev="State" name="Depictive" />
      <FE fgColor="FFFFFF" bgColor="808080" type="Core-Unexpressed" abbrev="Dir" name="Direction" />
      <FE fgColor="000000" bgColor="d0d0d0" type="Peripheral" abbrev="Dur" name="Duration" />
      <FE fgColor="FFFFFF" bgColor="006400" type="Extra-Thematic" abbrev="exp" name="Expected_entity" />
      <FE fgColor="FFFFFF" bgColor="2E8B57" type="Peripheral" abbrev="Ground" name="Ground" />
      <FE fgColor="FFFFFF" bgColor="800080" type="Extra-Thematic" abbrev="Loc" name="Location_of_protagonist" />
      <FE fgColor="FFFFFF" bgColor="FF00FF" type="Peripheral" abbrev="Manr" name="Manner" />
      <FE fgColor="FFFFFF" bgColor="00BFFF" type="Peripheral" abbrev="Mns" name="Means" />
      <FE fgColor="000000" bgColor="7FFF00" type="Peripheral" abbrev="O_m" name="Obscuring_medium" />
      <FE fgColor="FFFFFF" bgColor="FF0000" type="Core" abbrev="per" name="Perceiver_agentive" />
      <FE fgColor="FFFFFF" bgColor="0000FF" type="Core" abbrev="Phen" name="Phenomenon" />
      <FE fgColor="FFFFFF" bgColor="008000" type="Peripheral" abbrev="" name="Place" />
      <FE fgColor="FFFFFF" bgColor="1E90FF" type="Peripheral" abbrev="Purp" name="Purpose" />
      <FE fgColor="FFFFFF" bgColor="A52A2A" type="Peripheral" abbrev="State" name="State" />
      <FE fgColor="FFFFFF" bgColor="FFA500" type="Peripheral" abbrev="Tim" name="Time" />
    </frame>
  </header>
  <definition>COD: look at or inspect</definition>
  <lexeme POS="V" name="view" />
  <semType name="Visual_modality" ID="94" />
  <valences>
    <FERealization total="6">
      <FE name="Location_of_protagonist" />
      <pattern total="6">
        <valenceUnit GF="Dep" PT="PP[from]" FE="Location_of_protagonist" />
        <annoSet ID="453948" />
        <annoSet ID="453974" />
        <annoSet ID="454022" />
        <annoSet ID="454034" />
        <annoSet ID="454202" />
        <annoSet ID="454608" />
      </pattern>
    </FERealization>
    <FERealization total="7">
      <FE name="Manner" />
      <pattern total="4">
        <valenceUnit GF="Dep" PT="PP[through]" FE="Manner" />
        <annoSet ID="454106" />
        <annoSet ID="454128" />
        <annoSet ID="454850" />
        <annoSet ID="454886" />
      </pattern>
      <pattern total="1">
        <valenceUnit GF="Dep" PT="PP[with]" FE="Manner" />
        <annoSet ID="454178" />
      </pattern>
      <pattern total="1">
        <valenceUnit GF="Dep" PT="PP[without]" FE="Manner" />
        <annoSet ID="454184" />
      </pattern>
      <pattern total="1">
        <valenceUnit GF="Dep" PT="PPing[through]" FE="Manner" />
        <annoSet ID="454890" />
      </pattern>
    </FERealization>
    <FERealization total="2">
      <FE name="Means" />
      <pattern total="1">
        <valenceUnit GF="Dep" PT="PP[on]" FE="Means" />
        <annoSet ID="454082" />
      </pattern>
      <pattern total="1">
        <valenceUnit GF="Dep" PT="PPing[by]" FE="Means" />
        <annoSet ID="454084" />
      </pattern>
    </FERealization>
    <FERealization total="31">
      <FE name="Perceiver_agentive" />
      <pattern total="7">
        <valenceUnit GF="" PT="CNI" FE="Perceiver_agentive" />
        <annoSet ID="453906" />
        <annoSet ID="454234" />
        <annoSet ID="454328" />
        <annoSet ID="454608" />
        <annoSet ID="454850" />
        <annoSet ID="454886" />
        <annoSet ID="454890" />
      </pattern>
      <pattern total="24">
        <valenceUnit GF="Ext" PT="NP" FE="Perceiver_agentive" />
        <annoSet ID="453932" />
        <annoSet ID="453948" />
        <annoSet ID="453974" />
        <annoSet ID="454022" />
        <annoSet ID="454034" />
        <annoSet ID="454064" />
        <annoSet ID="454082" />
        <annoSet ID="454084" />
        <annoSet ID="454090" />
        <annoSet ID="454092" />
        <annoSet ID="454098" />
        <annoSet ID="454104" />
        <annoSet ID="454106" />
        <annoSet ID="454128" />
        <annoSet ID="454132" />
        <annoSet ID="454178" />
        <annoSet ID="454184" />
        <annoSet ID="454192" />
        <annoSet ID="454202" />
        <annoSet ID="454228" />
        <annoSet ID="454238" />
        <annoSet ID="454370" />
        <annoSet ID="6539713" />
        <annoSet ID="6555590" />
      </pattern>
    </FERealization>
    <FERealization total="31">
      <FE name="Phenomenon" />
      <pattern total="5">
        <valenceUnit GF="Ext" PT="NP" FE="Phenomenon" />
        <annoSet ID="454328" />
        <annoSet ID="454608" />
        <annoSet ID="454850" />
        <annoSet ID="454886" />
        <annoSet ID="454890" />
      </pattern>
      <pattern total="26">
        <valenceUnit GF="Obj" PT="NP" FE="Phenomenon" />
        <annoSet ID="453906" />
        <annoSet ID="453932" />
        <annoSet ID="453948" />
        <annoSet ID="453974" />
        <annoSet ID="454022" />
        <annoSet ID="454034" />
        <annoSet ID="454064" />
        <annoSet ID="454082" />
        <annoSet ID="454084" />
        <annoSet ID="454090" />
        <annoSet ID="454092" />
        <annoSet ID="454098" />
        <annoSet ID="454104" />
        <annoSet ID="454106" />
        <annoSet ID="454128" />
        <annoSet ID="454132" />
        <annoSet ID="454178" />
        <annoSet ID="454184" />
        <annoSet ID="454192" />
        <annoSet ID="454202" />
        <annoSet ID="454228" />
        <annoSet ID="454234" />
        <annoSet ID="454238" />
        <annoSet ID="454370" />
        <annoSet ID="6539713" />
        <annoSet ID="6555590" />
      </pattern>
    </FERealization>
    <FERealization total="3">
      <FE name="State" />
      <pattern total="1">
        <valenceUnit GF="Dep" PT="PP[on]" FE="State" />
        <annoSet ID="454084" />
      </pattern>
      <pattern total="1">
        <valenceUnit GF="Dep" PT="PP[across]" FE="State" />
        <annoSet ID="453906" />
      </pattern>
      <pattern total="1">
        <valenceUnit GF="Dep" PT="PP[in]" FE="State" />
        <annoSet ID="454064" />
      </pattern>
    </FERealization>
    <FEGroupRealization total="6">
      <FE name="Location_of_protagonist" />
      <FE name="Perceiver_agentive" />
      <FE name="Phenomenon" />
      <pattern total="1">
        <valenceUnit GF="Dep" PT="PP[from]" FE="Location_of_protagonist" />
        <valenceUnit GF="" PT="CNI" FE="Perceiver_agentive" />
        <valenceUnit GF="Ext" PT="NP" FE="Phenomenon" />
        <annoSet ID="454608" />
      </pattern>
      <pattern total="5">
        <valenceUnit GF="Dep" PT="PP[from]" FE="Location_of_protagonist" />
        <valenceUnit GF="Ext" PT="NP" FE="Perceiver_agentive" />
        <valenceUnit GF="Obj" PT="NP" FE="Phenomenon" />
        <annoSet ID="453948" />
        <annoSet ID="453974" />
        <annoSet ID="454022" />
        <annoSet ID="454034" />
        <annoSet ID="454202" />
      </pattern>
    </FEGroupRealization>
    <FEGroupRealization total="7">
      <FE name="Manner" />
      <FE name="Perceiver_agentive" />
      <FE name="Phenomenon" />
      <pattern total="2">
        <valenceUnit GF="Dep" PT="PP[through]" FE="Manner" />
        <valenceUnit GF="" PT="CNI" FE="Perceiver_agentive" />
        <valenceUnit GF="Ext" PT="NP" FE="Phenomenon" />
        <annoSet ID="454850" />
        <annoSet ID="454886" />
      </pattern>
      <pattern total="2">
        <valenceUnit GF="Dep" PT="PP[through]" FE="Manner" />
        <valenceUnit GF="Ext" PT="NP" FE="Perceiver_agentive" />
        <valenceUnit GF="Obj" PT="NP" FE="Phenomenon" />
        <annoSet ID="454106" />
        <annoSet ID="454128" />
      </pattern>
      <pattern total="1">
        <valenceUnit GF="Dep" PT="PP[with]" FE="Manner" />
        <valenceUnit GF="Ext" PT="NP" FE="Perceiver_agentive" />
        <valenceUnit GF="Obj" PT="NP" FE="Phenomenon" />
        <annoSet ID="454178" />
      </pattern>
      <pattern total="1">
        <valenceUnit GF="Dep" PT="PP[without]" FE="Manner" />
        <valenceUnit GF="Ext" PT="NP" FE="Perceiver_agentive" />
        <valenceUnit GF="Obj" PT="NP" FE="Phenomenon" />
        <annoSet ID="454184" />
      </pattern>
      <pattern total="1">
        <valenceUnit GF="Dep" PT="PPing[through]" FE="Manner" />
        <valenceUnit GF="" PT="CNI" FE="Perceiver_agentive" />
        <valenceUnit GF="Ext" PT="NP" FE="Phenomenon" />
        <annoSet ID="454890" />
      </pattern>
    </FEGroupRealization>
    <FEGroupRealization total="1">
      <FE name="Means" />
      <FE name="Perceiver_agentive" />
      <FE name="Phenomenon" />
      <pattern total="1">
        <valenceUnit GF="Dep" PT="PP[on]" FE="Means" />
        <valenceUnit GF="Ext" PT="NP" FE="Perceiver_agentive" />
        <valenceUnit GF="Obj" PT="NP" FE="Phenomenon" />
        <annoSet ID="454082" />
      </pattern>
    </FEGroupRealization>
    <FEGroupRealization total="1">
      <FE name="Means" />
      <FE name="Perceiver_agentive" />
      <FE name="Phenomenon" />
      <FE name="State" />
      <pattern total="1">
        <valenceUnit GF="Dep" PT="PPing[by]" FE="Means" />
        <valenceUnit GF="Ext" PT="NP" FE="Perceiver_agentive" />
        <valenceUnit GF="Obj" PT="NP" FE="Phenomenon" />
        <valenceUnit GF="Dep" PT="PP[on]" FE="State" />
        <annoSet ID="454084" />
      </pattern>
    </FEGroupRealization>
    <FEGroupRealization total="14">
      <FE name="Perceiver_agentive" />
      <FE name="Phenomenon" />
      <pattern total="1">
        <valenceUnit GF="" PT="CNI" FE="Perceiver_agentive" />
        <valenceUnit GF="Ext" PT="NP" FE="Phenomenon" />
        <annoSet ID="454328" />
      </pattern>
      <pattern total="1">
        <valenceUnit GF="" PT="CNI" FE="Perceiver_agentive" />
        <valenceUnit GF="Obj" PT="NP" FE="Phenomenon" />
        <annoSet ID="454234" />
      </pattern>
      <pattern total="12">
        <valenceUnit GF="Ext" PT="NP" FE="Perceiver_agentive" />
        <valenceUnit GF="Obj" PT="NP" FE="Phenomenon" />
        <annoSet ID="453932" />
        <annoSet ID="454090" />
        <annoSet ID="454092" />
        <annoSet ID="454098" />
        <annoSet ID="454104" />
        <annoSet ID="454132" />
        <annoSet ID="454192" />
        <annoSet ID="454228" />
        <annoSet ID="454238" />
        <annoSet ID="454370" />
        <annoSet ID="6539713" />
        <annoSet ID="6555590" />
      </pattern>
    </FEGroupRealization>
    <FEGroupRealization total="2">
      <FE name="Perceiver_agentive" />
      <FE name="Phenomenon" />
      <FE name="State" />
      <pattern total="1">
        <valenceUnit GF="" PT="CNI" FE="Perceiver_agentive" />
        <valenceUnit GF="Obj" PT="NP" FE="Phenomenon" />
        <valenceUnit GF="Dep" PT="PP[across]" FE="State" />
        <annoSet ID="453906" />
      </pattern>
      <pattern total="1">
        <valenceUnit GF="Ext" PT="NP" FE="Perceiver_agentive" />
        <valenceUnit GF="Obj" PT="NP" FE="Phenomenon" />
        <valenceUnit GF="Dep" PT="PP[in]" FE="State" />
        <annoSet ID="454064" />
      </pattern>
    </FEGroupRealization>
  </valences>
  <subCorpus name="V-augmented">
    <sentence sentNo="0" ID="403080n">
      <text>The increasing reliance on imaging suggests that the technique of viewing images is a declining art . </text>
      <annotationSet cDate="08/08/2025 08:00:56 PST Fri" status="AUGMENTED" ID="0">
        <layer name="FE" rank="1">
          <label cBy="auto-aug" feID="302" start="74" end="79" name="Phenomenon" />
        </layer>
        <layer name="Target" rank="1">
          <label cBy="auto-aug" start="66" end="72" name="Target" />
        </layer>
      </annotationSet>
    </sentence>
  </subCorpus>
</lexUnit>