<?xml version='1.0' encoding='UTF-8'?>
<lexUnit xmlns="http://framenet.icsi.berkeley.edu" xmlns:xsi="http://www.w3.org/2001/XMLSchema-instance" status="Rules_Defined" POS="V" name="earn.v" ID="13730" frame="Earnings_and_losses" frameID="1873" totalAnnotated="6" xsi:schemaLocation="../schema/lexUnit.xsd">
  <header>
    <corpus description="American National Corpus Texts" name="ANC" ID="195">
      <document description="Goodwill fund-raising letter" name="110CYL068" ID="23792" />
      <document description="Goodwill fund-raising letter" name="110CYL069" ID="23794" />
    </corpus>
    <frame>
      <FE fgColor="FFFFFF" bgColor="00008B" type="Peripheral" abbrev="Byr" name="Buyer" />
      <FE fgColor="FFFFFF" bgColor="90876C" type="Extra-Thematic" abbrev="con" name="Containing_event" />
      <FE fgColor="FFFFFF" bgColor="FF0000" type="Core" abbrev="Slr" name="Earner" />
      <FE fgColor="FFFFFF" bgColor="9F79EE" type="Core" abbrev="Mny" name="Earnings" />
      <FE fgColor="000000" bgColor="7FFF00" type="Extra-Thematic" abbrev="" name="Explanation" />
      <FE fgColor="FFFFFF" bgColor="008000" type="Peripheral" abbrev="Gds" name="Goods" />
      <FE fgColor="FFFFFF" bgColor="FF00FF" type="Peripheral" abbrev="Manr" name="Manner" />
      <FE fgColor="FFFFFF" bgColor="FF69B4" type="Peripheral" abbrev="Mns" name="Means" />
      <FE fgColor="FFFFFF" bgColor="1E90FF" type="Peripheral" abbrev="pla" name="Place" />
      <FE fgColor="FFFFFF" bgColor="800080" type="Peripheral" abbrev="" name="Purpose" />
      <FE fgColor="FFFFFF" bgColor="00BFFF" type="Peripheral" abbrev="Rate" name="Rate" />
      <FE fgColor="FFFFFF" bgColor="FFA500" type="Peripheral" abbrev="tim" name="Time" />
      <FE fgColor="FFFFFF" bgColor="A52A2A" type="Peripheral" abbrev="Unit" name="Unit" />
    </frame>
  </header>
  <definition>COD: obtain (money) in return for labour or services.</definition>
  <lexeme POS="V" name="earn" />
  <valences>
    <FERealization total="6">
      <FE name="Earner" />
      <pattern total="6">
        <valenceUnit GF="Ext" PT="NP" FE="Earner" />
        <annoSet ID="6556500" />
        <annoSet ID="6556933" />
        <annoSet ID="6556969" />
        <annoSet ID="6556971" />
        <annoSet ID="6557127" />
        <annoSet ID="6560075" />
      </pattern>
    </FERealization>
    <FERealization total="6">
      <FE name="Earnings" />
      <pattern total="1">
        <valenceUnit GF="" PT="DNI" FE="Earnings" />
        <annoSet ID="6560075" />
      </pattern>
      <pattern total="5">
        <valenceUnit GF="Obj" PT="NP" FE="Earnings" />
        <annoSet ID="6556500" />
        <annoSet ID="6556933" />
        <annoSet ID="6556969" />
        <annoSet ID="6556971" />
        <annoSet ID="6557127" />
      </pattern>
    </FERealization>
    <FERealization total="2">
      <FE name="Place" />
      <pattern total="1">
        <valenceUnit GF="Dep" PT="AVP" FE="Place" />
        <annoSet ID="6556971" />
      </pattern>
      <pattern total="1">
        <valenceUnit GF="Dep" PT="PP[at]" FE="Place" />
        <annoSet ID="6556969" />
      </pattern>
    </FERealization>
    <FERealization total="1">
      <FE name="Purpose" />
      <pattern total="1">
        <valenceUnit GF="Dep" PT="VPto" FE="Purpose" />
        <annoSet ID="6556933" />
      </pattern>
    </FERealization>
    <FERealization total="1">
      <FE name="Time" />
      <pattern total="1">
        <valenceUnit GF="Dep" PT="PP[after]" FE="Time" />
        <annoSet ID="6556969" />
      </pattern>
    </FERealization>
    <FEGroupRealization total="3">
      <FE name="Earner" />
      <FE name="Earnings" />
      <pattern total="1">
        <valenceUnit GF="Ext" PT="NP" FE="Earner" />
        <valenceUnit GF="" PT="DNI" FE="Earnings" />
        <annoSet ID="6560075" />
      </pattern>
      <pattern total="2">
        <valenceUnit GF="Ext" PT="NP" FE="Earner" />
        <valenceUnit GF="Obj" PT="NP" FE="Earnings" />
        <annoSet ID="6556500" />
        <annoSet ID="6557127" />
      </pattern>
    </FEGroupRealization>
    <FEGroupRealization total="1">
      <FE name="Earner" />
      <FE name="Earnings" />
      <FE name="Place" />
      <pattern total="1">
        <valenceUnit GF="Ext" PT="NP" FE="Earner" />
        <valenceUnit GF="Obj" PT="NP" FE="Earnings" />
        <valenceUnit GF="Dep" PT="AVP" FE="Place" />
        <annoSet ID="6556971" />
      </pattern>
    </FEGroupRealization>
    <FEGroupRealization total="1">
      <FE name="Earner" />
      <FE name="Earnings" />
      <FE name="Place" />
      <FE name="Time" />
      <pattern total="1">
        <valenceUnit GF="Ext" PT="NP" FE="Earner" />
        <valenceUnit GF="Obj" PT="NP" FE="Earnings" />
        <valenceUnit GF="Dep" PT="PP[at]" FE="Place" />
        <valenceUnit GF="Dep" PT="PP[after]" FE="Time" />
        <annoSet ID="6556969" />
      </pattern>
    </FEGroupRealization>
    <FEGroupRealization total="1">
      <FE name="Earner" />
      <FE name="Earnings" />
      <FE name="Purpose" />
      <pattern total="1">
        <valenceUnit GF="Ext" PT="NP" FE="Earner" />
        <valenceUnit GF="Obj" PT="NP" FE="Earnings" />
        <valenceUnit GF="Dep" PT="VPto" FE="Purpose" />
        <annoSet ID="6556933" />
      </pattern>
    </FEGroupRealization>
  </valences>
  <subCorpus name="V-augmented">
    <sentence sentNo="0" ID="4101061n">
      <text>Through 1905 , Helen Stewart expanded the ranch to 2000 acres ( 810 hectares ) , earning $50,000 in the process .</text>
      <annotationSet cDate="08/08/2025 07:59:57 PST Fri" status="AUGMENTED" ID="0">
        <layer name="FE" rank="1">
          <label cBy="auto-aug" feID="11036" start="15" end="27" name="Earner" />
          <label cBy="auto-aug" feID="11037" start="89" end="95" name="Earnings" />
          <label cBy="auto-aug" feID="11623" start="97" end="110" name="Containing_event" />
        </layer>
        <layer name="Target" rank="1">
          <label cBy="auto-aug" start="81" end="87" name="Target" />
        </layer>
      </annotationSet>
    </sentence>
    <sentence sentNo="0" ID="1453106n">
      <text>Seventy-eight British and foreign banks stand to earn millions from the decision .</text>
      <annotationSet cDate="08/08/2025 07:59:57 PST Fri" status="AUGMENTED" ID="0">
        <layer name="FE" rank="1">
          <label cBy="auto-aug" feID="11036" start="0" end="38" name="Earner" />
          <label cBy="auto-aug" feID="11037" start="54" end="61" name="Earnings" />
        </layer>
        <layer name="Target" rank="1">
          <label cBy="auto-aug" start="49" end="52" name="Target" />
        </layer>
      </annotationSet>
    </sentence>
    <sentence sentNo="0" ID="1453053n">
      <text>Unhappy about earning less than expected on Virgin acts , but unwilling to surrender 10-20 per cent , most foreign companies accepted the switch from being licensees to being distributors .</text>
      <annotationSet cDate="08/08/2025 07:59:57 PST Fri" status="AUGMENTED" ID="0">
        <layer name="FE" rank="1">
          <label cBy="auto-aug" feID="11037" start="22" end="39" name="Earnings" />
          <label cBy="auto-aug" feID="11038" start="41" end="54" name="Goods" />
        </layer>
        <layer name="Target" rank="1">
          <label cBy="auto-aug" start="14" end="20" name="Target" />
        </layer>
      </annotationSet>
    </sentence>
    <sentence sentNo="0" ID="1453050n">
      <text>` My papa died after he earned a small fortune in the last great depression .</text>
      <annotationSet cDate="08/08/2025 07:59:57 PST Fri" status="AUGMENTED" ID="0">
        <layer name="FE" rank="1">
          <label cBy="auto-aug" feID="11036" start="21" end="22" name="Earner" />
          <label cBy="auto-aug" feID="11037" start="31" end="45" name="Earnings" />
          <label cBy="auto-aug" feID="11623" start="47" end="74" name="Containing_event" />
        </layer>
        <layer name="Target" rank="1">
          <label cBy="auto-aug" start="24" end="29" name="Target" />
        </layer>
      </annotationSet>
    </sentence>
    <sentence sentNo="0" ID="1453115n">
      <text>I reckon over the past two years I 've probably earned $50,000 with being at home , in lost earnings .</text>
      <annotationSet cDate="08/08/2025 07:59:57 PST Fri" status="AUGMENTED" ID="0">
        <layer name="FE" rank="1">
          <label cBy="auto-aug" feID="11045" start="9" end="31" name="Time" />
          <label cBy="auto-aug" feID="11036" start="33" end="33" name="Earner" />
          <label cBy="auto-aug" feID="11037" start="55" end="61" name="Earnings" />
        </layer>
        <layer name="Target" rank="1">
          <label cBy="auto-aug" start="48" end="53" name="Target" />
        </layer>
      </annotationSet>
    </sentence>
  </subCorpus>
</lexUnit>