<?xml version='1.0' encoding='UTF-8'?>
<lexUnit xmlns="http://framenet.icsi.berkeley.edu" xmlns:xsi="http://www.w3.org/2001/XMLSchema-instance" status="Created" POS="V" name="enclose.v" ID="14796" frame="Placing" frameID="62" totalAnnotated="4" xsi:schemaLocation="../schema/lexUnit.xsd">
  <header>
    <corpus description="American National Corpus Texts" name="ANC" ID="195">
      <document description="Goodwill fund-raising letter" name="110CYL068" ID="23792" />
      <document description="Goodwill fund-raising letter" name="110CYL069" ID="23794" />
    </corpus>
    <corpus description="LUCorpus-v0.3" name="LUCorpus-v0.3" ID="205">
      <document description="602CZL285-1" name="602CZL285-1" ID="23714" />
    </corpus>
    <frame>
      <FE fgColor="FFFFFF" bgColor="FF0000" type="Core" abbrev="Agt" name="Agent" />
      <FE fgColor="FFFFFF" bgColor="808080" type="Peripheral" abbrev="Area" name="Area" />
      <FE fgColor="000000" bgColor="EEE8AA" type="Extra-Thematic" abbrev="" name="Beneficiary" />
      <FE fgColor="FFFFFF" bgColor="2E8B57" type="Core" abbrev="Cause" name="Cause" />
      <FE fgColor="FFFFFF" bgColor="9F79EE" type="Extra-Thematic" abbrev="Thm_c" name="Cotheme" />
      <FE fgColor="FFFFFF" bgColor="FF69B4" type="Extra-Thematic" abbrev="Degr" name="Degree" />
      <FE fgColor="FFFFFF" bgColor="9400D3" type="Extra-Thematic" abbrev="Dep" name="Depictive" />
      <FE fgColor="000000" bgColor="FFFF00" type="Peripheral" abbrev="Dist" name="Distance" />
      <FE fgColor="FFFFFF" bgColor="90876C" type="Extra-Thematic" abbrev="Duration" name="Duration" />
      <FE fgColor="FFFFFF" bgColor="7CCD73" type="Extra-Thematic" abbrev="Exp" name="Explanation" />
      <FE fgColor="FFFFFF" bgColor="00BFFF" type="Core" abbrev="Goal" name="Goal" />
      <FE fgColor="FFFFFF" bgColor="FF00FF" type="Peripheral" abbrev="Manr" name="Manner" />
      <FE fgColor="FFFFFF" bgColor="FF69B4" type="Peripheral" abbrev="Mns" name="Means" />
      <FE fgColor="FFFFFF" bgColor="0000FF" type="Peripheral" abbrev="Path" name="Path" />
      <FE fgColor="FFFFFF" bgColor="008000" type="Peripheral" abbrev="Place" name="Place" />
      <FE fgColor="00008B" bgColor="d0d0d0" type="Extra-Thematic" abbrev="" name="Purpose" />
      <FE fgColor="FFFFFF" bgColor="808080" type="Extra-Thematic" abbrev="Result" name="Result" />
      <FE fgColor="FFFFFF" bgColor="9400D3" type="Peripheral" abbrev="Src" name="Source" />
      <FE fgColor="FFFFFF" bgColor="006400" type="Peripheral" abbrev="Spd" name="Speed" />
      <FE fgColor="FFFFFF" bgColor="800080" type="Core" abbrev="Thm" name="Theme" />
      <FE fgColor="FFFFFF" bgColor="FFA500" type="Peripheral" abbrev="Time" name="Time" />
    </frame>
  </header>
  <definition>FN: insert inside a container</definition>
  <lexeme POS="V" name="enclose" />
  <valences>
    <FERealization total="4">
      <FE name="Agent" />
      <pattern total="2">
        <valenceUnit GF="" PT="CNI" FE="Agent" />
        <annoSet ID="6551629" />
        <annoSet ID="6556509" />
      </pattern>
      <pattern total="1">
        <valenceUnit GF="" PT="DNI" FE="Agent" />
        <annoSet ID="6557093" />
      </pattern>
      <pattern total="1">
        <valenceUnit GF="Ext" PT="NP" FE="Agent" />
        <annoSet ID="6551615" />
      </pattern>
    </FERealization>
    <FERealization total="4">
      <FE name="Goal" />
      <pattern total="2">
        <valenceUnit GF="" PT="DNI" FE="Goal" />
        <annoSet ID="6556509" />
        <annoSet ID="6557093" />
      </pattern>
      <pattern total="2">
        <valenceUnit GF="" PT="INI" FE="Goal" />
        <annoSet ID="6551615" />
        <annoSet ID="6551629" />
      </pattern>
    </FERealization>
    <FERealization total="4">
      <FE name="Theme" />
      <pattern total="1">
        <valenceUnit GF="Head" PT="N" FE="Theme" />
        <annoSet ID="6556509" />
      </pattern>
      <pattern total="2">
        <valenceUnit GF="Ext" PT="NP" FE="Theme" />
        <annoSet ID="6551615" />
        <annoSet ID="6551629" />
      </pattern>
      <pattern total="1">
        <valenceUnit GF="Obj" PT="NP" FE="Theme" />
        <annoSet ID="6557093" />
      </pattern>
    </FERealization>
    <FEGroupRealization total="4">
      <FE name="Agent" />
      <FE name="Goal" />
      <FE name="Theme" />
      <pattern total="1">
        <valenceUnit GF="" PT="CNI" FE="Agent" />
        <valenceUnit GF="" PT="DNI" FE="Goal" />
        <valenceUnit GF="Head" PT="N" FE="Theme" />
        <annoSet ID="6556509" />
      </pattern>
      <pattern total="1">
        <valenceUnit GF="" PT="CNI" FE="Agent" />
        <valenceUnit GF="" PT="INI" FE="Goal" />
        <valenceUnit GF="Ext" PT="NP" FE="Theme" />
        <annoSet ID="6551629" />
      </pattern>
      <pattern total="1">
        <valenceUnit GF="" PT="DNI" FE="Agent" />
        <valenceUnit GF="" PT="DNI" FE="Goal" />
        <valenceUnit GF="Obj" PT="NP" FE="Theme" />
        <annoSet ID="6557093" />
      </pattern>
      <pattern total="1">
        <valenceUnit GF="Ext" PT="NP" FE="Agent" />
        <valenceUnit GF="" PT="INI" FE="Goal" />
        <valenceUnit GF="Ext" PT="NP" FE="Theme" />
        <annoSet ID="6551615" />
      </pattern>
    </FEGroupRealization>
  </valences>
  <subCorpus name="V-augmented">
    <sentence sentNo="0" ID="240317n">
      <text>As long ago as the late 1970s , the US Library of Congress was implementing a pilot plan to enclose the documents within a secure system using analogue videodiscs to store the document images . </text>
      <annotationSet cDate="08/08/2025 07:55:04 PST Fri" status="AUGMENTED" ID="0">
        <layer name="FE" rank="1">
          <label cBy="auto-aug" feID="274" start="100" end="112" name="Theme" />
          <label cBy="auto-aug" feID="277" start="114" end="135" name="Goal" />
          <label cBy="auto-aug" feID="736" start="137" end="190" name="Means" />
        </layer>
        <layer name="Target" rank="1">
          <label cBy="auto-aug" start="92" end="98" name="Target" />
        </layer>
      </annotationSet>
    </sentence>
    <sentence sentNo="0" ID="249807n">
      <text>As soon as he came in I made him let me look at his head , and I enclosed the gift in a box . </text>
      <annotationSet cDate="08/08/2025 07:55:04 PST Fri" status="AUGMENTED" ID="0">
        <layer name="FE" rank="1">
          <label cBy="auto-aug" feID="273" start="22" end="22" name="Agent" />
          <label cBy="auto-aug" feID="274" start="74" end="81" name="Theme" />
          <label cBy="auto-aug" feID="277" start="83" end="90" name="Goal" />
        </layer>
        <layer name="Target" rank="1">
          <label cBy="auto-aug" start="65" end="72" name="Target" />
        </layer>
      </annotationSet>
    </sentence>
    <sentence sentNo="0" ID="240912n">
      <text>Burton enclosed the documents away . </text>
      <annotationSet cDate="08/08/2025 07:55:04 PST Fri" status="AUGMENTED" ID="0">
        <layer name="FE" rank="1">
          <label cBy="auto-aug" feID="273" start="0" end="5" name="Agent" />
          <label cBy="auto-aug" feID="274" start="16" end="28" name="Theme" />
          <label cBy="auto-aug" feID="275" start="30" end="33" name="Source" />
        </layer>
        <layer name="Target" rank="1">
          <label cBy="auto-aug" start="7" end="14" name="Target" />
        </layer>
      </annotationSet>
    </sentence>
  </subCorpus>
</lexUnit>