<?xml version='1.0' encoding='UTF-8'?>
<lexUnit xmlns="http://framenet.icsi.berkeley.edu" xmlns:xsi="http://www.w3.org/2001/XMLSchema-instance" status="Insufficient_Attestations" POS="V" name="see.v" ID="14189" frame="Touring" frameID="1907" totalAnnotated="4" xsi:schemaLocation="../schema/lexUnit.xsd">
  <header>
    <corpus description="BNC2" name="BNC2" ID="111">
      <document description="bncp" name="bncp" ID="421" />
    </corpus>
    <corpus description="American National Corpus Texts" name="ANC" ID="195">
      <document description="Berlitz Intro of Dublin" name="IntroOfDublin" ID="23652" />
      <document description="Berlitz Where to Go in Hong Kong" name="WhereToHongKong" ID="23771" />
    </corpus>
    <frame>
      <FE fgColor="FFFFFF" bgColor="0000FF" type="Core" abbrev="Phen" name="Attraction" />
      <FE fgColor="FFFFFF" bgColor="2E8B57" type="Extra-Thematic" abbrev="co-p" name="Co-participant" />
      <FE fgColor="FFFFFF" bgColor="9400D3" type="Extra-Thematic" abbrev="State" name="Depictive" />
      <FE fgColor="000000" bgColor="d0d0d0" type="Peripheral" abbrev="Dur" name="Duration" />
      <FE fgColor="FFFFFF" bgColor="A52A2A" type="Extra-Thematic" abbrev="Ground" name="Ground" />
      <FE fgColor="FFFFFF" bgColor="FF00FF" type="Peripheral" abbrev="Manr" name="Manner" />
      <FE fgColor="FFFFFF" bgColor="00BFFF" type="Peripheral" abbrev="Mns" name="Means" />
      <FE fgColor="FFFFFF" bgColor="00008B" type="Extra-Thematic" abbrev="" name="Particular_iteration" />
      <FE fgColor="FFFFFF" bgColor="008000" type="Peripheral" abbrev="" name="Place" />
      <FE fgColor="FFFFFF" bgColor="1E90FF" type="Peripheral" abbrev="Purp" name="Purpose" />
      <FE fgColor="FFFFFF" bgColor="FFA500" type="Peripheral" abbrev="Tim" name="Time" />
      <FE fgColor="FFFFFF" bgColor="FF0000" type="Core" abbrev="per" name="Tourist" />
    </frame>
  </header>
  <definition>FN: visit and experience (a place)</definition>
  <lexeme POS="V" name="see" />
  <valences>
    <FERealization total="4">
      <FE name="Attraction" />
      <pattern total="4">
        <valenceUnit GF="Obj" PT="NP" FE="Attraction" />
        <annoSet ID="2279379" />
        <annoSet ID="2280403" />
        <annoSet ID="6543696" />
        <annoSet ID="6559801" />
      </pattern>
    </FERealization>
    <FERealization total="1">
      <FE name="Manner" />
      <pattern total="1">
        <valenceUnit GF="Dep" PT="PP[on]" FE="Manner" />
        <annoSet ID="6543696" />
      </pattern>
    </FERealization>
    <FERealization total="1">
      <FE name="Particular_iteration" />
      <pattern total="1">
        <valenceUnit GF="Dep" PT="PP[for]" FE="Particular_iteration" />
        <annoSet ID="2280403" />
      </pattern>
    </FERealization>
    <FERealization total="2">
      <FE name="Time" />
      <pattern total="1">
        <valenceUnit GF="Dep" PT="NP" FE="Time" />
        <annoSet ID="2280403" />
      </pattern>
      <pattern total="1">
        <valenceUnit GF="Dep" PT="Sub" FE="Time" />
        <annoSet ID="2279379" />
      </pattern>
    </FERealization>
    <FERealization total="4">
      <FE name="Tourist" />
      <pattern total="3">
        <valenceUnit GF="Ext" PT="NP" FE="Tourist" />
        <annoSet ID="2279379" />
        <annoSet ID="2280403" />
        <annoSet ID="6543696" />
      </pattern>
      <pattern total="1">
        <valenceUnit GF="" PT="CNI" FE="Tourist" />
        <annoSet ID="6559801" />
      </pattern>
    </FERealization>
    <FEGroupRealization total="1">
      <FE name="Attraction" />
      <FE name="Manner" />
      <FE name="Tourist" />
      <pattern total="1">
        <valenceUnit GF="Obj" PT="NP" FE="Attraction" />
        <valenceUnit GF="Dep" PT="PP[on]" FE="Manner" />
        <valenceUnit GF="Ext" PT="NP" FE="Tourist" />
        <annoSet ID="6543696" />
      </pattern>
    </FEGroupRealization>
    <FEGroupRealization total="1">
      <FE name="Attraction" />
      <FE name="Particular_iteration" />
      <FE name="Time" />
      <FE name="Tourist" />
      <pattern total="1">
        <valenceUnit GF="Obj" PT="NP" FE="Attraction" />
        <valenceUnit GF="Dep" PT="PP[for]" FE="Particular_iteration" />
        <valenceUnit GF="Dep" PT="NP" FE="Time" />
        <valenceUnit GF="Ext" PT="NP" FE="Tourist" />
        <annoSet ID="2280403" />
      </pattern>
    </FEGroupRealization>
    <FEGroupRealization total="1">
      <FE name="Attraction" />
      <FE name="Time" />
      <FE name="Tourist" />
      <pattern total="1">
        <valenceUnit GF="Obj" PT="NP" FE="Attraction" />
        <valenceUnit GF="Dep" PT="Sub" FE="Time" />
        <valenceUnit GF="Ext" PT="NP" FE="Tourist" />
        <annoSet ID="2279379" />
      </pattern>
    </FEGroupRealization>
    <FEGroupRealization total="1">
      <FE name="Attraction" />
      <FE name="Tourist" />
      <pattern total="1">
        <valenceUnit GF="Obj" PT="NP" FE="Attraction" />
        <valenceUnit GF="" PT="CNI" FE="Tourist" />
        <annoSet ID="6559801" />
      </pattern>
    </FEGroupRealization>
  </valences>
  <subCorpus name="V-augmented">
    <sentence sentNo="0" ID="1501418n">
      <text>Hugh Arbuthnot took time off from his duties to see the sunset , and decided that apart from its inhabitants , it was one of the most beautiful places on earth .</text>
      <annotationSet cDate="08/08/2025 08:00:13 PST Fri" status="AUGMENTED" ID="0">
        <layer name="FE" rank="1">
          <label cBy="auto-aug" feID="11395" start="0" end="13" name="Tourist" />
          <label cBy="auto-aug" feID="11396" start="52" end="61" name="Attraction" />
        </layer>
        <layer name="Target" rank="1">
          <label cBy="auto-aug" start="48" end="50" name="Target" />
        </layer>
      </annotationSet>
    </sentence>
    <sentence sentNo="0" ID="1501386n">
      <text>Yesterday she and her mayoress , daughter Linda Charles , saw a rare bird in the company of Coun Fishwick .</text>
      <annotationSet cDate="08/08/2025 08:00:13 PST Fri" status="AUGMENTED" ID="0">
        <layer name="FE" rank="1">
          <label cBy="auto-aug" feID="11404" start="0" end="8" name="Time" />
          <label cBy="auto-aug" feID="11395" start="10" end="54" name="Tourist" />
          <label cBy="auto-aug" feID="11396" start="62" end="72" name="Attraction" />
          <label cBy="auto-aug" feID="13490" start="74" end="104" name="Co-participant" />
        </layer>
        <layer name="Target" rank="1">
          <label cBy="auto-aug" start="58" end="60" name="Target" />
        </layer>
      </annotationSet>
    </sentence>
    <sentence sentNo="0" ID="1501342n">
      <text>The Labour MP Dr Jack Cunningham was seeing the affected areas during the nuclear spillage , but the nuclear company failed to notify him of the incident .</text>
      <annotationSet cDate="08/08/2025 08:00:13 PST Fri" status="AUGMENTED" ID="0">
        <layer name="FE" rank="1">
          <label cBy="auto-aug" feID="11395" start="0" end="31" name="Tourist" />
          <label cBy="auto-aug" feID="11396" start="44" end="61" name="Attraction" />
          <label cBy="auto-aug" feID="11404" start="63" end="89" name="Time" />
        </layer>
        <layer name="Target" rank="1">
          <label cBy="auto-aug" start="37" end="42" name="Target" />
        </layer>
      </annotationSet>
    </sentence>
  </subCorpus>
</lexUnit>