<?xml version='1.0' encoding='UTF-8'?>
<lexUnit xmlns="http://framenet.icsi.berkeley.edu" xmlns:xsi="http://www.w3.org/2001/XMLSchema-instance" status="Finished_Initial" POS="V" name="capture.v" ID="14805" frame="Conquering" frameID="2021" totalAnnotated="22" xsi:schemaLocation="../schema/lexUnit.xsd">
  <header>
    <corpus description="BNC2" name="BNC2" ID="111">
      <document description="bncp" name="bncp" ID="421" />
    </corpus>
    <corpus description="Wall Street Journal Texts from the PropBank Project" name="PropBank" ID="115">
      <document description="Ticket Splitting" name="TicketSplitting" ID="23012" />
    </corpus>
    <corpus description="American National Corpus Texts" name="ANC" ID="195">
      <document description="Berlitz History of Greece" name="HistoryOfGreece" ID="23692" />
    </corpus>
    <frame>
      <FE fgColor="FFFFFF" bgColor="FF0000" type="Core" abbrev="Con" name="Conqueror" />
      <FE fgColor="FFFFFF" bgColor="1E90FF" type="Peripheral" abbrev="Deg" name="Degree" />
      <FE fgColor="FFFFFF" bgColor="7CCD73" type="Extra-Thematic" abbrev="Dep" name="Depictive" />
      <FE fgColor="000000" bgColor="FFD700" type="Extra-Thematic" abbrev="freq" name="Frequency" />
      <FE fgColor="FFFFFF" bgColor="808080" type="Peripheral" abbrev="Ins" name="Instrument" />
      <FE fgColor="FFFFFF" bgColor="FF00FF" type="Peripheral" abbrev="Man" name="Manner" />
      <FE fgColor="FFFFFF" bgColor="A52A2A" type="Peripheral" abbrev="Mea" name="Means" />
      <FE fgColor="FFFFFF" bgColor="008000" type="Peripheral" abbrev="Pla" name="Place" />
      <FE fgColor="FFFFFF" bgColor="800080" type="Extra-Thematic" abbrev="Pur" name="Purpose" />
      <FE fgColor="FFFFFF" bgColor="0000FF" type="Core" abbrev="The" name="Theme" />
      <FE fgColor="FFFFFF" bgColor="FFA500" type="Peripheral" abbrev="Tim" name="Time" />
    </frame>
  </header>
  <definition>FN: forcibly taking over a land, its people, and its governement.</definition>
  <lexeme POS="V" name="capture" />
  <valences>
    <FERealization total="22">
      <FE name="Conqueror" />
      <pattern total="1">
        <valenceUnit GF="" PT="CNI" FE="Conqueror" />
        <annoSet ID="2377049" />
      </pattern>
      <pattern total="14">
        <valenceUnit GF="Ext" PT="NP" FE="Conqueror" />
        <annoSet ID="2376957" />
        <annoSet ID="2376973" />
        <annoSet ID="2376977" />
        <annoSet ID="2377007" />
        <annoSet ID="2377011" />
        <annoSet ID="2377055" />
        <annoSet ID="2377115" />
        <annoSet ID="2377207" />
        <annoSet ID="2377233" />
        <annoSet ID="2377237" />
        <annoSet ID="2377281" />
        <annoSet ID="2377295" />
        <annoSet ID="4531020" />
        <annoSet ID="6552227" />
      </pattern>
      <pattern total="7">
        <valenceUnit GF="Dep" PT="PP[by]" FE="Conqueror" />
        <annoSet ID="2376971" />
        <annoSet ID="2376981" />
        <annoSet ID="2377065" />
        <annoSet ID="2377159" />
        <annoSet ID="2377177" />
        <annoSet ID="2377191" />
        <annoSet ID="2377215" />
      </pattern>
    </FERealization>
    <FERealization total="1">
      <FE name="Place" />
      <pattern total="1">
        <valenceUnit GF="Dep" PT="PP[on]" FE="Place" />
        <annoSet ID="2377207" />
      </pattern>
    </FERealization>
    <FERealization total="22">
      <FE name="Theme" />
      <pattern total="7">
        <valenceUnit GF="Ext" PT="NP" FE="Theme" />
        <annoSet ID="2376971" />
        <annoSet ID="2377049" />
        <annoSet ID="2377065" />
        <annoSet ID="2377159" />
        <annoSet ID="2377177" />
        <annoSet ID="2377191" />
        <annoSet ID="2377215" />
      </pattern>
      <pattern total="13">
        <valenceUnit GF="Obj" PT="NP" FE="Theme" />
        <annoSet ID="2376957" />
        <annoSet ID="2376973" />
        <annoSet ID="2376977" />
        <annoSet ID="2377007" />
        <annoSet ID="2377011" />
        <annoSet ID="2377055" />
        <annoSet ID="2377115" />
        <annoSet ID="2377207" />
        <annoSet ID="2377233" />
        <annoSet ID="2377237" />
        <annoSet ID="2377295" />
        <annoSet ID="4531020" />
        <annoSet ID="6552227" />
      </pattern>
      <pattern total="1">
        <valenceUnit GF="Dep" PT="NP" FE="Theme" />
        <annoSet ID="2377281" />
      </pattern>
      <pattern total="1">
        <valenceUnit GF="" PT="CNI" FE="Theme" />
        <annoSet ID="2376981" />
      </pattern>
    </FERealization>
    <FERealization total="11">
      <FE name="Time" />
      <pattern total="3">
        <valenceUnit GF="Dep" PT="AVP" FE="Time" />
        <annoSet ID="2377007" />
        <annoSet ID="2377011" />
        <annoSet ID="2377049" />
      </pattern>
      <pattern total="2">
        <valenceUnit GF="Dep" PT="NP" FE="Time" />
        <annoSet ID="2377237" />
        <annoSet ID="2377281" />
      </pattern>
      <pattern total="4">
        <valenceUnit GF="Dep" PT="PP[in]" FE="Time" />
        <annoSet ID="2376981" />
        <annoSet ID="2377177" />
        <annoSet ID="2377233" />
        <annoSet ID="6552227" />
      </pattern>
      <pattern total="1">
        <valenceUnit GF="Dep" PT="PP[on]" FE="Time" />
        <annoSet ID="2376957" />
      </pattern>
      <pattern total="1">
        <valenceUnit GF="Dep" PT="PP[during]" FE="Time" />
        <annoSet ID="2377065" />
      </pattern>
    </FERealization>
    <FEGroupRealization total="1">
      <FE name="Conqueror" />
      <FE name="Place" />
      <FE name="Theme" />
      <pattern total="1">
        <valenceUnit GF="Ext" PT="NP" FE="Conqueror" />
        <valenceUnit GF="Dep" PT="PP[on]" FE="Place" />
        <valenceUnit GF="Obj" PT="NP" FE="Theme" />
        <annoSet ID="2377207" />
      </pattern>
    </FEGroupRealization>
    <FEGroupRealization total="10">
      <FE name="Conqueror" />
      <FE name="Theme" />
      <pattern total="6">
        <valenceUnit GF="Ext" PT="NP" FE="Conqueror" />
        <valenceUnit GF="Obj" PT="NP" FE="Theme" />
        <annoSet ID="2376973" />
        <annoSet ID="2376977" />
        <annoSet ID="2377055" />
        <annoSet ID="2377115" />
        <annoSet ID="2377295" />
        <annoSet ID="4531020" />
      </pattern>
      <pattern total="4">
        <valenceUnit GF="Dep" PT="PP[by]" FE="Conqueror" />
        <valenceUnit GF="Ext" PT="NP" FE="Theme" />
        <annoSet ID="2376971" />
        <annoSet ID="2377159" />
        <annoSet ID="2377191" />
        <annoSet ID="2377215" />
      </pattern>
    </FEGroupRealization>
    <FEGroupRealization total="1">
      <FE name="Conqueror" />
      <FE name="Theme" />
      <FE name="Theme" />
      <FE name="Time" />
      <pattern total="1">
        <valenceUnit GF="Ext" PT="NP" FE="Conqueror" />
        <valenceUnit GF="Dep" PT="NP" FE="Theme" />
        <valenceUnit GF="Dep" PT="NP" FE="Theme" />
        <valenceUnit GF="Dep" PT="NP" FE="Time" />
        <annoSet ID="2377281" />
      </pattern>
    </FEGroupRealization>
    <FEGroupRealization total="10">
      <FE name="Conqueror" />
      <FE name="Theme" />
      <FE name="Time" />
      <pattern total="1">
        <valenceUnit GF="" PT="CNI" FE="Conqueror" />
        <valenceUnit GF="Ext" PT="NP" FE="Theme" />
        <valenceUnit GF="Dep" PT="AVP" FE="Time" />
        <annoSet ID="2377049" />
      </pattern>
      <pattern total="2">
        <valenceUnit GF="Ext" PT="NP" FE="Conqueror" />
        <valenceUnit GF="Obj" PT="NP" FE="Theme" />
        <valenceUnit GF="Dep" PT="AVP" FE="Time" />
        <annoSet ID="2377007" />
        <annoSet ID="2377011" />
      </pattern>
      <pattern total="1">
        <valenceUnit GF="Ext" PT="NP" FE="Conqueror" />
        <valenceUnit GF="Obj" PT="NP" FE="Theme" />
        <valenceUnit GF="Dep" PT="NP" FE="Time" />
        <annoSet ID="2377237" />
      </pattern>
      <pattern total="2">
        <valenceUnit GF="Ext" PT="NP" FE="Conqueror" />
        <valenceUnit GF="Obj" PT="NP" FE="Theme" />
        <valenceUnit GF="Dep" PT="PP[in]" FE="Time" />
        <annoSet ID="2377233" />
        <annoSet ID="6552227" />
      </pattern>
      <pattern total="1">
        <valenceUnit GF="Ext" PT="NP" FE="Conqueror" />
        <valenceUnit GF="Obj" PT="NP" FE="Theme" />
        <valenceUnit GF="Dep" PT="PP[on]" FE="Time" />
        <annoSet ID="2376957" />
      </pattern>
      <pattern total="1">
        <valenceUnit GF="Dep" PT="PP[by]" FE="Conqueror" />
        <valenceUnit GF="" PT="CNI" FE="Theme" />
        <valenceUnit GF="Dep" PT="PP[in]" FE="Time" />
        <annoSet ID="2376981" />
      </pattern>
      <pattern total="1">
        <valenceUnit GF="Dep" PT="PP[by]" FE="Conqueror" />
        <valenceUnit GF="Ext" PT="NP" FE="Theme" />
        <valenceUnit GF="Dep" PT="PP[during]" FE="Time" />
        <annoSet ID="2377065" />
      </pattern>
      <pattern total="1">
        <valenceUnit GF="Dep" PT="PP[by]" FE="Conqueror" />
        <valenceUnit GF="Ext" PT="NP" FE="Theme" />
        <valenceUnit GF="Dep" PT="PP[in]" FE="Time" />
        <annoSet ID="2377177" />
      </pattern>
    </FEGroupRealization>
  </valences>
  <subCorpus name="V-augmented">
    <sentence sentNo="0" ID="4101249n">
      <text>the animals were captured by the hunters .</text>
      <annotationSet cDate="08/08/2025 08:00:43 PST Fri" status="AUGMENTED" ID="0">
        <layer name="FE" rank="1">
          <label cBy="auto-aug" feID="12266" start="0" end="10" name="Theme" />
          <label cBy="auto-aug" feID="12265" start="26" end="39" name="Conqueror" />
        </layer>
        <layer name="Target" rank="1">
          <label cBy="auto-aug" start="17" end="24" name="Target" />
        </layer>
      </annotationSet>
    </sentence>
    <sentence sentNo="0" ID="1464558n">
      <text>` I could go out and capture her, , " he told her , bending to kiss her on the mouth .</text>
      <annotationSet cDate="08/08/2025 08:00:43 PST Fri" status="AUGMENTED" ID="0">
        <layer name="FE" rank="1">
          <label cBy="auto-aug" feID="12265" start="2" end="2" name="Conqueror" />
          <label cBy="auto-aug" feID="12266" start="29" end="32" name="Theme" />
        </layer>
        <layer name="Target" rank="1">
          <label cBy="auto-aug" start="21" end="27" name="Target" />
        </layer>
      </annotationSet>
    </sentence>
    <sentence sentNo="0" ID="4101261n">
      <text>In 1453 , they captured the city , and immediately made it their capital , renaming it Istanbul .</text>
      <annotationSet cDate="08/08/2025 08:00:43 PST Fri" status="AUGMENTED" ID="0">
        <layer name="FE" rank="1">
          <label cBy="auto-aug" feID="12272" start="0" end="6" name="Time" />
          <label cBy="auto-aug" feID="12265" start="10" end="13" name="Conqueror" />
          <label cBy="auto-aug" feID="12266" start="24" end="31" name="Theme" />
        </layer>
        <layer name="Target" rank="1">
          <label cBy="auto-aug" start="15" end="22" name="Target" />
        </layer>
      </annotationSet>
    </sentence>
  </subCorpus>
</lexUnit>