<?xml version='1.0' encoding='UTF-8'?>
<lexUnit xmlns="http://framenet.icsi.berkeley.edu" xmlns:xsi="http://www.w3.org/2001/XMLSchema-instance" status="Created" POS="V" name="mean.v" ID="14369" frame="Causation" frameID="5" totalAnnotated="4" xsi:schemaLocation="../schema/lexUnit.xsd">
  <header>
    <corpus description="Miscellaneous" name="Miscellaneous" ID="175">
      <document description="TigerOfSanPedro" name="Tiger_Of_San_Pedro" ID="25343" />
    </corpus>
    <corpus description="American National Corpus Texts" name="ANC" ID="195">
      <document description="Berlitz Intro of Dublin" name="IntroOfDublin" ID="23652" />
      <document description="Goodwill fund-raising letter" name="110CYL067" ID="23791" />
    </corpus>
    <corpus description="LUCorpus-v0.3" name="LUCorpus-v0.3" ID="205">
      <document description="wsj_2465" name="wsj_2465" ID="23722" />
    </corpus>
    <frame>
      <FE fgColor="FFFFFF" bgColor="1E90FF" type="Core" abbrev="act" name="Actor" />
      <FE fgColor="FFFFFF" bgColor="800080" type="Core" abbrev="Affected" name="Affected" />
      <FE fgColor="FFFFFF" bgColor="0000FF" type="Core-Unexpressed" abbrev="Cause" name="Cause" />
      <FE fgColor="000000" bgColor="FFFF00" type="Extra-Thematic" abbrev="cir" name="Circumstances" />
      <FE fgColor="FFFFFF" bgColor="7CCD73" type="Extra-Thematic" abbrev="con" name="Concessive" />
      <FE fgColor="FFFFFF" bgColor="FF0000" type="Core-Unexpressed" abbrev="Effect" name="Effect" />
      <FE fgColor="FFFFFF" bgColor="90876C" type="Extra-Thematic" abbrev="exp" name="Explanation" />
      <FE fgColor="FFFFFF" bgColor="00008B" type="Extra-Thematic" abbrev="fre" name="Frequency" />
      <FE fgColor="FFFFFF" bgColor="9400D3" type="Peripheral" abbrev="man" name="Manner" />
      <FE fgColor="FFFFFF" bgColor="A52A2A" type="Peripheral" abbrev="mea" name="Means" />
      <FE fgColor="FFFFFF" bgColor="008000" type="Peripheral" abbrev="Place" name="Place" />
      <FE fgColor="FFFFFF" bgColor="FFA500" type="Peripheral" abbrev="Time" name="Time" />
    </frame>
  </header>
  <definition>COD: have as a consequence or result.</definition>
  <lexeme POS="V" name="mean" />
  <valences>
    <FERealization total="1">
      <FE name="Affected" />
      <pattern total="1">
        <valenceUnit GF="Obj" PT="PP[to]" FE="Affected" />
        <annoSet ID="6646561" />
      </pattern>
    </FERealization>
    <FERealization total="4">
      <FE name="Cause" />
      <pattern total="4">
        <valenceUnit GF="Ext" PT="NP" FE="Cause" />
        <annoSet ID="6544074" />
        <annoSet ID="6549646" />
        <annoSet ID="6556526" />
        <annoSet ID="6646561" />
      </pattern>
    </FERealization>
    <FERealization total="4">
      <FE name="Effect" />
      <pattern total="1">
        <valenceUnit GF="Obj" PT="NP" FE="Effect" />
        <annoSet ID="6646561" />
      </pattern>
      <pattern total="1">
        <valenceUnit GF="" PT="DNI" FE="Effect" />
        <annoSet ID="6556526" />
      </pattern>
      <pattern total="2">
        <valenceUnit GF="Dep" PT="Sfin" FE="Effect" />
        <annoSet ID="6544074" />
        <annoSet ID="6549646" />
      </pattern>
    </FERealization>
    <FEGroupRealization total="1">
      <FE name="Affected" />
      <FE name="Cause" />
      <FE name="Effect" />
      <pattern total="1">
        <valenceUnit GF="Obj" PT="PP[to]" FE="Affected" />
        <valenceUnit GF="Ext" PT="NP" FE="Cause" />
        <valenceUnit GF="Obj" PT="NP" FE="Effect" />
        <annoSet ID="6646561" />
      </pattern>
    </FEGroupRealization>
    <FEGroupRealization total="3">
      <FE name="Cause" />
      <FE name="Effect" />
      <pattern total="1">
        <valenceUnit GF="Ext" PT="NP" FE="Cause" />
        <valenceUnit GF="" PT="DNI" FE="Effect" />
        <annoSet ID="6556526" />
      </pattern>
      <pattern total="2">
        <valenceUnit GF="Ext" PT="NP" FE="Cause" />
        <valenceUnit GF="Dep" PT="Sfin" FE="Effect" />
        <annoSet ID="6544074" />
        <annoSet ID="6549646" />
      </pattern>
    </FEGroupRealization>
  </valences>
  <subCorpus name="V-augmented">
    <sentence sentNo="0" ID="1370526n">
      <text>FROST and snow meant havoc fishermen and condemned all but the most intrepid of anglers to a day of domesticity .</text>
      <annotationSet cDate="08/08/2025 08:00:57 PST Fri" status="AUGMENTED" ID="0">
        <layer name="FE" rank="1">
          <label cBy="auto-aug" feID="18" start="0" end="13" name="Cause" />
          <label cBy="auto-aug" feID="20" start="21" end="25" name="Effect" />
          <label cBy="auto-aug" feID="19" start="27" end="35" name="Affected" />
        </layer>
        <layer name="Target" rank="1">
          <label cBy="auto-aug" start="15" end="19" name="Target" />
        </layer>
      </annotationSet>
    </sentence>
  </subCorpus>
</lexUnit>