<?xml version='1.0' encoding='UTF-8'?>
<lexUnit xmlns="http://framenet.icsi.berkeley.edu" xmlns:xsi="http://www.w3.org/2001/XMLSchema-instance" status="Finished_Initial" POS="V" name="have.v" ID="14422" frame="Have_associated" frameID="1933" totalAnnotated="45" xsi:schemaLocation="../schema/lexUnit.xsd">
  <header>
    <corpus description="BNC2" name="BNC2" ID="111">
      <document description="bncp" name="bncp" ID="421" />
    </corpus>
    <corpus description="Wall Street Journal Texts from the PropBank Project" name="PropBank" ID="115">
      <document description="Ticket Splitting" name="TicketSplitting" ID="23012" />
    </corpus>
    <corpus description="Texts from Nuclear Threat Initiative website, created by Center for Non-Proliferation Studies" name="NTI" ID="135">
      <document description="WMD News 06/26/2006" name="WMDNews_062606" ID="23621" />
    </corpus>
    <corpus description="American National Corpus Texts" name="ANC" ID="195">
      <document description="Slate magazine article: Stephanopoulos Crimes" name="StephanopoulosCrimes" ID="23642" />
      <document description="Berlitz Intro of Dublin" name="IntroOfDublin" ID="23652" />
      <document description="Berlitz History of Las Vegas" name="HistoryOfLasVegas" ID="23691" />
      <document description="Berlitz History of Greece" name="HistoryOfGreece" ID="23692" />
      <document description="Berlitz Where to Go in Hong Kong" name="WhereToHongKong" ID="23771" />
    </corpus>
    <corpus description="LUCorpus-v0.3" name="LUCorpus-v0.3" ID="205">
      <document description="602CZL285-1" name="602CZL285-1" ID="23714" />
      <document description="CNN_AARONBROWN_ENG_20051101_215800.partial-NEW" name="CNN_AARONBROWN_ENG_20051101_215800.partial-NEW" ID="23733" />
      <document description="AFGP-2002-600002-Trans" name="AFGP-2002-600002-Trans" ID="23736" />
      <document description="AFGP-2002-602187-Trans" name="AFGP-2002-602187-Trans" ID="23743" />
    </corpus>
    <frame>
      <FE fgColor="FFFFFF" bgColor="00008B" type="Extra-Thematic" abbrev="Circ" name="Circumstances" />
      <FE fgColor="FFFFFF" bgColor="1E90FF" type="Extra-Thematic" abbrev="" name="Concessive" />
      <FE fgColor="000000" bgColor="EEE8AA" type="Extra-Thematic" abbrev="" name="Depictive" />
      <FE fgColor="FFFFFF" bgColor="008000" type="Extra-Thematic" abbrev="Dur" name="Duration" />
      <FE fgColor="FFFFFF" bgColor="0000FF" type="Core" abbrev="Ent" name="Entity" />
      <FE fgColor="FFFFFF" bgColor="A9A9A9" type="Extra-Thematic" abbrev="Exp" name="Explanation" />
      <FE fgColor="FFFFFF" bgColor="9400D3" type="Extra-Thematic" abbrev="per" name="Period_of_iterations" />
      <FE fgColor="FFFFFF" bgColor="2E8B57" type="Peripheral" abbrev="Place" name="Place" />
      <FE fgColor="FFFFFF" bgColor="FFA500" type="Peripheral" abbrev="Time" name="Time" />
      <FE fgColor="FFFFFF" bgColor="FF0000" type="Core" abbrev="" name="Topical_entity" />
      <FE fgColor="FFFFFF" bgColor="9F79EE" type="Extra-Thematic" abbrev="Vie" name="Viewpoint" />
    </frame>
  </header>
  <definition>FN: used to indicate a relationship</definition>
  <lexeme POS="V" name="have" />
  <valences>
    <FERealization total="6">
      <FE name="Circumstances" />
      <pattern total="1">
        <valenceUnit GF="Dep" PT="PP[in]" FE="Circumstances" />
        <annoSet ID="6549493" />
      </pattern>
      <pattern total="1">
        <valenceUnit GF="Dep" PT="PP[through]" FE="Circumstances" />
        <annoSet ID="2278073" />
      </pattern>
      <pattern total="1">
        <valenceUnit GF="Dep" PT="PP[with]" FE="Circumstances" />
        <annoSet ID="6544150" />
      </pattern>
      <pattern total="2">
        <valenceUnit GF="Dep" PT="Sub" FE="Circumstances" />
        <annoSet ID="4531364" />
        <annoSet ID="4531368" />
      </pattern>
      <pattern total="1">
        <valenceUnit GF="Dep" PT="VPing" FE="Circumstances" />
        <annoSet ID="2278057" />
      </pattern>
    </FERealization>
    <FERealization total="1">
      <FE name="Concessive" />
      <pattern total="1">
        <valenceUnit GF="Dep" PT="Sub" FE="Concessive" />
        <annoSet ID="2278029" />
      </pattern>
    </FERealization>
    <FERealization total="45">
      <FE name="Entity" />
      <pattern total="31">
        <valenceUnit GF="Dep" PT="NP" FE="Entity" />
        <annoSet ID="2277879" />
        <annoSet ID="2277925" />
        <annoSet ID="2278011" />
        <annoSet ID="2278029" />
        <annoSet ID="2278033" />
        <annoSet ID="2278037" />
        <annoSet ID="2278057" />
        <annoSet ID="2278067" />
        <annoSet ID="2278073" />
        <annoSet ID="2278085" />
        <annoSet ID="2278097" />
        <annoSet ID="2278135" />
        <annoSet ID="2278141" />
        <annoSet ID="2278145" />
        <annoSet ID="2278163" />
        <annoSet ID="2278169" />
        <annoSet ID="2278183" />
        <annoSet ID="2278219" />
        <annoSet ID="6544146" />
        <annoSet ID="6544148" />
        <annoSet ID="6544150" />
        <annoSet ID="6545257" />
        <annoSet ID="6547706" />
        <annoSet ID="6547865" />
        <annoSet ID="6548369" />
        <annoSet ID="6549493" />
        <annoSet ID="6549679" />
        <annoSet ID="6549680" />
        <annoSet ID="6549759" />
        <annoSet ID="6549805" />
        <annoSet ID="6550345" />
      </pattern>
      <pattern total="10">
        <valenceUnit GF="Obj" PT="NP" FE="Entity" />
        <annoSet ID="4531363" />
        <annoSet ID="4531364" />
        <annoSet ID="4531365" />
        <annoSet ID="4531366" />
        <annoSet ID="4531368" />
        <annoSet ID="4531369" />
        <annoSet ID="6560873" />
        <annoSet ID="6561519" />
        <annoSet ID="6561626" />
        <annoSet ID="6562574" />
      </pattern>
      <pattern total="4">
        <valenceUnit GF="Ext" PT="NP" FE="Entity" />
        <annoSet ID="6561241" />
        <annoSet ID="6562175" />
        <annoSet ID="6562177" />
        <annoSet ID="6562200" />
      </pattern>
    </FERealization>
    <FERealization total="3">
      <FE name="Explanation" />
      <pattern total="1">
        <valenceUnit GF="" PT="2nd" FE="Explanation" />
        <annoSet ID="2278097" />
      </pattern>
      <pattern total="1">
        <valenceUnit GF="Dep" PT="PP[as]" FE="Explanation" />
        <annoSet ID="2278011" />
      </pattern>
      <pattern total="1">
        <valenceUnit GF="Dep" PT="VPing" FE="Explanation" />
        <annoSet ID="2278135" />
      </pattern>
    </FERealization>
    <FERealization total="1">
      <FE name="Period_of_iterations" />
      <pattern total="1">
        <valenceUnit GF="Dep" PT="PP[over]" FE="Period_of_iterations" />
        <annoSet ID="2278037" />
      </pattern>
    </FERealization>
    <FERealization total="4">
      <FE name="Time" />
      <pattern total="1">
        <valenceUnit GF="Dep" PT="PP[after]" FE="Time" />
        <annoSet ID="2278097" />
      </pattern>
      <pattern total="1">
        <valenceUnit GF="Dep" PT="AVP" FE="Time" />
        <annoSet ID="2278145" />
      </pattern>
      <pattern total="1">
        <valenceUnit GF="Dep" PT="PP[as]" FE="Time" />
        <annoSet ID="6548369" />
      </pattern>
      <pattern total="1">
        <valenceUnit GF="Dep" PT="PP[at]" FE="Time" />
        <annoSet ID="6562574" />
      </pattern>
    </FERealization>
    <FERealization total="45">
      <FE name="Topical_entity" />
      <pattern total="40">
        <valenceUnit GF="Ext" PT="NP" FE="Topical_entity" />
        <annoSet ID="2277879" />
        <annoSet ID="2277925" />
        <annoSet ID="2278011" />
        <annoSet ID="2278029" />
        <annoSet ID="2278033" />
        <annoSet ID="2278037" />
        <annoSet ID="2278057" />
        <annoSet ID="2278067" />
        <annoSet ID="2278073" />
        <annoSet ID="2278085" />
        <annoSet ID="2278097" />
        <annoSet ID="2278135" />
        <annoSet ID="2278141" />
        <annoSet ID="2278145" />
        <annoSet ID="2278163" />
        <annoSet ID="2278169" />
        <annoSet ID="2278183" />
        <annoSet ID="2278219" />
        <annoSet ID="4531363" />
        <annoSet ID="4531364" />
        <annoSet ID="4531365" />
        <annoSet ID="4531366" />
        <annoSet ID="4531368" />
        <annoSet ID="4531369" />
        <annoSet ID="6544146" />
        <annoSet ID="6544148" />
        <annoSet ID="6544150" />
        <annoSet ID="6545257" />
        <annoSet ID="6547865" />
        <annoSet ID="6548369" />
        <annoSet ID="6549493" />
        <annoSet ID="6549679" />
        <annoSet ID="6549680" />
        <annoSet ID="6549759" />
        <annoSet ID="6549805" />
        <annoSet ID="6550345" />
        <annoSet ID="6560873" />
        <annoSet ID="6561519" />
        <annoSet ID="6561626" />
        <annoSet ID="6562574" />
      </pattern>
      <pattern total="1">
        <valenceUnit GF="" PT="DNI" FE="Topical_entity" />
        <annoSet ID="6547706" />
      </pattern>
      <pattern total="4">
        <valenceUnit GF="Obj" PT="NP" FE="Topical_entity" />
        <annoSet ID="6561241" />
        <annoSet ID="6562175" />
        <annoSet ID="6562177" />
        <annoSet ID="6562200" />
      </pattern>
    </FERealization>
    <FEGroupRealization total="6">
      <FE name="Circumstances" />
      <FE name="Entity" />
      <FE name="Topical_entity" />
      <pattern total="1">
        <valenceUnit GF="Dep" PT="PP[in]" FE="Circumstances" />
        <valenceUnit GF="Dep" PT="NP" FE="Entity" />
        <valenceUnit GF="Ext" PT="NP" FE="Topical_entity" />
        <annoSet ID="6549493" />
      </pattern>
      <pattern total="1">
        <valenceUnit GF="Dep" PT="PP[through]" FE="Circumstances" />
        <valenceUnit GF="Dep" PT="NP" FE="Entity" />
        <valenceUnit GF="Ext" PT="NP" FE="Topical_entity" />
        <annoSet ID="2278073" />
      </pattern>
      <pattern total="1">
        <valenceUnit GF="Dep" PT="PP[with]" FE="Circumstances" />
        <valenceUnit GF="Dep" PT="NP" FE="Entity" />
        <valenceUnit GF="Ext" PT="NP" FE="Topical_entity" />
        <annoSet ID="6544150" />
      </pattern>
      <pattern total="2">
        <valenceUnit GF="Dep" PT="Sub" FE="Circumstances" />
        <valenceUnit GF="Obj" PT="NP" FE="Entity" />
        <valenceUnit GF="Ext" PT="NP" FE="Topical_entity" />
        <annoSet ID="4531364" />
        <annoSet ID="4531368" />
      </pattern>
      <pattern total="1">
        <valenceUnit GF="Dep" PT="VPing" FE="Circumstances" />
        <valenceUnit GF="Dep" PT="NP" FE="Entity" />
        <valenceUnit GF="Ext" PT="NP" FE="Topical_entity" />
        <annoSet ID="2278057" />
      </pattern>
    </FEGroupRealization>
    <FEGroupRealization total="1">
      <FE name="Concessive" />
      <FE name="Entity" />
      <FE name="Topical_entity" />
      <pattern total="1">
        <valenceUnit GF="Dep" PT="Sub" FE="Concessive" />
        <valenceUnit GF="Dep" PT="NP" FE="Entity" />
        <valenceUnit GF="Ext" PT="NP" FE="Topical_entity" />
        <annoSet ID="2278029" />
      </pattern>
    </FEGroupRealization>
    <FEGroupRealization total="1">
      <FE name="Entity" />
      <FE name="Entity" />
      <FE name="Topical_entity" />
      <pattern total="1">
        <valenceUnit GF="Ext" PT="NP" FE="Entity" />
        <valenceUnit GF="Ext" PT="NP" FE="Entity" />
        <valenceUnit GF="Obj" PT="NP" FE="Topical_entity" />
        <annoSet ID="6562175" />
      </pattern>
    </FEGroupRealization>
    <FEGroupRealization total="1">
      <FE name="Entity" />
      <FE name="Explanation" />
      <FE name="Time" />
      <FE name="Topical_entity" />
      <pattern total="1">
        <valenceUnit GF="Dep" PT="NP" FE="Entity" />
        <valenceUnit GF="" PT="2nd" FE="Explanation" />
        <valenceUnit GF="Dep" PT="PP[after]" FE="Time" />
        <valenceUnit GF="Ext" PT="NP" FE="Topical_entity" />
        <annoSet ID="2278097" />
      </pattern>
    </FEGroupRealization>
    <FEGroupRealization total="2">
      <FE name="Entity" />
      <FE name="Explanation" />
      <FE name="Topical_entity" />
      <pattern total="1">
        <valenceUnit GF="Dep" PT="NP" FE="Entity" />
        <valenceUnit GF="Dep" PT="PP[as]" FE="Explanation" />
        <valenceUnit GF="Ext" PT="NP" FE="Topical_entity" />
        <annoSet ID="2278011" />
      </pattern>
      <pattern total="1">
        <valenceUnit GF="Dep" PT="NP" FE="Entity" />
        <valenceUnit GF="Dep" PT="VPing" FE="Explanation" />
        <valenceUnit GF="Ext" PT="NP" FE="Topical_entity" />
        <annoSet ID="2278135" />
      </pattern>
    </FEGroupRealization>
    <FEGroupRealization total="1">
      <FE name="Entity" />
      <FE name="Period_of_iterations" />
      <FE name="Topical_entity" />
      <FE name="Topical_entity" />
      <pattern total="1">
        <valenceUnit GF="Dep" PT="NP" FE="Entity" />
        <valenceUnit GF="Dep" PT="PP[over]" FE="Period_of_iterations" />
        <valenceUnit GF="Ext" PT="NP" FE="Topical_entity" />
        <valenceUnit GF="Ext" PT="NP" FE="Topical_entity" />
        <annoSet ID="2278037" />
      </pattern>
    </FEGroupRealization>
    <FEGroupRealization total="2">
      <FE name="Entity" />
      <FE name="Time" />
      <FE name="Topical_entity" />
      <pattern total="1">
        <valenceUnit GF="Dep" PT="NP" FE="Entity" />
        <valenceUnit GF="Dep" PT="AVP" FE="Time" />
        <valenceUnit GF="Ext" PT="NP" FE="Topical_entity" />
        <annoSet ID="2278145" />
      </pattern>
      <pattern total="1">
        <valenceUnit GF="Dep" PT="NP" FE="Entity" />
        <valenceUnit GF="Dep" PT="PP[as]" FE="Time" />
        <valenceUnit GF="Ext" PT="NP" FE="Topical_entity" />
        <annoSet ID="6548369" />
      </pattern>
    </FEGroupRealization>
    <FEGroupRealization total="1">
      <FE name="Entity" />
      <FE name="Time" />
      <FE name="Topical_entity" />
      <FE name="Topical_entity" />
      <pattern total="1">
        <valenceUnit GF="Obj" PT="NP" FE="Entity" />
        <valenceUnit GF="Dep" PT="PP[at]" FE="Time" />
        <valenceUnit GF="Ext" PT="NP" FE="Topical_entity" />
        <valenceUnit GF="Ext" PT="NP" FE="Topical_entity" />
        <annoSet ID="6562574" />
      </pattern>
    </FEGroupRealization>
    <FEGroupRealization total="30">
      <FE name="Entity" />
      <FE name="Topical_entity" />
      <pattern total="1">
        <valenceUnit GF="Dep" PT="NP" FE="Entity" />
        <valenceUnit GF="" PT="DNI" FE="Topical_entity" />
        <annoSet ID="6547706" />
      </pattern>
      <pattern total="19">
        <valenceUnit GF="Dep" PT="NP" FE="Entity" />
        <valenceUnit GF="Ext" PT="NP" FE="Topical_entity" />
        <annoSet ID="2277879" />
        <annoSet ID="2277925" />
        <annoSet ID="2278033" />
        <annoSet ID="2278067" />
        <annoSet ID="2278085" />
        <annoSet ID="2278141" />
        <annoSet ID="2278163" />
        <annoSet ID="2278169" />
        <annoSet ID="2278183" />
        <annoSet ID="2278219" />
        <annoSet ID="6544146" />
        <annoSet ID="6544148" />
        <annoSet ID="6545257" />
        <annoSet ID="6547865" />
        <annoSet ID="6549679" />
        <annoSet ID="6549680" />
        <annoSet ID="6549759" />
        <annoSet ID="6549805" />
        <annoSet ID="6550345" />
      </pattern>
      <pattern total="3">
        <valenceUnit GF="Ext" PT="NP" FE="Entity" />
        <valenceUnit GF="Obj" PT="NP" FE="Topical_entity" />
        <annoSet ID="6561241" />
        <annoSet ID="6562177" />
        <annoSet ID="6562200" />
      </pattern>
      <pattern total="7">
        <valenceUnit GF="Obj" PT="NP" FE="Entity" />
        <valenceUnit GF="Ext" PT="NP" FE="Topical_entity" />
        <annoSet ID="4531363" />
        <annoSet ID="4531365" />
        <annoSet ID="4531366" />
        <annoSet ID="4531369" />
        <annoSet ID="6560873" />
        <annoSet ID="6561519" />
        <annoSet ID="6561626" />
      </pattern>
    </FEGroupRealization>
  </valences>
  <subCorpus name="V-augmented">
    <sentence sentNo="0" ID="4165026n">
      <text>Now when the wind howls and we 'have palm trees and eucalyptus trees that are literally exploding with their hot oil , they 've got these big , red hot embers that are flying through the sky and are catching anything on fire . ''</text>
      <annotationSet cDate="08/08/2025 08:00:58 PST Fri" status="AUGMENTED" ID="0">
        <layer name="FE" rank="1">
          <label cBy="auto-aug" feID="11660" start="28" end="29" name="Entity" />
          <label cBy="auto-aug" feID="11671" start="37" end="115" name="Topical_entity" />
          <label cBy="auto-aug" feID="11660" start="119" end="122" name="Entity" />
          <label cBy="auto-aug" feID="11671" start="132" end="223" name="Topical_entity" />
        </layer>
        <layer name="Target" rank="1">
          <label cBy="auto-aug" start="-1" end="2" name="Target" />
        </layer>
      </annotationSet>
    </sentence>
  </subCorpus>
</lexUnit>