<?xml version='1.0' encoding='UTF-8'?>
<lexUnit xmlns="http://framenet.icsi.berkeley.edu" xmlns:xsi="http://www.w3.org/2001/XMLSchema-instance" status="Created" POS="V" name="need.v" ID="14504" frame="Have_as_requirement" frameID="1491" totalAnnotated="4" xsi:schemaLocation="../schema/lexUnit.xsd">
  <header>
    <corpus description="Wall Street Journal Texts from the PropBank Project" name="PropBank" ID="115">
      <document description="Bell Ringing" name="BellRinging" ID="23009" />
    </corpus>
    <corpus description="American National Corpus Texts" name="ANC" ID="195">
      <document description="Berlitz History of Las Vegas" name="HistoryOfLasVegas" ID="23691" />
      <document description="Berlitz Where to Go in Hong Kong" name="WhereToHongKong" ID="23771" />
    </corpus>
    <frame>
      <FE fgColor="FFFFFF" bgColor="1E90FF" type="Extra-Thematic" abbrev="con" name="Condition" />
      <FE fgColor="FFFFFF" bgColor="FF00FF" type="Peripheral" abbrev="deg" name="Degree" />
      <FE fgColor="FFFFFF" bgColor="0000FF" type="Core" abbrev="dep" name="Dependent" />
      <FE fgColor="FFFFFF" bgColor="A52A2A" type="Extra-Thematic" abbrev="dom" name="Domain" />
      <FE fgColor="800080" bgColor="d0d0d0" type="Extra-Thematic" abbrev="exp" name="Explanation" />
      <FE fgColor="FFFFFF" bgColor="00BFFF" type="Peripheral" abbrev="pla" name="Place" />
      <FE fgColor="FFFFFF" bgColor="008000" type="Core" abbrev="reqe" name="Required_entity" />
      <FE fgColor="FFFFFF" bgColor="9400D3" type="Extra-Thematic" abbrev="reqi" name="Required_individual" />
      <FE fgColor="FFFFFF" bgColor="FF0000" type="Core" abbrev="req" name="Requirement" />
      <FE fgColor="FFFFFF" bgColor="FFA500" type="Peripheral" abbrev="tim" name="Time" />
    </frame>
  </header>
  <definition>FN: to require something in order to be operational.</definition>
  <lexeme POS="V" name="need" />
  <valences>
    <FERealization total="1">
      <FE name="Condition" />
      <pattern total="1">
        <valenceUnit GF="Dep" PT="VPto" FE="Condition" />
        <annoSet ID="6560277" />
      </pattern>
    </FERealization>
    <FERealization total="1">
      <FE name="Degree" />
      <pattern total="1">
        <valenceUnit GF="Dep" PT="VPing" FE="Degree" />
        <annoSet ID="6551681" />
      </pattern>
    </FERealization>
    <FERealization total="4">
      <FE name="Dependent" />
      <pattern total="3">
        <valenceUnit GF="Ext" PT="NP" FE="Dependent" />
        <annoSet ID="4531107" />
        <annoSet ID="6544415" />
        <annoSet ID="6560277" />
      </pattern>
      <pattern total="1">
        <valenceUnit GF="Ext" PT="Poss" FE="Dependent" />
        <annoSet ID="6551681" />
      </pattern>
    </FERealization>
    <FERealization total="3">
      <FE name="Required_entity" />
      <pattern total="2">
        <valenceUnit GF="Obj" PT="NP" FE="Required_entity" />
        <annoSet ID="6544415" />
        <annoSet ID="6560277" />
      </pattern>
      <pattern total="1">
        <valenceUnit GF="Dep" PT="PP[for]" FE="Required_entity" />
        <annoSet ID="6551681" />
      </pattern>
    </FERealization>
    <FERealization total="2">
      <FE name="Requirement" />
      <pattern total="1">
        <valenceUnit GF="" PT="DNI" FE="Requirement" />
        <annoSet ID="6544415" />
      </pattern>
      <pattern total="1">
        <valenceUnit GF="Dep" PT="VPto" FE="Requirement" />
        <annoSet ID="4531107" />
      </pattern>
    </FERealization>
    <FEGroupRealization total="1">
      <FE name="Condition" />
      <FE name="Dependent" />
      <FE name="Required_entity" />
      <pattern total="1">
        <valenceUnit GF="Dep" PT="VPto" FE="Condition" />
        <valenceUnit GF="Ext" PT="NP" FE="Dependent" />
        <valenceUnit GF="Obj" PT="NP" FE="Required_entity" />
        <annoSet ID="6560277" />
      </pattern>
    </FEGroupRealization>
    <FEGroupRealization total="1">
      <FE name="Degree" />
      <FE name="Dependent" />
      <FE name="Required_entity" />
      <pattern total="1">
        <valenceUnit GF="Dep" PT="VPing" FE="Degree" />
        <valenceUnit GF="Ext" PT="Poss" FE="Dependent" />
        <valenceUnit GF="Dep" PT="PP[for]" FE="Required_entity" />
        <annoSet ID="6551681" />
      </pattern>
    </FEGroupRealization>
    <FEGroupRealization total="1">
      <FE name="Dependent" />
      <FE name="Required_entity" />
      <FE name="Requirement" />
      <pattern total="1">
        <valenceUnit GF="Ext" PT="NP" FE="Dependent" />
        <valenceUnit GF="Obj" PT="NP" FE="Required_entity" />
        <valenceUnit GF="" PT="DNI" FE="Requirement" />
        <annoSet ID="6544415" />
      </pattern>
    </FEGroupRealization>
    <FEGroupRealization total="1">
      <FE name="Dependent" />
      <FE name="Requirement" />
      <pattern total="1">
        <valenceUnit GF="Ext" PT="NP" FE="Dependent" />
        <valenceUnit GF="Dep" PT="VPto" FE="Requirement" />
        <annoSet ID="4531107" />
      </pattern>
    </FEGroupRealization>
  </valences>
  <subCorpus name="V-augmented">
    <sentence sentNo="0" ID="4106564n">
      <text>assistance needed support , but with the help of Goodwill , Jerry was able to work out a payment plan with the prosecutor 's office , find housing and conduct a more thorough job search .</text>
      <annotationSet cDate="08/08/2025 08:00:35 PST Fri" status="AUGMENTED" ID="0">
        <layer name="FE" rank="1">
          <label cBy="auto-aug" feID="8110" start="0" end="9" name="Dependent" />
          <label cBy="auto-aug" feID="8111" start="18" end="24" name="Requirement" />
        </layer>
        <layer name="Target" rank="1">
          <label cBy="auto-aug" start="11" end="16" name="Target" />
        </layer>
      </annotationSet>
    </sentence>
    <sentence sentNo="0" ID="4097628n">
      <text>a response needs to be improved .</text>
      <annotationSet cDate="08/08/2025 08:00:35 PST Fri" status="AUGMENTED" ID="0">
        <layer name="FE" rank="1">
          <label cBy="auto-aug" feID="8110" start="0" end="9" name="Dependent" />
          <label cBy="auto-aug" feID="8111" start="17" end="30" name="Requirement" />
        </layer>
        <layer name="Target" rank="1">
          <label cBy="auto-aug" start="11" end="15" name="Target" />
        </layer>
      </annotationSet>
    </sentence>
    <sentence sentNo="0" ID="4097624n">
      <text>I needs assistance .</text>
      <annotationSet cDate="08/08/2025 08:00:35 PST Fri" status="AUGMENTED" ID="0">
        <layer name="FE" rank="1">
          <label cBy="auto-aug" feID="8110" start="0" end="0" name="Dependent" />
          <label cBy="auto-aug" feID="8111" start="8" end="17" name="Requirement" />
        </layer>
        <layer name="Target" rank="1">
          <label cBy="auto-aug" start="2" end="6" name="Target" />
        </layer>
      </annotationSet>
    </sentence>
  </subCorpus>
</lexUnit>