<?xml version='1.0' encoding='UTF-8'?>
<lexUnit xmlns="http://framenet.icsi.berkeley.edu" xmlns:xsi="http://www.w3.org/2001/XMLSchema-instance" status="Created" POS="V" name="believe.v" ID="15106" frame="Opinion" frameID="1412" totalAnnotated="4" xsi:schemaLocation="../schema/lexUnit.xsd">
  <header>
    <corpus description="Miscellaneous" name="Miscellaneous" ID="175">
      <document description="TigerOfSanPedro" name="Tiger_Of_San_Pedro" ID="25343" />
    </corpus>
    <corpus description="American National Corpus Texts" name="ANC" ID="195">
      <document description="Berlitz Where to Go in Hong Kong" name="WhereToHongKong" ID="23771" />
    </corpus>
    <corpus description="Texts from WikiMedia--WikiNews and Wikipedia" name="WikiTexts" ID="246">
      <document description="Fires_4" name="Fires_4" ID="25619" />
    </corpus>
    <frame>
      <FE fgColor="00008B" bgColor="FFFF00" type="Extra-Thematic" abbrev="" name="Circumstances" />
      <FE fgColor="FFFFFF" bgColor="FF0000" type="Core" abbrev="cog" name="Cognizer" />
      <FE fgColor="FFFFFF" bgColor="FF69B4" type="Peripheral" abbrev="con" name="Constancy" />
      <FE fgColor="FFFFFF" bgColor="808080" type="Extra-Thematic" abbrev="dom" name="Domain" />
      <FE fgColor="FFFFFF" bgColor="006400" type="Extra-Thematic" abbrev="evi" name="Evidence" />
      <FE fgColor="FFFFFF" bgColor="FF00FF" type="Peripheral" abbrev="man" name="Manner" />
      <FE fgColor="FFFFFF" bgColor="0000FF" type="Core" abbrev="opi" name="Opinion" />
      <FE fgColor="FFFFFF" bgColor="00BFFF" type="Extra-Thematic" abbrev="rol" name="Role" />
      <FE fgColor="FFFFFF" bgColor="A9A9A9" type="Peripheral" abbrev="" name="Time" />
      <FE fgColor="FFFFFF" bgColor="800080" type="Extra-Thematic" abbrev="top" name="Topic" />
    </frame>
  </header>
  <definition>FN: have an opinion about a topic</definition>
  <lexeme POS="V" name="believe" />
  <valences>
    <FERealization total="4">
      <FE name="Cognizer" />
      <pattern total="1">
        <valenceUnit GF="" PT="CNI" FE="Cognizer" />
        <annoSet ID="6559963" />
      </pattern>
      <pattern total="3">
        <valenceUnit GF="Ext" PT="NP" FE="Cognizer" />
        <annoSet ID="6645550" />
        <annoSet ID="6646578" />
        <annoSet ID="6669697" />
      </pattern>
    </FERealization>
    <FERealization total="4">
      <FE name="Opinion" />
      <pattern total="1">
        <valenceUnit GF="Dep" PT="Sto" FE="Opinion" />
        <annoSet ID="6559963" />
      </pattern>
      <pattern total="1">
        <valenceUnit GF="Dep" PT="Sfin" FE="Opinion" />
        <annoSet ID="6669697" />
      </pattern>
      <pattern total="2">
        <valenceUnit GF="Obj" PT="Sfin" FE="Opinion" />
        <annoSet ID="6645550" />
        <annoSet ID="6646578" />
      </pattern>
      <pattern total="1">
        <valenceUnit GF="Ext" PT="VPfin" FE="Opinion" />
        <annoSet ID="6645550" />
      </pattern>
    </FERealization>
    <FEGroupRealization total="2">
      <FE name="Cognizer" />
      <FE name="Opinion" />
      <pattern total="1">
        <valenceUnit GF="Ext" PT="NP" FE="Cognizer" />
        <valenceUnit GF="Dep" PT="Sfin" FE="Opinion" />
        <annoSet ID="6669697" />
      </pattern>
      <pattern total="1">
        <valenceUnit GF="Ext" PT="NP" FE="Cognizer" />
        <valenceUnit GF="Obj" PT="Sfin" FE="Opinion" />
        <annoSet ID="6646578" />
      </pattern>
    </FEGroupRealization>
    <FEGroupRealization total="2">
      <FE name="Cognizer" />
      <FE name="Opinion" />
      <FE name="Opinion" />
      <pattern total="1">
        <valenceUnit GF="" PT="CNI" FE="Cognizer" />
        <valenceUnit GF="Dep" PT="Sto" FE="Opinion" />
        <valenceUnit GF="Dep" PT="Sto" FE="Opinion" />
        <annoSet ID="6559963" />
      </pattern>
      <pattern total="1">
        <valenceUnit GF="Ext" PT="NP" FE="Cognizer" />
        <valenceUnit GF="Obj" PT="Sfin" FE="Opinion" />
        <valenceUnit GF="Ext" PT="VPfin" FE="Opinion" />
        <annoSet ID="6645550" />
      </pattern>
    </FEGroupRealization>
  </valences>
  <subCorpus name="V-augmented">
    <sentence sentNo="0" ID="1379250n">
      <text>I believe that it is true . "</text>
      <annotationSet cDate="08/08/2025 08:00:26 PST Fri" status="AUGMENTED" ID="0">
        <layer name="FE" rank="1">
          <label cBy="auto-aug" feID="7869" start="0" end="0" name="Cognizer" />
          <label cBy="auto-aug" feID="7870" start="10" end="24" name="Opinion" />
        </layer>
        <layer name="Target" rank="1">
          <label cBy="auto-aug" start="2" end="8" name="Target" />
        </layer>
      </annotationSet>
    </sentence>
    <sentence sentNo="0" ID="1379267n">
      <text>“ I 'd never have guessed , you 've such a creamy complexion and your eyes are quite light … but then , you believe that ? ”</text>
      <annotationSet cDate="08/08/2025 08:00:26 PST Fri" status="AUGMENTED" ID="0">
        <layer name="FE" rank="1">
          <label cBy="auto-aug" feID="7869" start="104" end="106" name="Cognizer" />
          <label cBy="auto-aug" feID="7870" start="116" end="119" name="Opinion" />
        </layer>
        <layer name="Target" rank="1">
          <label cBy="auto-aug" start="108" end="114" name="Target" />
        </layer>
      </annotationSet>
    </sentence>
    <sentence sentNo="0" ID="1378944n">
      <text>It would be very naive to believe in her opinion .</text>
      <annotationSet cDate="08/08/2025 08:00:26 PST Fri" status="AUGMENTED" ID="0">
        <layer name="FE" rank="1">
          <label cBy="auto-aug" feID="7870" start="34" end="47" name="Opinion" />
        </layer>
        <layer name="Target" rank="1">
          <label cBy="auto-aug" start="26" end="32" name="Target" />
        </layer>
      </annotationSet>
    </sentence>
  </subCorpus>
</lexUnit>