<?xml version='1.0' encoding='UTF-8'?>
<lexUnit xmlns="http://framenet.icsi.berkeley.edu" xmlns:xsi="http://www.w3.org/2001/XMLSchema-instance" status="Created" POS="V" name="explore.v" ID="15026" frame="Scrutiny" frameID="31" totalAnnotated="4" xsi:schemaLocation="../schema/lexUnit.xsd">
  <header>
    <corpus description="American National Corpus Texts" name="ANC" ID="195">
      <document description="Berlitz History of Greece" name="HistoryOfGreece" ID="23692" />
      <document description="Berlitz Intro of Jamaica" name="IntroJamaica" ID="23754" />
      <document description="Berlitz Where to Go in Hong Kong" name="WhereToHongKong" ID="23771" />
    </corpus>
    <frame>
      <FE fgColor="FFFFFF" bgColor="FF0000" type="Core" abbrev="Cog" name="Cognizer" />
      <FE fgColor="FFFFFF" bgColor="FF69B4" type="Extra-Thematic" abbrev="Degr" name="Degree" />
      <FE fgColor="FFFFFF" bgColor="006400" type="Extra-Thematic" abbrev="Dir" name="Direction" />
      <FE fgColor="FFFFFF" bgColor="7CCD7C" type="Core" abbrev="Ground" name="Ground" />
      <FE fgColor="FFFFFF" bgColor="00008B" type="Core" abbrev="ins" name="Instrument" />
      <FE fgColor="FFFFFF" bgColor="FF00FF" type="Peripheral" abbrev="Manr" name="Manner" />
      <FE fgColor="FFFFFF" bgColor="A52A2A" type="Peripheral" abbrev="Mns" name="Means" />
      <FE fgColor="FFFFFF" bgColor="808080" type="Core" abbrev="Med" name="Medium" />
      <FE fgColor="FFFFFF" bgColor="0000FF" type="Extra-Thematic" abbrev="Phen" name="Phenomenon" />
      <FE fgColor="FFFFFF" bgColor="800080" type="Extra-Thematic" abbrev="Purp" name="Purpose" />
      <FE fgColor="FFFFFF" bgColor="FFA500" type="Peripheral" abbrev="" name="Time" />
    </frame>
  </header>
  <definition>FN: travel or look into an area in order to understand it</definition>
  <lexeme POS="V" name="explore" />
  <valences>
    <FERealization total="4">
      <FE name="Cognizer" />
      <pattern total="3">
        <valenceUnit GF="" PT="CNI" FE="Cognizer" />
        <annoSet ID="6558892" />
        <annoSet ID="6559998" />
        <annoSet ID="6561581" />
      </pattern>
      <pattern total="1">
        <valenceUnit GF="Ext" PT="NP" FE="Cognizer" />
        <annoSet ID="6552230" />
      </pattern>
    </FERealization>
    <FERealization total="4">
      <FE name="Ground" />
      <pattern total="2">
        <valenceUnit GF="Ext" PT="NP" FE="Ground" />
        <annoSet ID="6558892" />
        <annoSet ID="6559998" />
      </pattern>
      <pattern total="2">
        <valenceUnit GF="Obj" PT="NP" FE="Ground" />
        <annoSet ID="6552230" />
        <annoSet ID="6561581" />
      </pattern>
    </FERealization>
    <FERealization total="1">
      <FE name="Means" />
      <pattern total="1">
        <valenceUnit GF="Dep" PT="PP[by]" FE="Means" />
        <annoSet ID="6559998" />
      </pattern>
    </FERealization>
    <FERealization total="1">
      <FE name="Time" />
      <pattern total="1">
        <valenceUnit GF="Dep" PT="PP[around]" FE="Time" />
        <annoSet ID="6552230" />
      </pattern>
    </FERealization>
    <FEGroupRealization total="2">
      <FE name="Cognizer" />
      <FE name="Ground" />
      <pattern total="1">
        <valenceUnit GF="" PT="CNI" FE="Cognizer" />
        <valenceUnit GF="Ext" PT="NP" FE="Ground" />
        <annoSet ID="6558892" />
      </pattern>
      <pattern total="1">
        <valenceUnit GF="" PT="CNI" FE="Cognizer" />
        <valenceUnit GF="Obj" PT="NP" FE="Ground" />
        <annoSet ID="6561581" />
      </pattern>
    </FEGroupRealization>
    <FEGroupRealization total="1">
      <FE name="Cognizer" />
      <FE name="Ground" />
      <FE name="Means" />
      <pattern total="1">
        <valenceUnit GF="" PT="CNI" FE="Cognizer" />
        <valenceUnit GF="Ext" PT="NP" FE="Ground" />
        <valenceUnit GF="Dep" PT="PP[by]" FE="Means" />
        <annoSet ID="6559998" />
      </pattern>
    </FEGroupRealization>
    <FEGroupRealization total="1">
      <FE name="Cognizer" />
      <FE name="Ground" />
      <FE name="Time" />
      <pattern total="1">
        <valenceUnit GF="Ext" PT="NP" FE="Cognizer" />
        <valenceUnit GF="Obj" PT="NP" FE="Ground" />
        <valenceUnit GF="Dep" PT="PP[around]" FE="Time" />
        <annoSet ID="6552230" />
      </pattern>
    </FEGroupRealization>
  </valences>
  <subCorpus name="V-augmented">
    <sentence sentNo="0" ID="704554n">
      <text>the area was explored using intact COS cells expressing the cloned human NK-1R or its mutants . </text>
      <annotationSet cDate="08/08/2025 08:00:13 PST Fri" status="AUGMENTED" ID="0">
        <layer name="FE" rank="1">
          <label cBy="auto-aug" feID="129" start="0" end="7" name="Ground" />
          <label cBy="auto-aug" feID="1497" start="22" end="92" name="Manner" />
        </layer>
        <layer name="Target" rank="1">
          <label cBy="auto-aug" start="13" end="20" name="Target" />
        </layer>
      </annotationSet>
    </sentence>
    <sentence sentNo="0" ID="780313n">
      <text>They had orders to explore the area , but they did n't take anything . </text>
      <annotationSet cDate="08/08/2025 08:00:13 PST Fri" status="AUGMENTED" ID="0">
        <layer name="FE" rank="1">
          <label cBy="auto-aug" feID="128" start="0" end="3" name="Cognizer" />
          <label cBy="auto-aug" feID="129" start="27" end="34" name="Ground" />
        </layer>
        <layer name="Target" rank="1">
          <label cBy="auto-aug" start="19" end="25" name="Target" />
        </layer>
      </annotationSet>
    </sentence>
    <sentence sentNo="0" ID="781294n">
      <text>Tawno Smith explored the forest with only a partial satisfaction . </text>
      <annotationSet cDate="08/08/2025 08:00:13 PST Fri" status="AUGMENTED" ID="0">
        <layer name="FE" rank="1">
          <label cBy="auto-aug" feID="128" start="0" end="10" name="Cognizer" />
          <label cBy="auto-aug" feID="129" start="21" end="30" name="Ground" />
          <label cBy="auto-aug" feID="1497" start="32" end="63" name="Manner" />
        </layer>
        <layer name="Target" rank="1">
          <label cBy="auto-aug" start="12" end="19" name="Target" />
        </layer>
      </annotationSet>
    </sentence>
    <sentence sentNo="0" ID="779521n">
      <text>I decided to rest those particular enquiries until at least I had explored the city . </text>
      <annotationSet cDate="08/08/2025 08:00:13 PST Fri" status="AUGMENTED" ID="0">
        <layer name="FE" rank="1">
          <label cBy="auto-aug" feID="128" start="0" end="0" name="Cognizer" />
          <label cBy="auto-aug" feID="129" start="75" end="82" name="Ground" />
        </layer>
        <layer name="Target" rank="1">
          <label cBy="auto-aug" start="66" end="73" name="Target" />
        </layer>
      </annotationSet>
    </sentence>
    <sentence sentNo="0" ID="780814n">
      <text>It was certainly possible to explore the natural world before the founding of scientific ecology . </text>
      <annotationSet cDate="08/08/2025 08:00:13 PST Fri" status="AUGMENTED" ID="0">
        <layer name="FE" rank="1">
          <label cBy="auto-aug" feID="129" start="37" end="53" name="Ground" />
        </layer>
        <layer name="Target" rank="1">
          <label cBy="auto-aug" start="29" end="35" name="Target" />
        </layer>
      </annotationSet>
    </sentence>
    <sentence sentNo="0" ID="781347n">
      <text>the region was explored : there was widespread commitment to basic skills , and much emphasis on formal practice . </text>
      <annotationSet cDate="08/08/2025 08:00:13 PST Fri" status="AUGMENTED" ID="0">
        <layer name="FE" rank="1">
          <label cBy="auto-aug" feID="129" start="0" end="9" name="Ground" />
        </layer>
        <layer name="Target" rank="1">
          <label cBy="auto-aug" start="15" end="22" name="Target" />
        </layer>
      </annotationSet>
    </sentence>
  </subCorpus>
</lexUnit>