<?xml version='1.0' encoding='UTF-8'?>
<lexUnit xmlns="http://framenet.icsi.berkeley.edu" xmlns:xsi="http://www.w3.org/2001/XMLSchema-instance" status="Finished_Initial" POS="V" name="propel.v" ID="15089" frame="Cause_motion" frameID="55" totalAnnotated="21" xsi:schemaLocation="../schema/lexUnit.xsd">
  <header>
    <corpus description="BNC2" name="BNC2" ID="111">
      <document description="bncp" name="bncp" ID="421" />
    </corpus>
    <corpus description="American National Corpus Texts" name="ANC" ID="195">
      <document description="Berlitz Where to Go in Hong Kong" name="WhereToHongKong" ID="23771" />
    </corpus>
    <frame>
      <FE fgColor="FFFFFF" bgColor="FF0000" type="Core" abbrev="Agt" name="Agent" />
      <FE fgColor="FFFFFF" bgColor="9F79EE" type="Core" abbrev="Area" name="Area" />
      <FE fgColor="FFFFFF" bgColor="7CCD7C" type="Core" abbrev="Cse" name="Cause" />
      <FE fgColor="FFFFFF" bgColor="FF69B4" type="Extra-Thematic" abbrev="Degr" name="Degree" />
      <FE fgColor="FFFFFF" bgColor="9400D3" type="Extra-Thematic" abbrev="Dep" name="Depictive" />
      <FE fgColor="FFFFFF" bgColor="9F79EE" type="Peripheral" abbrev="Dist" name="Distance" />
      <FE fgColor="000000" bgColor="d0d0d0" type="Peripheral" abbrev="" name="Duration" />
      <FE fgColor="000000" bgColor="FFFF00" type="Extra-Thematic" abbrev="" name="Explanation" />
      <FE fgColor="FFFFFF" bgColor="00BFFF" type="Core" abbrev="Goal" name="Goal" />
      <FE fgColor="FFFFFF" bgColor="7CCD73" type="Extra-Thematic" abbrev="" name="Handle" />
      <FE fgColor="FFFFFF" bgColor="FF69B4" type="Core" abbrev="Initial_State" name="Initial_state" />
      <FE fgColor="FFFFFF" bgColor="808080" type="Peripheral" abbrev="Ins" name="Instrument" />
      <FE fgColor="FFFFFF" bgColor="FF00FF" type="Peripheral" abbrev="Manr" name="Manner" />
      <FE fgColor="FFFFFF" bgColor="A52A2A" type="Peripheral" abbrev="Mns" name="Means" />
      <FE fgColor="FFFFFF" bgColor="0000FF" type="Core" abbrev="Path" name="Path" />
      <FE fgColor="FFFFFF" bgColor="008000" type="Peripheral" abbrev="Place" name="Place" />
      <FE fgColor="0000FF" bgColor="d0d0d0" type="Core" abbrev="" name="Result" />
      <FE fgColor="FFFFFF" bgColor="1E90FF" type="Core" abbrev="Src" name="Source" />
      <FE fgColor="FFFFFF" bgColor="2E8B57" type="Extra-Thematic" abbrev="" name="Subregion" />
      <FE fgColor="FFFFFF" bgColor="800080" type="Core" abbrev="Thm" name="Theme" />
      <FE fgColor="FFFFFF" bgColor="FFA500" type="Peripheral" abbrev="Time" name="Time" />
    </frame>
  </header>
  <definition>FN: cause to move by means of some force</definition>
  <lexeme POS="V" name="propel" />
  <valences>
    <FERealization total="11">
      <FE name="Agent" />
      <pattern total="2">
        <valenceUnit GF="" PT="CNI" FE="Agent" />
        <annoSet ID="2419638" />
        <annoSet ID="2419662" />
      </pattern>
      <pattern total="8">
        <valenceUnit GF="Ext" PT="NP" FE="Agent" />
        <annoSet ID="2419550" />
        <annoSet ID="2419556" />
        <annoSet ID="2419636" />
        <annoSet ID="2419640" />
        <annoSet ID="2419734" />
        <annoSet ID="2419736" />
        <annoSet ID="2419788" />
        <annoSet ID="2419860" />
      </pattern>
      <pattern total="1">
        <valenceUnit GF="Dep" PT="PP[by]" FE="Agent" />
        <annoSet ID="6556335" />
      </pattern>
    </FERealization>
    <FERealization total="1">
      <FE name="Area" />
      <pattern total="1">
        <valenceUnit GF="" PT="DNI" FE="Area" />
        <annoSet ID="6556335" />
      </pattern>
    </FERealization>
    <FERealization total="10">
      <FE name="Cause" />
      <pattern total="3">
        <valenceUnit GF="" PT="CNI" FE="Cause" />
        <annoSet ID="2419658" />
        <annoSet ID="2419768" />
        <annoSet ID="2419780" />
      </pattern>
      <pattern total="3">
        <valenceUnit GF="Ext" PT="NP" FE="Cause" />
        <annoSet ID="2419558" />
        <annoSet ID="2419626" />
        <annoSet ID="2419702" />
      </pattern>
      <pattern total="4">
        <valenceUnit GF="Dep" PT="PP[by]" FE="Cause" />
        <annoSet ID="2419572" />
        <annoSet ID="2419624" />
        <annoSet ID="2419692" />
        <annoSet ID="2419694" />
      </pattern>
    </FERealization>
    <FERealization total="1">
      <FE name="Degree" />
      <pattern total="1">
        <valenceUnit GF="Dep" PT="AVP" FE="Degree" />
        <annoSet ID="2419626" />
      </pattern>
    </FERealization>
    <FERealization total="1">
      <FE name="Depictive" />
      <pattern total="1">
        <valenceUnit GF="Dep" PT="VPed" FE="Depictive" />
        <annoSet ID="2419638" />
      </pattern>
    </FERealization>
    <FERealization total="1">
      <FE name="Distance" />
      <pattern total="1">
        <valenceUnit GF="Dep" PT="NP" FE="Distance" />
        <annoSet ID="2419550" />
      </pattern>
    </FERealization>
    <FERealization total="1">
      <FE name="Explanation" />
      <pattern total="1">
        <valenceUnit GF="Dep" PT="Sfin" FE="Explanation" />
        <annoSet ID="2419658" />
      </pattern>
    </FERealization>
    <FERealization total="12">
      <FE name="Goal" />
      <pattern total="1">
        <valenceUnit GF="" PT="DNI" FE="Goal" />
        <annoSet ID="2419550" />
      </pattern>
      <pattern total="3">
        <valenceUnit GF="Dep" PT="PP[towards]" FE="Goal" />
        <annoSet ID="2419626" />
        <annoSet ID="2419636" />
        <annoSet ID="2419860" />
      </pattern>
      <pattern total="2">
        <valenceUnit GF="Dep" PT="PP[into]" FE="Goal" />
        <annoSet ID="2419702" />
        <annoSet ID="2419768" />
      </pattern>
      <pattern total="1">
        <valenceUnit GF="Dep" PT="PP[onto]" FE="Goal" />
        <annoSet ID="2419780" />
      </pattern>
      <pattern total="5">
        <valenceUnit GF="" PT="INI" FE="Goal" />
        <annoSet ID="2419558" />
        <annoSet ID="2419572" />
        <annoSet ID="2419624" />
        <annoSet ID="2419692" />
        <annoSet ID="2419694" />
      </pattern>
    </FERealization>
    <FERealization total="2">
      <FE name="Instrument" />
      <pattern total="1">
        <valenceUnit GF="Dep" PT="VPing" FE="Instrument" />
        <annoSet ID="2419662" />
      </pattern>
      <pattern total="1">
        <valenceUnit GF="Dep" PT="PP[by]" FE="Instrument" />
        <annoSet ID="6556335" />
      </pattern>
    </FERealization>
    <FERealization total="4">
      <FE name="Manner" />
      <pattern total="1">
        <valenceUnit GF="Dep" PT="AVP" FE="Manner" />
        <annoSet ID="2419638" />
      </pattern>
      <pattern total="1">
        <valenceUnit GF="Dep" PT="PP[like]" FE="Manner" />
        <annoSet ID="2419640" />
      </pattern>
      <pattern total="2">
        <valenceUnit GF="Dep" PT="PP[with]" FE="Manner" />
        <annoSet ID="2419558" />
        <annoSet ID="2419734" />
      </pattern>
    </FERealization>
    <FERealization total="1">
      <FE name="Means" />
      <pattern total="1">
        <valenceUnit GF="Dep" PT="VPing" FE="Means" />
        <annoSet ID="2419556" />
      </pattern>
    </FERealization>
    <FERealization total="9">
      <FE name="Path" />
      <pattern total="2">
        <valenceUnit GF="Dep" PT="PP[along]" FE="Path" />
        <annoSet ID="2419638" />
        <annoSet ID="2419640" />
      </pattern>
      <pattern total="7">
        <valenceUnit GF="Dep" PT="PP[through]" FE="Path" />
        <annoSet ID="2419556" />
        <annoSet ID="2419636" />
        <annoSet ID="2419658" />
        <annoSet ID="2419662" />
        <annoSet ID="2419734" />
        <annoSet ID="2419736" />
        <annoSet ID="2419780" />
      </pattern>
    </FERealization>
    <FERealization total="2">
      <FE name="Source" />
      <pattern total="1">
        <valenceUnit GF="Dep" PT="PP[off]" FE="Source" />
        <annoSet ID="2419736" />
      </pattern>
      <pattern total="1">
        <valenceUnit GF="Dep" PT="PP[from]" FE="Source" />
        <annoSet ID="2419788" />
      </pattern>
    </FERealization>
    <FERealization total="21">
      <FE name="Theme" />
      <pattern total="10">
        <valenceUnit GF="Ext" PT="NP" FE="Theme" />
        <annoSet ID="2419572" />
        <annoSet ID="2419624" />
        <annoSet ID="2419638" />
        <annoSet ID="2419658" />
        <annoSet ID="2419662" />
        <annoSet ID="2419692" />
        <annoSet ID="2419694" />
        <annoSet ID="2419768" />
        <annoSet ID="2419780" />
        <annoSet ID="6556335" />
      </pattern>
      <pattern total="11">
        <valenceUnit GF="Obj" PT="NP" FE="Theme" />
        <annoSet ID="2419550" />
        <annoSet ID="2419556" />
        <annoSet ID="2419558" />
        <annoSet ID="2419626" />
        <annoSet ID="2419636" />
        <annoSet ID="2419640" />
        <annoSet ID="2419702" />
        <annoSet ID="2419734" />
        <annoSet ID="2419736" />
        <annoSet ID="2419788" />
        <annoSet ID="2419860" />
      </pattern>
    </FERealization>
    <FEGroupRealization total="1">
      <FE name="Agent" />
      <FE name="Area" />
      <FE name="Instrument" />
      <FE name="Theme" />
      <pattern total="1">
        <valenceUnit GF="Dep" PT="PP[by]" FE="Agent" />
        <valenceUnit GF="" PT="DNI" FE="Area" />
        <valenceUnit GF="Dep" PT="PP[by]" FE="Instrument" />
        <valenceUnit GF="Ext" PT="NP" FE="Theme" />
        <annoSet ID="6556335" />
      </pattern>
    </FEGroupRealization>
    <FEGroupRealization total="1">
      <FE name="Agent" />
      <FE name="Depictive" />
      <FE name="Manner" />
      <FE name="Path" />
      <FE name="Theme" />
      <pattern total="1">
        <valenceUnit GF="" PT="CNI" FE="Agent" />
        <valenceUnit GF="Dep" PT="VPed" FE="Depictive" />
        <valenceUnit GF="Dep" PT="AVP" FE="Manner" />
        <valenceUnit GF="Dep" PT="PP[along]" FE="Path" />
        <valenceUnit GF="Ext" PT="NP" FE="Theme" />
        <annoSet ID="2419638" />
      </pattern>
    </FEGroupRealization>
    <FEGroupRealization total="1">
      <FE name="Agent" />
      <FE name="Distance" />
      <FE name="Goal" />
      <FE name="Theme" />
      <pattern total="1">
        <valenceUnit GF="Ext" PT="NP" FE="Agent" />
        <valenceUnit GF="Dep" PT="NP" FE="Distance" />
        <valenceUnit GF="" PT="DNI" FE="Goal" />
        <valenceUnit GF="Obj" PT="NP" FE="Theme" />
        <annoSet ID="2419550" />
      </pattern>
    </FEGroupRealization>
    <FEGroupRealization total="1">
      <FE name="Agent" />
      <FE name="Goal" />
      <FE name="Path" />
      <FE name="Theme" />
      <pattern total="1">
        <valenceUnit GF="Ext" PT="NP" FE="Agent" />
        <valenceUnit GF="Dep" PT="PP[towards]" FE="Goal" />
        <valenceUnit GF="Dep" PT="PP[through]" FE="Path" />
        <valenceUnit GF="Obj" PT="NP" FE="Theme" />
        <annoSet ID="2419636" />
      </pattern>
    </FEGroupRealization>
    <FEGroupRealization total="1">
      <FE name="Agent" />
      <FE name="Goal" />
      <FE name="Theme" />
      <pattern total="1">
        <valenceUnit GF="Ext" PT="NP" FE="Agent" />
        <valenceUnit GF="Dep" PT="PP[towards]" FE="Goal" />
        <valenceUnit GF="Obj" PT="NP" FE="Theme" />
        <annoSet ID="2419860" />
      </pattern>
    </FEGroupRealization>
    <FEGroupRealization total="1">
      <FE name="Agent" />
      <FE name="Instrument" />
      <FE name="Path" />
      <FE name="Theme" />
      <FE name="Theme" />
      <pattern total="1">
        <valenceUnit GF="" PT="CNI" FE="Agent" />
        <valenceUnit GF="Dep" PT="VPing" FE="Instrument" />
        <valenceUnit GF="Dep" PT="PP[through]" FE="Path" />
        <valenceUnit GF="Ext" PT="NP" FE="Theme" />
        <valenceUnit GF="Ext" PT="NP" FE="Theme" />
        <annoSet ID="2419662" />
      </pattern>
    </FEGroupRealization>
    <FEGroupRealization total="2">
      <FE name="Agent" />
      <FE name="Manner" />
      <FE name="Path" />
      <FE name="Theme" />
      <pattern total="1">
        <valenceUnit GF="Ext" PT="NP" FE="Agent" />
        <valenceUnit GF="Dep" PT="PP[like]" FE="Manner" />
        <valenceUnit GF="Dep" PT="PP[along]" FE="Path" />
        <valenceUnit GF="Obj" PT="NP" FE="Theme" />
        <annoSet ID="2419640" />
      </pattern>
      <pattern total="1">
        <valenceUnit GF="Ext" PT="NP" FE="Agent" />
        <valenceUnit GF="Dep" PT="PP[with]" FE="Manner" />
        <valenceUnit GF="Dep" PT="PP[through]" FE="Path" />
        <valenceUnit GF="Obj" PT="NP" FE="Theme" />
        <annoSet ID="2419734" />
      </pattern>
    </FEGroupRealization>
    <FEGroupRealization total="1">
      <FE name="Agent" />
      <FE name="Means" />
      <FE name="Path" />
      <FE name="Theme" />
      <pattern total="1">
        <valenceUnit GF="Ext" PT="NP" FE="Agent" />
        <valenceUnit GF="Dep" PT="VPing" FE="Means" />
        <valenceUnit GF="Dep" PT="PP[through]" FE="Path" />
        <valenceUnit GF="Obj" PT="NP" FE="Theme" />
        <annoSet ID="2419556" />
      </pattern>
    </FEGroupRealization>
    <FEGroupRealization total="1">
      <FE name="Agent" />
      <FE name="Path" />
      <FE name="Source" />
      <FE name="Theme" />
      <pattern total="1">
        <valenceUnit GF="Ext" PT="NP" FE="Agent" />
        <valenceUnit GF="Dep" PT="PP[through]" FE="Path" />
        <valenceUnit GF="Dep" PT="PP[off]" FE="Source" />
        <valenceUnit GF="Obj" PT="NP" FE="Theme" />
        <annoSet ID="2419736" />
      </pattern>
    </FEGroupRealization>
    <FEGroupRealization total="1">
      <FE name="Agent" />
      <FE name="Source" />
      <FE name="Theme" />
      <pattern total="1">
        <valenceUnit GF="Ext" PT="NP" FE="Agent" />
        <valenceUnit GF="Dep" PT="PP[from]" FE="Source" />
        <valenceUnit GF="Obj" PT="NP" FE="Theme" />
        <annoSet ID="2419788" />
      </pattern>
    </FEGroupRealization>
    <FEGroupRealization total="1">
      <FE name="Cause" />
      <FE name="Cause" />
      <FE name="Degree" />
      <FE name="Goal" />
      <FE name="Theme" />
      <pattern total="1">
        <valenceUnit GF="Ext" PT="NP" FE="Cause" />
        <valenceUnit GF="Ext" PT="NP" FE="Cause" />
        <valenceUnit GF="Dep" PT="AVP" FE="Degree" />
        <valenceUnit GF="Dep" PT="PP[towards]" FE="Goal" />
        <valenceUnit GF="Obj" PT="NP" FE="Theme" />
        <annoSet ID="2419626" />
      </pattern>
    </FEGroupRealization>
    <FEGroupRealization total="1">
      <FE name="Cause" />
      <FE name="Cause" />
      <FE name="Goal" />
      <FE name="Manner" />
      <FE name="Theme" />
      <pattern total="1">
        <valenceUnit GF="Ext" PT="NP" FE="Cause" />
        <valenceUnit GF="Ext" PT="NP" FE="Cause" />
        <valenceUnit GF="" PT="INI" FE="Goal" />
        <valenceUnit GF="Dep" PT="PP[with]" FE="Manner" />
        <valenceUnit GF="Obj" PT="NP" FE="Theme" />
        <annoSet ID="2419558" />
      </pattern>
    </FEGroupRealization>
    <FEGroupRealization total="1">
      <FE name="Cause" />
      <FE name="Explanation" />
      <FE name="Path" />
      <FE name="Theme" />
      <pattern total="1">
        <valenceUnit GF="" PT="CNI" FE="Cause" />
        <valenceUnit GF="Dep" PT="Sfin" FE="Explanation" />
        <valenceUnit GF="Dep" PT="PP[through]" FE="Path" />
        <valenceUnit GF="Ext" PT="NP" FE="Theme" />
        <annoSet ID="2419658" />
      </pattern>
    </FEGroupRealization>
    <FEGroupRealization total="1">
      <FE name="Cause" />
      <FE name="Goal" />
      <FE name="Path" />
      <FE name="Theme" />
      <pattern total="1">
        <valenceUnit GF="" PT="CNI" FE="Cause" />
        <valenceUnit GF="Dep" PT="PP[onto]" FE="Goal" />
        <valenceUnit GF="Dep" PT="PP[through]" FE="Path" />
        <valenceUnit GF="Ext" PT="NP" FE="Theme" />
        <annoSet ID="2419780" />
      </pattern>
    </FEGroupRealization>
    <FEGroupRealization total="6">
      <FE name="Cause" />
      <FE name="Goal" />
      <FE name="Theme" />
      <pattern total="1">
        <valenceUnit GF="" PT="CNI" FE="Cause" />
        <valenceUnit GF="Dep" PT="PP[into]" FE="Goal" />
        <valenceUnit GF="Ext" PT="NP" FE="Theme" />
        <annoSet ID="2419768" />
      </pattern>
      <pattern total="1">
        <valenceUnit GF="Ext" PT="NP" FE="Cause" />
        <valenceUnit GF="Dep" PT="PP[into]" FE="Goal" />
        <valenceUnit GF="Obj" PT="NP" FE="Theme" />
        <annoSet ID="2419702" />
      </pattern>
      <pattern total="4">
        <valenceUnit GF="Dep" PT="PP[by]" FE="Cause" />
        <valenceUnit GF="" PT="INI" FE="Goal" />
        <valenceUnit GF="Ext" PT="NP" FE="Theme" />
        <annoSet ID="2419572" />
        <annoSet ID="2419624" />
        <annoSet ID="2419692" />
        <annoSet ID="2419694" />
      </pattern>
    </FEGroupRealization>
  </valences>
  <subCorpus name="V-augmented">
    <sentence sentNo="0" ID="587538n">
      <text>Sam propel the ball forward . </text>
      <annotationSet cDate="08/08/2025 08:00:23 PST Fri" status="AUGMENTED" ID="0">
        <layer name="FE" rank="1">
          <label cBy="auto-aug" feID="228" start="0" end="2" name="Agent" />
          <label cBy="auto-aug" feID="229" start="11" end="18" name="Theme" />
          <label cBy="auto-aug" feID="232" start="20" end="26" name="Goal" />
        </layer>
        <layer name="Target" rank="1">
          <label cBy="auto-aug" start="4" end="9" name="Target" />
        </layer>
      </annotationSet>
    </sentence>
    <sentence sentNo="0" ID="580596n">
      <text>` propel the boat forward ! " </text>
      <annotationSet cDate="08/08/2025 08:00:23 PST Fri" status="AUGMENTED" ID="0">
        <layer name="FE" rank="1">
          <label cBy="auto-aug" feID="232" start="9" end="16" name="Goal" />
          <label cBy="auto-aug" feID="229" start="18" end="24" name="Theme" />
        </layer>
        <layer name="Target" rank="1">
          <label cBy="auto-aug" start="2" end="7" name="Target" />
        </layer>
      </annotationSet>
    </sentence>
    <sentence sentNo="0" ID="588699n">
      <text>Furious with Gilbert 's panic , Rohmer pushed past him and propelled him forward . </text>
      <annotationSet cDate="08/08/2025 08:00:23 PST Fri" status="AUGMENTED" ID="0">
        <layer name="FE" rank="1">
          <label cBy="auto-aug" feID="228" start="32" end="37" name="Agent" />
          <label cBy="auto-aug" feID="229" start="69" end="71" name="Theme" />
          <label cBy="auto-aug" feID="232" start="73" end="79" name="Goal" />
        </layer>
        <layer name="Target" rank="1">
          <label cBy="auto-aug" start="59" end="67" name="Target" />
        </layer>
      </annotationSet>
    </sentence>
  </subCorpus>
</lexUnit>