<?xml version='1.0' encoding='UTF-8'?>
<lexUnit xmlns="http://framenet.icsi.berkeley.edu" xmlns:xsi="http://www.w3.org/2001/XMLSchema-instance" status="Created" POS="V" name="slip.v" ID="15926" frame="Self_motion" frameID="64" totalAnnotated="2" xsi:schemaLocation="../schema/lexUnit.xsd">
  <header>
    <corpus description="Miscellaneous" name="Miscellaneous" ID="175">
      <document description="Orwell_1984_p1" name="Orwell_1984_p1" ID="7" />
    </corpus>
    <corpus description="American National Corpus Texts" name="ANC" ID="195">
      <document description="Berlitz Where to Go in Hong Kong" name="WhereToHongKong" ID="23771" />
    </corpus>
    <frame>
      <FE fgColor="FFFFFF" bgColor="A52A2A" type="Core" abbrev="Area" name="Area" />
      <FE fgColor="000000" bgColor="FF0000" type="Extra-Thematic" abbrev="" name="Concessive" />
      <FE fgColor="000000" bgColor="A52A2A" type="Extra-Thematic" abbrev="coo" name="Coordinated_event" />
      <FE fgColor="FFFFFF" bgColor="808080" type="Extra-Thematic" abbrev="Thm_c" name="Cotheme" />
      <FE fgColor="FFFFFF" bgColor="9400D3" type="Extra-Thematic" abbrev="Dep" name="Depictive" />
      <FE fgColor="000000" bgColor="d0d0d0" type="Core" abbrev="dir" name="Direction" />
      <FE fgColor="000000" bgColor="FFFF00" type="Peripheral" abbrev="Dist" name="Distance" />
      <FE fgColor="FFFFFF" bgColor="9F79EE" type="Peripheral" abbrev="Dur" name="Duration" />
      <FE fgColor="FFFFFF" bgColor="A9A9A9" type="Extra-Thematic" abbrev="Exp" name="Explanation" />
      <FE fgColor="FFFFFF" bgColor="90876C" type="Extra-Thematic" abbrev="ext" name="External_cause" />
      <FE fgColor="FFFFFF" bgColor="00BFFF" type="Core" abbrev="Goal" name="Goal" />
      <FE fgColor="FFFFFF" bgColor="2E8B57" type="Extra-Thematic" abbrev="Cause" name="Internal_cause" />
      <FE fgColor="FFFFFF" bgColor="FF00FF" type="Peripheral" abbrev="Manr" name="Manner" />
      <FE fgColor="FFFFFF" bgColor="FF69B4" type="Peripheral" abbrev="Mns" name="Means" />
      <FE fgColor="FFFFFF" bgColor="0000FF" type="Core" abbrev="Path" name="Path" />
      <FE fgColor="000000" bgColor="FF00FF" type="Peripheral" abbrev="" name="Path_shape" />
      <FE fgColor="FFFFFF" bgColor="008000" type="Peripheral" abbrev="" name="Place" />
      <FE fgColor="FFFFFF" bgColor="800080" type="Peripheral" abbrev="Purp" name="Purpose" />
      <FE fgColor="FFFFFF" bgColor="7CCD73" type="Extra-Thematic" abbrev="Result" name="Result" />
      <FE fgColor="FFFFFF" bgColor="FF0000" type="Core" abbrev="SMov" name="Self_mover" />
      <FE fgColor="FFFFFF" bgColor="006400" type="Core" abbrev="Src" name="Source" />
      <FE fgColor="FFFFFF" bgColor="1E90FF" type="Peripheral" abbrev="Spd" name="Speed" />
      <FE fgColor="FFFFFF" bgColor="FFA500" type="Peripheral" abbrev="Time" name="Time" />
    </frame>
  </header>
  <definition>FN: to move stealthily.</definition>
  <lexeme POS="V" name="slip" />
  <valences>
    <FERealization total="1">
      <FE name="Concessive" />
      <pattern total="1">
        <valenceUnit GF="Dep" PT="Sub" FE="Concessive" />
        <annoSet ID="2598402" />
      </pattern>
    </FERealization>
    <FERealization total="1">
      <FE name="Depictive" />
      <pattern total="1">
        <valenceUnit GF="Dep" PT="Sabs" FE="Depictive" />
        <annoSet ID="2598402" />
      </pattern>
    </FERealization>
    <FERealization total="1">
      <FE name="Goal" />
      <pattern total="1">
        <valenceUnit GF="Dep" PT="PP[into]" FE="Goal" />
        <annoSet ID="6562020" />
      </pattern>
    </FERealization>
    <FERealization total="1">
      <FE name="Path" />
      <pattern total="1">
        <valenceUnit GF="Dep" PT="PP[through]" FE="Path" />
        <annoSet ID="2598402" />
      </pattern>
    </FERealization>
    <FERealization total="2">
      <FE name="Self_mover" />
      <pattern total="1">
        <valenceUnit GF="Ext" PT="NP" FE="Self_mover" />
        <annoSet ID="2598402" />
      </pattern>
      <pattern total="1">
        <valenceUnit GF="" PT="CNI" FE="Self_mover" />
        <annoSet ID="6562020" />
      </pattern>
    </FERealization>
    <FERealization total="1">
      <FE name="Speed" />
      <pattern total="1">
        <valenceUnit GF="Dep" PT="AVP" FE="Speed" />
        <annoSet ID="2598402" />
      </pattern>
    </FERealization>
    <FEGroupRealization total="1">
      <FE name="Concessive" />
      <FE name="Depictive" />
      <FE name="Path" />
      <FE name="Self_mover" />
      <FE name="Speed" />
      <pattern total="1">
        <valenceUnit GF="Dep" PT="Sub" FE="Concessive" />
        <valenceUnit GF="Dep" PT="Sabs" FE="Depictive" />
        <valenceUnit GF="Dep" PT="PP[through]" FE="Path" />
        <valenceUnit GF="Ext" PT="NP" FE="Self_mover" />
        <valenceUnit GF="Dep" PT="AVP" FE="Speed" />
        <annoSet ID="2598402" />
      </pattern>
    </FEGroupRealization>
    <FEGroupRealization total="1">
      <FE name="Goal" />
      <FE name="Self_mover" />
      <pattern total="1">
        <valenceUnit GF="Dep" PT="PP[into]" FE="Goal" />
        <valenceUnit GF="" PT="CNI" FE="Self_mover" />
        <annoSet ID="6562020" />
      </pattern>
    </FEGroupRealization>
  </valences>
  <subCorpus name="V-augmented">
    <sentence sentNo="0" ID="757694n">
      <text>As they stood off guard , two young men both carrying suitcases slip from under the fence as they entered the building . </text>
      <annotationSet cDate="08/08/2025 08:00:35 PST Fri" status="AUGMENTED" ID="0">
        <layer name="FE" rank="1">
          <label cBy="auto-aug" feID="1977" start="0" end="22" name="Time" />
          <label cBy="auto-aug" feID="285" start="26" end="62" name="Self_mover" />
          <label cBy="auto-aug" feID="287" start="69" end="88" name="Path" />
          <label cBy="auto-aug" feID="286" start="90" end="117" name="Source" />
        </layer>
        <layer name="Target" rank="1">
          <label cBy="auto-aug" start="64" end="67" name="Target" />
        </layer>
      </annotationSet>
    </sentence>
    <sentence sentNo="0" ID="752583n">
      <text>Francis dragged himself to his feet and slipped on the ice . </text>
      <annotationSet cDate="08/08/2025 08:00:35 PST Fri" status="AUGMENTED" ID="0">
        <layer name="FE" rank="1">
          <label cBy="auto-aug" feID="285" start="0" end="6" name="Self_mover" />
          <label cBy="auto-aug" feID="287" start="48" end="57" name="Path" />
        </layer>
        <layer name="Target" rank="1">
          <label cBy="auto-aug" start="40" end="46" name="Target" />
        </layer>
      </annotationSet>
    </sentence>
    <sentence sentNo="0" ID="754590n">
      <text>She turned around and slipped down into , squeezed under and crept to the dish . </text>
      <annotationSet cDate="08/08/2025 08:00:35 PST Fri" status="AUGMENTED" ID="0">
        <layer name="FE" rank="1">
          <label cBy="auto-aug" feID="285" start="0" end="2" name="Self_mover" />
          <label cBy="auto-aug" feID="287" start="30" end="33" name="Path" />
          <label cBy="auto-aug" feID="288" start="35" end="38" name="Goal" />
        </layer>
        <layer name="Target" rank="1">
          <label cBy="auto-aug" start="22" end="28" name="Target" />
        </layer>
      </annotationSet>
    </sentence>
  </subCorpus>
</lexUnit>