<?xml version='1.0' encoding='UTF-8'?>
<lexUnit xmlns="http://framenet.icsi.berkeley.edu" xmlns:xsi="http://www.w3.org/2001/XMLSchema-instance" status="Finished_Initial" POS="V" name="expand.v" ID="1652" frame="Cause_expansion" frameID="77" totalAnnotated="51" xsi:schemaLocation="../schema/lexUnit.xsd">
  <header>
    <corpus description="Texts from Nuclear Threat Initiative website, created by Center for Non-Proliferation Studies" name="NTI" ID="135">
      <document description="North Korea Introduction" name="NorthKorea_Introduction" ID="23481" />
      <document description="Iran Missile" name="Iran_Missile" ID="23512" />
      <document description="Iran Chemical" name="Iran_Chemical" ID="23514" />
      <document description="North Korea Nuclear Overview" name="NorthKorea_NuclearOverview" ID="23562" />
    </corpus>
    <corpus description="American National Corpus Texts" name="ANC" ID="195">
      <document description="Berlitz History of Jerusalem" name="HistoryOfJerusalem" ID="23647" />
      <document description="Berlitz History of Las Vegas" name="HistoryOfLasVegas" ID="23691" />
      <document description="Berlitz History of Greece" name="HistoryOfGreece" ID="23692" />
      <document description="Berlitz Intro of Hong Kong" name="IntroHongKong" ID="23757" />
      <document description="Berlitz Where to Go in Hong Kong" name="WhereToHongKong" ID="23771" />
      <document description="Goodwill fund-raising letter" name="110CYL070" ID="23795" />
    </corpus>
    <frame>
      <FE fgColor="FFFFFF" bgColor="FF0000" type="Core" abbrev="Agt" name="Agent" />
      <FE fgColor="FFFFFF" bgColor="008000" type="Core" abbrev="" name="Cause" />
      <FE fgColor="FFFFFF" bgColor="1E90FF" type="Extra-Thematic" abbrev="co-v" name="Co-variable" />
      <FE fgColor="FFFFFF" bgColor="00BFFF" type="Peripheral" abbrev="Dim" name="Dimension" />
      <FE fgColor="FFFFFF" bgColor="7CCD73" type="Extra-Thematic" abbrev="" name="Elapsed_time" />
      <FE fgColor="FFFFFF" bgColor="90876C" type="Extra-Thematic" abbrev="exp" name="Explanation" />
      <FE fgColor="FFFFFF" bgColor="800080" type="Extra-Thematic" abbrev="Grp" name="Group" />
      <FE fgColor="FFFFFF" bgColor="9F79EE" type="Peripheral" abbrev="Initial" name="Initial_size" />
      <FE fgColor="FFFFFF" bgColor="808080" type="Peripheral" abbrev="Inst" name="Instrument" />
      <FE fgColor="FFFFFF" bgColor="0000FF" type="Core" abbrev="Item" name="Item" />
      <FE fgColor="FFFFFF" bgColor="FF00FF" type="Peripheral" abbrev="Manr" name="Manner" />
      <FE fgColor="FFFFFF" bgColor="A52A2A" type="Peripheral" abbrev="Mns" name="Means" />
      <FE fgColor="FFFFFF" bgColor="008000" type="Peripheral" abbrev="Place" name="Place" />
      <FE fgColor="FFFFFF" bgColor="800080" type="Peripheral" abbrev="" name="Purpose" />
      <FE fgColor="FFFFFF" bgColor="808080" type="Peripheral" abbrev="Speed" name="Rate" />
      <FE fgColor="FFFFFF" bgColor="9400D3" type="Peripheral" abbrev="Result" name="Result_size" />
      <FE fgColor="FFFFFF" bgColor="FF69B4" type="Peripheral" abbrev="Sizec" name="Size_change" />
      <FE fgColor="FFFFFF" bgColor="FFA500" type="Peripheral" abbrev="Time" name="Time" />
    </frame>
  </header>
  <definition>FN: to cause something to become larger in any dimension</definition>
  <lexeme POS="V" name="expand" />
  <valences>
    <FERealization total="51">
      <FE name="Agent" />
      <pattern total="21">
        <valenceUnit GF="" PT="CNI" FE="Agent" />
        <annoSet ID="1741755" />
        <annoSet ID="1741801" />
        <annoSet ID="1741809" />
        <annoSet ID="1741819" />
        <annoSet ID="1741841" />
        <annoSet ID="1741889" />
        <annoSet ID="1741919" />
        <annoSet ID="1741929" />
        <annoSet ID="1741937" />
        <annoSet ID="1741951" />
        <annoSet ID="1741969" />
        <annoSet ID="1741975" />
        <annoSet ID="1741997" />
        <annoSet ID="1742001" />
        <annoSet ID="1742019" />
        <annoSet ID="1742039" />
        <annoSet ID="1742053" />
        <annoSet ID="1742227" />
        <annoSet ID="6538980" />
        <annoSet ID="6543325" />
        <annoSet ID="6554813" />
      </pattern>
      <pattern total="1">
        <valenceUnit GF="" PT="DNI" FE="Agent" />
        <annoSet ID="6559458" />
      </pattern>
      <pattern total="26">
        <valenceUnit GF="Ext" PT="NP" FE="Agent" />
        <annoSet ID="1741729" />
        <annoSet ID="1741743" />
        <annoSet ID="1741771" />
        <annoSet ID="1741803" />
        <annoSet ID="1741815" />
        <annoSet ID="1741849" />
        <annoSet ID="1741853" />
        <annoSet ID="1741869" />
        <annoSet ID="1741887" />
        <annoSet ID="1741903" />
        <annoSet ID="1741905" />
        <annoSet ID="1741935" />
        <annoSet ID="1741963" />
        <annoSet ID="1742069" />
        <annoSet ID="1742075" />
        <annoSet ID="1742083" />
        <annoSet ID="6521584" />
        <annoSet ID="6523578" />
        <annoSet ID="6524721" />
        <annoSet ID="6530385" />
        <annoSet ID="6530426" />
        <annoSet ID="6530427" />
        <annoSet ID="6544031" />
        <annoSet ID="6544046" />
        <annoSet ID="6549721" />
        <annoSet ID="6556809" />
      </pattern>
      <pattern total="3">
        <valenceUnit GF="Dep" PT="PP[by]" FE="Agent" />
        <annoSet ID="1741995" />
        <annoSet ID="1742011" />
        <annoSet ID="1742027" />
      </pattern>
    </FERealization>
    <FERealization total="1">
      <FE name="Cause" />
      <pattern total="1">
        <valenceUnit GF="" PT="DNI" FE="Cause" />
        <annoSet ID="6559458" />
      </pattern>
    </FERealization>
    <FERealization total="51">
      <FE name="Item" />
      <pattern total="11">
        <valenceUnit GF="Ext" PT="NP" FE="Item" />
        <annoSet ID="1741995" />
        <annoSet ID="1741997" />
        <annoSet ID="1742001" />
        <annoSet ID="1742011" />
        <annoSet ID="1742019" />
        <annoSet ID="1742027" />
        <annoSet ID="1742039" />
        <annoSet ID="1742053" />
        <annoSet ID="1742227" />
        <annoSet ID="6538980" />
        <annoSet ID="6543325" />
      </pattern>
      <pattern total="38">
        <valenceUnit GF="Obj" PT="NP" FE="Item" />
        <annoSet ID="1741729" />
        <annoSet ID="1741743" />
        <annoSet ID="1741755" />
        <annoSet ID="1741771" />
        <annoSet ID="1741801" />
        <annoSet ID="1741803" />
        <annoSet ID="1741809" />
        <annoSet ID="1741815" />
        <annoSet ID="1741819" />
        <annoSet ID="1741841" />
        <annoSet ID="1741849" />
        <annoSet ID="1741853" />
        <annoSet ID="1741869" />
        <annoSet ID="1741887" />
        <annoSet ID="1741889" />
        <annoSet ID="1741903" />
        <annoSet ID="1741905" />
        <annoSet ID="1741919" />
        <annoSet ID="1741929" />
        <annoSet ID="1741935" />
        <annoSet ID="1741937" />
        <annoSet ID="1741951" />
        <annoSet ID="1741963" />
        <annoSet ID="1741969" />
        <annoSet ID="1741975" />
        <annoSet ID="1742075" />
        <annoSet ID="1742083" />
        <annoSet ID="6521584" />
        <annoSet ID="6523578" />
        <annoSet ID="6524721" />
        <annoSet ID="6530385" />
        <annoSet ID="6530426" />
        <annoSet ID="6530427" />
        <annoSet ID="6544031" />
        <annoSet ID="6544046" />
        <annoSet ID="6549721" />
        <annoSet ID="6554813" />
        <annoSet ID="6556809" />
      </pattern>
      <pattern total="1">
        <valenceUnit GF="" PT="CNI" FE="Item" />
        <annoSet ID="6559458" />
      </pattern>
      <pattern total="1">
        <valenceUnit GF="Dep" PT="Sfin" FE="Item" />
        <annoSet ID="1742069" />
      </pattern>
    </FERealization>
    <FERealization total="2">
      <FE name="Manner" />
      <pattern total="2">
        <valenceUnit GF="Dep" PT="AVP" FE="Manner" />
        <annoSet ID="1742039" />
        <annoSet ID="1742227" />
      </pattern>
    </FERealization>
    <FERealization total="8">
      <FE name="Means" />
      <pattern total="3">
        <valenceUnit GF="Dep" PT="PP[by]" FE="Means" />
        <annoSet ID="1741771" />
        <annoSet ID="1741997" />
        <annoSet ID="1742019" />
      </pattern>
      <pattern total="1">
        <valenceUnit GF="Dep" PT="PP[with]" FE="Means" />
        <annoSet ID="1742053" />
      </pattern>
      <pattern total="3">
        <valenceUnit GF="Dep" PT="PPing[by]" FE="Means" />
        <annoSet ID="1741755" />
        <annoSet ID="1741919" />
        <annoSet ID="1741929" />
      </pattern>
      <pattern total="1">
        <valenceUnit GF="Dep" PT="PP[through]" FE="Means" />
        <annoSet ID="1741903" />
      </pattern>
    </FERealization>
    <FERealization total="1">
      <FE name="Place" />
      <pattern total="1">
        <valenceUnit GF="Dep" PT="PP[at]" FE="Place" />
        <annoSet ID="6524721" />
      </pattern>
    </FERealization>
    <FERealization total="3">
      <FE name="Purpose" />
      <pattern total="3">
        <valenceUnit GF="Dep" PT="VPto" FE="Purpose" />
        <annoSet ID="6524721" />
        <annoSet ID="6530426" />
        <annoSet ID="6538980" />
      </pattern>
    </FERealization>
    <FERealization total="5">
      <FE name="Result_size" />
      <pattern total="4">
        <valenceUnit GF="Dep" PT="PP[to]" FE="Result_size" />
        <annoSet ID="1741935" />
        <annoSet ID="1742053" />
        <annoSet ID="6544046" />
        <annoSet ID="6556809" />
      </pattern>
      <pattern total="1">
        <valenceUnit GF="Dep" PT="PP[into]" FE="Result_size" />
        <annoSet ID="6554813" />
      </pattern>
    </FERealization>
    <FERealization total="3">
      <FE name="Size_change" />
      <pattern total="1">
        <valenceUnit GF="Dep" PT="PP[by]" FE="Size_change" />
        <annoSet ID="1742001" />
      </pattern>
      <pattern total="2">
        <valenceUnit GF="Dep" PT="AVP" FE="Size_change" />
        <annoSet ID="1741743" />
        <annoSet ID="1742011" />
      </pattern>
    </FERealization>
    <FEGroupRealization total="1">
      <FE name="Agent" />
      <FE name="Cause" />
      <FE name="Item" />
      <pattern total="1">
        <valenceUnit GF="" PT="DNI" FE="Agent" />
        <valenceUnit GF="" PT="DNI" FE="Cause" />
        <valenceUnit GF="" PT="CNI" FE="Item" />
        <annoSet ID="6559458" />
      </pattern>
    </FEGroupRealization>
    <FEGroupRealization total="30">
      <FE name="Agent" />
      <FE name="Item" />
      <pattern total="1">
        <valenceUnit GF="" PT="CNI" FE="Agent" />
        <valenceUnit GF="Ext" PT="NP" FE="Item" />
        <annoSet ID="6543325" />
      </pattern>
      <pattern total="9">
        <valenceUnit GF="" PT="CNI" FE="Agent" />
        <valenceUnit GF="Obj" PT="NP" FE="Item" />
        <annoSet ID="1741801" />
        <annoSet ID="1741809" />
        <annoSet ID="1741819" />
        <annoSet ID="1741841" />
        <annoSet ID="1741889" />
        <annoSet ID="1741937" />
        <annoSet ID="1741951" />
        <annoSet ID="1741969" />
        <annoSet ID="1741975" />
      </pattern>
      <pattern total="17">
        <valenceUnit GF="Ext" PT="NP" FE="Agent" />
        <valenceUnit GF="Obj" PT="NP" FE="Item" />
        <annoSet ID="1741729" />
        <annoSet ID="1741803" />
        <annoSet ID="1741815" />
        <annoSet ID="1741849" />
        <annoSet ID="1741853" />
        <annoSet ID="1741869" />
        <annoSet ID="1741887" />
        <annoSet ID="1741905" />
        <annoSet ID="1741963" />
        <annoSet ID="1742075" />
        <annoSet ID="1742083" />
        <annoSet ID="6521584" />
        <annoSet ID="6523578" />
        <annoSet ID="6530385" />
        <annoSet ID="6530427" />
        <annoSet ID="6544031" />
        <annoSet ID="6549721" />
      </pattern>
      <pattern total="1">
        <valenceUnit GF="Ext" PT="NP" FE="Agent" />
        <valenceUnit GF="Dep" PT="Sfin" FE="Item" />
        <annoSet ID="1742069" />
      </pattern>
      <pattern total="2">
        <valenceUnit GF="Dep" PT="PP[by]" FE="Agent" />
        <valenceUnit GF="Ext" PT="NP" FE="Item" />
        <annoSet ID="1741995" />
        <annoSet ID="1742027" />
      </pattern>
    </FEGroupRealization>
    <FEGroupRealization total="2">
      <FE name="Agent" />
      <FE name="Item" />
      <FE name="Manner" />
      <pattern total="2">
        <valenceUnit GF="" PT="CNI" FE="Agent" />
        <valenceUnit GF="Ext" PT="NP" FE="Item" />
        <valenceUnit GF="Dep" PT="AVP" FE="Manner" />
        <annoSet ID="1742039" />
        <annoSet ID="1742227" />
      </pattern>
    </FEGroupRealization>
    <FEGroupRealization total="7">
      <FE name="Agent" />
      <FE name="Item" />
      <FE name="Means" />
      <pattern total="2">
        <valenceUnit GF="" PT="CNI" FE="Agent" />
        <valenceUnit GF="Ext" PT="NP" FE="Item" />
        <valenceUnit GF="Dep" PT="PP[by]" FE="Means" />
        <annoSet ID="1741997" />
        <annoSet ID="1742019" />
      </pattern>
      <pattern total="3">
        <valenceUnit GF="" PT="CNI" FE="Agent" />
        <valenceUnit GF="Obj" PT="NP" FE="Item" />
        <valenceUnit GF="Dep" PT="PPing[by]" FE="Means" />
        <annoSet ID="1741755" />
        <annoSet ID="1741919" />
        <annoSet ID="1741929" />
      </pattern>
      <pattern total="1">
        <valenceUnit GF="Ext" PT="NP" FE="Agent" />
        <valenceUnit GF="Obj" PT="NP" FE="Item" />
        <valenceUnit GF="Dep" PT="PP[by]" FE="Means" />
        <annoSet ID="1741771" />
      </pattern>
      <pattern total="1">
        <valenceUnit GF="Ext" PT="NP" FE="Agent" />
        <valenceUnit GF="Obj" PT="NP" FE="Item" />
        <valenceUnit GF="Dep" PT="PP[through]" FE="Means" />
        <annoSet ID="1741903" />
      </pattern>
    </FEGroupRealization>
    <FEGroupRealization total="1">
      <FE name="Agent" />
      <FE name="Item" />
      <FE name="Means" />
      <FE name="Result_size" />
      <pattern total="1">
        <valenceUnit GF="" PT="CNI" FE="Agent" />
        <valenceUnit GF="Ext" PT="NP" FE="Item" />
        <valenceUnit GF="Dep" PT="PP[with]" FE="Means" />
        <valenceUnit GF="Dep" PT="PP[to]" FE="Result_size" />
        <annoSet ID="1742053" />
      </pattern>
    </FEGroupRealization>
    <FEGroupRealization total="1">
      <FE name="Agent" />
      <FE name="Item" />
      <FE name="Place" />
      <FE name="Purpose" />
      <pattern total="1">
        <valenceUnit GF="Ext" PT="NP" FE="Agent" />
        <valenceUnit GF="Obj" PT="NP" FE="Item" />
        <valenceUnit GF="Dep" PT="PP[at]" FE="Place" />
        <valenceUnit GF="Dep" PT="VPto" FE="Purpose" />
        <annoSet ID="6524721" />
      </pattern>
    </FEGroupRealization>
    <FEGroupRealization total="2">
      <FE name="Agent" />
      <FE name="Item" />
      <FE name="Purpose" />
      <pattern total="1">
        <valenceUnit GF="" PT="CNI" FE="Agent" />
        <valenceUnit GF="Ext" PT="NP" FE="Item" />
        <valenceUnit GF="Dep" PT="VPto" FE="Purpose" />
        <annoSet ID="6538980" />
      </pattern>
      <pattern total="1">
        <valenceUnit GF="Ext" PT="NP" FE="Agent" />
        <valenceUnit GF="Obj" PT="NP" FE="Item" />
        <valenceUnit GF="Dep" PT="VPto" FE="Purpose" />
        <annoSet ID="6530426" />
      </pattern>
    </FEGroupRealization>
    <FEGroupRealization total="4">
      <FE name="Agent" />
      <FE name="Item" />
      <FE name="Result_size" />
      <pattern total="1">
        <valenceUnit GF="" PT="CNI" FE="Agent" />
        <valenceUnit GF="Obj" PT="NP" FE="Item" />
        <valenceUnit GF="Dep" PT="PP[into]" FE="Result_size" />
        <annoSet ID="6554813" />
      </pattern>
      <pattern total="3">
        <valenceUnit GF="Ext" PT="NP" FE="Agent" />
        <valenceUnit GF="Obj" PT="NP" FE="Item" />
        <valenceUnit GF="Dep" PT="PP[to]" FE="Result_size" />
        <annoSet ID="1741935" />
        <annoSet ID="6544046" />
        <annoSet ID="6556809" />
      </pattern>
    </FEGroupRealization>
    <FEGroupRealization total="3">
      <FE name="Agent" />
      <FE name="Item" />
      <FE name="Size_change" />
      <pattern total="1">
        <valenceUnit GF="" PT="CNI" FE="Agent" />
        <valenceUnit GF="Ext" PT="NP" FE="Item" />
        <valenceUnit GF="Dep" PT="PP[by]" FE="Size_change" />
        <annoSet ID="1742001" />
      </pattern>
      <pattern total="1">
        <valenceUnit GF="Ext" PT="NP" FE="Agent" />
        <valenceUnit GF="Obj" PT="NP" FE="Item" />
        <valenceUnit GF="Dep" PT="AVP" FE="Size_change" />
        <annoSet ID="1741743" />
      </pattern>
      <pattern total="1">
        <valenceUnit GF="Dep" PT="PP[by]" FE="Agent" />
        <valenceUnit GF="Ext" PT="NP" FE="Item" />
        <valenceUnit GF="Dep" PT="AVP" FE="Size_change" />
        <annoSet ID="1742011" />
      </pattern>
    </FEGroupRealization>
  </valences>
  <subCorpus name="V-augmented">
    <sentence sentNo="0" ID="1158834n">
      <text>the volume will be expanded by the microphone . </text>
      <annotationSet cDate="08/08/2025 07:58:00 PST Fri" status="AUGMENTED" ID="0">
        <layer name="FE" rank="1">
          <label cBy="auto-aug" feID="362" start="0" end="9" name="Item" />
          <label cBy="auto-aug" feID="1217" start="28" end="44" name="Means" />
        </layer>
        <layer name="Target" rank="1">
          <label cBy="auto-aug" start="19" end="26" name="Target" />
        </layer>
      </annotationSet>
    </sentence>
    <sentence sentNo="0" ID="1156813n">
      <text>the deadline should also be expanded to four years . </text>
      <annotationSet cDate="08/08/2025 07:58:00 PST Fri" status="AUGMENTED" ID="0">
        <layer name="FE" rank="1">
          <label cBy="auto-aug" feID="362" start="0" end="11" name="Item" />
          <label cBy="auto-aug" feID="364" start="37" end="49" name="Result_size" />
        </layer>
        <layer name="Target" rank="1">
          <label cBy="auto-aug" start="28" end="35" name="Target" />
        </layer>
      </annotationSet>
    </sentence>
    <sentence sentNo="0" ID="1154580n">
      <text>costs can erode profit margins , strain your cashflow and expand your product line . </text>
      <annotationSet cDate="08/08/2025 07:58:00 PST Fri" status="AUGMENTED" ID="0">
        <layer name="FE" rank="1">
          <label cBy="auto-aug" feID="4542" start="0" end="4" name="Cause" />
          <label cBy="auto-aug" feID="362" start="65" end="81" name="Item" />
        </layer>
        <layer name="Target" rank="1">
          <label cBy="auto-aug" start="58" end="63" name="Target" />
        </layer>
      </annotationSet>
    </sentence>
    <sentence sentNo="0" ID="1159203n">
      <text>As bishop he expanded the scope to the practices of the parochial clergy . </text>
      <annotationSet cDate="08/08/2025 07:58:00 PST Fri" status="AUGMENTED" ID="0">
        <layer name="FE" rank="1">
          <label cBy="auto-aug" feID="361" start="10" end="11" name="Agent" />
          <label cBy="auto-aug" feID="362" start="22" end="30" name="Item" />
        </layer>
        <layer name="Target" rank="1">
          <label cBy="auto-aug" start="13" end="20" name="Target" />
        </layer>
      </annotationSet>
    </sentence>
    <sentence sentNo="0" ID="1158340n">
      <text>At junctions junctions were expanded to cover the whole area of the intersection , permitting crossing by pedestrians and buggies without change of level . </text>
      <annotationSet cDate="08/08/2025 07:58:00 PST Fri" status="AUGMENTED" ID="0">
        <layer name="FE" rank="1">
          <label cBy="auto-aug" feID="362" start="13" end="21" name="Item" />
        </layer>
        <layer name="Target" rank="1">
          <label cBy="auto-aug" start="28" end="35" name="Target" />
        </layer>
      </annotationSet>
    </sentence>
    <sentence sentNo="0" ID="1158645n">
      <text>The balloons were expanded successfully and had complete relief of dysphagia . </text>
      <annotationSet cDate="08/08/2025 07:58:00 PST Fri" status="AUGMENTED" ID="0">
        <layer name="FE" rank="1">
          <label cBy="auto-aug" feID="362" start="0" end="11" name="Item" />
        </layer>
        <layer name="Target" rank="1">
          <label cBy="auto-aug" start="18" end="25" name="Target" />
        </layer>
      </annotationSet>
    </sentence>
    <sentence sentNo="0" ID="1155509n">
      <text>To stabilise the position of the tube , the ends were expanded ( Fig 1 ) . </text>
      <annotationSet cDate="08/08/2025 07:58:00 PST Fri" status="AUGMENTED" ID="0">
        <layer name="FE" rank="1">
          <label cBy="auto-aug" feID="362" start="40" end="47" name="Item" />
        </layer>
        <layer name="Target" rank="1">
          <label cBy="auto-aug" start="54" end="61" name="Target" />
        </layer>
      </annotationSet>
    </sentence>
    <sentence sentNo="0" ID="1154560n">
      <text>the universe would expand rapidly to a point in a mere 29 minutes , if the outward thermonuclear pressures were absent . </text>
      <annotationSet cDate="08/08/2025 07:58:00 PST Fri" status="AUGMENTED" ID="0">
        <layer name="FE" rank="1">
          <label cBy="auto-aug" feID="4542" start="0" end="11" name="Cause" />
          <label cBy="auto-aug" feID="362" start="26" end="32" name="Item" />
          <label cBy="auto-aug" feID="364" start="34" end="43" name="Result_size" />
          <label cBy="auto-aug" feID="4543" start="45" end="64" name="Elapsed_time" />
        </layer>
        <layer name="Target" rank="1">
          <label cBy="auto-aug" start="19" end="24" name="Target" />
        </layer>
      </annotationSet>
    </sentence>
    <sentence sentNo="0" ID="1158862n">
      <text>A boat is like a floating drum and the sails are expanded through the water . </text>
      <annotationSet cDate="08/08/2025 07:58:00 PST Fri" status="AUGMENTED" ID="0">
        <layer name="FE" rank="1">
          <label cBy="auto-aug" feID="362" start="35" end="43" name="Item" />
        </layer>
        <layer name="Target" rank="1">
          <label cBy="auto-aug" start="49" end="56" name="Target" />
        </layer>
      </annotationSet>
    </sentence>
    <sentence sentNo="0" ID="1158820n">
      <text>Everybody needed to be needed , but she 'd expanded her influence . </text>
      <annotationSet cDate="08/08/2025 07:58:00 PST Fri" status="AUGMENTED" ID="0">
        <layer name="FE" rank="1">
          <label cBy="auto-aug" feID="361" start="36" end="38" name="Agent" />
          <label cBy="auto-aug" feID="362" start="52" end="64" name="Item" />
        </layer>
        <layer name="Target" rank="1">
          <label cBy="auto-aug" start="43" end="50" name="Target" />
        </layer>
      </annotationSet>
    </sentence>
    <sentence sentNo="0" ID="1158630n">
      <text>Besides performing refraction and examinations of the media of each eye all the optometrists reported that they had expanded the range . </text>
      <annotationSet cDate="08/08/2025 07:58:00 PST Fri" status="AUGMENTED" ID="0">
        <layer name="FE" rank="1">
          <label cBy="auto-aug" feID="361" start="107" end="110" name="Agent" />
          <label cBy="auto-aug" feID="362" start="125" end="133" name="Item" />
        </layer>
        <layer name="Target" rank="1">
          <label cBy="auto-aug" start="116" end="123" name="Target" />
        </layer>
      </annotationSet>
    </sentence>
    <sentence sentNo="0" ID="1158658n">
      <text>As the girl played the woman expanded her presence and rose slightly off the piano stool , as if someone was drawing her up by an invisible wire attached to the crown of her head . </text>
      <annotationSet cDate="08/08/2025 07:58:00 PST Fri" status="AUGMENTED" ID="0">
        <layer name="FE" rank="1">
          <label cBy="auto-aug" feID="361" start="19" end="27" name="Agent" />
          <label cBy="auto-aug" feID="362" start="38" end="49" name="Item" />
        </layer>
        <layer name="Target" rank="1">
          <label cBy="auto-aug" start="29" end="36" name="Target" />
        </layer>
      </annotationSet>
    </sentence>
    <sentence sentNo="0" ID="1156603n">
      <text>If you buy a 500 W oven , you 'll need to expand your recipe by about 30 per cent . </text>
      <annotationSet cDate="08/08/2025 07:58:00 PST Fri" status="AUGMENTED" ID="0">
        <layer name="FE" rank="1">
          <label cBy="auto-aug" feID="362" start="49" end="59" name="Item" />
          <label cBy="auto-aug" feID="365" start="61" end="80" name="Size_change" />
        </layer>
        <layer name="Target" rank="1">
          <label cBy="auto-aug" start="42" end="47" name="Target" />
        </layer>
      </annotationSet>
    </sentence>
    <sentence sentNo="0" ID="1156851n">
      <text>Romania 's entry into the war against Austria at the end of August served only to expand the conflict , laying her open to further attack when Romania collapsed in December 1916 . </text>
      <annotationSet cDate="08/08/2025 07:58:00 PST Fri" status="AUGMENTED" ID="0">
        <layer name="FE" rank="1">
          <label cBy="auto-aug" feID="362" start="89" end="100" name="Item" />
        </layer>
        <layer name="Target" rank="1">
          <label cBy="auto-aug" start="82" end="87" name="Target" />
        </layer>
      </annotationSet>
    </sentence>
    <sentence sentNo="0" ID="1158335n">
      <text>the material was expanded by 2-3 cm . </text>
      <annotationSet cDate="08/08/2025 07:58:00 PST Fri" status="AUGMENTED" ID="0">
        <layer name="FE" rank="1">
          <label cBy="auto-aug" feID="362" start="0" end="11" name="Item" />
          <label cBy="auto-aug" feID="365" start="26" end="34" name="Size_change" />
        </layer>
        <layer name="Target" rank="1">
          <label cBy="auto-aug" start="17" end="24" name="Target" />
        </layer>
      </annotationSet>
    </sentence>
    <sentence sentNo="0" ID="1155657n">
      <text>In an attempt to expand his business, , Branson desperately began to call in money from abroad . </text>
      <annotationSet cDate="08/08/2025 07:58:00 PST Fri" status="AUGMENTED" ID="0">
        <layer name="FE" rank="1">
          <label cBy="auto-aug" feID="362" start="24" end="36" name="Item" />
        </layer>
        <layer name="Target" rank="1">
          <label cBy="auto-aug" start="17" end="22" name="Target" />
        </layer>
      </annotationSet>
    </sentence>
  </subCorpus>
</lexUnit>