<?xml version='1.0' encoding='UTF-8'?>
<lexUnit xmlns="http://framenet.icsi.berkeley.edu" xmlns:xsi="http://www.w3.org/2001/XMLSchema-instance" status="FN1_Sent" POS="V" name="notice.v" ID="177" frame="Becoming_aware" frameID="20" totalAnnotated="25" xsi:schemaLocation="../schema/lexUnit.xsd">
  <header>
    <corpus description="Wall Street Journal Texts from the PropBank Project" name="PropBank" ID="115">
      <document description="Loma Prieta" name="LomaPrieta" ID="23013" />
    </corpus>
    <corpus description="American National Corpus Texts" name="ANC" ID="195">
      <document description="Berlitz Intro of Hong Kong" name="IntroHongKong" ID="23757" />
    </corpus>
    <frame>
      <FE fgColor="000000" bgColor="FFFF00" type="Extra-Thematic" abbrev="cir" name="Circumstances" />
      <FE fgColor="FFFFFF" bgColor="FF0000" type="Core" abbrev="Cog" name="Cognizer" />
      <FE fgColor="FFFFFF" bgColor="FF69B4" type="Peripheral" abbrev="Deg" name="Degree" />
      <FE fgColor="FFFFFF" bgColor="006400" type="Peripheral" abbrev="Evid" name="Evidence" />
      <FE fgColor="FFFFFF" bgColor="90876C" type="Extra-Thematic" abbrev="exp" name="Explanation" />
      <FE fgColor="000000" bgColor="EEE8AA" type="Extra-Thematic" abbrev="fre" name="Frequency" />
      <FE fgColor="FFFFFF" bgColor="7CCD7C" type="Peripheral" abbrev="Ground" name="Ground" />
      <FE fgColor="FFFFFF" bgColor="808080" type="Core" abbrev="ins" name="Instrument" />
      <FE fgColor="FFFFFF" bgColor="FF00FF" type="Peripheral" abbrev="Manr" name="Manner" />
      <FE fgColor="FFFFFF" bgColor="A52A2A" type="Core" abbrev="Mns" name="Means" />
      <FE fgColor="FFFFFF" bgColor="00008B" type="Extra-Thematic" abbrev="par" name="Particular_iteration" />
      <FE fgColor="FFFFFF" bgColor="2E8B57" type="Extra-Thematic" abbrev="per" name="Period_of_iterations" />
      <FE fgColor="FFFFFF" bgColor="0000FF" type="Core" abbrev="Phen" name="Phenomenon" />
      <FE fgColor="FFFFFF" bgColor="9400D3" type="Peripheral" abbrev="" name="Purpose" />
      <FE fgColor="FFFFFF" bgColor="9F79EE" type="Peripheral" abbrev="State" name="State" />
      <FE fgColor="FFFFFF" bgColor="FFA500" type="Peripheral" abbrev="T" name="Time" />
      <FE fgColor="FFFFFF" bgColor="800080" type="Core" abbrev="Top" name="Topic" />
    </frame>
  </header>
  <definition>COD: become aware of.</definition>
  <lexeme POS="V" name="notice" />
  <valences>
    <FERealization total="25">
      <FE name="Cognizer" />
      <pattern total="3">
        <valenceUnit GF="" PT="CNI" FE="Cognizer" />
        <annoSet ID="308333" />
        <annoSet ID="308679" />
        <annoSet ID="4529323" />
      </pattern>
      <pattern total="22">
        <valenceUnit GF="Ext" PT="NP" FE="Cognizer" />
        <annoSet ID="308241" />
        <annoSet ID="308249" />
        <annoSet ID="308307" />
        <annoSet ID="308341" />
        <annoSet ID="308359" />
        <annoSet ID="308381" />
        <annoSet ID="308399" />
        <annoSet ID="308501" />
        <annoSet ID="308557" />
        <annoSet ID="308575" />
        <annoSet ID="308611" />
        <annoSet ID="308639" />
        <annoSet ID="308689" />
        <annoSet ID="308755" />
        <annoSet ID="308775" />
        <annoSet ID="308783" />
        <annoSet ID="308873" />
        <annoSet ID="308919" />
        <annoSet ID="4528896" />
        <annoSet ID="4528907" />
        <annoSet ID="4529064" />
        <annoSet ID="6554866" />
      </pattern>
    </FERealization>
    <FERealization total="7">
      <FE name="Ground" />
      <pattern total="1">
        <valenceUnit GF="Dep" PT="PP[from]" FE="Ground" />
        <annoSet ID="308679" />
      </pattern>
      <pattern total="2">
        <valenceUnit GF="Dep" PT="PP[in]" FE="Ground" />
        <annoSet ID="308307" />
        <annoSet ID="308333" />
      </pattern>
      <pattern total="3">
        <valenceUnit GF="Dep" PT="PP[at]" FE="Ground" />
        <annoSet ID="308575" />
        <annoSet ID="308611" />
        <annoSet ID="308639" />
      </pattern>
      <pattern total="1">
        <valenceUnit GF="Dep" PT="PP[on]" FE="Ground" />
        <annoSet ID="308783" />
      </pattern>
    </FERealization>
    <FERealization total="24">
      <FE name="Phenomenon" />
      <pattern total="16">
        <valenceUnit GF="Obj" PT="NP" FE="Phenomenon" />
        <annoSet ID="308307" />
        <annoSet ID="308333" />
        <annoSet ID="308501" />
        <annoSet ID="308557" />
        <annoSet ID="308575" />
        <annoSet ID="308611" />
        <annoSet ID="308639" />
        <annoSet ID="308679" />
        <annoSet ID="308689" />
        <annoSet ID="308755" />
        <annoSet ID="308775" />
        <annoSet ID="308783" />
        <annoSet ID="308873" />
        <annoSet ID="308919" />
        <annoSet ID="4528896" />
        <annoSet ID="4529323" />
      </pattern>
      <pattern total="7">
        <valenceUnit GF="Dep" PT="Sfin" FE="Phenomenon" />
        <annoSet ID="308241" />
        <annoSet ID="308249" />
        <annoSet ID="308341" />
        <annoSet ID="308359" />
        <annoSet ID="308381" />
        <annoSet ID="4528907" />
        <annoSet ID="6554866" />
      </pattern>
      <pattern total="1">
        <valenceUnit GF="Dep" PT="Sinterrog" FE="Phenomenon" />
        <annoSet ID="308399" />
      </pattern>
    </FERealization>
    <FERealization total="3">
      <FE name="State" />
      <pattern total="2">
        <valenceUnit GF="" PT="INI" FE="State" />
        <annoSet ID="4528896" />
        <annoSet ID="4528907" />
      </pattern>
      <pattern total="1">
        <valenceUnit GF="Dep" PT="VPing" FE="State" />
        <annoSet ID="308501" />
      </pattern>
    </FERealization>
    <FERealization total="2">
      <FE name="Time" />
      <pattern total="1">
        <valenceUnit GF="Dep" PT="PP[on]" FE="Time" />
        <annoSet ID="308775" />
      </pattern>
      <pattern total="1">
        <valenceUnit GF="Dep" PT="AVP" FE="Time" />
        <annoSet ID="4528907" />
      </pattern>
    </FERealization>
    <FEGroupRealization total="1">
      <FE name="Cognizer" />
      <pattern total="1">
        <valenceUnit GF="Ext" PT="NP" FE="Cognizer" />
        <annoSet ID="4529064" />
      </pattern>
    </FEGroupRealization>
    <FEGroupRealization total="7">
      <FE name="Cognizer" />
      <FE name="Ground" />
      <FE name="Phenomenon" />
      <pattern total="1">
        <valenceUnit GF="" PT="CNI" FE="Cognizer" />
        <valenceUnit GF="Dep" PT="PP[from]" FE="Ground" />
        <valenceUnit GF="Obj" PT="NP" FE="Phenomenon" />
        <annoSet ID="308679" />
      </pattern>
      <pattern total="1">
        <valenceUnit GF="" PT="CNI" FE="Cognizer" />
        <valenceUnit GF="Dep" PT="PP[in]" FE="Ground" />
        <valenceUnit GF="Obj" PT="NP" FE="Phenomenon" />
        <annoSet ID="308333" />
      </pattern>
      <pattern total="3">
        <valenceUnit GF="Ext" PT="NP" FE="Cognizer" />
        <valenceUnit GF="Dep" PT="PP[at]" FE="Ground" />
        <valenceUnit GF="Obj" PT="NP" FE="Phenomenon" />
        <annoSet ID="308575" />
        <annoSet ID="308611" />
        <annoSet ID="308639" />
      </pattern>
      <pattern total="1">
        <valenceUnit GF="Ext" PT="NP" FE="Cognizer" />
        <valenceUnit GF="Dep" PT="PP[in]" FE="Ground" />
        <valenceUnit GF="Obj" PT="NP" FE="Phenomenon" />
        <annoSet ID="308307" />
      </pattern>
      <pattern total="1">
        <valenceUnit GF="Ext" PT="NP" FE="Cognizer" />
        <valenceUnit GF="Dep" PT="PP[on]" FE="Ground" />
        <valenceUnit GF="Obj" PT="NP" FE="Phenomenon" />
        <annoSet ID="308783" />
      </pattern>
    </FEGroupRealization>
    <FEGroupRealization total="13">
      <FE name="Cognizer" />
      <FE name="Phenomenon" />
      <pattern total="1">
        <valenceUnit GF="" PT="CNI" FE="Cognizer" />
        <valenceUnit GF="Obj" PT="NP" FE="Phenomenon" />
        <annoSet ID="4529323" />
      </pattern>
      <pattern total="5">
        <valenceUnit GF="Ext" PT="NP" FE="Cognizer" />
        <valenceUnit GF="Obj" PT="NP" FE="Phenomenon" />
        <annoSet ID="308557" />
        <annoSet ID="308689" />
        <annoSet ID="308755" />
        <annoSet ID="308873" />
        <annoSet ID="308919" />
      </pattern>
      <pattern total="6">
        <valenceUnit GF="Ext" PT="NP" FE="Cognizer" />
        <valenceUnit GF="Dep" PT="Sfin" FE="Phenomenon" />
        <annoSet ID="308241" />
        <annoSet ID="308249" />
        <annoSet ID="308341" />
        <annoSet ID="308359" />
        <annoSet ID="308381" />
        <annoSet ID="6554866" />
      </pattern>
      <pattern total="1">
        <valenceUnit GF="Ext" PT="NP" FE="Cognizer" />
        <valenceUnit GF="Dep" PT="Sinterrog" FE="Phenomenon" />
        <annoSet ID="308399" />
      </pattern>
    </FEGroupRealization>
    <FEGroupRealization total="2">
      <FE name="Cognizer" />
      <FE name="Phenomenon" />
      <FE name="State" />
      <pattern total="1">
        <valenceUnit GF="Ext" PT="NP" FE="Cognizer" />
        <valenceUnit GF="Obj" PT="NP" FE="Phenomenon" />
        <valenceUnit GF="" PT="INI" FE="State" />
        <annoSet ID="4528896" />
      </pattern>
      <pattern total="1">
        <valenceUnit GF="Ext" PT="NP" FE="Cognizer" />
        <valenceUnit GF="Obj" PT="NP" FE="Phenomenon" />
        <valenceUnit GF="Dep" PT="VPing" FE="State" />
        <annoSet ID="308501" />
      </pattern>
    </FEGroupRealization>
    <FEGroupRealization total="1">
      <FE name="Cognizer" />
      <FE name="Phenomenon" />
      <FE name="State" />
      <FE name="Time" />
      <pattern total="1">
        <valenceUnit GF="Ext" PT="NP" FE="Cognizer" />
        <valenceUnit GF="Dep" PT="Sfin" FE="Phenomenon" />
        <valenceUnit GF="" PT="INI" FE="State" />
        <valenceUnit GF="Dep" PT="AVP" FE="Time" />
        <annoSet ID="4528907" />
      </pattern>
    </FEGroupRealization>
    <FEGroupRealization total="1">
      <FE name="Cognizer" />
      <FE name="Phenomenon" />
      <FE name="Time" />
      <pattern total="1">
        <valenceUnit GF="Ext" PT="NP" FE="Cognizer" />
        <valenceUnit GF="Obj" PT="NP" FE="Phenomenon" />
        <valenceUnit GF="Dep" PT="PP[on]" FE="Time" />
        <annoSet ID="308775" />
      </pattern>
    </FEGroupRealization>
  </valences>
  <subCorpus name="V-augmented">
    <sentence sentNo="0" ID="662875n">
      <text>It explained why , earlier in the afternoon , I had noticed a deer by the side of the track while riding through this benighted forest . </text>
      <annotationSet cDate="08/08/2025 07:58:07 PST Fri" status="AUGMENTED" ID="0">
        <layer name="FE" rank="1">
          <label cBy="auto-aug" feID="87" start="46" end="46" name="Cognizer" />
          <label cBy="auto-aug" feID="88" start="60" end="65" name="Phenomenon" />
          <label cBy="auto-aug" feID="89" start="67" end="90" name="Ground" />
          <label cBy="auto-aug" feID="3607" start="92" end="133" name="Time" />
        </layer>
        <layer name="Target" rank="1">
          <label cBy="auto-aug" start="52" end="58" name="Target" />
        </layer>
      </annotationSet>
    </sentence>
    <sentence sentNo="0" ID="1524906n">
      <text>For instance , the way to notice the witch is to stick two needles in the form of a cross into the sill above a door ; if the person in the room is a witch , she wo n't be able to leave the room .</text>
      <annotationSet cDate="08/08/2025 07:58:07 PST Fri" status="AUGMENTED" ID="0">
        <layer name="FE" rank="1">
          <label cBy="auto-aug" feID="88" start="33" end="41" name="Phenomenon" />
        </layer>
        <layer name="Target" rank="1">
          <label cBy="auto-aug" start="26" end="31" name="Target" />
        </layer>
      </annotationSet>
    </sentence>
    <sentence sentNo="0" ID="4116575n">
      <text>Just imagine noticing a strange occurrence -- among the hundreds of thousands of unsuspecting and innocent creatures who were unlucky enough to consume lethal doses of a slow-acting poison spread in fields miles away .</text>
      <annotationSet cDate="08/08/2025 07:58:07 PST Fri" status="AUGMENTED" ID="0">
        <layer name="FE" rank="1">
          <label cBy="auto-aug" feID="88" start="22" end="41" name="Phenomenon" />
        </layer>
        <layer name="Target" rank="1">
          <label cBy="auto-aug" start="13" end="20" name="Target" />
        </layer>
      </annotationSet>
    </sentence>
  </subCorpus>
</lexUnit>