<?xml version='1.0' encoding='UTF-8'?>
<lexUnit xmlns="http://framenet.icsi.berkeley.edu" xmlns:xsi="http://www.w3.org/2001/XMLSchema-instance" status="FN1_Sent" POS="V" name="follow.v" ID="1748" frame="Relative_time" frameID="81" totalAnnotated="29" xsi:schemaLocation="../schema/lexUnit.xsd">
  <header>
    <corpus description="BNC2" name="BNC2" ID="111">
      <document description="bncp" name="bncp" ID="421" />
    </corpus>
    <corpus description="Wall Street Journal Texts from the PropBank Project" name="PropBank" ID="115">
      <document description="Bell Ringing" name="BellRinging" ID="23009" />
    </corpus>
    <corpus description="Texts from Nuclear Threat Initiative website, created by Center for Non-Proliferation Studies" name="NTI" ID="135">
      <document description="Libya Country 1" name="LibyaCountry1" ID="23477" />
      <document description="Iran Nuclear" name="Iran_Nuclear" ID="23511" />
      <document description="Iran Missile" name="Iran_Missile" ID="23512" />
      <document description="North Korea Nuclear Overview" name="NorthKorea_NuclearOverview" ID="23562" />
      <document description="Taiwan Introduction" name="Taiwan_Introduction" ID="23565" />
      <document description="WMD News 06/26/2006" name="WMDNews_062606" ID="23621" />
    </corpus>
    <corpus description="Miscellaneous" name="Miscellaneous" ID="175">
      <document description="TigerOfSanPedro" name="Tiger_Of_San_Pedro" ID="25343" />
    </corpus>
    <corpus description="American National Corpus Texts" name="ANC" ID="195">
      <document description="Berlitz History of Las Vegas" name="HistoryOfLasVegas" ID="23691" />
      <document description="Berlitz History of Greece" name="HistoryOfGreece" ID="23692" />
    </corpus>
    <frame>
      <FE fgColor="FFFFFF" bgColor="FF69B4" type="Peripheral" abbrev="Degr" name="Degree" />
      <FE fgColor="FFFFFF" bgColor="800080" type="Extra-Thematic" abbrev="Exp" name="Explanation" />
      <FE fgColor="FFFFFF" bgColor="00008B" type="Core" abbrev="FEv" name="Focal_occasion" />
      <FE fgColor="FFFFFF" bgColor="9400D3" type="Core" abbrev="" name="Focal_participant" />
      <FE fgColor="FFFFFF" bgColor="008000" type="Peripheral" abbrev="Int" name="Interval" />
      <FE fgColor="FFFFFF" bgColor="0000FF" type="Core" abbrev="REv" name="Landmark_occasion" />
      <FE fgColor="FFFFFF" bgColor="FF00FF" type="Peripheral" abbrev="Manr" name="Manner" />
    </frame>
  </header>
  <definition>COD: come after in time or order. </definition>
  <lexeme POS="V" name="follow" />
  <valences>
    <FERealization total="28">
      <FE name="Focal_occasion" />
      <pattern total="16">
        <valenceUnit GF="Ext" PT="NP" FE="Focal_occasion" />
        <annoSet ID="757984" />
        <annoSet ID="758006" />
        <annoSet ID="758020" />
        <annoSet ID="758074" />
        <annoSet ID="758148" />
        <annoSet ID="758158" />
        <annoSet ID="758194" />
        <annoSet ID="758228" />
        <annoSet ID="758270" />
        <annoSet ID="758514" />
        <annoSet ID="758592" />
        <annoSet ID="758600" />
        <annoSet ID="758612" />
        <annoSet ID="6523066" />
        <annoSet ID="6529456" />
        <annoSet ID="6537423" />
      </pattern>
      <pattern total="8">
        <valenceUnit GF="Dep" PT="PP[by]" FE="Focal_occasion" />
        <annoSet ID="758214" />
        <annoSet ID="758432" />
        <annoSet ID="758456" />
        <annoSet ID="758552" />
        <annoSet ID="2047392" />
        <annoSet ID="6525256" />
        <annoSet ID="6549724" />
        <annoSet ID="6646808" />
      </pattern>
      <pattern total="4">
        <valenceUnit GF="Ext" PT="Sfin" FE="Focal_occasion" />
        <annoSet ID="6521332" />
        <annoSet ID="6525113" />
        <annoSet ID="6529749" />
        <annoSet ID="6551850" />
      </pattern>
    </FERealization>
    <FERealization total="1">
      <FE name="Focal_participant" />
      <pattern total="1">
        <valenceUnit GF="Ext" PT="NP" FE="Focal_participant" />
        <annoSet ID="4528984" />
      </pattern>
    </FERealization>
    <FERealization total="4">
      <FE name="Interval" />
      <pattern total="3">
        <valenceUnit GF="Dep" PT="AVP" FE="Interval" />
        <annoSet ID="758432" />
        <annoSet ID="6525256" />
        <annoSet ID="6529456" />
      </pattern>
      <pattern total="1">
        <valenceUnit GF="Dep" PT="PP[in]" FE="Interval" />
        <annoSet ID="6549724" />
      </pattern>
    </FERealization>
    <FERealization total="29">
      <FE name="Landmark_occasion" />
      <pattern total="5">
        <valenceUnit GF="" PT="DNI" FE="Landmark_occasion" />
        <annoSet ID="758006" />
        <annoSet ID="758020" />
        <annoSet ID="758074" />
        <annoSet ID="4528984" />
        <annoSet ID="6523066" />
      </pattern>
      <pattern total="3">
        <valenceUnit GF="" PT="INI" FE="Landmark_occasion" />
        <annoSet ID="758592" />
        <annoSet ID="758600" />
        <annoSet ID="758612" />
      </pattern>
      <pattern total="10">
        <valenceUnit GF="Obj" PT="NP" FE="Landmark_occasion" />
        <annoSet ID="757984" />
        <annoSet ID="758158" />
        <annoSet ID="758194" />
        <annoSet ID="758270" />
        <annoSet ID="758514" />
        <annoSet ID="6521332" />
        <annoSet ID="6525113" />
        <annoSet ID="6529456" />
        <annoSet ID="6529749" />
        <annoSet ID="6537423" />
      </pattern>
      <pattern total="2">
        <valenceUnit GF="Dep" PT="Sfin" FE="Landmark_occasion" />
        <annoSet ID="758148" />
        <annoSet ID="758228" />
      </pattern>
      <pattern total="8">
        <valenceUnit GF="Ext" PT="NP" FE="Landmark_occasion" />
        <annoSet ID="758214" />
        <annoSet ID="758432" />
        <annoSet ID="758456" />
        <annoSet ID="758552" />
        <annoSet ID="2047392" />
        <annoSet ID="6525256" />
        <annoSet ID="6549724" />
        <annoSet ID="6646808" />
      </pattern>
      <pattern total="1">
        <valenceUnit GF="Obj" PT="PP[by]" FE="Landmark_occasion" />
        <annoSet ID="6551850" />
      </pattern>
    </FERealization>
    <FEGroupRealization total="4">
      <FE name="Focal_occasion" />
      <FE name="Focal_occasion" />
      <FE name="Landmark_occasion" />
      <pattern total="1">
        <valenceUnit GF="Ext" PT="NP" FE="Focal_occasion" />
        <valenceUnit GF="Ext" PT="NP" FE="Focal_occasion" />
        <valenceUnit GF="" PT="DNI" FE="Landmark_occasion" />
        <annoSet ID="758006" />
      </pattern>
      <pattern total="1">
        <valenceUnit GF="Ext" PT="NP" FE="Focal_occasion" />
        <valenceUnit GF="Ext" PT="NP" FE="Focal_occasion" />
        <valenceUnit GF="" PT="INI" FE="Landmark_occasion" />
        <annoSet ID="758592" />
      </pattern>
      <pattern total="1">
        <valenceUnit GF="Ext" PT="NP" FE="Focal_occasion" />
        <valenceUnit GF="Ext" PT="NP" FE="Focal_occasion" />
        <valenceUnit GF="Obj" PT="NP" FE="Landmark_occasion" />
        <annoSet ID="758514" />
      </pattern>
      <pattern total="1">
        <valenceUnit GF="Ext" PT="NP" FE="Focal_occasion" />
        <valenceUnit GF="Ext" PT="NP" FE="Focal_occasion" />
        <valenceUnit GF="Dep" PT="Sfin" FE="Landmark_occasion" />
        <annoSet ID="758148" />
      </pattern>
    </FEGroupRealization>
    <FEGroupRealization total="4">
      <FE name="Focal_occasion" />
      <FE name="Interval" />
      <FE name="Landmark_occasion" />
      <pattern total="1">
        <valenceUnit GF="Ext" PT="NP" FE="Focal_occasion" />
        <valenceUnit GF="Dep" PT="AVP" FE="Interval" />
        <valenceUnit GF="Obj" PT="NP" FE="Landmark_occasion" />
        <annoSet ID="6529456" />
      </pattern>
      <pattern total="2">
        <valenceUnit GF="Dep" PT="PP[by]" FE="Focal_occasion" />
        <valenceUnit GF="Dep" PT="AVP" FE="Interval" />
        <valenceUnit GF="Ext" PT="NP" FE="Landmark_occasion" />
        <annoSet ID="758432" />
        <annoSet ID="6525256" />
      </pattern>
      <pattern total="1">
        <valenceUnit GF="Dep" PT="PP[by]" FE="Focal_occasion" />
        <valenceUnit GF="Dep" PT="PP[in]" FE="Interval" />
        <valenceUnit GF="Ext" PT="NP" FE="Landmark_occasion" />
        <annoSet ID="6549724" />
      </pattern>
    </FEGroupRealization>
    <FEGroupRealization total="20">
      <FE name="Focal_occasion" />
      <FE name="Landmark_occasion" />
      <pattern total="3">
        <valenceUnit GF="Ext" PT="NP" FE="Focal_occasion" />
        <valenceUnit GF="" PT="DNI" FE="Landmark_occasion" />
        <annoSet ID="758020" />
        <annoSet ID="758074" />
        <annoSet ID="6523066" />
      </pattern>
      <pattern total="2">
        <valenceUnit GF="Ext" PT="NP" FE="Focal_occasion" />
        <valenceUnit GF="" PT="INI" FE="Landmark_occasion" />
        <annoSet ID="758600" />
        <annoSet ID="758612" />
      </pattern>
      <pattern total="5">
        <valenceUnit GF="Ext" PT="NP" FE="Focal_occasion" />
        <valenceUnit GF="Obj" PT="NP" FE="Landmark_occasion" />
        <annoSet ID="757984" />
        <annoSet ID="758158" />
        <annoSet ID="758194" />
        <annoSet ID="758270" />
        <annoSet ID="6537423" />
      </pattern>
      <pattern total="1">
        <valenceUnit GF="Ext" PT="NP" FE="Focal_occasion" />
        <valenceUnit GF="Dep" PT="Sfin" FE="Landmark_occasion" />
        <annoSet ID="758228" />
      </pattern>
      <pattern total="5">
        <valenceUnit GF="Dep" PT="PP[by]" FE="Focal_occasion" />
        <valenceUnit GF="Ext" PT="NP" FE="Landmark_occasion" />
        <annoSet ID="758214" />
        <annoSet ID="758456" />
        <annoSet ID="758552" />
        <annoSet ID="2047392" />
        <annoSet ID="6646808" />
      </pattern>
      <pattern total="3">
        <valenceUnit GF="Ext" PT="Sfin" FE="Focal_occasion" />
        <valenceUnit GF="Obj" PT="NP" FE="Landmark_occasion" />
        <annoSet ID="6521332" />
        <annoSet ID="6525113" />
        <annoSet ID="6529749" />
      </pattern>
      <pattern total="1">
        <valenceUnit GF="Ext" PT="Sfin" FE="Focal_occasion" />
        <valenceUnit GF="Obj" PT="PP[by]" FE="Landmark_occasion" />
        <annoSet ID="6551850" />
      </pattern>
    </FEGroupRealization>
    <FEGroupRealization total="1">
      <FE name="Focal_participant" />
      <FE name="Focal_participant" />
      <FE name="Landmark_occasion" />
      <pattern total="1">
        <valenceUnit GF="Ext" PT="NP" FE="Focal_participant" />
        <valenceUnit GF="Ext" PT="NP" FE="Focal_participant" />
        <valenceUnit GF="" PT="DNI" FE="Landmark_occasion" />
        <annoSet ID="4528984" />
      </pattern>
    </FEGroupRealization>
  </valences>
  <subCorpus name="V-augmented">
    <sentence sentNo="0" ID="4148306n">
      <text>the trail followed behind , and my friend took no step forward .</text>
      <annotationSet cDate="08/08/2025 07:59:30 PST Fri" status="AUGMENTED" ID="0">
        <layer name="FE" rank="1">
          <label cBy="auto-aug" feID="373" start="0" end="8" name="Focal_occasion" />
          <label cBy="auto-aug" feID="374" start="19" end="24" name="Landmark_occasion" />
        </layer>
        <layer name="Target" rank="1">
          <label cBy="auto-aug" start="10" end="17" name="Target" />
        </layer>
      </annotationSet>
    </sentence>
    <sentence sentNo="0" ID="639486n">
      <text>the events had not followed the timeline , as many had feared . </text>
      <annotationSet cDate="08/08/2025 07:59:30 PST Fri" status="AUGMENTED" ID="0">
        <layer name="FE" rank="1">
          <label cBy="auto-aug" feID="373" start="0" end="9" name="Focal_occasion" />
          <label cBy="auto-aug" feID="374" start="28" end="39" name="Landmark_occasion" />
        </layer>
        <layer name="Target" rank="1">
          <label cBy="auto-aug" start="19" end="26" name="Target" />
        </layer>
      </annotationSet>
    </sentence>
    <sentence sentNo="0" ID="639568n">
      <text>The French invasion plan of 1762 was very different from the invasion that had followed the war . </text>
      <annotationSet cDate="08/08/2025 07:59:30 PST Fri" status="AUGMENTED" ID="0">
        <layer name="FE" rank="1">
          <label cBy="auto-aug" feID="373" start="57" end="68" name="Focal_occasion" />
          <label cBy="auto-aug" feID="373" start="70" end="73" name="Focal_occasion" />
          <label cBy="auto-aug" feID="374" start="88" end="94" name="Landmark_occasion" />
        </layer>
        <layer name="Target" rank="1">
          <label cBy="auto-aug" start="79" end="86" name="Target" />
        </layer>
      </annotationSet>
    </sentence>
    <sentence sentNo="0" ID="639774n">
      <text>the rain follows the sun ; but what happened there greatly strengthened it . </text>
      <annotationSet cDate="08/08/2025 07:59:30 PST Fri" status="AUGMENTED" ID="0">
        <layer name="FE" rank="1">
          <label cBy="auto-aug" feID="373" start="0" end="7" name="Focal_occasion" />
          <label cBy="auto-aug" feID="374" start="17" end="23" name="Landmark_occasion" />
        </layer>
        <layer name="Target" rank="1">
          <label cBy="auto-aug" start="9" end="15" name="Target" />
        </layer>
      </annotationSet>
    </sentence>
    <sentence sentNo="0" ID="639764n">
      <text>As at other sites , the event followed the discovery by a few decades . </text>
      <annotationSet cDate="08/08/2025 07:59:30 PST Fri" status="AUGMENTED" ID="0">
        <layer name="FE" rank="1">
          <label cBy="auto-aug" feID="373" start="20" end="28" name="Focal_occasion" />
          <label cBy="auto-aug" feID="374" start="39" end="51" name="Landmark_occasion" />
          <label cBy="auto-aug" feID="375" start="53" end="68" name="Interval" />
        </layer>
        <layer name="Target" rank="1">
          <label cBy="auto-aug" start="30" end="37" name="Target" />
        </layer>
      </annotationSet>
    </sentence>
    <sentence sentNo="0" ID="639452n">
      <text>Over the years following in the community the ownership of properties and land in Combsburgh had changed hands many times . </text>
      <annotationSet cDate="08/08/2025 07:59:30 PST Fri" status="AUGMENTED" ID="0">
        <layer name="FE" rank="1">
          <label cBy="auto-aug" feID="373" start="5" end="13" name="Focal_occasion" />
          <label cBy="auto-aug" feID="374" start="25" end="40" name="Landmark_occasion" />
        </layer>
        <layer name="Target" rank="1">
          <label cBy="auto-aug" start="15" end="23" name="Target" />
        </layer>
      </annotationSet>
    </sentence>
  </subCorpus>
</lexUnit>