<?xml version='1.0' encoding='UTF-8'?>
<lexUnit xmlns="http://framenet.icsi.berkeley.edu" xmlns:xsi="http://www.w3.org/2001/XMLSchema-instance" status="Needs_SCs" POS="V" name="submit.v" ID="18444" frame="Giving_in" frameID="1497" totalAnnotated="16" xsi:schemaLocation="../schema/lexUnit.xsd">
  <header>
    <corpus description="BNC2" name="BNC2" ID="111">
      <document description="bncp" name="bncp" ID="421" />
    </corpus>
    <corpus description="Texts from Nuclear Threat Initiative website, created by Center for Non-Proliferation Studies" name="NTI" ID="135">
      <document description="North Korea Introduction" name="NorthKorea_Introduction" ID="23481" />
      <document description="North Korea Nuclear Overview" name="NorthKorea_NuclearOverview" ID="23562" />
    </corpus>
    <corpus description="American National Corpus Texts" name="ANC" ID="195">
      <document description="Berlitz History of Jerusalem" name="HistoryOfJerusalem" ID="23647" />
    </corpus>
    <frame>
      <FE fgColor="FFFFFF" bgColor="FF0000" type="Core" abbrev="cap" name="Capitulator" />
      <FE fgColor="FFFFFF" bgColor="0000FF" type="Core" abbrev="com" name="Compeller" />
      <FE fgColor="FFFFFF" bgColor="FF00FF" type="Peripheral" abbrev="deg" name="Degree" />
      <FE fgColor="FFFFFF" bgColor="FFA500" type="Extra-Thematic" abbrev="exp" name="Explanation" />
      <FE fgColor="FFFFFF" bgColor="00008B" type="Core" abbrev="for" name="Force" />
      <FE fgColor="FFFFFF" bgColor="008000" type="Core" abbrev="iss" name="Issue" />
      <FE fgColor="FFFFFF" bgColor="FF69B4" type="Peripheral" abbrev="man" name="Manner" />
      <FE fgColor="FFFFFF" bgColor="1E90FF" type="Peripheral" abbrev="pla" name="Place" />
      <FE fgColor="FFFFFF" bgColor="d0d0d0" type="Peripheral" abbrev="pur" name="Purpose" />
      <FE fgColor="000000" bgColor="FFFF00" type="Core" abbrev="res" name="Resultant_action" />
      <FE fgColor="FFFFFF" bgColor="800080" type="Peripheral" abbrev="tim" name="Time" />
    </frame>
  </header>
  <definition>FN: to accept or obey the authority of another person or group "After the defeat of their navy, they had to submit to Roman rule."</definition>
  <lexeme POS="V" name="submit" />
  <valences>
    <FERealization total="16">
      <FE name="Capitulator" />
      <pattern total="2">
        <valenceUnit GF="" PT="CNI" FE="Capitulator" />
        <annoSet ID="1922847" />
        <annoSet ID="1922969" />
      </pattern>
      <pattern total="14">
        <valenceUnit GF="Ext" PT="NP" FE="Capitulator" />
        <annoSet ID="1922841" />
        <annoSet ID="1922853" />
        <annoSet ID="1922859" />
        <annoSet ID="1922867" />
        <annoSet ID="1922869" />
        <annoSet ID="1922871" />
        <annoSet ID="1922883" />
        <annoSet ID="1922941" />
        <annoSet ID="1922989" />
        <annoSet ID="1922997" />
        <annoSet ID="1923115" />
        <annoSet ID="6525845" />
        <annoSet ID="6530285" />
        <annoSet ID="6538889" />
      </pattern>
    </FERealization>
    <FERealization total="16">
      <FE name="Force" />
      <pattern total="14">
        <valenceUnit GF="Dep" PT="PP[to]" FE="Force" />
        <annoSet ID="1922841" />
        <annoSet ID="1922847" />
        <annoSet ID="1922853" />
        <annoSet ID="1922859" />
        <annoSet ID="1922867" />
        <annoSet ID="1922869" />
        <annoSet ID="1922871" />
        <annoSet ID="1922883" />
        <annoSet ID="1922969" />
        <annoSet ID="1922989" />
        <annoSet ID="1922997" />
        <annoSet ID="1923115" />
        <annoSet ID="6525845" />
        <annoSet ID="6530285" />
      </pattern>
      <pattern total="1">
        <valenceUnit GF="" PT="DNI" FE="Force" />
        <annoSet ID="1922941" />
      </pattern>
      <pattern total="1">
        <valenceUnit GF="Dep" PT="VPto" FE="Force" />
        <annoSet ID="6538889" />
      </pattern>
    </FERealization>
    <FERealization total="3">
      <FE name="Manner" />
      <pattern total="3">
        <valenceUnit GF="Dep" PT="AVP" FE="Manner" />
        <annoSet ID="1922941" />
        <annoSet ID="1922989" />
        <annoSet ID="6538889" />
      </pattern>
    </FERealization>
    <FERealization total="1">
      <FE name="Resultant_action" />
      <pattern total="1">
        <valenceUnit GF="Dep" PT="PP[in]" FE="Resultant_action" />
        <annoSet ID="1922997" />
      </pattern>
    </FERealization>
    <FERealization total="2">
      <FE name="Time" />
      <pattern total="1">
        <valenceUnit GF="Dep" PT="PP[until]" FE="Time" />
        <annoSet ID="6525845" />
      </pattern>
      <pattern total="1">
        <valenceUnit GF="Dep" PT="PP[in]" FE="Time" />
        <annoSet ID="6538889" />
      </pattern>
    </FERealization>
    <FEGroupRealization total="2">
      <FE name="Capitulator" />
      <FE name="Capitulator" />
      <FE name="Force" />
      <pattern total="2">
        <valenceUnit GF="Ext" PT="NP" FE="Capitulator" />
        <valenceUnit GF="Ext" PT="NP" FE="Capitulator" />
        <valenceUnit GF="Dep" PT="PP[to]" FE="Force" />
        <annoSet ID="1922841" />
        <annoSet ID="1922867" />
      </pattern>
    </FEGroupRealization>
    <FEGroupRealization total="9">
      <FE name="Capitulator" />
      <FE name="Force" />
      <pattern total="2">
        <valenceUnit GF="" PT="CNI" FE="Capitulator" />
        <valenceUnit GF="Dep" PT="PP[to]" FE="Force" />
        <annoSet ID="1922847" />
        <annoSet ID="1922969" />
      </pattern>
      <pattern total="7">
        <valenceUnit GF="Ext" PT="NP" FE="Capitulator" />
        <valenceUnit GF="Dep" PT="PP[to]" FE="Force" />
        <annoSet ID="1922853" />
        <annoSet ID="1922859" />
        <annoSet ID="1922869" />
        <annoSet ID="1922871" />
        <annoSet ID="1922883" />
        <annoSet ID="1923115" />
        <annoSet ID="6530285" />
      </pattern>
    </FEGroupRealization>
    <FEGroupRealization total="1">
      <FE name="Capitulator" />
      <FE name="Force" />
      <FE name="Force" />
      <FE name="Manner" />
      <FE name="Time" />
      <pattern total="1">
        <valenceUnit GF="Ext" PT="NP" FE="Capitulator" />
        <valenceUnit GF="Dep" PT="VPto" FE="Force" />
        <valenceUnit GF="Dep" PT="VPto" FE="Force" />
        <valenceUnit GF="Dep" PT="AVP" FE="Manner" />
        <valenceUnit GF="Dep" PT="PP[in]" FE="Time" />
        <annoSet ID="6538889" />
      </pattern>
    </FEGroupRealization>
    <FEGroupRealization total="2">
      <FE name="Capitulator" />
      <FE name="Force" />
      <FE name="Manner" />
      <pattern total="1">
        <valenceUnit GF="Ext" PT="NP" FE="Capitulator" />
        <valenceUnit GF="" PT="DNI" FE="Force" />
        <valenceUnit GF="Dep" PT="AVP" FE="Manner" />
        <annoSet ID="1922941" />
      </pattern>
      <pattern total="1">
        <valenceUnit GF="Ext" PT="NP" FE="Capitulator" />
        <valenceUnit GF="Dep" PT="PP[to]" FE="Force" />
        <valenceUnit GF="Dep" PT="AVP" FE="Manner" />
        <annoSet ID="1922989" />
      </pattern>
    </FEGroupRealization>
    <FEGroupRealization total="1">
      <FE name="Capitulator" />
      <FE name="Force" />
      <FE name="Resultant_action" />
      <pattern total="1">
        <valenceUnit GF="Ext" PT="NP" FE="Capitulator" />
        <valenceUnit GF="Dep" PT="PP[to]" FE="Force" />
        <valenceUnit GF="Dep" PT="PP[in]" FE="Resultant_action" />
        <annoSet ID="1922997" />
      </pattern>
    </FEGroupRealization>
    <FEGroupRealization total="1">
      <FE name="Capitulator" />
      <FE name="Force" />
      <FE name="Time" />
      <pattern total="1">
        <valenceUnit GF="Ext" PT="NP" FE="Capitulator" />
        <valenceUnit GF="Dep" PT="PP[to]" FE="Force" />
        <valenceUnit GF="Dep" PT="PP[until]" FE="Time" />
        <annoSet ID="6525845" />
      </pattern>
    </FEGroupRealization>
  </valences>
  <subCorpus name="V-augmented">
    <sentence sentNo="0" ID="4109511n">
      <text>He suffered discredit by opposing , and then submitting to the pressure .</text>
      <annotationSet cDate="08/08/2025 07:59:52 PST Fri" status="AUGMENTED" ID="0">
        <layer name="FE" rank="1">
          <label cBy="auto-aug" feID="8195" start="56" end="70" name="Force" />
        </layer>
        <layer name="Target" rank="1">
          <label cBy="auto-aug" start="45" end="54" name="Target" />
        </layer>
      </annotationSet>
    </sentence>
    <sentence sentNo="0" ID="4109505n">
      <text>When the bill came , Maitre Perreyve paid it cheerfully , and Anthony Everard , demurring to begin with , finally submitted the final decision .</text>
      <annotationSet cDate="08/08/2025 07:59:52 PST Fri" status="AUGMENTED" ID="0">
        <layer name="FE" rank="1">
          <label cBy="auto-aug" feID="8189" start="62" end="76" name="Capitulator" />
          <label cBy="auto-aug" feID="8204" start="124" end="141" name="Resultant_action" />
        </layer>
        <layer name="Target" rank="1">
          <label cBy="auto-aug" start="114" end="122" name="Target" />
        </layer>
      </annotationSet>
    </sentence>
    <sentence sentNo="0" ID="4109512n">
      <text>Cranmer was among the members of the Council who took refuge with her in the Tower and then submitted themselves to her authority .</text>
      <annotationSet cDate="08/08/2025 07:59:52 PST Fri" status="AUGMENTED" ID="0">
        <layer name="FE" rank="1">
          <label cBy="auto-aug" feID="8189" start="0" end="6" name="Capitulator" />
          <label cBy="auto-aug" feID="8191" start="102" end="128" name="Compeller" />
        </layer>
        <layer name="Target" rank="1">
          <label cBy="auto-aug" start="92" end="100" name="Target" />
        </layer>
      </annotationSet>
    </sentence>
    <sentence sentNo="0" ID="1574120n">
      <text>Thorpe J. decided that the mother had not established that the father had submitted a motion .</text>
      <annotationSet cDate="08/08/2025 07:59:52 PST Fri" status="AUGMENTED" ID="0">
        <layer name="FE" rank="1">
          <label cBy="auto-aug" feID="8189" start="59" end="68" name="Capitulator" />
          <label cBy="auto-aug" feID="8190" start="84" end="91" name="Issue" />
        </layer>
        <layer name="Target" rank="1">
          <label cBy="auto-aug" start="74" end="82" name="Target" />
        </layer>
      </annotationSet>
    </sentence>
    <sentence sentNo="0" ID="4109517n">
      <text>It is regrettable that the Ordnance Survey has submitted the map for review and abandoning good old British feet .</text>
      <annotationSet cDate="08/08/2025 07:59:52 PST Fri" status="AUGMENTED" ID="0">
        <layer name="FE" rank="1">
          <label cBy="auto-aug" feID="8189" start="23" end="41" name="Capitulator" />
          <label cBy="auto-aug" feID="8190" start="57" end="63" name="Issue" />
          <label cBy="auto-aug" feID="8204" start="65" end="74" name="Resultant_action" />
        </layer>
        <layer name="Target" rank="1">
          <label cBy="auto-aug" start="47" end="55" name="Target" />
        </layer>
      </annotationSet>
    </sentence>
    <sentence sentNo="0" ID="4116202n">
      <text>I think it 's being a little hard on Miramax to say it submitted the film ; it kept its commitments to the film and to Disney by buying it ( film , not Disney ) back and arranging to distribute it independently .</text>
      <annotationSet cDate="08/08/2025 07:59:52 PST Fri" status="AUGMENTED" ID="0">
        <layer name="FE" rank="1">
          <label cBy="auto-aug" feID="8189" start="8" end="9" name="Capitulator" />
          <label cBy="auto-aug" feID="8190" start="65" end="72" name="Issue" />
        </layer>
        <layer name="Target" rank="1">
          <label cBy="auto-aug" start="55" end="63" name="Target" />
        </layer>
      </annotationSet>
    </sentence>
  </subCorpus>
</lexUnit>