<?xml version='1.0' encoding='UTF-8'?>
<lexUnit xmlns="http://framenet.icsi.berkeley.edu" xmlns:xsi="http://www.w3.org/2001/XMLSchema-instance" status="Created" POS="V" name="let.v" ID="18787" frame="Preventing_or_letting" frameID="516" totalAnnotated="13" xsi:schemaLocation="../schema/lexUnit.xsd">
  <header>
    <corpus description="BNC2" name="BNC2" ID="111">
      <document description="bncp" name="bncp" ID="421" />
    </corpus>
    <corpus description="Miscellaneous" name="Miscellaneous" ID="175">
      <document description="TigerOfSanPedro" name="Tiger_Of_San_Pedro" ID="25343" />
    </corpus>
    <corpus description="LUCorpus-v0.3" name="LUCorpus-v0.3" ID="205">
      <document description="20000410_nyt-NEW" name="20000410_nyt-NEW" ID="23701" />
      <document description="20000415_apw_eng-NEW" name="20000415_apw_eng-NEW" ID="23703" />
      <document description="sw2025-ms98-a-trans.ascii-1-NEW" name="sw2025-ms98-a-trans.ascii-1-NEW" ID="23731" />
    </corpus>
    <frame>
      <FE fgColor="FFFFFF" bgColor="FF0000" type="Core" abbrev="Age" name="Agent" />
      <FE fgColor="000000" bgColor="FF69B4" type="Extra-Thematic" abbrev="" name="Allowed_category" />
      <FE fgColor="FFFFFF" bgColor="00BFFF" type="Extra-Thematic" abbrev="" name="Circumstances" />
      <FE fgColor="FFFFFF" bgColor="800080" type="Extra-Thematic" abbrev="" name="Degree" />
      <FE fgColor="000000" bgColor="d0d0d0" type="Extra-Thematic" abbrev="" name="Depictive" />
      <FE fgColor="FFFFFF" bgColor="0000FF" type="Core" abbrev="Event" name="Event" />
      <FE fgColor="000000" bgColor="FFFF00" type="Extra-Thematic" abbrev="" name="Event_description" />
      <FE fgColor="FFFFFF" bgColor="006400" type="Extra-Thematic" abbrev="" name="Explanation" />
      <FE fgColor="FFFFFF" bgColor="1E90FF" type="Extra-Thematic" abbrev="" name="Frequency" />
      <FE fgColor="FFFFFF" bgColor="008000" type="Extra-Thematic" abbrev="" name="Manner" />
      <FE fgColor="FFFFFF" bgColor="FF69B4" type="Extra-Thematic" abbrev="" name="Means" />
      <FE fgColor="FFFFFF" bgColor="9400D3" type="Extra-Thematic" abbrev="" name="Period_of_iterations" />
      <FE fgColor="FFFFFF" bgColor="A52A2A" type="Peripheral" abbrev="Place" name="Place" />
      <FE fgColor="FFFFFF" bgColor="2E8B57" type="Core" abbrev="Pre" name="Potential_hindrance" />
      <FE fgColor="000000" bgColor="7FFF00" type="Extra-Thematic" abbrev="" name="Purpose" />
      <FE fgColor="FFFFFF" bgColor="FFA500" type="Peripheral" abbrev="Time" name="Time" />
    </frame>
  </header>
  <definition>FN: give the required time or opportunity to allow for an action to be performed</definition>
  <lexeme POS="V" name="let" />
  <semType name="Negative" ID="99" />
  <valences>
    <FERealization total="3">
      <FE name="Agent" />
      <pattern total="3">
        <valenceUnit GF="Ext" PT="NP" FE="Agent" />
        <annoSet ID="6544780" />
        <annoSet ID="6548920" />
        <annoSet ID="6551505" />
      </pattern>
    </FERealization>
    <FERealization total="13">
      <FE name="Event" />
      <pattern total="5">
        <valenceUnit GF="Obj" PT="NP" FE="Event" />
        <annoSet ID="6544780" />
        <annoSet ID="6548920" />
        <annoSet ID="6551505" />
        <annoSet ID="6646091" />
        <annoSet ID="6646587" />
      </pattern>
      <pattern total="3">
        <valenceUnit GF="Dep" PT="VPbrst" FE="Event" />
        <annoSet ID="6544780" />
        <annoSet ID="6548920" />
        <annoSet ID="6551505" />
      </pattern>
      <pattern total="3">
        <valenceUnit GF="Obj" PT="VPfin" FE="Event" />
        <annoSet ID="6646091" />
        <annoSet ID="6646587" />
        <annoSet ID="6673089" />
      </pattern>
      <pattern total="7">
        <valenceUnit GF="Dep" PT="Sbrst" FE="Event" />
        <annoSet ID="2369859" />
        <annoSet ID="2369867" />
        <annoSet ID="2369879" />
        <annoSet ID="2369887" />
        <annoSet ID="2369975" />
        <annoSet ID="2370253" />
        <annoSet ID="6585701" />
      </pattern>
    </FERealization>
    <FERealization total="9">
      <FE name="Potential_hindrance" />
      <pattern total="9">
        <valenceUnit GF="Ext" PT="NP" FE="Potential_hindrance" />
        <annoSet ID="2369859" />
        <annoSet ID="2369867" />
        <annoSet ID="2369879" />
        <annoSet ID="2369887" />
        <annoSet ID="2369975" />
        <annoSet ID="2370253" />
        <annoSet ID="6585701" />
        <annoSet ID="6646091" />
        <annoSet ID="6646587" />
      </pattern>
    </FERealization>
    <FEGroupRealization total="3">
      <FE name="Agent" />
      <FE name="Event" />
      <FE name="Event" />
      <pattern total="3">
        <valenceUnit GF="Ext" PT="NP" FE="Agent" />
        <valenceUnit GF="Obj" PT="NP" FE="Event" />
        <valenceUnit GF="Dep" PT="VPbrst" FE="Event" />
        <annoSet ID="6544780" />
        <annoSet ID="6548920" />
        <annoSet ID="6551505" />
      </pattern>
    </FEGroupRealization>
    <FEGroupRealization total="1">
      <FE name="Event" />
      <pattern total="1">
        <valenceUnit GF="Obj" PT="VPfin" FE="Event" />
        <annoSet ID="6673089" />
      </pattern>
    </FEGroupRealization>
    <FEGroupRealization total="2">
      <FE name="Event" />
      <FE name="Event" />
      <FE name="Potential_hindrance" />
      <pattern total="2">
        <valenceUnit GF="Obj" PT="NP" FE="Event" />
        <valenceUnit GF="Obj" PT="VPfin" FE="Event" />
        <valenceUnit GF="Ext" PT="NP" FE="Potential_hindrance" />
        <annoSet ID="6646091" />
        <annoSet ID="6646587" />
      </pattern>
    </FEGroupRealization>
    <FEGroupRealization total="6">
      <FE name="Event" />
      <FE name="Potential_hindrance" />
      <pattern total="6">
        <valenceUnit GF="Dep" PT="Sbrst" FE="Event" />
        <valenceUnit GF="Ext" PT="NP" FE="Potential_hindrance" />
        <annoSet ID="2369859" />
        <annoSet ID="2369867" />
        <annoSet ID="2369879" />
        <annoSet ID="2369887" />
        <annoSet ID="2370253" />
        <annoSet ID="6585701" />
      </pattern>
    </FEGroupRealization>
    <FEGroupRealization total="1">
      <FE name="Event" />
      <FE name="Potential_hindrance" />
      <FE name="Potential_hindrance" />
      <pattern total="1">
        <valenceUnit GF="Dep" PT="Sbrst" FE="Event" />
        <valenceUnit GF="Ext" PT="NP" FE="Potential_hindrance" />
        <valenceUnit GF="Ext" PT="NP" FE="Potential_hindrance" />
        <annoSet ID="2369975" />
      </pattern>
    </FEGroupRealization>
  </valences>
  <subCorpus name="V-augmented">
    <sentence sentNo="0" ID="1487814n">
      <text>A major fire was only let loose .</text>
      <annotationSet cDate="08/08/2025 08:00:52 PST Fri" status="AUGMENTED" ID="0">
        <layer name="FE" rank="1">
          <label cBy="auto-aug" feID="4115" start="0" end="11" name="Event" />
          <label cBy="auto-aug" feID="4114" start="26" end="30" name="Potential_hindrance" />
        </layer>
        <layer name="Target" rank="1">
          <label cBy="auto-aug" start="22" end="24" name="Target" />
        </layer>
      </annotationSet>
    </sentence>
    <sentence sentNo="0" ID="1487779n">
      <text>WHAT could have been a disastrous start for fifth-year pupils at Bohunt School to the social event of the school year was let null .</text>
      <annotationSet cDate="08/08/2025 08:00:52 PST Fri" status="AUGMENTED" ID="0">
        <layer name="FE" rank="1">
          <label cBy="auto-aug" feID="4115" start="21" end="116" name="Event" />
          <label cBy="auto-aug" feID="4114" start="126" end="129" name="Potential_hindrance" />
        </layer>
        <layer name="Target" rank="1">
          <label cBy="auto-aug" start="122" end="124" name="Target" />
        </layer>
      </annotationSet>
    </sentence>
  </subCorpus>
</lexUnit>