<?xml version='1.0' encoding='UTF-8'?>
<lexUnit xmlns="http://framenet.icsi.berkeley.edu" xmlns:xsi="http://www.w3.org/2001/XMLSchema-instance" status="Finished_Initial" POS="V" name="urge.v" ID="1805" frame="Attempt_suasion" frameID="87" totalAnnotated="76" xsi:schemaLocation="../schema/lexUnit.xsd">
  <header>
    <corpus description="Miscellaneous" name="Miscellaneous" ID="175">
      <document description="Iran-related Questions" name="IranRelatedQuestions" ID="23541" />
    </corpus>
    <corpus description="AQUAINT Knowledge-Based Evaluation Texts" name="KBEval" ID="185">
      <document description="Stanford" name="Stanford" ID="23576" />
    </corpus>
    <corpus description="LUCorpus-v0.3" name="LUCorpus-v0.3" ID="205">
      <document description="20000424_nyt-NEW" name="20000424_nyt-NEW" ID="23713" />
      <document description="AFGP-2002-600002-Trans" name="AFGP-2002-600002-Trans" ID="23736" />
    </corpus>
    <frame>
      <FE fgColor="FFFFFF" bgColor="006400" type="Core" abbrev="Add" name="Addressee" />
      <FE fgColor="000000" bgColor="FFFF00" type="Extra-Thematic" abbrev="Cir" name="Circumstances" />
      <FE fgColor="FFFFFF" bgColor="0000FF" type="Core" abbrev="Cont" name="Content" />
      <FE fgColor="FFFFFF" bgColor="FF69B4" type="Peripheral" abbrev="Degr" name="Degree" />
      <FE fgColor="FFFFFF" bgColor="9400D3" type="Extra-Thematic" abbrev="Depict" name="Depictive" />
      <FE fgColor="FFFFFF" bgColor="00008B" type="Extra-Thematic" abbrev="Exp" name="Explanation" />
      <FE fgColor="FFFFFF" bgColor="00BFFF" type="Extra-Thematic" abbrev="Fre" name="Frequency" />
      <FE fgColor="FFFFFF" bgColor="1E90FF" type="Extra-Thematic" abbrev="Gro" name="Group" />
      <FE fgColor="FFFFFF" bgColor="FF00FF" type="Peripheral" abbrev="Manr" name="Manner" />
      <FE fgColor="FFFFFF" bgColor="A52A2A" type="Peripheral" abbrev="Mns" name="Means" />
      <FE fgColor="FFFFFF" bgColor="808080" type="Core" abbrev="Text" name="Medium" />
      <FE fgColor="000000" bgColor="7CCD73" type="Extra-Thematic" abbrev="Per" name="Period_of_iterations" />
      <FE fgColor="000000" bgColor="7FFF00" type="Peripheral" abbrev="Pla" name="Place" />
      <FE fgColor="FFFFFF" bgColor="90876C" type="Peripheral" abbrev="pur" name="Purpose" />
      <FE fgColor="000000" bgColor="EEE8AA" type="Extra-Thematic" abbrev="re-e" name="Re-encoding" />
      <FE fgColor="000000" bgColor="d0d0d0" type="Extra-Thematic" abbrev="Role" name="Role" />
      <FE fgColor="FFFFFF" bgColor="2E8B57" type="Core" abbrev="" name="Salient_entity" />
      <FE fgColor="FFFFFF" bgColor="FF0000" type="Core" abbrev="Spkr" name="Speaker" />
      <FE fgColor="FFFFFF" bgColor="FFA500" type="Peripheral" abbrev="Tim" name="Time" />
      <FE fgColor="FFFFFF" bgColor="800080" type="Core" abbrev="Top" name="Topic" />
    </frame>
  </header>
  <definition>FN: strongly suggest that someone do something</definition>
  <lexeme POS="V" name="urge" />
  <valences>
    <FERealization total="76">
      <FE name="Addressee" />
      <pattern total="36">
        <valenceUnit GF="" PT="DNI" FE="Addressee" />
        <annoSet ID="16753" />
        <annoSet ID="16759" />
        <annoSet ID="16761" />
        <annoSet ID="16767" />
        <annoSet ID="16771" />
        <annoSet ID="16775" />
        <annoSet ID="16783" />
        <annoSet ID="16801" />
        <annoSet ID="16805" />
        <annoSet ID="16809" />
        <annoSet ID="16813" />
        <annoSet ID="16827" />
        <annoSet ID="16837" />
        <annoSet ID="16847" />
        <annoSet ID="16855" />
        <annoSet ID="16865" />
        <annoSet ID="16921" />
        <annoSet ID="16935" />
        <annoSet ID="16937" />
        <annoSet ID="16941" />
        <annoSet ID="16949" />
        <annoSet ID="16953" />
        <annoSet ID="17081" />
        <annoSet ID="17143" />
        <annoSet ID="17153" />
        <annoSet ID="17183" />
        <annoSet ID="17185" />
        <annoSet ID="17187" />
        <annoSet ID="17215" />
        <annoSet ID="17219" />
        <annoSet ID="17307" />
        <annoSet ID="17319" />
        <annoSet ID="17357" />
        <annoSet ID="17379" />
        <annoSet ID="17381" />
        <annoSet ID="17417" />
      </pattern>
      <pattern total="13">
        <valenceUnit GF="Ext" PT="NP" FE="Addressee" />
        <annoSet ID="16993" />
        <annoSet ID="16999" />
        <annoSet ID="17025" />
        <annoSet ID="17239" />
        <annoSet ID="17243" />
        <annoSet ID="17251" />
        <annoSet ID="17257" />
        <annoSet ID="17259" />
        <annoSet ID="17279" />
        <annoSet ID="17293" />
        <annoSet ID="17295" />
        <annoSet ID="17303" />
        <annoSet ID="17361" />
      </pattern>
      <pattern total="23">
        <valenceUnit GF="Obj" PT="NP" FE="Addressee" />
        <annoSet ID="16893" />
        <annoSet ID="16899" />
        <annoSet ID="16905" />
        <annoSet ID="16907" />
        <annoSet ID="17043" />
        <annoSet ID="17053" />
        <annoSet ID="17061" />
        <annoSet ID="17067" />
        <annoSet ID="17073" />
        <annoSet ID="17125" />
        <annoSet ID="17145" />
        <annoSet ID="17157" />
        <annoSet ID="17173" />
        <annoSet ID="17233" />
        <annoSet ID="17409" />
        <annoSet ID="17527" />
        <annoSet ID="6526765" />
        <annoSet ID="6526868" />
        <annoSet ID="6527315" />
        <annoSet ID="6532348" />
        <annoSet ID="6532370" />
        <annoSet ID="6544893" />
        <annoSet ID="6550309" />
      </pattern>
      <pattern total="1">
        <valenceUnit GF="Dep" PT="PP[on]" FE="Addressee" />
        <annoSet ID="17351" />
      </pattern>
      <pattern total="1">
        <valenceUnit GF="Dep" PT="PP[to]" FE="Addressee" />
        <annoSet ID="17035" />
      </pattern>
      <pattern total="2">
        <valenceUnit GF="Dep" PT="PP[upon]" FE="Addressee" />
        <annoSet ID="16887" />
        <annoSet ID="17365" />
      </pattern>
    </FERealization>
    <FERealization total="75">
      <FE name="Content" />
      <pattern total="2">
        <valenceUnit GF="Ext" PT="NP" FE="Content" />
        <annoSet ID="17307" />
        <annoSet ID="17357" />
      </pattern>
      <pattern total="11">
        <valenceUnit GF="Obj" PT="NP" FE="Content" />
        <annoSet ID="16887" />
        <annoSet ID="17081" />
        <annoSet ID="17143" />
        <annoSet ID="17153" />
        <annoSet ID="17183" />
        <annoSet ID="17185" />
        <annoSet ID="17187" />
        <annoSet ID="17215" />
        <annoSet ID="17219" />
        <annoSet ID="17351" />
        <annoSet ID="17365" />
      </pattern>
      <pattern total="1">
        <valenceUnit GF="Dep" PT="PP[against]" FE="Content" />
        <annoSet ID="17319" />
      </pattern>
      <pattern total="15">
        <valenceUnit GF="Dep" PT="QUO" FE="Content" />
        <annoSet ID="16753" />
        <annoSet ID="16759" />
        <annoSet ID="16761" />
        <annoSet ID="16767" />
        <annoSet ID="16771" />
        <annoSet ID="16775" />
        <annoSet ID="16783" />
        <annoSet ID="16801" />
        <annoSet ID="16805" />
        <annoSet ID="16809" />
        <annoSet ID="16813" />
        <annoSet ID="16827" />
        <annoSet ID="17379" />
        <annoSet ID="17381" />
        <annoSet ID="17417" />
      </pattern>
      <pattern total="10">
        <valenceUnit GF="Dep" PT="Sbrst" FE="Content" />
        <annoSet ID="16837" />
        <annoSet ID="16847" />
        <annoSet ID="16855" />
        <annoSet ID="16865" />
        <annoSet ID="16921" />
        <annoSet ID="16935" />
        <annoSet ID="16937" />
        <annoSet ID="16941" />
        <annoSet ID="16949" />
        <annoSet ID="16953" />
      </pattern>
      <pattern total="34">
        <valenceUnit GF="Dep" PT="VPto" FE="Content" />
        <annoSet ID="16893" />
        <annoSet ID="16899" />
        <annoSet ID="16905" />
        <annoSet ID="16907" />
        <annoSet ID="16993" />
        <annoSet ID="16999" />
        <annoSet ID="17025" />
        <annoSet ID="17043" />
        <annoSet ID="17053" />
        <annoSet ID="17061" />
        <annoSet ID="17067" />
        <annoSet ID="17073" />
        <annoSet ID="17125" />
        <annoSet ID="17145" />
        <annoSet ID="17173" />
        <annoSet ID="17233" />
        <annoSet ID="17239" />
        <annoSet ID="17243" />
        <annoSet ID="17251" />
        <annoSet ID="17257" />
        <annoSet ID="17259" />
        <annoSet ID="17279" />
        <annoSet ID="17293" />
        <annoSet ID="17295" />
        <annoSet ID="17303" />
        <annoSet ID="17361" />
        <annoSet ID="17409" />
        <annoSet ID="17527" />
        <annoSet ID="6526765" />
        <annoSet ID="6526868" />
        <annoSet ID="6527315" />
        <annoSet ID="6532348" />
        <annoSet ID="6532370" />
        <annoSet ID="6544893" />
      </pattern>
      <pattern total="1">
        <valenceUnit GF="Dep" PT="PP[to]" FE="Content" />
        <annoSet ID="17157" />
      </pattern>
      <pattern total="1">
        <valenceUnit GF="Dep" PT="VPing" FE="Content" />
        <annoSet ID="17035" />
      </pattern>
    </FERealization>
    <FERealization total="1">
      <FE name="Degree" />
      <pattern total="1">
        <valenceUnit GF="Dep" PT="AVP" FE="Degree" />
        <annoSet ID="17035" />
      </pattern>
    </FERealization>
    <FERealization total="2">
      <FE name="Manner" />
      <pattern total="2">
        <valenceUnit GF="Dep" PT="AVP" FE="Manner" />
        <annoSet ID="16775" />
        <annoSet ID="17379" />
      </pattern>
    </FERealization>
    <FERealization total="1">
      <FE name="Means" />
      <pattern total="1">
        <valenceUnit GF="Dep" PT="PPing[by]" FE="Means" />
        <annoSet ID="16893" />
      </pattern>
    </FERealization>
    <FERealization total="76">
      <FE name="Speaker" />
      <pattern total="9">
        <valenceUnit GF="" PT="CNI" FE="Speaker" />
        <annoSet ID="16993" />
        <annoSet ID="16999" />
        <annoSet ID="17025" />
        <annoSet ID="17279" />
        <annoSet ID="17293" />
        <annoSet ID="17295" />
        <annoSet ID="17303" />
        <annoSet ID="17307" />
        <annoSet ID="6550309" />
      </pattern>
      <pattern total="7">
        <valenceUnit GF="Dep" PT="PP[by]" FE="Speaker" />
        <annoSet ID="17239" />
        <annoSet ID="17243" />
        <annoSet ID="17251" />
        <annoSet ID="17257" />
        <annoSet ID="17259" />
        <annoSet ID="17357" />
        <annoSet ID="17361" />
      </pattern>
      <pattern total="60">
        <valenceUnit GF="Ext" PT="NP" FE="Speaker" />
        <annoSet ID="16753" />
        <annoSet ID="16759" />
        <annoSet ID="16761" />
        <annoSet ID="16767" />
        <annoSet ID="16771" />
        <annoSet ID="16775" />
        <annoSet ID="16783" />
        <annoSet ID="16801" />
        <annoSet ID="16805" />
        <annoSet ID="16809" />
        <annoSet ID="16813" />
        <annoSet ID="16827" />
        <annoSet ID="16837" />
        <annoSet ID="16847" />
        <annoSet ID="16855" />
        <annoSet ID="16865" />
        <annoSet ID="16887" />
        <annoSet ID="16893" />
        <annoSet ID="16899" />
        <annoSet ID="16905" />
        <annoSet ID="16907" />
        <annoSet ID="16921" />
        <annoSet ID="16935" />
        <annoSet ID="16937" />
        <annoSet ID="16941" />
        <annoSet ID="16949" />
        <annoSet ID="16953" />
        <annoSet ID="17035" />
        <annoSet ID="17043" />
        <annoSet ID="17053" />
        <annoSet ID="17061" />
        <annoSet ID="17067" />
        <annoSet ID="17073" />
        <annoSet ID="17081" />
        <annoSet ID="17125" />
        <annoSet ID="17143" />
        <annoSet ID="17145" />
        <annoSet ID="17153" />
        <annoSet ID="17157" />
        <annoSet ID="17173" />
        <annoSet ID="17183" />
        <annoSet ID="17185" />
        <annoSet ID="17187" />
        <annoSet ID="17215" />
        <annoSet ID="17219" />
        <annoSet ID="17233" />
        <annoSet ID="17319" />
        <annoSet ID="17351" />
        <annoSet ID="17365" />
        <annoSet ID="17379" />
        <annoSet ID="17381" />
        <annoSet ID="17409" />
        <annoSet ID="17417" />
        <annoSet ID="17527" />
        <annoSet ID="6526765" />
        <annoSet ID="6526868" />
        <annoSet ID="6527315" />
        <annoSet ID="6532348" />
        <annoSet ID="6532370" />
        <annoSet ID="6544893" />
      </pattern>
    </FERealization>
    <FERealization total="3">
      <FE name="Time" />
      <pattern total="2">
        <valenceUnit GF="Dep" PT="NP" FE="Time" />
        <annoSet ID="17251" />
        <annoSet ID="17381" />
      </pattern>
      <pattern total="1">
        <valenceUnit GF="Dep" PT="AVP" FE="Time" />
        <annoSet ID="16887" />
      </pattern>
    </FERealization>
    <FERealization total="1">
      <FE name="Topic" />
      <pattern total="1">
        <valenceUnit GF="Dep" PT="VPto" FE="Topic" />
        <annoSet ID="6550309" />
      </pattern>
    </FERealization>
    <FEGroupRealization total="1">
      <FE name="Addressee" />
      <FE name="Content" />
      <FE name="Content" />
      <FE name="Speaker" />
      <pattern total="1">
        <valenceUnit GF="" PT="DNI" FE="Addressee" />
        <valenceUnit GF="Dep" PT="QUO" FE="Content" />
        <valenceUnit GF="Dep" PT="QUO" FE="Content" />
        <valenceUnit GF="Ext" PT="NP" FE="Speaker" />
        <annoSet ID="16771" />
      </pattern>
    </FEGroupRealization>
    <FEGroupRealization total="1">
      <FE name="Addressee" />
      <FE name="Content" />
      <FE name="Degree" />
      <FE name="Speaker" />
      <pattern total="1">
        <valenceUnit GF="Dep" PT="PP[to]" FE="Addressee" />
        <valenceUnit GF="Dep" PT="VPing" FE="Content" />
        <valenceUnit GF="Dep" PT="AVP" FE="Degree" />
        <valenceUnit GF="Ext" PT="NP" FE="Speaker" />
        <annoSet ID="17035" />
      </pattern>
    </FEGroupRealization>
    <FEGroupRealization total="2">
      <FE name="Addressee" />
      <FE name="Content" />
      <FE name="Manner" />
      <FE name="Speaker" />
      <pattern total="2">
        <valenceUnit GF="" PT="DNI" FE="Addressee" />
        <valenceUnit GF="Dep" PT="QUO" FE="Content" />
        <valenceUnit GF="Dep" PT="AVP" FE="Manner" />
        <valenceUnit GF="Ext" PT="NP" FE="Speaker" />
        <annoSet ID="16775" />
        <annoSet ID="17379" />
      </pattern>
    </FEGroupRealization>
    <FEGroupRealization total="1">
      <FE name="Addressee" />
      <FE name="Content" />
      <FE name="Means" />
      <FE name="Speaker" />
      <pattern total="1">
        <valenceUnit GF="Obj" PT="NP" FE="Addressee" />
        <valenceUnit GF="Dep" PT="VPto" FE="Content" />
        <valenceUnit GF="Dep" PT="PPing[by]" FE="Means" />
        <valenceUnit GF="Ext" PT="NP" FE="Speaker" />
        <annoSet ID="16893" />
      </pattern>
    </FEGroupRealization>
    <FEGroupRealization total="66">
      <FE name="Addressee" />
      <FE name="Content" />
      <FE name="Speaker" />
      <pattern total="1">
        <valenceUnit GF="" PT="DNI" FE="Addressee" />
        <valenceUnit GF="Ext" PT="NP" FE="Content" />
        <valenceUnit GF="" PT="CNI" FE="Speaker" />
        <annoSet ID="17307" />
      </pattern>
      <pattern total="1">
        <valenceUnit GF="" PT="DNI" FE="Addressee" />
        <valenceUnit GF="Ext" PT="NP" FE="Content" />
        <valenceUnit GF="Dep" PT="PP[by]" FE="Speaker" />
        <annoSet ID="17357" />
      </pattern>
      <pattern total="7">
        <valenceUnit GF="" PT="DNI" FE="Addressee" />
        <valenceUnit GF="Obj" PT="NP" FE="Content" />
        <valenceUnit GF="Ext" PT="NP" FE="Speaker" />
        <annoSet ID="17143" />
        <annoSet ID="17153" />
        <annoSet ID="17183" />
        <annoSet ID="17185" />
        <annoSet ID="17187" />
        <annoSet ID="17215" />
        <annoSet ID="17219" />
      </pattern>
      <pattern total="1">
        <valenceUnit GF="" PT="DNI" FE="Addressee" />
        <valenceUnit GF="Dep" PT="PP[against]" FE="Content" />
        <valenceUnit GF="Ext" PT="NP" FE="Speaker" />
        <annoSet ID="17319" />
      </pattern>
      <pattern total="11">
        <valenceUnit GF="" PT="DNI" FE="Addressee" />
        <valenceUnit GF="Dep" PT="QUO" FE="Content" />
        <valenceUnit GF="Ext" PT="NP" FE="Speaker" />
        <annoSet ID="16753" />
        <annoSet ID="16759" />
        <annoSet ID="16761" />
        <annoSet ID="16767" />
        <annoSet ID="16783" />
        <annoSet ID="16801" />
        <annoSet ID="16805" />
        <annoSet ID="16809" />
        <annoSet ID="16813" />
        <annoSet ID="16827" />
        <annoSet ID="17417" />
      </pattern>
      <pattern total="10">
        <valenceUnit GF="" PT="DNI" FE="Addressee" />
        <valenceUnit GF="Dep" PT="Sbrst" FE="Content" />
        <valenceUnit GF="Ext" PT="NP" FE="Speaker" />
        <annoSet ID="16837" />
        <annoSet ID="16847" />
        <annoSet ID="16855" />
        <annoSet ID="16865" />
        <annoSet ID="16921" />
        <annoSet ID="16935" />
        <annoSet ID="16937" />
        <annoSet ID="16941" />
        <annoSet ID="16949" />
        <annoSet ID="16953" />
      </pattern>
      <pattern total="7">
        <valenceUnit GF="Ext" PT="NP" FE="Addressee" />
        <valenceUnit GF="Dep" PT="VPto" FE="Content" />
        <valenceUnit GF="" PT="CNI" FE="Speaker" />
        <annoSet ID="16993" />
        <annoSet ID="16999" />
        <annoSet ID="17025" />
        <annoSet ID="17279" />
        <annoSet ID="17293" />
        <annoSet ID="17295" />
        <annoSet ID="17303" />
      </pattern>
      <pattern total="5">
        <valenceUnit GF="Ext" PT="NP" FE="Addressee" />
        <valenceUnit GF="Dep" PT="VPto" FE="Content" />
        <valenceUnit GF="Dep" PT="PP[by]" FE="Speaker" />
        <annoSet ID="17239" />
        <annoSet ID="17243" />
        <annoSet ID="17257" />
        <annoSet ID="17259" />
        <annoSet ID="17361" />
      </pattern>
      <pattern total="1">
        <valenceUnit GF="Obj" PT="NP" FE="Addressee" />
        <valenceUnit GF="Dep" PT="PP[to]" FE="Content" />
        <valenceUnit GF="Ext" PT="NP" FE="Speaker" />
        <annoSet ID="17157" />
      </pattern>
      <pattern total="20">
        <valenceUnit GF="Obj" PT="NP" FE="Addressee" />
        <valenceUnit GF="Dep" PT="VPto" FE="Content" />
        <valenceUnit GF="Ext" PT="NP" FE="Speaker" />
        <annoSet ID="16899" />
        <annoSet ID="16905" />
        <annoSet ID="16907" />
        <annoSet ID="17043" />
        <annoSet ID="17053" />
        <annoSet ID="17061" />
        <annoSet ID="17067" />
        <annoSet ID="17073" />
        <annoSet ID="17125" />
        <annoSet ID="17145" />
        <annoSet ID="17173" />
        <annoSet ID="17233" />
        <annoSet ID="17409" />
        <annoSet ID="17527" />
        <annoSet ID="6526765" />
        <annoSet ID="6526868" />
        <annoSet ID="6527315" />
        <annoSet ID="6532348" />
        <annoSet ID="6532370" />
        <annoSet ID="6544893" />
      </pattern>
      <pattern total="1">
        <valenceUnit GF="Dep" PT="PP[on]" FE="Addressee" />
        <valenceUnit GF="Obj" PT="NP" FE="Content" />
        <valenceUnit GF="Ext" PT="NP" FE="Speaker" />
        <annoSet ID="17351" />
      </pattern>
      <pattern total="1">
        <valenceUnit GF="Dep" PT="PP[upon]" FE="Addressee" />
        <valenceUnit GF="Obj" PT="NP" FE="Content" />
        <valenceUnit GF="Ext" PT="NP" FE="Speaker" />
        <annoSet ID="17365" />
      </pattern>
    </FEGroupRealization>
    <FEGroupRealization total="1">
      <FE name="Addressee" />
      <FE name="Content" />
      <FE name="Speaker" />
      <FE name="Speaker" />
      <pattern total="1">
        <valenceUnit GF="" PT="DNI" FE="Addressee" />
        <valenceUnit GF="Obj" PT="NP" FE="Content" />
        <valenceUnit GF="Ext" PT="NP" FE="Speaker" />
        <valenceUnit GF="Ext" PT="NP" FE="Speaker" />
        <annoSet ID="17081" />
      </pattern>
    </FEGroupRealization>
    <FEGroupRealization total="3">
      <FE name="Addressee" />
      <FE name="Content" />
      <FE name="Speaker" />
      <FE name="Time" />
      <pattern total="1">
        <valenceUnit GF="" PT="DNI" FE="Addressee" />
        <valenceUnit GF="Dep" PT="QUO" FE="Content" />
        <valenceUnit GF="Ext" PT="NP" FE="Speaker" />
        <valenceUnit GF="Dep" PT="NP" FE="Time" />
        <annoSet ID="17381" />
      </pattern>
      <pattern total="1">
        <valenceUnit GF="Ext" PT="NP" FE="Addressee" />
        <valenceUnit GF="Dep" PT="VPto" FE="Content" />
        <valenceUnit GF="Dep" PT="PP[by]" FE="Speaker" />
        <valenceUnit GF="Dep" PT="NP" FE="Time" />
        <annoSet ID="17251" />
      </pattern>
      <pattern total="1">
        <valenceUnit GF="Dep" PT="PP[upon]" FE="Addressee" />
        <valenceUnit GF="Obj" PT="NP" FE="Content" />
        <valenceUnit GF="Ext" PT="NP" FE="Speaker" />
        <valenceUnit GF="Dep" PT="AVP" FE="Time" />
        <annoSet ID="16887" />
      </pattern>
    </FEGroupRealization>
    <FEGroupRealization total="1">
      <FE name="Addressee" />
      <FE name="Speaker" />
      <FE name="Topic" />
      <pattern total="1">
        <valenceUnit GF="Obj" PT="NP" FE="Addressee" />
        <valenceUnit GF="" PT="CNI" FE="Speaker" />
        <valenceUnit GF="Dep" PT="VPto" FE="Topic" />
        <annoSet ID="6550309" />
      </pattern>
    </FEGroupRealization>
  </valences>
  <subCorpus name="V-augmented">
    <sentence sentNo="0" ID="86550n">
      <text>Kalin is not being urged to apply for the job . </text>
      <annotationSet cDate="08/08/2025 07:59:42 PST Fri" status="AUGMENTED" ID="0">
        <layer name="FE" rank="1">
          <label cBy="auto-aug" feID="409" start="0" end="4" name="Addressee" />
          <label cBy="auto-aug" feID="408" start="25" end="44" name="Content" />
        </layer>
        <layer name="Target" rank="1">
          <label cBy="auto-aug" start="19" end="23" name="Target" />
        </layer>
      </annotationSet>
    </sentence>
    <sentence sentNo="0" ID="85581n">
      <text>And there was no way in which Bint Pomona could be induced , urged , enticed , bribed , threatened , or made to act in any way . </text>
      <annotationSet cDate="08/08/2025 07:59:42 PST Fri" status="AUGMENTED" ID="0">
        <layer name="FE" rank="1">
          <label cBy="auto-aug" feID="409" start="30" end="40" name="Addressee" />
          <label cBy="auto-aug" feID="408" start="109" end="114" name="Content" />
        </layer>
        <layer name="Target" rank="1">
          <label cBy="auto-aug" start="61" end="65" name="Target" />
        </layer>
      </annotationSet>
    </sentence>
    <sentence sentNo="0" ID="85575n">
      <text>I have been intreated during these weeks , urged , wheedled , almost caressed , tortured , threatened , brow-beaten and all but blackmailed to leave . "  </text>
      <annotationSet cDate="08/08/2025 07:59:42 PST Fri" status="AUGMENTED" ID="0">
        <layer name="FE" rank="1">
          <label cBy="auto-aug" feID="409" start="0" end="0" name="Addressee" />
          <label cBy="auto-aug" feID="408" start="140" end="147" name="Content" />
        </layer>
        <layer name="Target" rank="1">
          <label cBy="auto-aug" start="43" end="47" name="Target" />
        </layer>
      </annotationSet>
    </sentence>
    <sentence sentNo="0" ID="4129174n">
      <text>After dinner , the guests is urged to round off the meal .</text>
      <annotationSet cDate="08/08/2025 07:59:42 PST Fri" status="AUGMENTED" ID="0">
        <layer name="FE" rank="1">
          <label cBy="auto-aug" feID="14440" start="15" end="24" name="Salient_entity" />
          <label cBy="auto-aug" feID="13346" start="35" end="55" name="Purpose" />
        </layer>
        <layer name="Target" rank="1">
          <label cBy="auto-aug" start="29" end="33" name="Target" />
        </layer>
      </annotationSet>
    </sentence>
    <sentence sentNo="0" ID="1593236n">
      <text>Greenspan urged to take action because , as in the case of U.S.</text>
      <annotationSet cDate="08/08/2025 07:59:42 PST Fri" status="AUGMENTED" ID="0">
        <layer name="FE" rank="1">
          <label cBy="auto-aug" feID="410" start="0" end="8" name="Speaker" />
          <label cBy="auto-aug" feID="408" start="16" end="29" name="Content" />
        </layer>
        <layer name="Target" rank="1">
          <label cBy="auto-aug" start="10" end="14" name="Target" />
        </layer>
      </annotationSet>
    </sentence>
    <sentence sentNo="0" ID="84982n">
      <text>Anyway , to return to the harvest supper table : I would urge the company the vegetables up or , ` It 'll all go in the soup . "  </text>
      <annotationSet cDate="08/08/2025 07:59:42 PST Fri" status="AUGMENTED" ID="0">
        <layer name="FE" rank="1">
          <label cBy="auto-aug" feID="410" start="49" end="49" name="Speaker" />
          <label cBy="auto-aug" feID="409" start="62" end="72" name="Addressee" />
          <label cBy="auto-aug" feID="408" start="74" end="87" name="Content" />
        </layer>
        <layer name="Target" rank="1">
          <label cBy="auto-aug" start="57" end="60" name="Target" />
        </layer>
      </annotationSet>
    </sentence>
  </subCorpus>
</lexUnit>