<?xml version='1.0' encoding='UTF-8'?>
<lexUnit xmlns="http://framenet.icsi.berkeley.edu" xmlns:xsi="http://www.w3.org/2001/XMLSchema-instance" status="Finished_Initial" POS="V" name="rise.v" ID="1874" frame="Change_position_on_a_scale" frameID="91" totalAnnotated="56" xsi:schemaLocation="../schema/lexUnit.xsd">
  <header>
    <corpus description="BNC2" name="BNC2" ID="111">
      <document description="bncp" name="bncp" ID="421" />
    </corpus>
    <corpus description="Wall Street Journal Texts from the PropBank Project" name="PropBank" ID="115">
      <document description="Aetna Life and Casualty" name="AetnaLifeAndCasualty" ID="23019" />
    </corpus>
    <corpus description="Miscellaneous" name="Miscellaneous" ID="175">
      <document description="StatCan Trade Balance" name="tradeBalance020417" ID="23841" />
    </corpus>
    <corpus description="AQUAINT Knowledge-Based Evaluation Texts" name="KBEval" ID="185">
      <document description="utd-icsi" name="utd-icsi" ID="23579" />
    </corpus>
    <corpus description="American National Corpus Texts" name="ANC" ID="195">
      <document description="Berlitz History of Greece" name="HistoryOfGreece" ID="23692" />
    </corpus>
    <corpus description="Texts from WikiMedia--WikiNews and Wikipedia" name="WikiTexts" ID="246">
      <document description="Fires_3" name="Fires_3" ID="25618" />
    </corpus>
    <frame>
      <FE fgColor="FFFFFF" bgColor="008000" type="Core" abbrev="att" name="Attribute" />
      <FE fgColor="FFFFFF" bgColor="0000FF" type="Extra-Thematic" abbrev="cir" name="Circumstances" />
      <FE fgColor="000000" bgColor="EEE8AA" type="Extra-Thematic" abbrev="con" name="Containing_event" />
      <FE fgColor="FFFFFF" bgColor="9F79EE" type="Extra-Thematic" abbrev="cor" name="Correlated_variable" />
      <FE fgColor="FFFFFF" bgColor="FF69B4" type="Peripheral" abbrev="Degr" name="Degree" />
      <FE fgColor="006400" bgColor="FFFF00" type="Core" abbrev="Diff" name="Difference" />
      <FE fgColor="000000" bgColor="d0d0d0" type="Peripheral" abbrev="Dur" name="Duration" />
      <FE fgColor="000000" bgColor="00BFFF" type="Extra-Thematic" abbrev="exp" name="Explanation" />
      <FE fgColor="FFFFFF" bgColor="800080" type="Peripheral" abbrev="cor2" name="Final_correlate" />
      <FE fgColor="00008B" bgColor="7CCD73" type="Core" abbrev="finis" name="Final_state" />
      <FE fgColor="FFFFFF" bgColor="00BFFF" type="Core" abbrev="val2" name="Final_value" />
      <FE fgColor="FFFFFF" bgColor="9400D3" type="Extra-Thematic" abbrev="Grp" name="Group" />
      <FE fgColor="FFFFFF" bgColor="006400" type="Peripheral" abbrev="cor1" name="Initial_correlate" />
      <FE fgColor="FFFFFF" bgColor="7CCD7C" type="Core" abbrev="inis" name="Initial_state" />
      <FE fgColor="FFFFFF" bgColor="FF0000" type="Core" abbrev="val1" name="Initial_value" />
      <FE fgColor="000000" bgColor="FFA500" type="Core" abbrev="ite" name="Item" />
      <FE fgColor="FFFFFF" bgColor="FF00FF" type="Peripheral" abbrev="Manr" name="Manner" />
      <FE fgColor="00008B" bgColor="7FFF00" type="Extra-Thematic" abbrev="" name="Particular_iteration" />
      <FE fgColor="FFFFFF" bgColor="A52A2A" type="Peripheral" abbrev="Path" name="Path" />
      <FE fgColor="FFFFFF" bgColor="1E90FF" type="Extra-Thematic" abbrev="" name="Period_of_iterations" />
      <FE fgColor="000000" bgColor="FFD700" type="Peripheral" abbrev="" name="Place" />
      <FE fgColor="0000FF" bgColor="EEE8AA" type="Extra-Thematic" abbrev="Result" name="Result" />
      <FE fgColor="FFFFFF" bgColor="90876C" type="Peripheral" abbrev="Speed" name="Speed" />
      <FE fgColor="FFFFFF" bgColor="00008B" type="Peripheral" abbrev="" name="Time" />
      <FE fgColor="0000FF" bgColor="d0d0d0" type="Core" abbrev="" name="Value_range" />
    </frame>
  </header>
  <definition>FN: move up on some scale</definition>
  <lexeme POS="V" name="rise" />
  <valences>
    <FERealization total="55">
      <FE name="Attribute" />
      <pattern total="5">
        <valenceUnit GF="" PT="2nd" FE="Attribute" />
        <annoSet ID="1995771" />
        <annoSet ID="1995811" />
        <annoSet ID="1995817" />
        <annoSet ID="1995875" />
        <annoSet ID="1996045" />
      </pattern>
      <pattern total="3">
        <valenceUnit GF="" PT="DNI" FE="Attribute" />
        <annoSet ID="1995801" />
        <annoSet ID="1996037" />
        <annoSet ID="6559601" />
      </pattern>
      <pattern total="1">
        <valenceUnit GF="" PT="INI" FE="Attribute" />
        <annoSet ID="1996041" />
      </pattern>
      <pattern total="45">
        <valenceUnit GF="Ext" PT="NP" FE="Attribute" />
        <annoSet ID="727720" />
        <annoSet ID="727776" />
        <annoSet ID="727920" />
        <annoSet ID="728208" />
        <annoSet ID="1995729" />
        <annoSet ID="1995737" />
        <annoSet ID="1995739" />
        <annoSet ID="1995741" />
        <annoSet ID="1995747" />
        <annoSet ID="1995751" />
        <annoSet ID="1995763" />
        <annoSet ID="1995787" />
        <annoSet ID="1995797" />
        <annoSet ID="1995803" />
        <annoSet ID="1995805" />
        <annoSet ID="1995823" />
        <annoSet ID="1995835" />
        <annoSet ID="1995841" />
        <annoSet ID="1995853" />
        <annoSet ID="1995855" />
        <annoSet ID="1995881" />
        <annoSet ID="1995883" />
        <annoSet ID="1995887" />
        <annoSet ID="1995919" />
        <annoSet ID="1995921" />
        <annoSet ID="1996017" />
        <annoSet ID="1996027" />
        <annoSet ID="1996031" />
        <annoSet ID="1996063" />
        <annoSet ID="1996075" />
        <annoSet ID="1996077" />
        <annoSet ID="1996095" />
        <annoSet ID="1996101" />
        <annoSet ID="1996115" />
        <annoSet ID="1996127" />
        <annoSet ID="1996131" />
        <annoSet ID="1996139" />
        <annoSet ID="1996151" />
        <annoSet ID="1996155" />
        <annoSet ID="1996177" />
        <annoSet ID="1996257" />
        <annoSet ID="1996315" />
        <annoSet ID="1996337" />
        <annoSet ID="4530828" />
        <annoSet ID="6532991" />
      </pattern>
      <pattern total="1">
        <valenceUnit GF="Dep" PT="PP[in]" FE="Attribute" />
        <annoSet ID="6542489" />
      </pattern>
    </FERealization>
    <FERealization total="11">
      <FE name="Circumstances" />
      <pattern total="1">
        <valenceUnit GF="Dep" PT="PP[in]" FE="Circumstances" />
        <annoSet ID="1995817" />
      </pattern>
      <pattern total="3">
        <valenceUnit GF="Dep" PT="PP[with]" FE="Circumstances" />
        <annoSet ID="1995751" />
        <annoSet ID="1995855" />
        <annoSet ID="1996041" />
      </pattern>
      <pattern total="1">
        <valenceUnit GF="Dep" PT="PP[above]" FE="Circumstances" />
        <annoSet ID="1995763" />
      </pattern>
      <pattern total="1">
        <valenceUnit GF="Dep" PT="PP[after]" FE="Circumstances" />
        <annoSet ID="1996177" />
      </pattern>
      <pattern total="1">
        <valenceUnit GF="Dep" PT="PP[as]" FE="Circumstances" />
        <annoSet ID="1995855" />
      </pattern>
      <pattern total="1">
        <valenceUnit GF="Dep" PT="PP[despite]" FE="Circumstances" />
        <annoSet ID="1995919" />
      </pattern>
      <pattern total="1">
        <valenceUnit GF="Dep" PT="PP[on]" FE="Circumstances" />
        <annoSet ID="1995853" />
      </pattern>
      <pattern total="1">
        <valenceUnit GF="Dep" PT="PP[since]" FE="Circumstances" />
        <annoSet ID="1996139" />
      </pattern>
      <pattern total="1">
        <valenceUnit GF="Dep" PT="PP[to]" FE="Circumstances" />
        <annoSet ID="1996155" />
      </pattern>
      <pattern total="1">
        <valenceUnit GF="Dep" PT="Swhether" FE="Circumstances" />
        <annoSet ID="1996101" />
      </pattern>
    </FERealization>
    <FERealization total="16">
      <FE name="Correlated_variable" />
      <pattern total="11">
        <valenceUnit GF="" PT="2nd" FE="Correlated_variable" />
        <annoSet ID="1995729" />
        <annoSet ID="1995737" />
        <annoSet ID="1995739" />
        <annoSet ID="1995741" />
        <annoSet ID="1995797" />
        <annoSet ID="1995817" />
        <annoSet ID="1995855" />
        <annoSet ID="1995883" />
        <annoSet ID="1996063" />
        <annoSet ID="1996127" />
        <annoSet ID="1996337" />
      </pattern>
      <pattern total="1">
        <valenceUnit GF="Dep" PT="PP[in]" FE="Correlated_variable" />
        <annoSet ID="1996045" />
      </pattern>
      <pattern total="2">
        <valenceUnit GF="Dep" PT="PP[over]" FE="Correlated_variable" />
        <annoSet ID="1996017" />
        <annoSet ID="1996037" />
      </pattern>
      <pattern total="2">
        <valenceUnit GF="Dep" PT="PP[as]" FE="Correlated_variable" />
        <annoSet ID="1995797" />
        <annoSet ID="1996101" />
      </pattern>
      <pattern total="1">
        <valenceUnit GF="Dep" PT="PP[since]" FE="Correlated_variable" />
        <annoSet ID="1996131" />
      </pattern>
    </FERealization>
    <FERealization total="14">
      <FE name="Degree" />
      <pattern total="13">
        <valenceUnit GF="Dep" PT="AVP" FE="Degree" />
        <annoSet ID="1995737" />
        <annoSet ID="1995739" />
        <annoSet ID="1995741" />
        <annoSet ID="1995751" />
        <annoSet ID="1995763" />
        <annoSet ID="1995805" />
        <annoSet ID="1996045" />
        <annoSet ID="1996077" />
        <annoSet ID="1996127" />
        <annoSet ID="1996139" />
        <annoSet ID="1996151" />
        <annoSet ID="1996155" />
        <annoSet ID="1996177" />
      </pattern>
      <pattern total="1">
        <valenceUnit GF="Dep" PT="AJP" FE="Degree" />
        <annoSet ID="1995729" />
      </pattern>
    </FERealization>
    <FERealization total="37">
      <FE name="Difference" />
      <pattern total="13">
        <valenceUnit GF="Dep" PT="PP[by]" FE="Difference" />
        <annoSet ID="1995797" />
        <annoSet ID="1995801" />
        <annoSet ID="1995817" />
        <annoSet ID="1995855" />
        <annoSet ID="1995883" />
        <annoSet ID="1995921" />
        <annoSet ID="1996017" />
        <annoSet ID="1996027" />
        <annoSet ID="1996031" />
        <annoSet ID="1996037" />
        <annoSet ID="1996041" />
        <annoSet ID="1996063" />
        <annoSet ID="1996315" />
      </pattern>
      <pattern total="1">
        <valenceUnit GF="Ext" PT="NP" FE="Difference" />
        <annoSet ID="1995875" />
      </pattern>
      <pattern total="1">
        <valenceUnit GF="Obj" PT="NP" FE="Difference" />
        <annoSet ID="6559601" />
      </pattern>
      <pattern total="18">
        <valenceUnit GF="" PT="INI" FE="Difference" />
        <annoSet ID="728208" />
        <annoSet ID="1995729" />
        <annoSet ID="1995737" />
        <annoSet ID="1995739" />
        <annoSet ID="1995741" />
        <annoSet ID="1995823" />
        <annoSet ID="1995835" />
        <annoSet ID="1995841" />
        <annoSet ID="1995887" />
        <annoSet ID="1996075" />
        <annoSet ID="1996095" />
        <annoSet ID="1996101" />
        <annoSet ID="1996115" />
        <annoSet ID="1996127" />
        <annoSet ID="1996139" />
        <annoSet ID="1996155" />
        <annoSet ID="1996177" />
        <annoSet ID="1996337" />
      </pattern>
      <pattern total="4">
        <valenceUnit GF="Dep" PT="NP" FE="Difference" />
        <annoSet ID="727776" />
        <annoSet ID="727920" />
        <annoSet ID="1995853" />
        <annoSet ID="4530828" />
      </pattern>
    </FERealization>
    <FERealization total="3">
      <FE name="Duration" />
      <pattern total="2">
        <valenceUnit GF="Dep" PT="PP[for]" FE="Duration" />
        <annoSet ID="1995835" />
        <annoSet ID="1995841" />
      </pattern>
      <pattern total="1">
        <valenceUnit GF="Dep" PT="PP[in]" FE="Duration" />
        <annoSet ID="4530828" />
      </pattern>
    </FERealization>
    <FERealization total="9">
      <FE name="Final_correlate" />
      <pattern total="7">
        <valenceUnit GF="" PT="2nd" FE="Final_correlate" />
        <annoSet ID="1995747" />
        <annoSet ID="1995787" />
        <annoSet ID="1995875" />
        <annoSet ID="1995881" />
        <annoSet ID="1996131" />
        <annoSet ID="1996151" />
        <annoSet ID="1996257" />
      </pattern>
      <pattern total="1">
        <valenceUnit GF="Dep" PT="PP[at]" FE="Final_correlate" />
        <annoSet ID="1995763" />
      </pattern>
      <pattern total="1">
        <valenceUnit GF="Dep" PT="PP[to]" FE="Final_correlate" />
        <annoSet ID="1996017" />
      </pattern>
    </FERealization>
    <FERealization total="1">
      <FE name="Final_state" />
      <pattern total="1">
        <valenceUnit GF="" PT="INI" FE="Final_state" />
        <annoSet ID="6542489" />
      </pattern>
    </FERealization>
    <FERealization total="23">
      <FE name="Final_value" />
      <pattern total="17">
        <valenceUnit GF="Dep" PT="PP[to]" FE="Final_value" />
        <annoSet ID="1995747" />
        <annoSet ID="1995751" />
        <annoSet ID="1995763" />
        <annoSet ID="1995771" />
        <annoSet ID="1995787" />
        <annoSet ID="1995817" />
        <annoSet ID="1995853" />
        <annoSet ID="1995875" />
        <annoSet ID="1995881" />
        <annoSet ID="1995919" />
        <annoSet ID="1995921" />
        <annoSet ID="1996131" />
        <annoSet ID="1996151" />
        <annoSet ID="1996257" />
        <annoSet ID="1996315" />
        <annoSet ID="4530828" />
        <annoSet ID="6559601" />
      </pattern>
      <pattern total="4">
        <valenceUnit GF="Dep" PT="PP[above]" FE="Final_value" />
        <annoSet ID="727720" />
        <annoSet ID="1995803" />
        <annoSet ID="1995805" />
        <annoSet ID="1995811" />
      </pattern>
      <pattern total="1">
        <valenceUnit GF="Dep" PT="Sub" FE="Final_value" />
        <annoSet ID="1996077" />
      </pattern>
      <pattern total="1">
        <valenceUnit GF="Ext" PT="NP" FE="Final_value" />
        <annoSet ID="6671588" />
      </pattern>
    </FERealization>
    <FERealization total="9">
      <FE name="Group" />
      <pattern total="3">
        <valenceUnit GF="" PT="2nd" FE="Group" />
        <annoSet ID="1995817" />
        <annoSet ID="1995875" />
        <annoSet ID="1996337" />
      </pattern>
      <pattern total="5">
        <valenceUnit GF="Dep" PT="PP[in]" FE="Group" />
        <annoSet ID="1995887" />
        <annoSet ID="1995919" />
        <annoSet ID="1996115" />
        <annoSet ID="1996139" />
        <annoSet ID="1996177" />
      </pattern>
      <pattern total="1">
        <valenceUnit GF="Dep" PT="PP[among]" FE="Group" />
        <annoSet ID="728208" />
      </pattern>
    </FERealization>
    <FERealization total="7">
      <FE name="Initial_correlate" />
      <pattern total="5">
        <valenceUnit GF="" PT="2nd" FE="Initial_correlate" />
        <annoSet ID="1995787" />
        <annoSet ID="1995875" />
        <annoSet ID="1995881" />
        <annoSet ID="1996131" />
        <annoSet ID="1996151" />
      </pattern>
      <pattern total="1">
        <valenceUnit GF="Dep" PT="AVP" FE="Initial_correlate" />
        <annoSet ID="1995887" />
      </pattern>
      <pattern total="1">
        <valenceUnit GF="Dep" PT="PP[as]" FE="Initial_correlate" />
        <annoSet ID="6671588" />
      </pattern>
    </FERealization>
    <FERealization total="1">
      <FE name="Initial_state" />
      <pattern total="1">
        <valenceUnit GF="" PT="INI" FE="Initial_state" />
        <annoSet ID="6542489" />
      </pattern>
    </FERealization>
    <FERealization total="10">
      <FE name="Initial_value" />
      <pattern total="1">
        <valenceUnit GF="Dep" PT="PP[on]" FE="Initial_value" />
        <annoSet ID="1996045" />
      </pattern>
      <pattern total="9">
        <valenceUnit GF="Dep" PT="PP[from]" FE="Initial_value" />
        <annoSet ID="727776" />
        <annoSet ID="1995787" />
        <annoSet ID="1995875" />
        <annoSet ID="1995881" />
        <annoSet ID="1995919" />
        <annoSet ID="1996131" />
        <annoSet ID="1996151" />
        <annoSet ID="4530828" />
        <annoSet ID="6671588" />
      </pattern>
    </FERealization>
    <FERealization total="54">
      <FE name="Item" />
      <pattern total="9">
        <valenceUnit GF="Ext" PT="NP" FE="Item" />
        <annoSet ID="1995771" />
        <annoSet ID="1995801" />
        <annoSet ID="1995811" />
        <annoSet ID="1995817" />
        <annoSet ID="1996037" />
        <annoSet ID="1996041" />
        <annoSet ID="1996045" />
        <annoSet ID="6542489" />
        <annoSet ID="6559601" />
      </pattern>
      <pattern total="25">
        <valenceUnit GF="" PT="DNI" FE="Item" />
        <annoSet ID="727720" />
        <annoSet ID="727920" />
        <annoSet ID="1995741" />
        <annoSet ID="1995751" />
        <annoSet ID="1995797" />
        <annoSet ID="1995803" />
        <annoSet ID="1995805" />
        <annoSet ID="1995835" />
        <annoSet ID="1995853" />
        <annoSet ID="1995855" />
        <annoSet ID="1995875" />
        <annoSet ID="1995881" />
        <annoSet ID="1995883" />
        <annoSet ID="1995887" />
        <annoSet ID="1995919" />
        <annoSet ID="1996017" />
        <annoSet ID="1996063" />
        <annoSet ID="1996075" />
        <annoSet ID="1996077" />
        <annoSet ID="1996101" />
        <annoSet ID="1996115" />
        <annoSet ID="1996177" />
        <annoSet ID="1996257" />
        <annoSet ID="1996337" />
        <annoSet ID="6532991" />
      </pattern>
      <pattern total="19">
        <valenceUnit GF="" PT="2nd" FE="Item" />
        <annoSet ID="727776" />
        <annoSet ID="728208" />
        <annoSet ID="1995729" />
        <annoSet ID="1995737" />
        <annoSet ID="1995739" />
        <annoSet ID="1995747" />
        <annoSet ID="1995763" />
        <annoSet ID="1995823" />
        <annoSet ID="1995841" />
        <annoSet ID="1995921" />
        <annoSet ID="1996027" />
        <annoSet ID="1996031" />
        <annoSet ID="1996095" />
        <annoSet ID="1996127" />
        <annoSet ID="1996131" />
        <annoSet ID="1996139" />
        <annoSet ID="1996151" />
        <annoSet ID="1996155" />
        <annoSet ID="1996315" />
      </pattern>
      <pattern total="1">
        <valenceUnit GF="Dep" PT="PP[for]" FE="Item" />
        <annoSet ID="1995787" />
      </pattern>
    </FERealization>
    <FERealization total="2">
      <FE name="Manner" />
      <pattern total="2">
        <valenceUnit GF="Dep" PT="AVP" FE="Manner" />
        <annoSet ID="1995771" />
        <annoSet ID="1996131" />
      </pattern>
    </FERealization>
    <FERealization total="2">
      <FE name="Place" />
      <pattern total="2">
        <valenceUnit GF="Dep" PT="PP[in]" FE="Place" />
        <annoSet ID="1996337" />
        <annoSet ID="6542489" />
      </pattern>
    </FERealization>
    <FERealization total="1">
      <FE name="Result" />
      <pattern total="1">
        <valenceUnit GF="Dep" PT="VPing" FE="Result" />
        <annoSet ID="1995729" />
      </pattern>
    </FERealization>
    <FERealization total="3">
      <FE name="Speed" />
      <pattern total="1">
        <valenceUnit GF="Dep" PT="AVP" FE="Speed" />
        <annoSet ID="1996337" />
      </pattern>
      <pattern total="2">
        <valenceUnit GF="Dep" PT="PP[at]" FE="Speed" />
        <annoSet ID="1996075" />
        <annoSet ID="1996095" />
      </pattern>
    </FERealization>
    <FERealization total="24">
      <FE name="Time" />
      <pattern total="1">
        <valenceUnit GF="Dep" PT="PP[for]" FE="Time" />
        <annoSet ID="1995817" />
      </pattern>
      <pattern total="2">
        <valenceUnit GF="" PT="2nd" FE="Time" />
        <annoSet ID="1995921" />
        <annoSet ID="1996045" />
      </pattern>
      <pattern total="2">
        <valenceUnit GF="Dep" PT="PP[from]" FE="Time" />
        <annoSet ID="1996027" />
        <annoSet ID="6559601" />
      </pattern>
      <pattern total="2">
        <valenceUnit GF="Dep" PT="PP[during]" FE="Time" />
        <annoSet ID="1996031" />
        <annoSet ID="1996041" />
      </pattern>
      <pattern total="7">
        <valenceUnit GF="Dep" PT="PP[over]" FE="Time" />
        <annoSet ID="1995729" />
        <annoSet ID="1995737" />
        <annoSet ID="1995739" />
        <annoSet ID="1995741" />
        <annoSet ID="1995855" />
        <annoSet ID="1996063" />
        <annoSet ID="1996337" />
      </pattern>
      <pattern total="1">
        <valenceUnit GF="Dep" PT="PP[between]" FE="Time" />
        <annoSet ID="1995797" />
      </pattern>
      <pattern total="3">
        <valenceUnit GF="Dep" PT="PP[since]" FE="Time" />
        <annoSet ID="727920" />
        <annoSet ID="1996115" />
        <annoSet ID="1996127" />
      </pattern>
      <pattern total="2">
        <valenceUnit GF="Dep" PT="PP[in]" FE="Time" />
        <annoSet ID="1995823" />
        <annoSet ID="1995883" />
      </pattern>
      <pattern total="2">
        <valenceUnit GF="Dep" PT="NP" FE="Time" />
        <annoSet ID="1995747" />
        <annoSet ID="4530828" />
      </pattern>
      <pattern total="1">
        <valenceUnit GF="" PT="3rd" FE="Time" />
        <annoSet ID="1995881" />
      </pattern>
      <pattern total="1">
        <valenceUnit GF="Dep" PT="PP[by]" FE="Time" />
        <annoSet ID="1996257" />
      </pattern>
    </FERealization>
    <FERealization total="1">
      <FE name="Value_range" />
      <pattern total="1">
        <valenceUnit GF="" PT="INI" FE="Value_range" />
        <annoSet ID="6532991" />
      </pattern>
    </FERealization>
    <FEGroupRealization total="1">
      <FE name="Attribute" />
      <FE name="Attribute" />
      <FE name="Correlated_variable" />
      <FE name="Degree" />
      <FE name="Difference" />
      <FE name="Item" />
      <FE name="Time" />
      <pattern total="1">
        <valenceUnit GF="Ext" PT="NP" FE="Attribute" />
        <valenceUnit GF="Ext" PT="NP" FE="Attribute" />
        <valenceUnit GF="" PT="2nd" FE="Correlated_variable" />
        <valenceUnit GF="Dep" PT="AVP" FE="Degree" />
        <valenceUnit GF="" PT="INI" FE="Difference" />
        <valenceUnit GF="" PT="DNI" FE="Item" />
        <valenceUnit GF="Dep" PT="PP[over]" FE="Time" />
        <annoSet ID="1995741" />
      </pattern>
    </FEGroupRealization>
    <FEGroupRealization total="1">
      <FE name="Attribute" />
      <FE name="Circumstances" />
      <FE name="Circumstances" />
      <FE name="Correlated_variable" />
      <FE name="Difference" />
      <FE name="Item" />
      <FE name="Time" />
      <pattern total="1">
        <valenceUnit GF="Ext" PT="NP" FE="Attribute" />
        <valenceUnit GF="Dep" PT="PP[as]" FE="Circumstances" />
        <valenceUnit GF="Dep" PT="PP[with]" FE="Circumstances" />
        <valenceUnit GF="" PT="2nd" FE="Correlated_variable" />
        <valenceUnit GF="Dep" PT="PP[by]" FE="Difference" />
        <valenceUnit GF="" PT="DNI" FE="Item" />
        <valenceUnit GF="Dep" PT="PP[over]" FE="Time" />
        <annoSet ID="1995855" />
      </pattern>
    </FEGroupRealization>
    <FEGroupRealization total="1">
      <FE name="Attribute" />
      <FE name="Circumstances" />
      <FE name="Correlated_variable" />
      <FE name="Difference" />
      <FE name="Final_value" />
      <FE name="Group" />
      <FE name="Item" />
      <FE name="Time" />
      <pattern total="1">
        <valenceUnit GF="" PT="2nd" FE="Attribute" />
        <valenceUnit GF="Dep" PT="PP[in]" FE="Circumstances" />
        <valenceUnit GF="" PT="2nd" FE="Correlated_variable" />
        <valenceUnit GF="Dep" PT="PP[by]" FE="Difference" />
        <valenceUnit GF="Dep" PT="PP[to]" FE="Final_value" />
        <valenceUnit GF="" PT="2nd" FE="Group" />
        <valenceUnit GF="Ext" PT="NP" FE="Item" />
        <valenceUnit GF="Dep" PT="PP[for]" FE="Time" />
        <annoSet ID="1995817" />
      </pattern>
    </FEGroupRealization>
    <FEGroupRealization total="1">
      <FE name="Attribute" />
      <FE name="Circumstances" />
      <FE name="Correlated_variable" />
      <FE name="Difference" />
      <FE name="Item" />
      <pattern total="1">
        <valenceUnit GF="Ext" PT="NP" FE="Attribute" />
        <valenceUnit GF="Dep" PT="Swhether" FE="Circumstances" />
        <valenceUnit GF="Dep" PT="PP[as]" FE="Correlated_variable" />
        <valenceUnit GF="" PT="INI" FE="Difference" />
        <valenceUnit GF="" PT="DNI" FE="Item" />
        <annoSet ID="1996101" />
      </pattern>
    </FEGroupRealization>
    <FEGroupRealization total="2">
      <FE name="Attribute" />
      <FE name="Circumstances" />
      <FE name="Degree" />
      <FE name="Difference" />
      <FE name="Group" />
      <FE name="Item" />
      <pattern total="1">
        <valenceUnit GF="Ext" PT="NP" FE="Attribute" />
        <valenceUnit GF="Dep" PT="PP[after]" FE="Circumstances" />
        <valenceUnit GF="Dep" PT="AVP" FE="Degree" />
        <valenceUnit GF="" PT="INI" FE="Difference" />
        <valenceUnit GF="Dep" PT="PP[in]" FE="Group" />
        <valenceUnit GF="" PT="DNI" FE="Item" />
        <annoSet ID="1996177" />
      </pattern>
      <pattern total="1">
        <valenceUnit GF="Ext" PT="NP" FE="Attribute" />
        <valenceUnit GF="Dep" PT="PP[since]" FE="Circumstances" />
        <valenceUnit GF="Dep" PT="AVP" FE="Degree" />
        <valenceUnit GF="" PT="INI" FE="Difference" />
        <valenceUnit GF="Dep" PT="PP[in]" FE="Group" />
        <valenceUnit GF="" PT="2nd" FE="Item" />
        <annoSet ID="1996139" />
      </pattern>
    </FEGroupRealization>
    <FEGroupRealization total="1">
      <FE name="Attribute" />
      <FE name="Circumstances" />
      <FE name="Degree" />
      <FE name="Difference" />
      <FE name="Item" />
      <pattern total="1">
        <valenceUnit GF="Ext" PT="NP" FE="Attribute" />
        <valenceUnit GF="Dep" PT="PP[to]" FE="Circumstances" />
        <valenceUnit GF="Dep" PT="AVP" FE="Degree" />
        <valenceUnit GF="" PT="INI" FE="Difference" />
        <valenceUnit GF="" PT="2nd" FE="Item" />
        <annoSet ID="1996155" />
      </pattern>
    </FEGroupRealization>
    <FEGroupRealization total="1">
      <FE name="Attribute" />
      <FE name="Circumstances" />
      <FE name="Degree" />
      <FE name="Final_correlate" />
      <FE name="Final_value" />
      <FE name="Item" />
      <pattern total="1">
        <valenceUnit GF="Ext" PT="NP" FE="Attribute" />
        <valenceUnit GF="Dep" PT="PP[above]" FE="Circumstances" />
        <valenceUnit GF="Dep" PT="AVP" FE="Degree" />
        <valenceUnit GF="Dep" PT="PP[at]" FE="Final_correlate" />
        <valenceUnit GF="Dep" PT="PP[to]" FE="Final_value" />
        <valenceUnit GF="" PT="2nd" FE="Item" />
        <annoSet ID="1995763" />
      </pattern>
    </FEGroupRealization>
    <FEGroupRealization total="1">
      <FE name="Attribute" />
      <FE name="Circumstances" />
      <FE name="Degree" />
      <FE name="Final_value" />
      <FE name="Item" />
      <pattern total="1">
        <valenceUnit GF="Ext" PT="NP" FE="Attribute" />
        <valenceUnit GF="Dep" PT="PP[with]" FE="Circumstances" />
        <valenceUnit GF="Dep" PT="AVP" FE="Degree" />
        <valenceUnit GF="Dep" PT="PP[to]" FE="Final_value" />
        <valenceUnit GF="" PT="DNI" FE="Item" />
        <annoSet ID="1995751" />
      </pattern>
    </FEGroupRealization>
    <FEGroupRealization total="1">
      <FE name="Attribute" />
      <FE name="Circumstances" />
      <FE name="Difference" />
      <FE name="Final_value" />
      <FE name="Item" />
      <pattern total="1">
        <valenceUnit GF="Ext" PT="NP" FE="Attribute" />
        <valenceUnit GF="Dep" PT="PP[on]" FE="Circumstances" />
        <valenceUnit GF="Dep" PT="NP" FE="Difference" />
        <valenceUnit GF="Dep" PT="PP[to]" FE="Final_value" />
        <valenceUnit GF="" PT="DNI" FE="Item" />
        <annoSet ID="1995853" />
      </pattern>
    </FEGroupRealization>
    <FEGroupRealization total="1">
      <FE name="Attribute" />
      <FE name="Circumstances" />
      <FE name="Difference" />
      <FE name="Item" />
      <FE name="Time" />
      <pattern total="1">
        <valenceUnit GF="" PT="INI" FE="Attribute" />
        <valenceUnit GF="Dep" PT="PP[with]" FE="Circumstances" />
        <valenceUnit GF="Dep" PT="PP[by]" FE="Difference" />
        <valenceUnit GF="Ext" PT="NP" FE="Item" />
        <valenceUnit GF="Dep" PT="PP[during]" FE="Time" />
        <annoSet ID="1996041" />
      </pattern>
    </FEGroupRealization>
    <FEGroupRealization total="1">
      <FE name="Attribute" />
      <FE name="Circumstances" />
      <FE name="Final_value" />
      <FE name="Group" />
      <FE name="Initial_value" />
      <FE name="Item" />
      <pattern total="1">
        <valenceUnit GF="Ext" PT="NP" FE="Attribute" />
        <valenceUnit GF="Dep" PT="PP[despite]" FE="Circumstances" />
        <valenceUnit GF="Dep" PT="PP[to]" FE="Final_value" />
        <valenceUnit GF="Dep" PT="PP[in]" FE="Group" />
        <valenceUnit GF="Dep" PT="PP[from]" FE="Initial_value" />
        <valenceUnit GF="" PT="DNI" FE="Item" />
        <annoSet ID="1995919" />
      </pattern>
    </FEGroupRealization>
    <FEGroupRealization total="1">
      <FE name="Attribute" />
      <FE name="Correlated_variable" />
      <FE name="Correlated_variable" />
      <FE name="Difference" />
      <FE name="Item" />
      <FE name="Time" />
      <pattern total="1">
        <valenceUnit GF="Ext" PT="NP" FE="Attribute" />
        <valenceUnit GF="" PT="2nd" FE="Correlated_variable" />
        <valenceUnit GF="Dep" PT="PP[as]" FE="Correlated_variable" />
        <valenceUnit GF="Dep" PT="PP[by]" FE="Difference" />
        <valenceUnit GF="" PT="DNI" FE="Item" />
        <valenceUnit GF="Dep" PT="PP[between]" FE="Time" />
        <annoSet ID="1995797" />
      </pattern>
    </FEGroupRealization>
    <FEGroupRealization total="1">
      <FE name="Attribute" />
      <FE name="Correlated_variable" />
      <FE name="Degree" />
      <FE name="Difference" />
      <FE name="Item" />
      <FE name="Result" />
      <FE name="Time" />
      <pattern total="1">
        <valenceUnit GF="Ext" PT="NP" FE="Attribute" />
        <valenceUnit GF="" PT="2nd" FE="Correlated_variable" />
        <valenceUnit GF="Dep" PT="AJP" FE="Degree" />
        <valenceUnit GF="" PT="INI" FE="Difference" />
        <valenceUnit GF="" PT="2nd" FE="Item" />
        <valenceUnit GF="Dep" PT="VPing" FE="Result" />
        <valenceUnit GF="Dep" PT="PP[over]" FE="Time" />
        <annoSet ID="1995729" />
      </pattern>
    </FEGroupRealization>
    <FEGroupRealization total="3">
      <FE name="Attribute" />
      <FE name="Correlated_variable" />
      <FE name="Degree" />
      <FE name="Difference" />
      <FE name="Item" />
      <FE name="Time" />
      <pattern total="2">
        <valenceUnit GF="Ext" PT="NP" FE="Attribute" />
        <valenceUnit GF="" PT="2nd" FE="Correlated_variable" />
        <valenceUnit GF="Dep" PT="AVP" FE="Degree" />
        <valenceUnit GF="" PT="INI" FE="Difference" />
        <valenceUnit GF="" PT="2nd" FE="Item" />
        <valenceUnit GF="Dep" PT="PP[over]" FE="Time" />
        <annoSet ID="1995737" />
        <annoSet ID="1995739" />
      </pattern>
      <pattern total="1">
        <valenceUnit GF="Ext" PT="NP" FE="Attribute" />
        <valenceUnit GF="" PT="2nd" FE="Correlated_variable" />
        <valenceUnit GF="Dep" PT="AVP" FE="Degree" />
        <valenceUnit GF="" PT="INI" FE="Difference" />
        <valenceUnit GF="" PT="2nd" FE="Item" />
        <valenceUnit GF="Dep" PT="PP[since]" FE="Time" />
        <annoSet ID="1996127" />
      </pattern>
    </FEGroupRealization>
    <FEGroupRealization total="1">
      <FE name="Attribute" />
      <FE name="Correlated_variable" />
      <FE name="Degree" />
      <FE name="Initial_value" />
      <FE name="Item" />
      <FE name="Time" />
      <pattern total="1">
        <valenceUnit GF="" PT="2nd" FE="Attribute" />
        <valenceUnit GF="Dep" PT="PP[in]" FE="Correlated_variable" />
        <valenceUnit GF="Dep" PT="AVP" FE="Degree" />
        <valenceUnit GF="Dep" PT="PP[on]" FE="Initial_value" />
        <valenceUnit GF="Ext" PT="NP" FE="Item" />
        <valenceUnit GF="" PT="2nd" FE="Time" />
        <annoSet ID="1996045" />
      </pattern>
    </FEGroupRealization>
    <FEGroupRealization total="1">
      <FE name="Attribute" />
      <FE name="Correlated_variable" />
      <FE name="Difference" />
      <FE name="Final_correlate" />
      <FE name="Item" />
      <pattern total="1">
        <valenceUnit GF="Ext" PT="NP" FE="Attribute" />
        <valenceUnit GF="Dep" PT="PP[over]" FE="Correlated_variable" />
        <valenceUnit GF="Dep" PT="PP[by]" FE="Difference" />
        <valenceUnit GF="Dep" PT="PP[to]" FE="Final_correlate" />
        <valenceUnit GF="" PT="DNI" FE="Item" />
        <annoSet ID="1996017" />
      </pattern>
    </FEGroupRealization>
    <FEGroupRealization total="1">
      <FE name="Attribute" />
      <FE name="Correlated_variable" />
      <FE name="Difference" />
      <FE name="Group" />
      <FE name="Item" />
      <FE name="Place" />
      <FE name="Speed" />
      <FE name="Time" />
      <pattern total="1">
        <valenceUnit GF="Ext" PT="NP" FE="Attribute" />
        <valenceUnit GF="" PT="2nd" FE="Correlated_variable" />
        <valenceUnit GF="" PT="INI" FE="Difference" />
        <valenceUnit GF="" PT="2nd" FE="Group" />
        <valenceUnit GF="" PT="DNI" FE="Item" />
        <valenceUnit GF="Dep" PT="PP[in]" FE="Place" />
        <valenceUnit GF="Dep" PT="AVP" FE="Speed" />
        <valenceUnit GF="Dep" PT="PP[over]" FE="Time" />
        <annoSet ID="1996337" />
      </pattern>
    </FEGroupRealization>
    <FEGroupRealization total="1">
      <FE name="Attribute" />
      <FE name="Correlated_variable" />
      <FE name="Difference" />
      <FE name="Item" />
      <pattern total="1">
        <valenceUnit GF="" PT="DNI" FE="Attribute" />
        <valenceUnit GF="Dep" PT="PP[over]" FE="Correlated_variable" />
        <valenceUnit GF="Dep" PT="PP[by]" FE="Difference" />
        <valenceUnit GF="Ext" PT="NP" FE="Item" />
        <annoSet ID="1996037" />
      </pattern>
    </FEGroupRealization>
    <FEGroupRealization total="2">
      <FE name="Attribute" />
      <FE name="Correlated_variable" />
      <FE name="Difference" />
      <FE name="Item" />
      <FE name="Time" />
      <pattern total="1">
        <valenceUnit GF="Ext" PT="NP" FE="Attribute" />
        <valenceUnit GF="" PT="2nd" FE="Correlated_variable" />
        <valenceUnit GF="Dep" PT="PP[by]" FE="Difference" />
        <valenceUnit GF="" PT="DNI" FE="Item" />
        <valenceUnit GF="Dep" PT="PP[in]" FE="Time" />
        <annoSet ID="1995883" />
      </pattern>
      <pattern total="1">
        <valenceUnit GF="Ext" PT="NP" FE="Attribute" />
        <valenceUnit GF="" PT="2nd" FE="Correlated_variable" />
        <valenceUnit GF="Dep" PT="PP[by]" FE="Difference" />
        <valenceUnit GF="" PT="DNI" FE="Item" />
        <valenceUnit GF="Dep" PT="PP[over]" FE="Time" />
        <annoSet ID="1996063" />
      </pattern>
    </FEGroupRealization>
    <FEGroupRealization total="1">
      <FE name="Attribute" />
      <FE name="Correlated_variable" />
      <FE name="Final_correlate" />
      <FE name="Final_value" />
      <FE name="Initial_correlate" />
      <FE name="Initial_value" />
      <FE name="Item" />
      <FE name="Manner" />
      <pattern total="1">
        <valenceUnit GF="Ext" PT="NP" FE="Attribute" />
        <valenceUnit GF="Dep" PT="PP[since]" FE="Correlated_variable" />
        <valenceUnit GF="" PT="2nd" FE="Final_correlate" />
        <valenceUnit GF="Dep" PT="PP[to]" FE="Final_value" />
        <valenceUnit GF="" PT="2nd" FE="Initial_correlate" />
        <valenceUnit GF="Dep" PT="PP[from]" FE="Initial_value" />
        <valenceUnit GF="" PT="2nd" FE="Item" />
        <valenceUnit GF="Dep" PT="AVP" FE="Manner" />
        <annoSet ID="1996131" />
      </pattern>
    </FEGroupRealization>
    <FEGroupRealization total="1">
      <FE name="Attribute" />
      <FE name="Degree" />
      <FE name="Final_correlate" />
      <FE name="Final_value" />
      <FE name="Initial_correlate" />
      <FE name="Initial_value" />
      <FE name="Item" />
      <pattern total="1">
        <valenceUnit GF="Ext" PT="NP" FE="Attribute" />
        <valenceUnit GF="Dep" PT="AVP" FE="Degree" />
        <valenceUnit GF="" PT="2nd" FE="Final_correlate" />
        <valenceUnit GF="Dep" PT="PP[to]" FE="Final_value" />
        <valenceUnit GF="" PT="2nd" FE="Initial_correlate" />
        <valenceUnit GF="Dep" PT="PP[from]" FE="Initial_value" />
        <valenceUnit GF="" PT="2nd" FE="Item" />
        <annoSet ID="1996151" />
      </pattern>
    </FEGroupRealization>
    <FEGroupRealization total="2">
      <FE name="Attribute" />
      <FE name="Degree" />
      <FE name="Final_value" />
      <FE name="Item" />
      <pattern total="1">
        <valenceUnit GF="Ext" PT="NP" FE="Attribute" />
        <valenceUnit GF="Dep" PT="AVP" FE="Degree" />
        <valenceUnit GF="Dep" PT="PP[above]" FE="Final_value" />
        <valenceUnit GF="" PT="DNI" FE="Item" />
        <annoSet ID="1995805" />
      </pattern>
      <pattern total="1">
        <valenceUnit GF="Ext" PT="NP" FE="Attribute" />
        <valenceUnit GF="Dep" PT="AVP" FE="Degree" />
        <valenceUnit GF="Dep" PT="Sub" FE="Final_value" />
        <valenceUnit GF="" PT="DNI" FE="Item" />
        <annoSet ID="1996077" />
      </pattern>
    </FEGroupRealization>
    <FEGroupRealization total="1">
      <FE name="Attribute" />
      <FE name="Difference" />
      <FE name="Duration" />
      <FE name="Final_value" />
      <FE name="Initial_value" />
      <FE name="Time" />
      <pattern total="1">
        <valenceUnit GF="Ext" PT="NP" FE="Attribute" />
        <valenceUnit GF="Dep" PT="NP" FE="Difference" />
        <valenceUnit GF="Dep" PT="PP[in]" FE="Duration" />
        <valenceUnit GF="Dep" PT="PP[to]" FE="Final_value" />
        <valenceUnit GF="Dep" PT="PP[from]" FE="Initial_value" />
        <valenceUnit GF="Dep" PT="NP" FE="Time" />
        <annoSet ID="4530828" />
      </pattern>
    </FEGroupRealization>
    <FEGroupRealization total="2">
      <FE name="Attribute" />
      <FE name="Difference" />
      <FE name="Duration" />
      <FE name="Item" />
      <pattern total="1">
        <valenceUnit GF="Ext" PT="NP" FE="Attribute" />
        <valenceUnit GF="" PT="INI" FE="Difference" />
        <valenceUnit GF="Dep" PT="PP[for]" FE="Duration" />
        <valenceUnit GF="" PT="2nd" FE="Item" />
        <annoSet ID="1995841" />
      </pattern>
      <pattern total="1">
        <valenceUnit GF="Ext" PT="NP" FE="Attribute" />
        <valenceUnit GF="" PT="INI" FE="Difference" />
        <valenceUnit GF="Dep" PT="PP[for]" FE="Duration" />
        <valenceUnit GF="" PT="DNI" FE="Item" />
        <annoSet ID="1995835" />
      </pattern>
    </FEGroupRealization>
    <FEGroupRealization total="1">
      <FE name="Attribute" />
      <FE name="Difference" />
      <FE name="Final_correlate" />
      <FE name="Final_value" />
      <FE name="Group" />
      <FE name="Initial_correlate" />
      <FE name="Initial_value" />
      <FE name="Item" />
      <pattern total="1">
        <valenceUnit GF="" PT="2nd" FE="Attribute" />
        <valenceUnit GF="Ext" PT="NP" FE="Difference" />
        <valenceUnit GF="" PT="2nd" FE="Final_correlate" />
        <valenceUnit GF="Dep" PT="PP[to]" FE="Final_value" />
        <valenceUnit GF="" PT="2nd" FE="Group" />
        <valenceUnit GF="" PT="2nd" FE="Initial_correlate" />
        <valenceUnit GF="Dep" PT="PP[from]" FE="Initial_value" />
        <valenceUnit GF="" PT="DNI" FE="Item" />
        <annoSet ID="1995875" />
      </pattern>
    </FEGroupRealization>
    <FEGroupRealization total="1">
      <FE name="Attribute" />
      <FE name="Difference" />
      <FE name="Final_value" />
      <FE name="Item" />
      <pattern total="1">
        <valenceUnit GF="Ext" PT="NP" FE="Attribute" />
        <valenceUnit GF="Dep" PT="PP[by]" FE="Difference" />
        <valenceUnit GF="Dep" PT="PP[to]" FE="Final_value" />
        <valenceUnit GF="" PT="2nd" FE="Item" />
        <annoSet ID="1996315" />
      </pattern>
    </FEGroupRealization>
    <FEGroupRealization total="2">
      <FE name="Attribute" />
      <FE name="Difference" />
      <FE name="Final_value" />
      <FE name="Item" />
      <FE name="Time" />
      <pattern total="1">
        <valenceUnit GF="" PT="DNI" FE="Attribute" />
        <valenceUnit GF="Obj" PT="NP" FE="Difference" />
        <valenceUnit GF="Dep" PT="PP[to]" FE="Final_value" />
        <valenceUnit GF="Ext" PT="NP" FE="Item" />
        <valenceUnit GF="Dep" PT="PP[from]" FE="Time" />
        <annoSet ID="6559601" />
      </pattern>
      <pattern total="1">
        <valenceUnit GF="Ext" PT="NP" FE="Attribute" />
        <valenceUnit GF="Dep" PT="PP[by]" FE="Difference" />
        <valenceUnit GF="Dep" PT="PP[to]" FE="Final_value" />
        <valenceUnit GF="" PT="2nd" FE="Item" />
        <valenceUnit GF="" PT="2nd" FE="Time" />
        <annoSet ID="1995921" />
      </pattern>
    </FEGroupRealization>
    <FEGroupRealization total="1">
      <FE name="Attribute" />
      <FE name="Difference" />
      <FE name="Group" />
      <FE name="Initial_correlate" />
      <FE name="Item" />
      <pattern total="1">
        <valenceUnit GF="Ext" PT="NP" FE="Attribute" />
        <valenceUnit GF="" PT="INI" FE="Difference" />
        <valenceUnit GF="Dep" PT="PP[in]" FE="Group" />
        <valenceUnit GF="Dep" PT="AVP" FE="Initial_correlate" />
        <valenceUnit GF="" PT="DNI" FE="Item" />
        <annoSet ID="1995887" />
      </pattern>
    </FEGroupRealization>
    <FEGroupRealization total="1">
      <FE name="Attribute" />
      <FE name="Difference" />
      <FE name="Group" />
      <FE name="Item" />
      <pattern total="1">
        <valenceUnit GF="Ext" PT="NP" FE="Attribute" />
        <valenceUnit GF="" PT="INI" FE="Difference" />
        <valenceUnit GF="Dep" PT="PP[among]" FE="Group" />
        <valenceUnit GF="" PT="2nd" FE="Item" />
        <annoSet ID="728208" />
      </pattern>
    </FEGroupRealization>
    <FEGroupRealization total="1">
      <FE name="Attribute" />
      <FE name="Difference" />
      <FE name="Group" />
      <FE name="Item" />
      <FE name="Time" />
      <pattern total="1">
        <valenceUnit GF="Ext" PT="NP" FE="Attribute" />
        <valenceUnit GF="" PT="INI" FE="Difference" />
        <valenceUnit GF="Dep" PT="PP[in]" FE="Group" />
        <valenceUnit GF="" PT="DNI" FE="Item" />
        <valenceUnit GF="Dep" PT="PP[since]" FE="Time" />
        <annoSet ID="1996115" />
      </pattern>
    </FEGroupRealization>
    <FEGroupRealization total="1">
      <FE name="Attribute" />
      <FE name="Difference" />
      <FE name="Initial_value" />
      <FE name="Item" />
      <pattern total="1">
        <valenceUnit GF="Ext" PT="NP" FE="Attribute" />
        <valenceUnit GF="Dep" PT="NP" FE="Difference" />
        <valenceUnit GF="Dep" PT="PP[from]" FE="Initial_value" />
        <valenceUnit GF="" PT="2nd" FE="Item" />
        <annoSet ID="727776" />
      </pattern>
    </FEGroupRealization>
    <FEGroupRealization total="1">
      <FE name="Attribute" />
      <FE name="Difference" />
      <FE name="Item" />
      <FE name="Item" />
      <pattern total="1">
        <valenceUnit GF="" PT="DNI" FE="Attribute" />
        <valenceUnit GF="Dep" PT="PP[by]" FE="Difference" />
        <valenceUnit GF="Ext" PT="NP" FE="Item" />
        <valenceUnit GF="Ext" PT="NP" FE="Item" />
        <annoSet ID="1995801" />
      </pattern>
    </FEGroupRealization>
    <FEGroupRealization total="2">
      <FE name="Attribute" />
      <FE name="Difference" />
      <FE name="Item" />
      <FE name="Speed" />
      <pattern total="1">
        <valenceUnit GF="Ext" PT="NP" FE="Attribute" />
        <valenceUnit GF="" PT="INI" FE="Difference" />
        <valenceUnit GF="" PT="2nd" FE="Item" />
        <valenceUnit GF="Dep" PT="PP[at]" FE="Speed" />
        <annoSet ID="1996095" />
      </pattern>
      <pattern total="1">
        <valenceUnit GF="Ext" PT="NP" FE="Attribute" />
        <valenceUnit GF="" PT="INI" FE="Difference" />
        <valenceUnit GF="" PT="DNI" FE="Item" />
        <valenceUnit GF="Dep" PT="PP[at]" FE="Speed" />
        <annoSet ID="1996075" />
      </pattern>
    </FEGroupRealization>
    <FEGroupRealization total="4">
      <FE name="Attribute" />
      <FE name="Difference" />
      <FE name="Item" />
      <FE name="Time" />
      <pattern total="1">
        <valenceUnit GF="Ext" PT="NP" FE="Attribute" />
        <valenceUnit GF="" PT="INI" FE="Difference" />
        <valenceUnit GF="" PT="2nd" FE="Item" />
        <valenceUnit GF="Dep" PT="PP[in]" FE="Time" />
        <annoSet ID="1995823" />
      </pattern>
      <pattern total="1">
        <valenceUnit GF="Ext" PT="NP" FE="Attribute" />
        <valenceUnit GF="Dep" PT="NP" FE="Difference" />
        <valenceUnit GF="" PT="DNI" FE="Item" />
        <valenceUnit GF="Dep" PT="PP[since]" FE="Time" />
        <annoSet ID="727920" />
      </pattern>
      <pattern total="1">
        <valenceUnit GF="Ext" PT="NP" FE="Attribute" />
        <valenceUnit GF="Dep" PT="PP[by]" FE="Difference" />
        <valenceUnit GF="" PT="2nd" FE="Item" />
        <valenceUnit GF="Dep" PT="PP[during]" FE="Time" />
        <annoSet ID="1996031" />
      </pattern>
      <pattern total="1">
        <valenceUnit GF="Ext" PT="NP" FE="Attribute" />
        <valenceUnit GF="Dep" PT="PP[by]" FE="Difference" />
        <valenceUnit GF="" PT="2nd" FE="Item" />
        <valenceUnit GF="Dep" PT="PP[from]" FE="Time" />
        <annoSet ID="1996027" />
      </pattern>
    </FEGroupRealization>
    <FEGroupRealization total="1">
      <FE name="Attribute" />
      <FE name="Final_correlate" />
      <FE name="Final_value" />
      <FE name="Initial_correlate" />
      <FE name="Initial_value" />
      <FE name="Item" />
      <pattern total="1">
        <valenceUnit GF="Ext" PT="NP" FE="Attribute" />
        <valenceUnit GF="" PT="2nd" FE="Final_correlate" />
        <valenceUnit GF="Dep" PT="PP[to]" FE="Final_value" />
        <valenceUnit GF="" PT="2nd" FE="Initial_correlate" />
        <valenceUnit GF="Dep" PT="PP[from]" FE="Initial_value" />
        <valenceUnit GF="Dep" PT="PP[for]" FE="Item" />
        <annoSet ID="1995787" />
      </pattern>
    </FEGroupRealization>
    <FEGroupRealization total="1">
      <FE name="Attribute" />
      <FE name="Final_correlate" />
      <FE name="Final_value" />
      <FE name="Initial_correlate" />
      <FE name="Initial_value" />
      <FE name="Item" />
      <FE name="Time" />
      <FE name="Time" />
      <pattern total="1">
        <valenceUnit GF="Ext" PT="NP" FE="Attribute" />
        <valenceUnit GF="" PT="2nd" FE="Final_correlate" />
        <valenceUnit GF="Dep" PT="PP[to]" FE="Final_value" />
        <valenceUnit GF="" PT="2nd" FE="Initial_correlate" />
        <valenceUnit GF="Dep" PT="PP[from]" FE="Initial_value" />
        <valenceUnit GF="" PT="DNI" FE="Item" />
        <valenceUnit GF="" PT="3rd" FE="Time" />
        <valenceUnit GF="" PT="3rd" FE="Time" />
        <annoSet ID="1995881" />
      </pattern>
    </FEGroupRealization>
    <FEGroupRealization total="2">
      <FE name="Attribute" />
      <FE name="Final_correlate" />
      <FE name="Final_value" />
      <FE name="Item" />
      <FE name="Time" />
      <pattern total="1">
        <valenceUnit GF="Ext" PT="NP" FE="Attribute" />
        <valenceUnit GF="" PT="2nd" FE="Final_correlate" />
        <valenceUnit GF="Dep" PT="PP[to]" FE="Final_value" />
        <valenceUnit GF="" PT="2nd" FE="Item" />
        <valenceUnit GF="Dep" PT="NP" FE="Time" />
        <annoSet ID="1995747" />
      </pattern>
      <pattern total="1">
        <valenceUnit GF="Ext" PT="NP" FE="Attribute" />
        <valenceUnit GF="" PT="2nd" FE="Final_correlate" />
        <valenceUnit GF="Dep" PT="PP[to]" FE="Final_value" />
        <valenceUnit GF="" PT="DNI" FE="Item" />
        <valenceUnit GF="Dep" PT="PP[by]" FE="Time" />
        <annoSet ID="1996257" />
      </pattern>
    </FEGroupRealization>
    <FEGroupRealization total="1">
      <FE name="Attribute" />
      <FE name="Final_state" />
      <FE name="Initial_state" />
      <FE name="Item" />
      <FE name="Place" />
      <pattern total="1">
        <valenceUnit GF="Dep" PT="PP[in]" FE="Attribute" />
        <valenceUnit GF="" PT="INI" FE="Final_state" />
        <valenceUnit GF="" PT="INI" FE="Initial_state" />
        <valenceUnit GF="Ext" PT="NP" FE="Item" />
        <valenceUnit GF="Dep" PT="PP[in]" FE="Place" />
        <annoSet ID="6542489" />
      </pattern>
    </FEGroupRealization>
    <FEGroupRealization total="3">
      <FE name="Attribute" />
      <FE name="Final_value" />
      <FE name="Item" />
      <pattern total="1">
        <valenceUnit GF="" PT="2nd" FE="Attribute" />
        <valenceUnit GF="Dep" PT="PP[above]" FE="Final_value" />
        <valenceUnit GF="Ext" PT="NP" FE="Item" />
        <annoSet ID="1995811" />
      </pattern>
      <pattern total="2">
        <valenceUnit GF="Ext" PT="NP" FE="Attribute" />
        <valenceUnit GF="Dep" PT="PP[above]" FE="Final_value" />
        <valenceUnit GF="" PT="DNI" FE="Item" />
        <annoSet ID="727720" />
        <annoSet ID="1995803" />
      </pattern>
    </FEGroupRealization>
    <FEGroupRealization total="1">
      <FE name="Attribute" />
      <FE name="Final_value" />
      <FE name="Item" />
      <FE name="Manner" />
      <pattern total="1">
        <valenceUnit GF="" PT="2nd" FE="Attribute" />
        <valenceUnit GF="Dep" PT="PP[to]" FE="Final_value" />
        <valenceUnit GF="Ext" PT="NP" FE="Item" />
        <valenceUnit GF="Dep" PT="AVP" FE="Manner" />
        <annoSet ID="1995771" />
      </pattern>
    </FEGroupRealization>
    <FEGroupRealization total="1">
      <FE name="Attribute" />
      <FE name="Item" />
      <FE name="Value_range" />
      <pattern total="1">
        <valenceUnit GF="Ext" PT="NP" FE="Attribute" />
        <valenceUnit GF="" PT="DNI" FE="Item" />
        <valenceUnit GF="" PT="INI" FE="Value_range" />
        <annoSet ID="6532991" />
      </pattern>
    </FEGroupRealization>
    <FEGroupRealization total="1">
      <FE name="Final_value" />
      <FE name="Initial_correlate" />
      <FE name="Initial_value" />
      <pattern total="1">
        <valenceUnit GF="Ext" PT="NP" FE="Final_value" />
        <valenceUnit GF="Dep" PT="PP[as]" FE="Initial_correlate" />
        <valenceUnit GF="Dep" PT="PP[from]" FE="Initial_value" />
        <annoSet ID="6671588" />
      </pattern>
    </FEGroupRealization>
  </valences>
  <subCorpus name="V-augmented">
    <sentence sentNo="0" ID="191545n">
      <text>Not only do Not only do they rise with distance , but it can be shown that there is a statistical over-selection of spouses who live close and corresponding under-selection of those who live far away . </text>
      <annotationSet cDate="08/08/2025 07:59:24 PST Fri" status="AUGMENTED" ID="0">
        <layer name="FE" rank="1">
          <label cBy="auto-aug" feID="418" start="12" end="27" name="Attribute" />
          <label cBy="auto-aug" feID="449" start="34" end="46" name="Correlated_variable" />
        </layer>
        <layer name="Target" rank="1">
          <label cBy="auto-aug" start="29" end="32" name="Target" />
        </layer>
      </annotationSet>
    </sentence>
    <sentence sentNo="0" ID="198374n">
      <text>Since 1983 , the company 's revenues have climbed from $1.6 billion to $2.5 billion in 1989 , and $2.5 billion have rose 1989 . </text>
      <annotationSet cDate="08/08/2025 07:59:24 PST Fri" status="AUGMENTED" ID="0">
        <layer name="FE" rank="1">
          <label cBy="auto-aug" feID="419" start="98" end="109" name="Item" />
          <label cBy="auto-aug" feID="422" start="121" end="124" name="Final_value" />
        </layer>
        <layer name="Target" rank="1">
          <label cBy="auto-aug" start="116" end="119" name="Target" />
        </layer>
      </annotationSet>
    </sentence>
    <sentence sentNo="0" ID="184135n">
      <text>Influenced by the lower pound , the inflation rate rose significantly during the period and over the nine months . </text>
      <annotationSet cDate="08/08/2025 07:59:24 PST Fri" status="AUGMENTED" ID="0">
        <layer name="FE" rank="1">
          <label cBy="auto-aug" feID="1265" start="0" end="28" name="Circumstances" />
          <label cBy="auto-aug" feID="418" start="32" end="49" name="Attribute" />
          <label cBy="auto-aug" feID="420" start="56" end="68" name="Difference" />
          <label cBy="auto-aug" feID="4547" start="70" end="86" name="Time" />
          <label cBy="auto-aug" feID="449" start="92" end="111" name="Correlated_variable" />
        </layer>
        <layer name="Target" rank="1">
          <label cBy="auto-aug" start="51" end="54" name="Target" />
        </layer>
      </annotationSet>
    </sentence>
    <sentence sentNo="0" ID="1402369n">
      <text>the sun rose up to a high point in February .</text>
      <annotationSet cDate="08/08/2025 07:59:24 PST Fri" status="AUGMENTED" ID="0">
        <layer name="FE" rank="1">
          <label cBy="auto-aug" feID="418" start="0" end="6" name="Attribute" />
          <label cBy="auto-aug" feID="421" start="13" end="14" name="Path" />
          <label cBy="auto-aug" feID="422" start="16" end="30" name="Final_value" />
          <label cBy="auto-aug" feID="4547" start="32" end="42" name="Time" />
        </layer>
        <layer name="Target" rank="1">
          <label cBy="auto-aug" start="8" end="11" name="Target" />
        </layer>
      </annotationSet>
    </sentence>
    <sentence sentNo="0" ID="184608n">
      <text>In 1991 by 8.7% rose from £30.62bn compared with an increase of £4.08bn in 1990 . </text>
      <annotationSet cDate="08/08/2025 07:59:24 PST Fri" status="AUGMENTED" ID="0">
        <layer name="FE" rank="1">
          <label cBy="auto-aug" feID="4547" start="0" end="6" name="Time" />
          <label cBy="auto-aug" feID="418" start="8" end="14" name="Attribute" />
          <label cBy="auto-aug" feID="420" start="21" end="33" name="Difference" />
        </layer>
        <layer name="Target" rank="1">
          <label cBy="auto-aug" start="16" end="19" name="Target" />
        </layer>
      </annotationSet>
    </sentence>
    <sentence sentNo="0" ID="191762n">
      <text>the temperature rose by two degrees during the week . </text>
      <annotationSet cDate="08/08/2025 07:59:24 PST Fri" status="AUGMENTED" ID="0">
        <layer name="FE" rank="1">
          <label cBy="auto-aug" feID="418" start="0" end="14" name="Attribute" />
          <label cBy="auto-aug" feID="420" start="21" end="34" name="Difference" />
          <label cBy="auto-aug" feID="4547" start="36" end="50" name="Time" />
        </layer>
        <layer name="Target" rank="1">
          <label cBy="auto-aug" start="16" end="19" name="Target" />
        </layer>
      </annotationSet>
    </sentence>
  </subCorpus>
</lexUnit>