<?xml version='1.0' encoding='UTF-8'?>
<lexUnit xmlns="http://framenet.icsi.berkeley.edu" xmlns:xsi="http://www.w3.org/2001/XMLSchema-instance" status="Finished_Initial" POS="V" name="bully.v" ID="1959" frame="Manipulate_into_doing" frameID="92" totalAnnotated="21" xsi:schemaLocation="../schema/lexUnit.xsd">
  <header>
    <corpus description="Texts from Nuclear Threat Initiative website, created by Center for Non-Proliferation Studies" name="NTI" ID="135">
      <document description="Iran Missile" name="Iran_Missile" ID="23512" />
    </corpus>
    <corpus description="American National Corpus Texts" name="ANC" ID="195">
      <document description="Slate magazine article: Stephanopoulos Crimes" name="StephanopoulosCrimes" ID="23642" />
    </corpus>
    <corpus description="LUCorpus-v0.3" name="LUCorpus-v0.3" ID="205">
      <document description="wsj_2465" name="wsj_2465" ID="23722" />
    </corpus>
    <frame>
      <FE fgColor="FFFFFF" bgColor="FF69B4" type="Extra-Thematic" abbrev="Degr" name="Degree" />
      <FE fgColor="FFFFFF" bgColor="0000FF" type="Core" abbrev="Goods" name="Goods" />
      <FE fgColor="FFFFFF" bgColor="FFA500" type="Peripheral" abbrev="ins" name="Instrument" />
      <FE fgColor="FFFFFF" bgColor="FF0000" type="Core" abbrev="Manip" name="Manipulator" />
      <FE fgColor="FFFFFF" bgColor="9400D3" type="Peripheral" abbrev="Mann" name="Manner" />
      <FE fgColor="FFFFFF" bgColor="A52A2A" type="Peripheral" abbrev="Mns" name="Means" />
      <FE fgColor="FFFFFF" bgColor="808080" type="Peripheral" abbrev="pla" name="Place" />
      <FE fgColor="FFFFFF" bgColor="9F79EE" type="Peripheral" abbrev="pur" name="Purpose" />
      <FE fgColor="FFFFFF" bgColor="00BFFF" type="Core" abbrev="Action" name="Resulting_action" />
      <FE fgColor="FFFFFF" bgColor="A52A2A" type="Peripheral" abbrev="tim" name="Time" />
      <FE fgColor="FFFFFF" bgColor="008000" type="Core" abbrev="Victim" name="Victim" />
    </frame>
  </header>
  <definition>COD: intimidate</definition>
  <lexeme POS="V" name="bully" />
  <valences>
    <FERealization total="1">
      <FE name="Degree" />
      <pattern total="1">
        <valenceUnit GF="Dep" PT="PP[as]" FE="Degree" />
        <annoSet ID="6549592" />
      </pattern>
    </FERealization>
    <FERealization total="21">
      <FE name="Manipulator" />
      <pattern total="12">
        <valenceUnit GF="Ext" PT="NP" FE="Manipulator" />
        <annoSet ID="41512" />
        <annoSet ID="41520" />
        <annoSet ID="41526" />
        <annoSet ID="41544" />
        <annoSet ID="41556" />
        <annoSet ID="41564" />
        <annoSet ID="41570" />
        <annoSet ID="41710" />
        <annoSet ID="41728" />
        <annoSet ID="41748" />
        <annoSet ID="6538277" />
        <annoSet ID="6549592" />
      </pattern>
      <pattern total="7">
        <valenceUnit GF="" PT="CNI" FE="Manipulator" />
        <annoSet ID="41680" />
        <annoSet ID="41682" />
        <annoSet ID="41684" />
        <annoSet ID="41692" />
        <annoSet ID="41772" />
        <annoSet ID="41786" />
        <annoSet ID="6527925" />
      </pattern>
      <pattern total="2">
        <valenceUnit GF="Dep" PT="PP[by]" FE="Manipulator" />
        <annoSet ID="41644" />
        <annoSet ID="41654" />
      </pattern>
    </FERealization>
    <FERealization total="1">
      <FE name="Manner" />
      <pattern total="1">
        <valenceUnit GF="Dep" PT="AVP" FE="Manner" />
        <annoSet ID="6538277" />
      </pattern>
    </FERealization>
    <FERealization total="20">
      <FE name="Resulting_action" />
      <pattern total="1">
        <valenceUnit GF="" PT="INI" FE="Resulting_action" />
        <annoSet ID="6527925" />
      </pattern>
      <pattern total="1">
        <valenceUnit GF="Dep" PT="NP" FE="Resulting_action" />
        <annoSet ID="41682" />
      </pattern>
      <pattern total="5">
        <valenceUnit GF="Dep" PT="PP[into]" FE="Resulting_action" />
        <annoSet ID="41512" />
        <annoSet ID="41520" />
        <annoSet ID="41682" />
        <annoSet ID="41684" />
        <annoSet ID="6538277" />
      </pattern>
      <pattern total="1">
        <valenceUnit GF="Dep" PT="PP[out]" FE="Resulting_action" />
        <annoSet ID="41692" />
      </pattern>
      <pattern total="9">
        <valenceUnit GF="Dep" PT="PPing[into]" FE="Resulting_action" />
        <annoSet ID="41526" />
        <annoSet ID="41544" />
        <annoSet ID="41556" />
        <annoSet ID="41564" />
        <annoSet ID="41654" />
        <annoSet ID="41680" />
        <annoSet ID="41710" />
        <annoSet ID="41772" />
        <annoSet ID="41786" />
      </pattern>
      <pattern total="1">
        <valenceUnit GF="Dep" PT="AVP" FE="Resulting_action" />
        <annoSet ID="41748" />
      </pattern>
      <pattern total="1">
        <valenceUnit GF="Dep" PT="PP[off]" FE="Resulting_action" />
        <annoSet ID="41728" />
      </pattern>
      <pattern total="2">
        <valenceUnit GF="Dep" PT="PP[to]" FE="Resulting_action" />
        <annoSet ID="41570" />
        <annoSet ID="41644" />
      </pattern>
    </FERealization>
    <FERealization total="21">
      <FE name="Victim" />
      <pattern total="11">
        <valenceUnit GF="Obj" PT="NP" FE="Victim" />
        <annoSet ID="41512" />
        <annoSet ID="41520" />
        <annoSet ID="41526" />
        <annoSet ID="41544" />
        <annoSet ID="41556" />
        <annoSet ID="41564" />
        <annoSet ID="41570" />
        <annoSet ID="41710" />
        <annoSet ID="41728" />
        <annoSet ID="6538277" />
        <annoSet ID="6549592" />
      </pattern>
      <pattern total="8">
        <valenceUnit GF="Ext" PT="NP" FE="Victim" />
        <annoSet ID="41654" />
        <annoSet ID="41680" />
        <annoSet ID="41682" />
        <annoSet ID="41684" />
        <annoSet ID="41692" />
        <annoSet ID="41772" />
        <annoSet ID="41786" />
        <annoSet ID="6527925" />
      </pattern>
      <pattern total="1">
        <valenceUnit GF="" PT="INI" FE="Victim" />
        <annoSet ID="41748" />
      </pattern>
      <pattern total="1">
        <valenceUnit GF="" PT="CNI" FE="Victim" />
        <annoSet ID="41644" />
      </pattern>
    </FERealization>
    <FEGroupRealization total="1">
      <FE name="Degree" />
      <FE name="Manipulator" />
      <FE name="Victim" />
      <pattern total="1">
        <valenceUnit GF="Dep" PT="PP[as]" FE="Degree" />
        <valenceUnit GF="Ext" PT="NP" FE="Manipulator" />
        <valenceUnit GF="Obj" PT="NP" FE="Victim" />
        <annoSet ID="6549592" />
      </pattern>
    </FEGroupRealization>
    <FEGroupRealization total="1">
      <FE name="Manipulator" />
      <FE name="Manner" />
      <FE name="Resulting_action" />
      <FE name="Victim" />
      <pattern total="1">
        <valenceUnit GF="Ext" PT="NP" FE="Manipulator" />
        <valenceUnit GF="Dep" PT="AVP" FE="Manner" />
        <valenceUnit GF="Dep" PT="PP[into]" FE="Resulting_action" />
        <valenceUnit GF="Obj" PT="NP" FE="Victim" />
        <annoSet ID="6538277" />
      </pattern>
    </FEGroupRealization>
    <FEGroupRealization total="1">
      <FE name="Manipulator" />
      <FE name="Resulting_action" />
      <FE name="Resulting_action" />
      <FE name="Victim" />
      <pattern total="1">
        <valenceUnit GF="" PT="CNI" FE="Manipulator" />
        <valenceUnit GF="Dep" PT="NP" FE="Resulting_action" />
        <valenceUnit GF="Dep" PT="PP[into]" FE="Resulting_action" />
        <valenceUnit GF="Ext" PT="NP" FE="Victim" />
        <annoSet ID="41682" />
      </pattern>
    </FEGroupRealization>
    <FEGroupRealization total="18">
      <FE name="Manipulator" />
      <FE name="Resulting_action" />
      <FE name="Victim" />
      <pattern total="1">
        <valenceUnit GF="" PT="CNI" FE="Manipulator" />
        <valenceUnit GF="" PT="INI" FE="Resulting_action" />
        <valenceUnit GF="Ext" PT="NP" FE="Victim" />
        <annoSet ID="6527925" />
      </pattern>
      <pattern total="1">
        <valenceUnit GF="" PT="CNI" FE="Manipulator" />
        <valenceUnit GF="Dep" PT="PP[into]" FE="Resulting_action" />
        <valenceUnit GF="Ext" PT="NP" FE="Victim" />
        <annoSet ID="41684" />
      </pattern>
      <pattern total="1">
        <valenceUnit GF="" PT="CNI" FE="Manipulator" />
        <valenceUnit GF="Dep" PT="PP[out]" FE="Resulting_action" />
        <valenceUnit GF="Ext" PT="NP" FE="Victim" />
        <annoSet ID="41692" />
      </pattern>
      <pattern total="3">
        <valenceUnit GF="" PT="CNI" FE="Manipulator" />
        <valenceUnit GF="Dep" PT="PPing[into]" FE="Resulting_action" />
        <valenceUnit GF="Ext" PT="NP" FE="Victim" />
        <annoSet ID="41680" />
        <annoSet ID="41772" />
        <annoSet ID="41786" />
      </pattern>
      <pattern total="1">
        <valenceUnit GF="Ext" PT="NP" FE="Manipulator" />
        <valenceUnit GF="Dep" PT="AVP" FE="Resulting_action" />
        <valenceUnit GF="" PT="INI" FE="Victim" />
        <annoSet ID="41748" />
      </pattern>
      <pattern total="2">
        <valenceUnit GF="Ext" PT="NP" FE="Manipulator" />
        <valenceUnit GF="Dep" PT="PP[into]" FE="Resulting_action" />
        <valenceUnit GF="Obj" PT="NP" FE="Victim" />
        <annoSet ID="41512" />
        <annoSet ID="41520" />
      </pattern>
      <pattern total="1">
        <valenceUnit GF="Ext" PT="NP" FE="Manipulator" />
        <valenceUnit GF="Dep" PT="PP[off]" FE="Resulting_action" />
        <valenceUnit GF="Obj" PT="NP" FE="Victim" />
        <annoSet ID="41728" />
      </pattern>
      <pattern total="1">
        <valenceUnit GF="Ext" PT="NP" FE="Manipulator" />
        <valenceUnit GF="Dep" PT="PP[to]" FE="Resulting_action" />
        <valenceUnit GF="Obj" PT="NP" FE="Victim" />
        <annoSet ID="41570" />
      </pattern>
      <pattern total="5">
        <valenceUnit GF="Ext" PT="NP" FE="Manipulator" />
        <valenceUnit GF="Dep" PT="PPing[into]" FE="Resulting_action" />
        <valenceUnit GF="Obj" PT="NP" FE="Victim" />
        <annoSet ID="41526" />
        <annoSet ID="41544" />
        <annoSet ID="41556" />
        <annoSet ID="41564" />
        <annoSet ID="41710" />
      </pattern>
      <pattern total="1">
        <valenceUnit GF="Dep" PT="PP[by]" FE="Manipulator" />
        <valenceUnit GF="Dep" PT="PP[to]" FE="Resulting_action" />
        <valenceUnit GF="" PT="CNI" FE="Victim" />
        <annoSet ID="41644" />
      </pattern>
      <pattern total="1">
        <valenceUnit GF="Dep" PT="PP[by]" FE="Manipulator" />
        <valenceUnit GF="Dep" PT="PPing[into]" FE="Resulting_action" />
        <valenceUnit GF="Ext" PT="NP" FE="Victim" />
        <annoSet ID="41654" />
      </pattern>
    </FEGroupRealization>
  </valences>
  <subCorpus name="V-augmented">
    <sentence sentNo="0" ID="194854n">
      <text>The South African foreign minister , Mr Pik Botha , publicly threatened to abort Namibian independence and was apparently bullied Mr Pik Botha by external pressures , who was in Windhoek when the trouble began . </text>
      <annotationSet cDate="08/08/2025 07:59:45 PST Fri" status="AUGMENTED" ID="0">
        <layer name="FE" rank="1">
          <label cBy="auto-aug" feID="437" start="4" end="48" name="Victim" />
          <label cBy="auto-aug" feID="438" start="130" end="141" name="Resulting_action" />
          <label cBy="auto-aug" feID="436" start="143" end="163" name="Manipulator" />
        </layer>
        <layer name="Target" rank="1">
          <label cBy="auto-aug" start="122" end="128" name="Target" />
        </layer>
      </annotationSet>
    </sentence>
    <sentence sentNo="0" ID="194872n">
      <text>They said lost of women need to be -- what was the word they used ? -- bullied emotionally . </text>
      <annotationSet cDate="08/08/2025 07:59:45 PST Fri" status="AUGMENTED" ID="0">
        <layer name="FE" rank="1">
          <label cBy="auto-aug" feID="437" start="10" end="22" name="Victim" />
          <label cBy="auto-aug" feID="438" start="79" end="89" name="Resulting_action" />
        </layer>
        <layer name="Target" rank="1">
          <label cBy="auto-aug" start="71" end="77" name="Target" />
        </layer>
      </annotationSet>
    </sentence>
  </subCorpus>
</lexUnit>