<?xml version='1.0' encoding='UTF-8'?>
<lexUnit xmlns="http://framenet.icsi.berkeley.edu" xmlns:xsi="http://www.w3.org/2001/XMLSchema-instance" status="FN1_Sent" POS="V" name="ascertain.v" ID="221" frame="Coming_to_believe" frameID="23" totalAnnotated="58" xsi:schemaLocation="../schema/lexUnit.xsd">
  <header>
    <corpus description="Texts from Nuclear Threat Initiative website, created by Center for Non-Proliferation Studies" name="NTI" ID="135">
      <document description="North Korea Introduction" name="NorthKorea_Introduction" ID="23481" />
      <document description="Iran Chemical" name="Iran_Chemical" ID="23514" />
    </corpus>
    <corpus description="Miscellaneous" name="Miscellaneous" ID="175">
      <document description="TigerOfSanPedro" name="Tiger_Of_San_Pedro" ID="25343" />
    </corpus>
    <frame>
      <FE fgColor="FFFFFF" bgColor="FF0000" type="Core" abbrev="Cog" name="Cognizer" />
      <FE fgColor="FFFFFF" bgColor="0000FF" type="Core" abbrev="Cont" name="Content" />
      <FE fgColor="FFFFFF" bgColor="FF69B4" type="Peripheral" abbrev="Degr" name="Degree" />
      <FE fgColor="FFFFFF" bgColor="9400D3" type="Extra-Thematic" abbrev="Dep" name="Depictive" />
      <FE fgColor="FFFFFF" bgColor="006400" type="Core" abbrev="Evid" name="Evidence" />
      <FE fgColor="FFFFFF" bgColor="FF00FF" type="Peripheral" abbrev="Manr" name="Manner" />
      <FE fgColor="FFFFFF" bgColor="A52A2A" type="Core" abbrev="Mns" name="Means" />
      <FE fgColor="FFFFFF" bgColor="2E8B57" type="Core" abbrev="med" name="Medium" />
      <FE fgColor="FFFFFF" bgColor="800080" type="Peripheral" abbrev="pla" name="Place" />
      <FE fgColor="FFFFFF" bgColor="FFA500" type="Peripheral" abbrev="" name="Time" />
      <FE fgColor="FFFFFF" bgColor="00008B" type="Core" abbrev="Top" name="Topic" />
    </frame>
  </header>
  <definition>COD: get to know.</definition>
  <lexeme POS="V" name="ascertain" />
  <valences>
    <FERealization total="56">
      <FE name="Cognizer" />
      <pattern total="29">
        <valenceUnit GF="" PT="CNI" FE="Cognizer" />
        <annoSet ID="345619" />
        <annoSet ID="345623" />
        <annoSet ID="345629" />
        <annoSet ID="345641" />
        <annoSet ID="345651" />
        <annoSet ID="345655" />
        <annoSet ID="345659" />
        <annoSet ID="345663" />
        <annoSet ID="345683" />
        <annoSet ID="345699" />
        <annoSet ID="345701" />
        <annoSet ID="345717" />
        <annoSet ID="345729" />
        <annoSet ID="345761" />
        <annoSet ID="345769" />
        <annoSet ID="345777" />
        <annoSet ID="345797" />
        <annoSet ID="345799" />
        <annoSet ID="345803" />
        <annoSet ID="345805" />
        <annoSet ID="345811" />
        <annoSet ID="345819" />
        <annoSet ID="345821" />
        <annoSet ID="345823" />
        <annoSet ID="345839" />
        <annoSet ID="345847" />
        <annoSet ID="345851" />
        <annoSet ID="345947" />
        <annoSet ID="6524111" />
      </pattern>
      <pattern total="26">
        <valenceUnit GF="Ext" PT="NP" FE="Cognizer" />
        <annoSet ID="345617" />
        <annoSet ID="345633" />
        <annoSet ID="345643" />
        <annoSet ID="345677" />
        <annoSet ID="345711" />
        <annoSet ID="345715" />
        <annoSet ID="345721" />
        <annoSet ID="345735" />
        <annoSet ID="345741" />
        <annoSet ID="345743" />
        <annoSet ID="345753" />
        <annoSet ID="345781" />
        <annoSet ID="345825" />
        <annoSet ID="345845" />
        <annoSet ID="345873" />
        <annoSet ID="345879" />
        <annoSet ID="345883" />
        <annoSet ID="345887" />
        <annoSet ID="345895" />
        <annoSet ID="345903" />
        <annoSet ID="345905" />
        <annoSet ID="345925" />
        <annoSet ID="345957" />
        <annoSet ID="345959" />
        <annoSet ID="6521626" />
        <annoSet ID="6645547" />
      </pattern>
      <pattern total="1">
        <valenceUnit GF="Ext" PT="PP[in]" FE="Cognizer" />
        <annoSet ID="6645547" />
      </pattern>
      <pattern total="1">
        <valenceUnit GF="Ext" PT="VPfin" FE="Cognizer" />
        <annoSet ID="6645547" />
      </pattern>
      <pattern total="1">
        <valenceUnit GF="Dep" PT="PP[by]" FE="Cognizer" />
        <annoSet ID="345789" />
      </pattern>
    </FERealization>
    <FERealization total="58">
      <FE name="Content" />
      <pattern total="10">
        <valenceUnit GF="Ext" PT="NP" FE="Content" />
        <annoSet ID="345699" />
        <annoSet ID="345717" />
        <annoSet ID="345729" />
        <annoSet ID="345789" />
        <annoSet ID="345797" />
        <annoSet ID="345803" />
        <annoSet ID="345805" />
        <annoSet ID="345811" />
        <annoSet ID="345819" />
        <annoSet ID="6524111" />
      </pattern>
      <pattern total="22">
        <valenceUnit GF="Obj" PT="NP" FE="Content" />
        <annoSet ID="345617" />
        <annoSet ID="345619" />
        <annoSet ID="345641" />
        <annoSet ID="345643" />
        <annoSet ID="345651" />
        <annoSet ID="345655" />
        <annoSet ID="345659" />
        <annoSet ID="345663" />
        <annoSet ID="345691" />
        <annoSet ID="345711" />
        <annoSet ID="345715" />
        <annoSet ID="345741" />
        <annoSet ID="345753" />
        <annoSet ID="345781" />
        <annoSet ID="345903" />
        <annoSet ID="345905" />
        <annoSet ID="345925" />
        <annoSet ID="345943" />
        <annoSet ID="345947" />
        <annoSet ID="345957" />
        <annoSet ID="345959" />
        <annoSet ID="6645547" />
      </pattern>
      <pattern total="16">
        <valenceUnit GF="Dep" PT="Sfin" FE="Content" />
        <annoSet ID="345623" />
        <annoSet ID="345677" />
        <annoSet ID="345683" />
        <annoSet ID="345721" />
        <annoSet ID="345743" />
        <annoSet ID="345761" />
        <annoSet ID="345769" />
        <annoSet ID="345777" />
        <annoSet ID="345799" />
        <annoSet ID="345851" />
        <annoSet ID="345873" />
        <annoSet ID="345879" />
        <annoSet ID="345883" />
        <annoSet ID="345887" />
        <annoSet ID="345895" />
        <annoSet ID="6521626" />
      </pattern>
      <pattern total="5">
        <valenceUnit GF="Dep" PT="Sinterrog" FE="Content" />
        <annoSet ID="345823" />
        <annoSet ID="345825" />
        <annoSet ID="345839" />
        <annoSet ID="345845" />
        <annoSet ID="345847" />
      </pattern>
      <pattern total="5">
        <valenceUnit GF="Dep" PT="Swhether" FE="Content" />
        <annoSet ID="345629" />
        <annoSet ID="345633" />
        <annoSet ID="345701" />
        <annoSet ID="345735" />
        <annoSet ID="345821" />
      </pattern>
    </FERealization>
    <FERealization total="56">
      <FE name="Evidence" />
      <pattern total="1">
        <valenceUnit GF="Dep" PT="AVP" FE="Evidence" />
        <annoSet ID="6524111" />
      </pattern>
      <pattern total="42">
        <valenceUnit GF="" PT="INI" FE="Evidence" />
        <annoSet ID="345617" />
        <annoSet ID="345619" />
        <annoSet ID="345623" />
        <annoSet ID="345629" />
        <annoSet ID="345633" />
        <annoSet ID="345641" />
        <annoSet ID="345651" />
        <annoSet ID="345655" />
        <annoSet ID="345663" />
        <annoSet ID="345677" />
        <annoSet ID="345691" />
        <annoSet ID="345699" />
        <annoSet ID="345701" />
        <annoSet ID="345715" />
        <annoSet ID="345717" />
        <annoSet ID="345753" />
        <annoSet ID="345769" />
        <annoSet ID="345777" />
        <annoSet ID="345781" />
        <annoSet ID="345797" />
        <annoSet ID="345799" />
        <annoSet ID="345811" />
        <annoSet ID="345819" />
        <annoSet ID="345821" />
        <annoSet ID="345823" />
        <annoSet ID="345825" />
        <annoSet ID="345839" />
        <annoSet ID="345845" />
        <annoSet ID="345847" />
        <annoSet ID="345851" />
        <annoSet ID="345873" />
        <annoSet ID="345879" />
        <annoSet ID="345883" />
        <annoSet ID="345887" />
        <annoSet ID="345895" />
        <annoSet ID="345903" />
        <annoSet ID="345905" />
        <annoSet ID="345925" />
        <annoSet ID="345943" />
        <annoSet ID="345947" />
        <annoSet ID="345957" />
        <annoSet ID="345959" />
      </pattern>
      <pattern total="4">
        <valenceUnit GF="Dep" PT="PP[by]" FE="Evidence" />
        <annoSet ID="345643" />
        <annoSet ID="345711" />
        <annoSet ID="345729" />
        <annoSet ID="345789" />
      </pattern>
      <pattern total="6">
        <valenceUnit GF="Dep" PT="PP[from]" FE="Evidence" />
        <annoSet ID="345659" />
        <annoSet ID="345735" />
        <annoSet ID="345741" />
        <annoSet ID="345743" />
        <annoSet ID="345803" />
        <annoSet ID="345805" />
      </pattern>
      <pattern total="1">
        <valenceUnit GF="Ext" PT="NP" FE="Evidence" />
        <annoSet ID="345683" />
      </pattern>
      <pattern total="1">
        <valenceUnit GF="Dep" PT="PP[through]" FE="Evidence" />
        <annoSet ID="345761" />
      </pattern>
      <pattern total="1">
        <valenceUnit GF="Dep" PT="PPing[by]" FE="Evidence" />
        <annoSet ID="345721" />
      </pattern>
    </FERealization>
    <FERealization total="5">
      <FE name="Manner" />
      <pattern total="1">
        <valenceUnit GF="Dep" PT="PP[with]" FE="Manner" />
        <annoSet ID="345819" />
      </pattern>
      <pattern total="4">
        <valenceUnit GF="Dep" PT="AVP" FE="Manner" />
        <annoSet ID="345619" />
        <annoSet ID="345629" />
        <annoSet ID="345633" />
        <annoSet ID="345879" />
      </pattern>
    </FERealization>
    <FERealization total="2">
      <FE name="Means" />
      <pattern total="2">
        <valenceUnit GF="Ext" PT="NP" FE="Means" />
        <annoSet ID="345691" />
        <annoSet ID="345943" />
      </pattern>
    </FERealization>
    <FERealization total="1">
      <FE name="Time" />
      <pattern total="1">
        <valenceUnit GF="Dep" PT="PP[in]" FE="Time" />
        <annoSet ID="6521626" />
      </pattern>
    </FERealization>
    <FEGroupRealization total="1">
      <FE name="Cognizer" />
      <FE name="Cognizer" />
      <FE name="Cognizer" />
      <FE name="Cognizer" />
      <FE name="Cognizer" />
      <FE name="Content" />
      <pattern total="1">
        <valenceUnit GF="Ext" PT="NP" FE="Cognizer" />
        <valenceUnit GF="Ext" PT="NP" FE="Cognizer" />
        <valenceUnit GF="Ext" PT="NP" FE="Cognizer" />
        <valenceUnit GF="Ext" PT="PP[in]" FE="Cognizer" />
        <valenceUnit GF="Ext" PT="VPfin" FE="Cognizer" />
        <valenceUnit GF="Obj" PT="NP" FE="Content" />
        <annoSet ID="6645547" />
      </pattern>
    </FEGroupRealization>
    <FEGroupRealization total="1">
      <FE name="Cognizer" />
      <FE name="Content" />
      <FE name="Content" />
      <FE name="Evidence" />
      <pattern total="1">
        <valenceUnit GF="Ext" PT="NP" FE="Cognizer" />
        <valenceUnit GF="Obj" PT="NP" FE="Content" />
        <valenceUnit GF="Obj" PT="NP" FE="Content" />
        <valenceUnit GF="" PT="INI" FE="Evidence" />
        <annoSet ID="345715" />
      </pattern>
    </FEGroupRealization>
    <FEGroupRealization total="48">
      <FE name="Cognizer" />
      <FE name="Content" />
      <FE name="Evidence" />
      <pattern total="1">
        <valenceUnit GF="" PT="CNI" FE="Cognizer" />
        <valenceUnit GF="Ext" PT="NP" FE="Content" />
        <valenceUnit GF="Dep" PT="AVP" FE="Evidence" />
        <annoSet ID="6524111" />
      </pattern>
      <pattern total="4">
        <valenceUnit GF="" PT="CNI" FE="Cognizer" />
        <valenceUnit GF="Ext" PT="NP" FE="Content" />
        <valenceUnit GF="" PT="INI" FE="Evidence" />
        <annoSet ID="345699" />
        <annoSet ID="345717" />
        <annoSet ID="345797" />
        <annoSet ID="345811" />
      </pattern>
      <pattern total="1">
        <valenceUnit GF="" PT="CNI" FE="Cognizer" />
        <valenceUnit GF="Ext" PT="NP" FE="Content" />
        <valenceUnit GF="Dep" PT="PP[by]" FE="Evidence" />
        <annoSet ID="345729" />
      </pattern>
      <pattern total="2">
        <valenceUnit GF="" PT="CNI" FE="Cognizer" />
        <valenceUnit GF="Ext" PT="NP" FE="Content" />
        <valenceUnit GF="Dep" PT="PP[from]" FE="Evidence" />
        <annoSet ID="345803" />
        <annoSet ID="345805" />
      </pattern>
      <pattern total="5">
        <valenceUnit GF="" PT="CNI" FE="Cognizer" />
        <valenceUnit GF="Obj" PT="NP" FE="Content" />
        <valenceUnit GF="" PT="INI" FE="Evidence" />
        <annoSet ID="345641" />
        <annoSet ID="345651" />
        <annoSet ID="345655" />
        <annoSet ID="345663" />
        <annoSet ID="345947" />
      </pattern>
      <pattern total="1">
        <valenceUnit GF="" PT="CNI" FE="Cognizer" />
        <valenceUnit GF="Obj" PT="NP" FE="Content" />
        <valenceUnit GF="Dep" PT="PP[from]" FE="Evidence" />
        <annoSet ID="345659" />
      </pattern>
      <pattern total="5">
        <valenceUnit GF="" PT="CNI" FE="Cognizer" />
        <valenceUnit GF="Dep" PT="Sfin" FE="Content" />
        <valenceUnit GF="" PT="INI" FE="Evidence" />
        <annoSet ID="345623" />
        <annoSet ID="345769" />
        <annoSet ID="345777" />
        <annoSet ID="345799" />
        <annoSet ID="345851" />
      </pattern>
      <pattern total="1">
        <valenceUnit GF="" PT="CNI" FE="Cognizer" />
        <valenceUnit GF="Dep" PT="Sfin" FE="Content" />
        <valenceUnit GF="Ext" PT="NP" FE="Evidence" />
        <annoSet ID="345683" />
      </pattern>
      <pattern total="1">
        <valenceUnit GF="" PT="CNI" FE="Cognizer" />
        <valenceUnit GF="Dep" PT="Sfin" FE="Content" />
        <valenceUnit GF="Dep" PT="PP[through]" FE="Evidence" />
        <annoSet ID="345761" />
      </pattern>
      <pattern total="3">
        <valenceUnit GF="" PT="CNI" FE="Cognizer" />
        <valenceUnit GF="Dep" PT="Sinterrog" FE="Content" />
        <valenceUnit GF="" PT="INI" FE="Evidence" />
        <annoSet ID="345823" />
        <annoSet ID="345839" />
        <annoSet ID="345847" />
      </pattern>
      <pattern total="2">
        <valenceUnit GF="" PT="CNI" FE="Cognizer" />
        <valenceUnit GF="Dep" PT="Swhether" FE="Content" />
        <valenceUnit GF="" PT="INI" FE="Evidence" />
        <annoSet ID="345701" />
        <annoSet ID="345821" />
      </pattern>
      <pattern total="8">
        <valenceUnit GF="Ext" PT="NP" FE="Cognizer" />
        <valenceUnit GF="Obj" PT="NP" FE="Content" />
        <valenceUnit GF="" PT="INI" FE="Evidence" />
        <annoSet ID="345617" />
        <annoSet ID="345753" />
        <annoSet ID="345781" />
        <annoSet ID="345903" />
        <annoSet ID="345905" />
        <annoSet ID="345925" />
        <annoSet ID="345957" />
        <annoSet ID="345959" />
      </pattern>
      <pattern total="2">
        <valenceUnit GF="Ext" PT="NP" FE="Cognizer" />
        <valenceUnit GF="Obj" PT="NP" FE="Content" />
        <valenceUnit GF="Dep" PT="PP[by]" FE="Evidence" />
        <annoSet ID="345643" />
        <annoSet ID="345711" />
      </pattern>
      <pattern total="1">
        <valenceUnit GF="Ext" PT="NP" FE="Cognizer" />
        <valenceUnit GF="Obj" PT="NP" FE="Content" />
        <valenceUnit GF="Dep" PT="PP[from]" FE="Evidence" />
        <annoSet ID="345741" />
      </pattern>
      <pattern total="5">
        <valenceUnit GF="Ext" PT="NP" FE="Cognizer" />
        <valenceUnit GF="Dep" PT="Sfin" FE="Content" />
        <valenceUnit GF="" PT="INI" FE="Evidence" />
        <annoSet ID="345677" />
        <annoSet ID="345873" />
        <annoSet ID="345883" />
        <annoSet ID="345887" />
        <annoSet ID="345895" />
      </pattern>
      <pattern total="1">
        <valenceUnit GF="Ext" PT="NP" FE="Cognizer" />
        <valenceUnit GF="Dep" PT="Sfin" FE="Content" />
        <valenceUnit GF="Dep" PT="PP[from]" FE="Evidence" />
        <annoSet ID="345743" />
      </pattern>
      <pattern total="1">
        <valenceUnit GF="Ext" PT="NP" FE="Cognizer" />
        <valenceUnit GF="Dep" PT="Sfin" FE="Content" />
        <valenceUnit GF="Dep" PT="PPing[by]" FE="Evidence" />
        <annoSet ID="345721" />
      </pattern>
      <pattern total="2">
        <valenceUnit GF="Ext" PT="NP" FE="Cognizer" />
        <valenceUnit GF="Dep" PT="Sinterrog" FE="Content" />
        <valenceUnit GF="" PT="INI" FE="Evidence" />
        <annoSet ID="345825" />
        <annoSet ID="345845" />
      </pattern>
      <pattern total="1">
        <valenceUnit GF="Ext" PT="NP" FE="Cognizer" />
        <valenceUnit GF="Dep" PT="Swhether" FE="Content" />
        <valenceUnit GF="Dep" PT="PP[from]" FE="Evidence" />
        <annoSet ID="345735" />
      </pattern>
      <pattern total="1">
        <valenceUnit GF="Dep" PT="PP[by]" FE="Cognizer" />
        <valenceUnit GF="Ext" PT="NP" FE="Content" />
        <valenceUnit GF="Dep" PT="PP[by]" FE="Evidence" />
        <annoSet ID="345789" />
      </pattern>
    </FEGroupRealization>
    <FEGroupRealization total="5">
      <FE name="Cognizer" />
      <FE name="Content" />
      <FE name="Evidence" />
      <FE name="Manner" />
      <pattern total="1">
        <valenceUnit GF="" PT="CNI" FE="Cognizer" />
        <valenceUnit GF="Ext" PT="NP" FE="Content" />
        <valenceUnit GF="" PT="INI" FE="Evidence" />
        <valenceUnit GF="Dep" PT="PP[with]" FE="Manner" />
        <annoSet ID="345819" />
      </pattern>
      <pattern total="1">
        <valenceUnit GF="" PT="CNI" FE="Cognizer" />
        <valenceUnit GF="Obj" PT="NP" FE="Content" />
        <valenceUnit GF="" PT="INI" FE="Evidence" />
        <valenceUnit GF="Dep" PT="AVP" FE="Manner" />
        <annoSet ID="345619" />
      </pattern>
      <pattern total="1">
        <valenceUnit GF="" PT="CNI" FE="Cognizer" />
        <valenceUnit GF="Dep" PT="Swhether" FE="Content" />
        <valenceUnit GF="" PT="INI" FE="Evidence" />
        <valenceUnit GF="Dep" PT="AVP" FE="Manner" />
        <annoSet ID="345629" />
      </pattern>
      <pattern total="1">
        <valenceUnit GF="Ext" PT="NP" FE="Cognizer" />
        <valenceUnit GF="Dep" PT="Sfin" FE="Content" />
        <valenceUnit GF="" PT="INI" FE="Evidence" />
        <valenceUnit GF="Dep" PT="AVP" FE="Manner" />
        <annoSet ID="345879" />
      </pattern>
      <pattern total="1">
        <valenceUnit GF="Ext" PT="NP" FE="Cognizer" />
        <valenceUnit GF="Dep" PT="Swhether" FE="Content" />
        <valenceUnit GF="" PT="INI" FE="Evidence" />
        <valenceUnit GF="Dep" PT="AVP" FE="Manner" />
        <annoSet ID="345633" />
      </pattern>
    </FEGroupRealization>
    <FEGroupRealization total="1">
      <FE name="Cognizer" />
      <FE name="Content" />
      <FE name="Time" />
      <pattern total="1">
        <valenceUnit GF="Ext" PT="NP" FE="Cognizer" />
        <valenceUnit GF="Dep" PT="Sfin" FE="Content" />
        <valenceUnit GF="Dep" PT="PP[in]" FE="Time" />
        <annoSet ID="6521626" />
      </pattern>
    </FEGroupRealization>
    <FEGroupRealization total="1">
      <FE name="Content" />
      <FE name="Evidence" />
      <FE name="Means" />
      <pattern total="1">
        <valenceUnit GF="Obj" PT="NP" FE="Content" />
        <valenceUnit GF="" PT="INI" FE="Evidence" />
        <valenceUnit GF="Ext" PT="NP" FE="Means" />
        <annoSet ID="345943" />
      </pattern>
    </FEGroupRealization>
    <FEGroupRealization total="1">
      <FE name="Content" />
      <FE name="Evidence" />
      <FE name="Means" />
      <FE name="Means" />
      <pattern total="1">
        <valenceUnit GF="Obj" PT="NP" FE="Content" />
        <valenceUnit GF="" PT="INI" FE="Evidence" />
        <valenceUnit GF="Ext" PT="NP" FE="Means" />
        <valenceUnit GF="Ext" PT="NP" FE="Means" />
        <annoSet ID="345691" />
      </pattern>
    </FEGroupRealization>
  </valences>
  <subCorpus name="V-augmented">
    <sentence sentNo="0" ID="332344n">
      <text>he had expected to ascertain the truth the facts . </text>
      <annotationSet cDate="08/08/2025 08:00:06 PST Fri" status="AUGMENTED" ID="0">
        <layer name="FE" rank="1">
          <label cBy="auto-aug" feID="98" start="0" end="1" name="Cognizer" />
          <label cBy="auto-aug" feID="100" start="29" end="37" name="Content" />
          <label cBy="auto-aug" feID="100" start="39" end="47" name="Content" />
        </layer>
        <layer name="Target" rank="1">
          <label cBy="auto-aug" start="19" end="27" name="Target" />
        </layer>
      </annotationSet>
    </sentence>
    <sentence sentNo="0" ID="4100318n">
      <text>I ascertain the truth , from the investigation .</text>
      <annotationSet cDate="08/08/2025 08:00:06 PST Fri" status="AUGMENTED" ID="0">
        <layer name="FE" rank="1">
          <label cBy="auto-aug" feID="98" start="0" end="0" name="Cognizer" />
          <label cBy="auto-aug" feID="100" start="12" end="20" name="Content" />
          <label cBy="auto-aug" feID="99" start="24" end="45" name="Evidence" />
        </layer>
        <layer name="Target" rank="1">
          <label cBy="auto-aug" start="2" end="10" name="Target" />
        </layer>
      </annotationSet>
    </sentence>
    <sentence sentNo="0" ID="4140941n">
      <text>" He did not even bother to ascertain the facts .</text>
      <annotationSet cDate="08/08/2025 08:00:06 PST Fri" status="AUGMENTED" ID="0">
        <layer name="FE" rank="1">
          <label cBy="auto-aug" feID="98" start="2" end="3" name="Cognizer" />
          <label cBy="auto-aug" feID="100" start="38" end="46" name="Content" />
        </layer>
        <layer name="Target" rank="1">
          <label cBy="auto-aug" start="28" end="36" name="Target" />
        </layer>
      </annotationSet>
    </sentence>
  </subCorpus>
</lexUnit>