<?xml version='1.0' encoding='UTF-8'?>
<lexUnit xmlns="http://framenet.icsi.berkeley.edu" xmlns:xsi="http://www.w3.org/2001/XMLSchema-instance" status="Created" POS="V" name="measure.v" ID="2202" frame="Dimension" frameID="108" totalAnnotated="1" xsi:schemaLocation="../schema/lexUnit.xsd">
  <header>
    <corpus description="American National Corpus Texts" name="ANC" ID="195">
      <document description="Goodwill fund-raising letter" name="110CYL069" ID="23794" />
    </corpus>
    <frame>
      <FE fgColor="FFFFFF" bgColor="FF0000" type="Peripheral" abbrev="" name="Degree" />
      <FE fgColor="FFFFFF" bgColor="1E90FF" type="Core" abbrev="Dimen" name="Dimension" />
      <FE fgColor="FFFFFF" bgColor="008000" type="Extra-Thematic" abbrev="" name="Domain" />
      <FE fgColor="FFFFFF" bgColor="9F79EE" type="Extra-Thematic" abbrev="Locu" name="Locus" />
      <FE fgColor="FFFFFF" bgColor="FF69B4" type="Core" abbrev="Measur" name="Measurement" />
      <FE fgColor="FFFFFF" bgColor="800080" type="Core" abbrev="Object" name="Object" />
    </frame>
  </header>
  <definition>FN: (of an entity) have a size, width, length, etc. specified as (a particular quantity).</definition>
  <lexeme POS="V" name="measure" />
  <valences>
    <FERealization total="1">
      <FE name="Dimension" />
      <pattern total="1">
        <valenceUnit GF="Dep" PT="PP[by]" FE="Dimension" />
        <annoSet ID="6556887" />
      </pattern>
    </FERealization>
    <FERealization total="1">
      <FE name="Measurement" />
      <pattern total="1">
        <valenceUnit GF="" PT="DNI" FE="Measurement" />
        <annoSet ID="6556887" />
      </pattern>
    </FERealization>
    <FERealization total="1">
      <FE name="Object" />
      <pattern total="1">
        <valenceUnit GF="Ext" PT="NP" FE="Object" />
        <annoSet ID="6556887" />
      </pattern>
    </FERealization>
    <FEGroupRealization total="1">
      <FE name="Dimension" />
      <FE name="Measurement" />
      <FE name="Object" />
      <pattern total="1">
        <valenceUnit GF="Dep" PT="PP[by]" FE="Dimension" />
        <valenceUnit GF="" PT="DNI" FE="Measurement" />
        <valenceUnit GF="Ext" PT="NP" FE="Object" />
        <annoSet ID="6556887" />
      </pattern>
    </FEGroupRealization>
  </valences>
  <subCorpus name="V-augmented">
    <sentence sentNo="0" ID="2824215n">
      <text>Change-ringing , a mind-boggling exercise the English invented 380 years ago , requires physical dexterity -- musical bells measure in units -- combined with intense mental concentration .</text>
      <annotationSet cDate="08/08/2025 08:00:46 PST Fri" status="AUGMENTED" ID="0">
        <layer name="FE" rank="1">
          <label cBy="auto-aug" feID="520" start="110" end="122" name="Object" />
          <label cBy="auto-aug" feID="521" start="132" end="139" name="Measurement" />
        </layer>
        <layer name="Target" rank="1">
          <label cBy="auto-aug" start="124" end="130" name="Target" />
        </layer>
      </annotationSet>
    </sentence>
  </subCorpus>
</lexUnit>