<?xml version='1.0' encoding='UTF-8'?>
<lexUnit xmlns="http://framenet.icsi.berkeley.edu" xmlns:xsi="http://www.w3.org/2001/XMLSchema-instance" status="Created" POS="V" name="believe.v" ID="2756" frame="Certainty" frameID="141" totalAnnotated="35" xsi:schemaLocation="../schema/lexUnit.xsd">
  <header>
    <corpus description="Texts from Nuclear Threat Initiative website, created by Center for Non-Proliferation Studies" name="NTI" ID="135">
      <document description="Iran Biological" name="Iran_Biological" ID="23513" />
      <document description="Iran Chemical" name="Iran_Chemical" ID="23514" />
      <document description="Iran Introduction" name="Iran_Introduction" ID="23521" />
      <document description="North Korea Nuclear Overview" name="NorthKorea_NuclearOverview" ID="23562" />
      <document description="North Korea Chemical Overview" name="NorthKorea_ChemicalOverview" ID="23611" />
      <document description="WMD News 06/26/2006" name="WMDNews_062606" ID="23621" />
      <document description="Syria Nuclear Overview" name="Syria_NuclearOverview" ID="23631" />
      <document description="China Overview" name="ChinaOverview" ID="23671" />
    </corpus>
    <corpus description="Miscellaneous" name="Miscellaneous" ID="175">
      <document description="Iran-related Questions" name="IranRelatedQuestions" ID="23541" />
      <document description="TigerOfSanPedro" name="Tiger_Of_San_Pedro" ID="25343" />
    </corpus>
    <corpus description="AQUAINT Knowledge-Based Evaluation Texts" name="KBEval" ID="185">
      <document description="lcch" name="lcch" ID="23574" />
      <document description="Stanford" name="Stanford" ID="23576" />
      <document description="LCC-M" name="LCC-M" ID="23578" />
    </corpus>
    <corpus description="LUCorpus-v0.3" name="LUCorpus-v0.3" ID="205">
      <document description="602CZL285-1" name="602CZL285-1" ID="23714" />
      <document description="sw2025-ms98-a-trans.ascii-1-NEW" name="sw2025-ms98-a-trans.ascii-1-NEW" ID="23731" />
      <document description="CNN_AARONBROWN_ENG_20051101_215800.partial-NEW" name="CNN_AARONBROWN_ENG_20051101_215800.partial-NEW" ID="23733" />
    </corpus>
    <corpus description="Texts from WikiMedia--WikiNews and Wikipedia" name="WikiTexts" ID="246">
      <document description="Fires_6" name="Fires_6" ID="25621" />
      <document description="Fires_10" name="Fires_10" ID="25625" />
    </corpus>
    <frame>
      <FE fgColor="FFFFFF" bgColor="FF0000" type="Core" abbrev="Cognizer" name="Cognizer" />
      <FE fgColor="FFFFFF" bgColor="00008B" type="Extra-Thematic" abbrev="" name="Concessive" />
      <FE fgColor="FFFFFF" bgColor="0000FF" type="Core" abbrev="Content" name="Content" />
      <FE fgColor="FFFFFF" bgColor="FF69B4" type="Peripheral" abbrev="Degr" name="Degree" />
      <FE fgColor="FFFFFF" bgColor="90876C" type="Extra-Thematic" abbrev="exp" name="Explanation" />
      <FE fgColor="FFFFFF" bgColor="008000" type="Core" abbrev="Exr" name="Expressor" />
      <FE fgColor="FFFFFF" bgColor="FF00FF" type="Peripheral" abbrev="Manr" name="Manner" />
      <FE fgColor="FFFFFF" bgColor="800080" type="Core" abbrev="Topic" name="Topic" />
    </frame>
  </header>
  <definition>COD: feel sure of the truth of. </definition>
  <lexeme POS="V" name="believe" />
  <valences>
    <FERealization total="35">
      <FE name="Cognizer" />
      <pattern total="9">
        <valenceUnit GF="" PT="CNI" FE="Cognizer" />
        <annoSet ID="6523531" />
        <annoSet ID="6524224" />
        <annoSet ID="6527325" />
        <annoSet ID="6536380" />
        <annoSet ID="6536412" />
        <annoSet ID="6541299" />
        <annoSet ID="6669612" />
        <annoSet ID="6669722" />
        <annoSet ID="6671433" />
      </pattern>
      <pattern total="1">
        <valenceUnit GF="" PT="INI" FE="Cognizer" />
        <annoSet ID="6529684" />
      </pattern>
      <pattern total="25">
        <valenceUnit GF="Ext" PT="NP" FE="Cognizer" />
        <annoSet ID="6523038" />
        <annoSet ID="6523483" />
        <annoSet ID="6525385" />
        <annoSet ID="6525430" />
        <annoSet ID="6525450" />
        <annoSet ID="6525617" />
        <annoSet ID="6525656" />
        <annoSet ID="6526428" />
        <annoSet ID="6527145" />
        <annoSet ID="6527181" />
        <annoSet ID="6529425" />
        <annoSet ID="6529902" />
        <annoSet ID="6529926" />
        <annoSet ID="6532850" />
        <annoSet ID="6533071" />
        <annoSet ID="6533338" />
        <annoSet ID="6533340" />
        <annoSet ID="6537387" />
        <annoSet ID="6540869" />
        <annoSet ID="6545270" />
        <annoSet ID="6548083" />
        <annoSet ID="6551360" />
        <annoSet ID="6645634" />
        <annoSet ID="6669772" />
        <annoSet ID="6669782" />
      </pattern>
    </FERealization>
    <FERealization total="1">
      <FE name="Concessive" />
      <pattern total="1">
        <valenceUnit GF="Dep" PT="Sfin" FE="Concessive" />
        <annoSet ID="6540869" />
      </pattern>
    </FERealization>
    <FERealization total="31">
      <FE name="Content" />
      <pattern total="6">
        <valenceUnit GF="Ext" PT="NP" FE="Content" />
        <annoSet ID="6524224" />
        <annoSet ID="6527325" />
        <annoSet ID="6536380" />
        <annoSet ID="6669612" />
        <annoSet ID="6669722" />
        <annoSet ID="6671433" />
      </pattern>
      <pattern total="6">
        <valenceUnit GF="Dep" PT="VPto" FE="Content" />
        <annoSet ID="6524224" />
        <annoSet ID="6527325" />
        <annoSet ID="6536380" />
        <annoSet ID="6669612" />
        <annoSet ID="6669722" />
        <annoSet ID="6671433" />
      </pattern>
      <pattern total="19">
        <valenceUnit GF="Dep" PT="Sfin" FE="Content" />
        <annoSet ID="6523038" />
        <annoSet ID="6526428" />
        <annoSet ID="6527145" />
        <annoSet ID="6527181" />
        <annoSet ID="6529425" />
        <annoSet ID="6529684" />
        <annoSet ID="6529902" />
        <annoSet ID="6529926" />
        <annoSet ID="6532850" />
        <annoSet ID="6533071" />
        <annoSet ID="6533338" />
        <annoSet ID="6536412" />
        <annoSet ID="6537387" />
        <annoSet ID="6540869" />
        <annoSet ID="6541299" />
        <annoSet ID="6545270" />
        <annoSet ID="6548083" />
        <annoSet ID="6669772" />
        <annoSet ID="6669782" />
      </pattern>
      <pattern total="1">
        <valenceUnit GF="Dep" PT="NP" FE="Content" />
        <annoSet ID="6533340" />
      </pattern>
      <pattern total="1">
        <valenceUnit GF="Dep" PT="VPfin" FE="Content" />
        <annoSet ID="6533340" />
      </pattern>
      <pattern total="3">
        <valenceUnit GF="Obj" PT="NP" FE="Content" />
        <annoSet ID="6525450" />
        <annoSet ID="6525617" />
        <annoSet ID="6551360" />
      </pattern>
      <pattern total="1">
        <valenceUnit GF="Obj" PT="PP[from]" FE="Content" />
        <annoSet ID="6551360" />
      </pattern>
      <pattern total="1">
        <valenceUnit GF="Obj" PT="Sfin" FE="Content" />
        <annoSet ID="6645634" />
      </pattern>
      <pattern total="1">
        <valenceUnit GF="Dep" PT="Sub" FE="Content" />
        <annoSet ID="6525385" />
      </pattern>
    </FERealization>
    <FEGroupRealization total="4">
      <FE name="Cognizer" />
      <pattern total="1">
        <valenceUnit GF="" PT="CNI" FE="Cognizer" />
        <annoSet ID="6523531" />
      </pattern>
      <pattern total="3">
        <valenceUnit GF="Ext" PT="NP" FE="Cognizer" />
        <annoSet ID="6523483" />
        <annoSet ID="6525430" />
        <annoSet ID="6525656" />
      </pattern>
    </FEGroupRealization>
    <FEGroupRealization total="2">
      <FE name="Cognizer" />
      <FE name="Cognizer" />
      <FE name="Content" />
      <pattern total="2">
        <valenceUnit GF="Ext" PT="NP" FE="Cognizer" />
        <valenceUnit GF="Ext" PT="NP" FE="Cognizer" />
        <valenceUnit GF="Dep" PT="Sfin" FE="Content" />
        <annoSet ID="6529902" />
        <annoSet ID="6545270" />
      </pattern>
    </FEGroupRealization>
    <FEGroupRealization total="1">
      <FE name="Cognizer" />
      <FE name="Concessive" />
      <FE name="Content" />
      <pattern total="1">
        <valenceUnit GF="Ext" PT="NP" FE="Cognizer" />
        <valenceUnit GF="Dep" PT="Sfin" FE="Concessive" />
        <valenceUnit GF="Dep" PT="Sfin" FE="Content" />
        <annoSet ID="6540869" />
      </pattern>
    </FEGroupRealization>
    <FEGroupRealization total="20">
      <FE name="Cognizer" />
      <FE name="Content" />
      <pattern total="2">
        <valenceUnit GF="" PT="CNI" FE="Cognizer" />
        <valenceUnit GF="Dep" PT="Sfin" FE="Content" />
        <annoSet ID="6536412" />
        <annoSet ID="6541299" />
      </pattern>
      <pattern total="1">
        <valenceUnit GF="" PT="INI" FE="Cognizer" />
        <valenceUnit GF="Dep" PT="Sfin" FE="Content" />
        <annoSet ID="6529684" />
      </pattern>
      <pattern total="2">
        <valenceUnit GF="Ext" PT="NP" FE="Cognizer" />
        <valenceUnit GF="Obj" PT="NP" FE="Content" />
        <annoSet ID="6525450" />
        <annoSet ID="6525617" />
      </pattern>
      <pattern total="13">
        <valenceUnit GF="Ext" PT="NP" FE="Cognizer" />
        <valenceUnit GF="Dep" PT="Sfin" FE="Content" />
        <annoSet ID="6523038" />
        <annoSet ID="6526428" />
        <annoSet ID="6527145" />
        <annoSet ID="6527181" />
        <annoSet ID="6529425" />
        <annoSet ID="6529926" />
        <annoSet ID="6532850" />
        <annoSet ID="6533071" />
        <annoSet ID="6533338" />
        <annoSet ID="6537387" />
        <annoSet ID="6548083" />
        <annoSet ID="6669772" />
        <annoSet ID="6669782" />
      </pattern>
      <pattern total="1">
        <valenceUnit GF="Ext" PT="NP" FE="Cognizer" />
        <valenceUnit GF="Obj" PT="Sfin" FE="Content" />
        <annoSet ID="6645634" />
      </pattern>
      <pattern total="1">
        <valenceUnit GF="Ext" PT="NP" FE="Cognizer" />
        <valenceUnit GF="Dep" PT="Sub" FE="Content" />
        <annoSet ID="6525385" />
      </pattern>
    </FEGroupRealization>
    <FEGroupRealization total="7">
      <FE name="Cognizer" />
      <FE name="Content" />
      <FE name="Content" />
      <pattern total="5">
        <valenceUnit GF="" PT="CNI" FE="Cognizer" />
        <valenceUnit GF="Ext" PT="NP" FE="Content" />
        <valenceUnit GF="Dep" PT="VPto" FE="Content" />
        <annoSet ID="6524224" />
        <annoSet ID="6527325" />
        <annoSet ID="6536380" />
        <annoSet ID="6669612" />
        <annoSet ID="6671433" />
      </pattern>
      <pattern total="1">
        <valenceUnit GF="Ext" PT="NP" FE="Cognizer" />
        <valenceUnit GF="Dep" PT="NP" FE="Content" />
        <valenceUnit GF="Dep" PT="VPfin" FE="Content" />
        <annoSet ID="6533340" />
      </pattern>
      <pattern total="1">
        <valenceUnit GF="Ext" PT="NP" FE="Cognizer" />
        <valenceUnit GF="Obj" PT="NP" FE="Content" />
        <valenceUnit GF="Obj" PT="PP[from]" FE="Content" />
        <annoSet ID="6551360" />
      </pattern>
    </FEGroupRealization>
    <FEGroupRealization total="1">
      <FE name="Cognizer" />
      <FE name="Content" />
      <FE name="Content" />
      <FE name="Content" />
      <pattern total="1">
        <valenceUnit GF="" PT="CNI" FE="Cognizer" />
        <valenceUnit GF="Ext" PT="NP" FE="Content" />
        <valenceUnit GF="Ext" PT="NP" FE="Content" />
        <valenceUnit GF="Dep" PT="VPto" FE="Content" />
        <annoSet ID="6669722" />
      </pattern>
    </FEGroupRealization>
  </valences>
  <subCorpus name="V-augmented">
    <sentence sentNo="0" ID="449376n">
      <text>She would have liked to be nearer to the panel , but she believed the project . </text>
      <annotationSet cDate="08/08/2025 07:57:56 PST Fri" status="AUGMENTED" ID="0">
        <layer name="FE" rank="1">
          <label cBy="auto-aug" feID="1091" start="53" end="55" name="Cognizer" />
          <label cBy="auto-aug" feID="1093" start="66" end="76" name="Content" />
        </layer>
        <layer name="Target" rank="1">
          <label cBy="auto-aug" start="57" end="64" name="Target" />
        </layer>
      </annotationSet>
    </sentence>
    <sentence sentNo="0" ID="449477n">
      <text>In the same way that I believe that you are right . </text>
      <annotationSet cDate="08/08/2025 07:57:56 PST Fri" status="AUGMENTED" ID="0">
        <layer name="FE" rank="1">
          <label cBy="auto-aug" feID="1091" start="21" end="21" name="Cognizer" />
          <label cBy="auto-aug" feID="1093" start="31" end="48" name="Content" />
        </layer>
        <layer name="Target" rank="1">
          <label cBy="auto-aug" start="23" end="29" name="Target" />
        </layer>
      </annotationSet>
    </sentence>
    <sentence sentNo="0" ID="449457n">
      <text>Questions about why these examples and not others constantly loom , because they can seriously believe the evidence . </text>
      <annotationSet cDate="08/08/2025 07:57:56 PST Fri" status="AUGMENTED" ID="0">
        <layer name="FE" rank="1">
          <label cBy="auto-aug" feID="1091" start="76" end="79" name="Cognizer" />
          <label cBy="auto-aug" feID="1099" start="85" end="93" name="Degree" />
          <label cBy="auto-aug" feID="1093" start="103" end="114" name="Content" />
        </layer>
        <layer name="Target" rank="1">
          <label cBy="auto-aug" start="95" end="101" name="Target" />
        </layer>
      </annotationSet>
    </sentence>
    <sentence sentNo="0" ID="449545n">
      <text>I believe that it is possible . </text>
      <annotationSet cDate="08/08/2025 07:57:56 PST Fri" status="AUGMENTED" ID="0">
        <layer name="FE" rank="1">
          <label cBy="auto-aug" feID="1091" start="0" end="0" name="Cognizer" />
          <label cBy="auto-aug" feID="1093" start="10" end="28" name="Content" />
        </layer>
        <layer name="Target" rank="1">
          <label cBy="auto-aug" start="2" end="8" name="Target" />
        </layer>
      </annotationSet>
    </sentence>
    <sentence sentNo="0" ID="449557n">
      <text>As for the other end , Fraxilly , Fraxilly believed that he would succeed . </text>
      <annotationSet cDate="08/08/2025 07:57:56 PST Fri" status="AUGMENTED" ID="0">
        <layer name="FE" rank="1">
          <label cBy="auto-aug" feID="1091" start="34" end="41" name="Cognizer" />
          <label cBy="auto-aug" feID="1093" start="52" end="72" name="Content" />
        </layer>
        <layer name="Target" rank="1">
          <label cBy="auto-aug" start="43" end="50" name="Target" />
        </layer>
      </annotationSet>
    </sentence>
    <sentence sentNo="0" ID="449447n">
      <text>But it displays an astonishing degree of intellectual captivity when the entire way people believe that idea is infiltrated too . </text>
      <annotationSet cDate="08/08/2025 07:57:56 PST Fri" status="AUGMENTED" ID="0">
        <layer name="FE" rank="1">
          <label cBy="auto-aug" feID="1091" start="84" end="89" name="Cognizer" />
          <label cBy="auto-aug" feID="1093" start="99" end="107" name="Content" />
        </layer>
        <layer name="Target" rank="1">
          <label cBy="auto-aug" start="91" end="97" name="Target" />
        </layer>
      </annotationSet>
    </sentence>
    <sentence sentNo="0" ID="449363n">
      <text>` Then Lucy believe that she could do it , " Lucy informed her . </text>
      <annotationSet cDate="08/08/2025 07:57:56 PST Fri" status="AUGMENTED" ID="0">
        <layer name="FE" rank="1">
          <label cBy="auto-aug" feID="1091" start="7" end="10" name="Cognizer" />
          <label cBy="auto-aug" feID="1093" start="20" end="39" name="Content" />
        </layer>
        <layer name="Target" rank="1">
          <label cBy="auto-aug" start="12" end="18" name="Target" />
        </layer>
      </annotationSet>
    </sentence>
    <sentence sentNo="0" ID="449403n">
      <text>So vague , indeed , is Mustakimzade that one is led to suspect that Mustakimzade believe in the existence of ghosts . </text>
      <annotationSet cDate="08/08/2025 07:57:56 PST Fri" status="AUGMENTED" ID="0">
        <layer name="FE" rank="1">
          <label cBy="auto-aug" feID="1091" start="68" end="79" name="Cognizer" />
          <label cBy="auto-aug" feID="1093" start="89" end="114" name="Content" />
        </layer>
        <layer name="Target" rank="1">
          <label cBy="auto-aug" start="81" end="87" name="Target" />
        </layer>
      </annotationSet>
    </sentence>
    <sentence sentNo="0" ID="449400n">
      <text>Not for one moment did she believe the story . </text>
      <annotationSet cDate="08/08/2025 07:57:56 PST Fri" status="AUGMENTED" ID="0">
        <layer name="FE" rank="1">
          <label cBy="auto-aug" feID="1091" start="23" end="25" name="Cognizer" />
          <label cBy="auto-aug" feID="1093" start="35" end="43" name="Content" />
        </layer>
        <layer name="Target" rank="1">
          <label cBy="auto-aug" start="27" end="33" name="Target" />
        </layer>
      </annotationSet>
    </sentence>
    <sentence sentNo="0" ID="449369n">
      <text>I begin to believe that you are right . " </text>
      <annotationSet cDate="08/08/2025 07:57:56 PST Fri" status="AUGMENTED" ID="0">
        <layer name="FE" rank="1">
          <label cBy="auto-aug" feID="1091" start="0" end="0" name="Cognizer" />
          <label cBy="auto-aug" feID="1093" start="19" end="36" name="Content" />
        </layer>
        <layer name="Target" rank="1">
          <label cBy="auto-aug" start="11" end="17" name="Target" />
        </layer>
      </annotationSet>
    </sentence>
    <sentence sentNo="0" ID="449387n">
      <text>Leila cried , although Leila believed in her dreams . </text>
      <annotationSet cDate="08/08/2025 07:57:56 PST Fri" status="AUGMENTED" ID="0">
        <layer name="FE" rank="1">
          <label cBy="auto-aug" feID="1091" start="23" end="27" name="Cognizer" />
          <label cBy="auto-aug" feID="1093" start="38" end="50" name="Content" />
        </layer>
        <layer name="Target" rank="1">
          <label cBy="auto-aug" start="29" end="36" name="Target" />
        </layer>
      </annotationSet>
    </sentence>
    <sentence sentNo="0" ID="449361n">
      <text>he never believe the truth ; he only recognizes that it is difficult . </text>
      <annotationSet cDate="08/08/2025 07:57:56 PST Fri" status="AUGMENTED" ID="0">
        <layer name="FE" rank="1">
          <label cBy="auto-aug" feID="1091" start="0" end="1" name="Cognizer" />
          <label cBy="auto-aug" feID="1093" start="17" end="25" name="Content" />
        </layer>
        <layer name="Target" rank="1">
          <label cBy="auto-aug" start="9" end="15" name="Target" />
        </layer>
      </annotationSet>
    </sentence>
    <sentence sentNo="0" ID="449542n">
      <text>` Also , after this injury , I believe very much that I will recover . " </text>
      <annotationSet cDate="08/08/2025 07:57:56 PST Fri" status="AUGMENTED" ID="0">
        <layer name="FE" rank="1">
          <label cBy="auto-aug" feID="1091" start="29" end="29" name="Cognizer" />
          <label cBy="auto-aug" feID="1099" start="39" end="47" name="Degree" />
          <label cBy="auto-aug" feID="1093" start="49" end="67" name="Content" />
        </layer>
        <layer name="Target" rank="1">
          <label cBy="auto-aug" start="31" end="37" name="Target" />
        </layer>
      </annotationSet>
    </sentence>
    <sentence sentNo="0" ID="1528434n">
      <text>They touched my heart and I believe that .</text>
      <annotationSet cDate="08/08/2025 07:57:56 PST Fri" status="AUGMENTED" ID="0">
        <layer name="FE" rank="1">
          <label cBy="auto-aug" feID="1091" start="26" end="26" name="Cognizer" />
          <label cBy="auto-aug" feID="1093" start="36" end="39" name="Content" />
        </layer>
        <layer name="Target" rank="1">
          <label cBy="auto-aug" start="28" end="34" name="Target" />
        </layer>
      </annotationSet>
    </sentence>
    <sentence sentNo="0" ID="449354n">
      <text>I believe that it is possible . </text>
      <annotationSet cDate="08/08/2025 07:57:56 PST Fri" status="AUGMENTED" ID="0">
        <layer name="FE" rank="1">
          <label cBy="auto-aug" feID="1091" start="0" end="0" name="Cognizer" />
          <label cBy="auto-aug" feID="1093" start="10" end="28" name="Content" />
        </layer>
        <layer name="Target" rank="1">
          <label cBy="auto-aug" start="2" end="8" name="Target" />
        </layer>
      </annotationSet>
    </sentence>
    <sentence sentNo="0" ID="449518n">
      <text>I believe that it is true . </text>
      <annotationSet cDate="08/08/2025 07:57:56 PST Fri" status="AUGMENTED" ID="0">
        <layer name="FE" rank="1">
          <label cBy="auto-aug" feID="1091" start="0" end="0" name="Cognizer" />
          <label cBy="auto-aug" feID="1093" start="10" end="24" name="Content" />
        </layer>
        <layer name="Target" rank="1">
          <label cBy="auto-aug" start="2" end="8" name="Target" />
        </layer>
      </annotationSet>
    </sentence>
    <sentence sentNo="0" ID="449502n">
      <text>the truth can not be believed , but this is nothing to do with Miss T. as a private individual . </text>
      <annotationSet cDate="08/08/2025 07:57:56 PST Fri" status="AUGMENTED" ID="0">
        <layer name="FE" rank="1">
          <label cBy="auto-aug" feID="1093" start="0" end="8" name="Content" />
        </layer>
        <layer name="Target" rank="1">
          <label cBy="auto-aug" start="21" end="28" name="Target" />
        </layer>
      </annotationSet>
    </sentence>
    <sentence sentNo="0" ID="449440n">
      <text>` But I believe that she is alive because I 'll never see her again and only by coming face to face with her will I know the truth . " </text>
      <annotationSet cDate="08/08/2025 07:57:56 PST Fri" status="AUGMENTED" ID="0">
        <layer name="FE" rank="1">
          <label cBy="auto-aug" feID="1091" start="6" end="6" name="Cognizer" />
          <label cBy="auto-aug" feID="1093" start="16" end="32" name="Content" />
        </layer>
        <layer name="Target" rank="1">
          <label cBy="auto-aug" start="8" end="14" name="Target" />
        </layer>
      </annotationSet>
    </sentence>
    <sentence sentNo="0" ID="449408n">
      <text>I felt close to tears to think I believed in myself . </text>
      <annotationSet cDate="08/08/2025 07:57:56 PST Fri" status="AUGMENTED" ID="0">
        <layer name="FE" rank="1">
          <label cBy="auto-aug" feID="1091" start="31" end="31" name="Cognizer" />
          <label cBy="auto-aug" feID="1093" start="42" end="50" name="Content" />
        </layer>
        <layer name="Target" rank="1">
          <label cBy="auto-aug" start="33" end="40" name="Target" />
        </layer>
      </annotationSet>
    </sentence>
    <sentence sentNo="0" ID="449506n">
      <text>Though prices in Britain are barely rising , many people still believe that inflation will increase . </text>
      <annotationSet cDate="08/08/2025 07:57:56 PST Fri" status="AUGMENTED" ID="0">
        <layer name="FE" rank="1">
          <label cBy="auto-aug" feID="1091" start="45" end="55" name="Cognizer" />
          <label cBy="auto-aug" feID="1093" start="71" end="98" name="Content" />
        </layer>
        <layer name="Target" rank="1">
          <label cBy="auto-aug" start="63" end="69" name="Target" />
        </layer>
      </annotationSet>
    </sentence>
    <sentence sentNo="0" ID="449460n">
      <text>` Can you seriously believe that ? " </text>
      <annotationSet cDate="08/08/2025 07:57:56 PST Fri" status="AUGMENTED" ID="0">
        <layer name="FE" rank="1">
          <label cBy="auto-aug" feID="1091" start="6" end="8" name="Cognizer" />
          <label cBy="auto-aug" feID="1099" start="10" end="18" name="Degree" />
          <label cBy="auto-aug" feID="1093" start="28" end="31" name="Content" />
        </layer>
        <layer name="Target" rank="1">
          <label cBy="auto-aug" start="20" end="26" name="Target" />
        </layer>
      </annotationSet>
    </sentence>
    <sentence sentNo="0" ID="449398n">
      <text>If our beliefs have never been challenged or put to the test they may believe this now . </text>
      <annotationSet cDate="08/08/2025 07:57:56 PST Fri" status="AUGMENTED" ID="0">
        <layer name="FE" rank="1">
          <label cBy="auto-aug" feID="1091" start="61" end="64" name="Cognizer" />
          <label cBy="auto-aug" feID="1093" start="78" end="81" name="Content" />
        </layer>
        <layer name="Target" rank="1">
          <label cBy="auto-aug" start="70" end="76" name="Target" />
        </layer>
      </annotationSet>
    </sentence>
    <sentence sentNo="0" ID="449420n">
      <text>I do n't suggest you might believe that . </text>
      <annotationSet cDate="08/08/2025 07:57:56 PST Fri" status="AUGMENTED" ID="0">
        <layer name="FE" rank="1">
          <label cBy="auto-aug" feID="1091" start="17" end="19" name="Cognizer" />
          <label cBy="auto-aug" feID="1093" start="35" end="38" name="Content" />
        </layer>
        <layer name="Target" rank="1">
          <label cBy="auto-aug" start="27" end="33" name="Target" />
        </layer>
      </annotationSet>
    </sentence>
    <sentence sentNo="0" ID="449434n">
      <text>she had never believed the rumors . </text>
      <annotationSet cDate="08/08/2025 07:57:56 PST Fri" status="AUGMENTED" ID="0">
        <layer name="FE" rank="1">
          <label cBy="auto-aug" feID="1091" start="0" end="2" name="Cognizer" />
          <label cBy="auto-aug" feID="1093" start="23" end="32" name="Content" />
        </layer>
        <layer name="Target" rank="1">
          <label cBy="auto-aug" start="14" end="21" name="Target" />
        </layer>
      </annotationSet>
    </sentence>
  </subCorpus>
</lexUnit>