<?xml version='1.0' encoding='UTF-8'?>
<lexUnit xmlns="http://framenet.icsi.berkeley.edu" xmlns:xsi="http://www.w3.org/2001/XMLSchema-instance" status="Finished_Initial" POS="V" name="punish.v" ID="3846" frame="Rewards_and_punishments" frameID="216" totalAnnotated="50" xsi:schemaLocation="../schema/lexUnit.xsd">
  <header>
    <corpus description="AQUAINT Knowledge-Based Evaluation Texts" name="KBEval" ID="185">
      <document description="MIT" name="MIT" ID="23580" />
    </corpus>
    <corpus description="American National Corpus Texts" name="ANC" ID="195">
      <document description="Berlitz History of Greece" name="HistoryOfGreece" ID="23692" />
    </corpus>
    <frame>
      <FE fgColor="FFFFFF" bgColor="FF0000" type="Core" abbrev="Agt" name="Agent" />
      <FE fgColor="FFFFFF" bgColor="FF69B4" type="Peripheral" abbrev="Degr" name="Degree" />
      <FE fgColor="FFFFFF" bgColor="9400D3" type="Extra-Thematic" abbrev="Depict" name="Depictive" />
      <FE fgColor="FFFFFF" bgColor="0000FF" type="Core" abbrev="Eval" name="Evaluee" />
      <FE fgColor="FFFFFF" bgColor="808080" type="Peripheral" abbrev="Ins" name="Instrument" />
      <FE fgColor="FFFFFF" bgColor="FF00FF" type="Peripheral" abbrev="Manr" name="Manner" />
      <FE fgColor="FFFFFF" bgColor="A52A2A" type="Peripheral" abbrev="Mns" name="Means" />
      <FE fgColor="FFFFFF" bgColor="008000" type="Peripheral" abbrev="Place" name="Place" />
      <FE fgColor="FFFFFF" bgColor="800080" type="Peripheral" abbrev="Purp" name="Purpose" />
      <FE fgColor="FFFFFF" bgColor="00008B" type="Core" abbrev="Reas" name="Reason" />
      <FE fgColor="FFFFFF" bgColor="1E90FF" type="Core-Unexpressed" abbrev="Action" name="Response_action" />
      <FE fgColor="FFFFFF" bgColor="9F79EE" type="Extra-Thematic" abbrev="Result" name="Result" />
      <FE fgColor="FFFFFF" bgColor="FFA500" type="Peripheral" abbrev="Time" name="Time" />
    </frame>
  </header>
  <definition>FN: inflict a penalty on someone for an offence</definition>
  <lexeme POS="V" name="punish" />
  <valences>
    <FERealization total="46">
      <FE name="Agent" />
      <pattern total="1">
        <valenceUnit GF="" PT="2nd" FE="Agent" />
        <annoSet ID="626462" />
      </pattern>
      <pattern total="12">
        <valenceUnit GF="" PT="CNI" FE="Agent" />
        <annoSet ID="626050" />
        <annoSet ID="626066" />
        <annoSet ID="626242" />
        <annoSet ID="626306" />
        <annoSet ID="626314" />
        <annoSet ID="626346" />
        <annoSet ID="626366" />
        <annoSet ID="626418" />
        <annoSet ID="626428" />
        <annoSet ID="626472" />
        <annoSet ID="626482" />
        <annoSet ID="6532454" />
      </pattern>
      <pattern total="1">
        <valenceUnit GF="" PT="DNI" FE="Agent" />
        <annoSet ID="626452" />
      </pattern>
      <pattern total="2">
        <valenceUnit GF="" PT="INI" FE="Agent" />
        <annoSet ID="626438" />
        <annoSet ID="626492" />
      </pattern>
      <pattern total="27">
        <valenceUnit GF="Ext" PT="NP" FE="Agent" />
        <annoSet ID="626088" />
        <annoSet ID="626090" />
        <annoSet ID="626094" />
        <annoSet ID="626120" />
        <annoSet ID="626138" />
        <annoSet ID="626140" />
        <annoSet ID="626148" />
        <annoSet ID="626162" />
        <annoSet ID="626180" />
        <annoSet ID="626186" />
        <annoSet ID="626196" />
        <annoSet ID="626198" />
        <annoSet ID="626232" />
        <annoSet ID="626238" />
        <annoSet ID="626252" />
        <annoSet ID="626254" />
        <annoSet ID="626262" />
        <annoSet ID="626290" />
        <annoSet ID="626380" />
        <annoSet ID="626404" />
        <annoSet ID="626450" />
        <annoSet ID="626476" />
        <annoSet ID="626478" />
        <annoSet ID="626480" />
        <annoSet ID="626486" />
        <annoSet ID="626524" />
        <annoSet ID="6542524" />
      </pattern>
      <pattern total="3">
        <valenceUnit GF="Dep" PT="PP[by]" FE="Agent" />
        <annoSet ID="626302" />
        <annoSet ID="626308" />
        <annoSet ID="626414" />
      </pattern>
    </FERealization>
    <FERealization total="45">
      <FE name="Evaluee" />
      <pattern total="18">
        <valenceUnit GF="Ext" PT="NP" FE="Evaluee" />
        <annoSet ID="626050" />
        <annoSet ID="626302" />
        <annoSet ID="626306" />
        <annoSet ID="626308" />
        <annoSet ID="626346" />
        <annoSet ID="626366" />
        <annoSet ID="626414" />
        <annoSet ID="626416" />
        <annoSet ID="626418" />
        <annoSet ID="626422" />
        <annoSet ID="626428" />
        <annoSet ID="626438" />
        <annoSet ID="626444" />
        <annoSet ID="626446" />
        <annoSet ID="626452" />
        <annoSet ID="626462" />
        <annoSet ID="626472" />
        <annoSet ID="626492" />
      </pattern>
      <pattern total="2">
        <valenceUnit GF="" PT="CNI" FE="Evaluee" />
        <annoSet ID="626450" />
        <annoSet ID="626482" />
      </pattern>
      <pattern total="21">
        <valenceUnit GF="Obj" PT="NP" FE="Evaluee" />
        <annoSet ID="626088" />
        <annoSet ID="626090" />
        <annoSet ID="626094" />
        <annoSet ID="626120" />
        <annoSet ID="626138" />
        <annoSet ID="626140" />
        <annoSet ID="626148" />
        <annoSet ID="626162" />
        <annoSet ID="626180" />
        <annoSet ID="626186" />
        <annoSet ID="626196" />
        <annoSet ID="626198" />
        <annoSet ID="626238" />
        <annoSet ID="626242" />
        <annoSet ID="626252" />
        <annoSet ID="626290" />
        <annoSet ID="626380" />
        <annoSet ID="626404" />
        <annoSet ID="626478" />
        <annoSet ID="6532454" />
        <annoSet ID="6542524" />
      </pattern>
      <pattern total="1">
        <valenceUnit GF="Dep" PT="PP[for]" FE="Evaluee" />
        <annoSet ID="626066" />
      </pattern>
      <pattern total="1">
        <valenceUnit GF="Dep" PT="AVP" FE="Evaluee" />
        <annoSet ID="626486" />
      </pattern>
      <pattern total="1">
        <valenceUnit GF="" PT="INI" FE="Evaluee" />
        <annoSet ID="626480" />
      </pattern>
      <pattern total="1">
        <valenceUnit GF="Dep" PT="NP" FE="Evaluee" />
        <annoSet ID="626476" />
      </pattern>
    </FERealization>
    <FERealization total="9">
      <FE name="Manner" />
      <pattern total="5">
        <valenceUnit GF="Dep" PT="AVP" FE="Manner" />
        <annoSet ID="626380" />
        <annoSet ID="626422" />
        <annoSet ID="626444" />
        <annoSet ID="626462" />
        <annoSet ID="6542524" />
      </pattern>
      <pattern total="2">
        <valenceUnit GF="Dep" PT="PP[in]" FE="Manner" />
        <annoSet ID="626472" />
        <annoSet ID="626476" />
      </pattern>
      <pattern total="1">
        <valenceUnit GF="Dep" PT="PP[with]" FE="Manner" />
        <annoSet ID="626366" />
      </pattern>
      <pattern total="1">
        <valenceUnit GF="Dep" PT="PPing[without]" FE="Manner" />
        <annoSet ID="626232" />
      </pattern>
    </FERealization>
    <FERealization total="5">
      <FE name="Means" />
      <pattern total="2">
        <valenceUnit GF="Dep" PT="PP[by]" FE="Means" />
        <annoSet ID="626416" />
        <annoSet ID="626418" />
      </pattern>
      <pattern total="1">
        <valenceUnit GF="Dep" PT="AVP" FE="Means" />
        <annoSet ID="626492" />
      </pattern>
      <pattern total="2">
        <valenceUnit GF="Dep" PT="PPing[by]" FE="Means" />
        <annoSet ID="626478" />
        <annoSet ID="626480" />
      </pattern>
    </FERealization>
    <FERealization total="3">
      <FE name="Purpose" />
      <pattern total="1">
        <valenceUnit GF="Dep" PT="AVP" FE="Purpose" />
        <annoSet ID="626346" />
      </pattern>
      <pattern total="1">
        <valenceUnit GF="Dep" PT="PP[as]" FE="Purpose" />
        <annoSet ID="626196" />
      </pattern>
      <pattern total="1">
        <valenceUnit GF="Dep" PT="VPto" FE="Purpose" />
        <annoSet ID="626524" />
      </pattern>
    </FERealization>
    <FERealization total="36">
      <FE name="Reason" />
      <pattern total="2">
        <valenceUnit GF="" PT="INI" FE="Reason" />
        <annoSet ID="626462" />
        <annoSet ID="626472" />
      </pattern>
      <pattern total="10">
        <valenceUnit GF="" PT="DNI" FE="Reason" />
        <annoSet ID="626346" />
        <annoSet ID="626366" />
        <annoSet ID="626414" />
        <annoSet ID="626416" />
        <annoSet ID="626418" />
        <annoSet ID="626478" />
        <annoSet ID="626480" />
        <annoSet ID="626482" />
        <annoSet ID="626486" />
        <annoSet ID="6542524" />
      </pattern>
      <pattern total="9">
        <valenceUnit GF="Dep" PT="PP[for]" FE="Reason" />
        <annoSet ID="626066" />
        <annoSet ID="626088" />
        <annoSet ID="626090" />
        <annoSet ID="626094" />
        <annoSet ID="626120" />
        <annoSet ID="626242" />
        <annoSet ID="626422" />
        <annoSet ID="626428" />
        <annoSet ID="626438" />
      </pattern>
      <pattern total="3">
        <valenceUnit GF="Dep" PT="Sub" FE="Reason" />
        <annoSet ID="626492" />
        <annoSet ID="626524" />
        <annoSet ID="6532454" />
      </pattern>
      <pattern total="1">
        <valenceUnit GF="Ext" PT="NP" FE="Reason" />
        <annoSet ID="626314" />
      </pattern>
      <pattern total="5">
        <valenceUnit GF="Dep" PT="PPing[for]" FE="Reason" />
        <annoSet ID="626180" />
        <annoSet ID="626186" />
        <annoSet ID="626308" />
        <annoSet ID="626450" />
        <annoSet ID="626452" />
      </pattern>
      <pattern total="2">
        <valenceUnit GF="" PT="2nd" FE="Reason" />
        <annoSet ID="626404" />
        <annoSet ID="626476" />
      </pattern>
      <pattern total="1">
        <valenceUnit GF="Dep" PT="PP[because of]" FE="Reason" />
        <annoSet ID="626198" />
      </pattern>
      <pattern total="3">
        <valenceUnit GF="Obj" PT="NP" FE="Reason" />
        <annoSet ID="626232" />
        <annoSet ID="626254" />
        <annoSet ID="626262" />
      </pattern>
    </FERealization>
    <FERealization total="31">
      <FE name="Response_action" />
      <pattern total="3">
        <valenceUnit GF="Dep" PT="PP[by]" FE="Response_action" />
        <annoSet ID="626238" />
        <annoSet ID="626306" />
        <annoSet ID="626314" />
      </pattern>
      <pattern total="20">
        <valenceUnit GF="" PT="INI" FE="Response_action" />
        <annoSet ID="626066" />
        <annoSet ID="626088" />
        <annoSet ID="626090" />
        <annoSet ID="626094" />
        <annoSet ID="626120" />
        <annoSet ID="626180" />
        <annoSet ID="626186" />
        <annoSet ID="626196" />
        <annoSet ID="626198" />
        <annoSet ID="626232" />
        <annoSet ID="626242" />
        <annoSet ID="626252" />
        <annoSet ID="626254" />
        <annoSet ID="626262" />
        <annoSet ID="626290" />
        <annoSet ID="626308" />
        <annoSet ID="626346" />
        <annoSet ID="626366" />
        <annoSet ID="626380" />
        <annoSet ID="626404" />
      </pattern>
      <pattern total="1">
        <valenceUnit GF="Dep" PT="AVP" FE="Response_action" />
        <annoSet ID="626050" />
      </pattern>
      <pattern total="4">
        <valenceUnit GF="Dep" PT="PP[with]" FE="Response_action" />
        <annoSet ID="626138" />
        <annoSet ID="626140" />
        <annoSet ID="626444" />
        <annoSet ID="626446" />
      </pattern>
      <pattern total="2">
        <valenceUnit GF="Dep" PT="PPing[by]" FE="Response_action" />
        <annoSet ID="626148" />
        <annoSet ID="626162" />
      </pattern>
      <pattern total="1">
        <valenceUnit GF="Dep" PT="VPing" FE="Response_action" />
        <annoSet ID="626302" />
      </pattern>
    </FERealization>
    <FERealization total="4">
      <FE name="Time" />
      <pattern total="1">
        <valenceUnit GF="Dep" PT="PP[on]" FE="Time" />
        <annoSet ID="626462" />
      </pattern>
      <pattern total="2">
        <valenceUnit GF="Dep" PT="AVP" FE="Time" />
        <annoSet ID="626482" />
        <annoSet ID="626486" />
      </pattern>
      <pattern total="1">
        <valenceUnit GF="Dep" PT="PP[as]" FE="Time" />
        <annoSet ID="626050" />
      </pattern>
      <pattern total="1">
        <valenceUnit GF="Dep" PT="Sub" FE="Time" />
        <annoSet ID="626486" />
      </pattern>
    </FERealization>
    <FEGroupRealization total="1">
      <FE name="Agent" />
      <FE name="Agent" />
      <FE name="Evaluee" />
      <FE name="Manner" />
      <FE name="Response_action" />
      <pattern total="1">
        <valenceUnit GF="Ext" PT="NP" FE="Agent" />
        <valenceUnit GF="Ext" PT="NP" FE="Agent" />
        <valenceUnit GF="Obj" PT="NP" FE="Evaluee" />
        <valenceUnit GF="Dep" PT="AVP" FE="Manner" />
        <valenceUnit GF="" PT="INI" FE="Response_action" />
        <annoSet ID="626380" />
      </pattern>
    </FEGroupRealization>
    <FEGroupRealization total="1">
      <FE name="Agent" />
      <FE name="Evaluee" />
      <FE name="Evaluee" />
      <FE name="Response_action" />
      <pattern total="1">
        <valenceUnit GF="" PT="CNI" FE="Agent" />
        <valenceUnit GF="Ext" PT="NP" FE="Evaluee" />
        <valenceUnit GF="Ext" PT="NP" FE="Evaluee" />
        <valenceUnit GF="Dep" PT="PP[by]" FE="Response_action" />
        <annoSet ID="626306" />
      </pattern>
    </FEGroupRealization>
    <FEGroupRealization total="3">
      <FE name="Agent" />
      <FE name="Evaluee" />
      <FE name="Manner" />
      <FE name="Reason" />
      <pattern total="1">
        <valenceUnit GF="" PT="CNI" FE="Agent" />
        <valenceUnit GF="Ext" PT="NP" FE="Evaluee" />
        <valenceUnit GF="Dep" PT="PP[in]" FE="Manner" />
        <valenceUnit GF="" PT="INI" FE="Reason" />
        <annoSet ID="626472" />
      </pattern>
      <pattern total="1">
        <valenceUnit GF="Ext" PT="NP" FE="Agent" />
        <valenceUnit GF="Dep" PT="NP" FE="Evaluee" />
        <valenceUnit GF="Dep" PT="PP[in]" FE="Manner" />
        <valenceUnit GF="" PT="2nd" FE="Reason" />
        <annoSet ID="626476" />
      </pattern>
      <pattern total="1">
        <valenceUnit GF="Ext" PT="NP" FE="Agent" />
        <valenceUnit GF="Obj" PT="NP" FE="Evaluee" />
        <valenceUnit GF="Dep" PT="AVP" FE="Manner" />
        <valenceUnit GF="" PT="DNI" FE="Reason" />
        <annoSet ID="6542524" />
      </pattern>
    </FEGroupRealization>
    <FEGroupRealization total="1">
      <FE name="Agent" />
      <FE name="Evaluee" />
      <FE name="Manner" />
      <FE name="Reason" />
      <FE name="Response_action" />
      <pattern total="1">
        <valenceUnit GF="" PT="CNI" FE="Agent" />
        <valenceUnit GF="Ext" PT="NP" FE="Evaluee" />
        <valenceUnit GF="Dep" PT="PP[with]" FE="Manner" />
        <valenceUnit GF="" PT="DNI" FE="Reason" />
        <valenceUnit GF="" PT="INI" FE="Response_action" />
        <annoSet ID="626366" />
      </pattern>
    </FEGroupRealization>
    <FEGroupRealization total="1">
      <FE name="Agent" />
      <FE name="Evaluee" />
      <FE name="Manner" />
      <FE name="Reason" />
      <FE name="Time" />
      <pattern total="1">
        <valenceUnit GF="" PT="2nd" FE="Agent" />
        <valenceUnit GF="Ext" PT="NP" FE="Evaluee" />
        <valenceUnit GF="Dep" PT="AVP" FE="Manner" />
        <valenceUnit GF="" PT="INI" FE="Reason" />
        <valenceUnit GF="Dep" PT="PP[on]" FE="Time" />
        <annoSet ID="626462" />
      </pattern>
    </FEGroupRealization>
    <FEGroupRealization total="4">
      <FE name="Agent" />
      <FE name="Evaluee" />
      <FE name="Means" />
      <FE name="Reason" />
      <pattern total="1">
        <valenceUnit GF="" PT="CNI" FE="Agent" />
        <valenceUnit GF="Ext" PT="NP" FE="Evaluee" />
        <valenceUnit GF="Dep" PT="PP[by]" FE="Means" />
        <valenceUnit GF="" PT="DNI" FE="Reason" />
        <annoSet ID="626418" />
      </pattern>
      <pattern total="1">
        <valenceUnit GF="" PT="INI" FE="Agent" />
        <valenceUnit GF="Ext" PT="NP" FE="Evaluee" />
        <valenceUnit GF="Dep" PT="AVP" FE="Means" />
        <valenceUnit GF="Dep" PT="Sub" FE="Reason" />
        <annoSet ID="626492" />
      </pattern>
      <pattern total="1">
        <valenceUnit GF="Ext" PT="NP" FE="Agent" />
        <valenceUnit GF="" PT="INI" FE="Evaluee" />
        <valenceUnit GF="Dep" PT="PPing[by]" FE="Means" />
        <valenceUnit GF="" PT="DNI" FE="Reason" />
        <annoSet ID="626480" />
      </pattern>
      <pattern total="1">
        <valenceUnit GF="Ext" PT="NP" FE="Agent" />
        <valenceUnit GF="Obj" PT="NP" FE="Evaluee" />
        <valenceUnit GF="Dep" PT="PPing[by]" FE="Means" />
        <valenceUnit GF="" PT="DNI" FE="Reason" />
        <annoSet ID="626478" />
      </pattern>
    </FEGroupRealization>
    <FEGroupRealization total="1">
      <FE name="Agent" />
      <FE name="Evaluee" />
      <FE name="Purpose" />
      <FE name="Reason" />
      <FE name="Response_action" />
      <pattern total="1">
        <valenceUnit GF="" PT="CNI" FE="Agent" />
        <valenceUnit GF="Ext" PT="NP" FE="Evaluee" />
        <valenceUnit GF="Dep" PT="AVP" FE="Purpose" />
        <valenceUnit GF="" PT="DNI" FE="Reason" />
        <valenceUnit GF="" PT="INI" FE="Response_action" />
        <annoSet ID="626346" />
      </pattern>
    </FEGroupRealization>
    <FEGroupRealization total="1">
      <FE name="Agent" />
      <FE name="Evaluee" />
      <FE name="Purpose" />
      <FE name="Response_action" />
      <pattern total="1">
        <valenceUnit GF="Ext" PT="NP" FE="Agent" />
        <valenceUnit GF="Obj" PT="NP" FE="Evaluee" />
        <valenceUnit GF="Dep" PT="PP[as]" FE="Purpose" />
        <valenceUnit GF="" PT="INI" FE="Response_action" />
        <annoSet ID="626196" />
      </pattern>
    </FEGroupRealization>
    <FEGroupRealization total="6">
      <FE name="Agent" />
      <FE name="Evaluee" />
      <FE name="Reason" />
      <pattern total="1">
        <valenceUnit GF="" PT="CNI" FE="Agent" />
        <valenceUnit GF="Ext" PT="NP" FE="Evaluee" />
        <valenceUnit GF="Dep" PT="PP[for]" FE="Reason" />
        <annoSet ID="626428" />
      </pattern>
      <pattern total="1">
        <valenceUnit GF="" PT="CNI" FE="Agent" />
        <valenceUnit GF="Obj" PT="NP" FE="Evaluee" />
        <valenceUnit GF="Dep" PT="Sub" FE="Reason" />
        <annoSet ID="6532454" />
      </pattern>
      <pattern total="1">
        <valenceUnit GF="" PT="DNI" FE="Agent" />
        <valenceUnit GF="Ext" PT="NP" FE="Evaluee" />
        <valenceUnit GF="Dep" PT="PPing[for]" FE="Reason" />
        <annoSet ID="626452" />
      </pattern>
      <pattern total="1">
        <valenceUnit GF="" PT="INI" FE="Agent" />
        <valenceUnit GF="Ext" PT="NP" FE="Evaluee" />
        <valenceUnit GF="Dep" PT="PP[for]" FE="Reason" />
        <annoSet ID="626438" />
      </pattern>
      <pattern total="1">
        <valenceUnit GF="Ext" PT="NP" FE="Agent" />
        <valenceUnit GF="" PT="CNI" FE="Evaluee" />
        <valenceUnit GF="Dep" PT="PPing[for]" FE="Reason" />
        <annoSet ID="626450" />
      </pattern>
      <pattern total="1">
        <valenceUnit GF="Dep" PT="PP[by]" FE="Agent" />
        <valenceUnit GF="Ext" PT="NP" FE="Evaluee" />
        <valenceUnit GF="" PT="DNI" FE="Reason" />
        <annoSet ID="626414" />
      </pattern>
    </FEGroupRealization>
    <FEGroupRealization total="11">
      <FE name="Agent" />
      <FE name="Evaluee" />
      <FE name="Reason" />
      <FE name="Response_action" />
      <pattern total="1">
        <valenceUnit GF="" PT="CNI" FE="Agent" />
        <valenceUnit GF="Obj" PT="NP" FE="Evaluee" />
        <valenceUnit GF="Dep" PT="PP[for]" FE="Reason" />
        <valenceUnit GF="" PT="INI" FE="Response_action" />
        <annoSet ID="626242" />
      </pattern>
      <pattern total="1">
        <valenceUnit GF="" PT="CNI" FE="Agent" />
        <valenceUnit GF="Dep" PT="PP[for]" FE="Evaluee" />
        <valenceUnit GF="Dep" PT="PP[for]" FE="Reason" />
        <valenceUnit GF="" PT="INI" FE="Response_action" />
        <annoSet ID="626066" />
      </pattern>
      <pattern total="1">
        <valenceUnit GF="Ext" PT="NP" FE="Agent" />
        <valenceUnit GF="Obj" PT="NP" FE="Evaluee" />
        <valenceUnit GF="" PT="2nd" FE="Reason" />
        <valenceUnit GF="" PT="INI" FE="Response_action" />
        <annoSet ID="626404" />
      </pattern>
      <pattern total="1">
        <valenceUnit GF="Ext" PT="NP" FE="Agent" />
        <valenceUnit GF="Obj" PT="NP" FE="Evaluee" />
        <valenceUnit GF="Dep" PT="PP[because of]" FE="Reason" />
        <valenceUnit GF="" PT="INI" FE="Response_action" />
        <annoSet ID="626198" />
      </pattern>
      <pattern total="4">
        <valenceUnit GF="Ext" PT="NP" FE="Agent" />
        <valenceUnit GF="Obj" PT="NP" FE="Evaluee" />
        <valenceUnit GF="Dep" PT="PP[for]" FE="Reason" />
        <valenceUnit GF="" PT="INI" FE="Response_action" />
        <annoSet ID="626088" />
        <annoSet ID="626090" />
        <annoSet ID="626094" />
        <annoSet ID="626120" />
      </pattern>
      <pattern total="2">
        <valenceUnit GF="Ext" PT="NP" FE="Agent" />
        <valenceUnit GF="Obj" PT="NP" FE="Evaluee" />
        <valenceUnit GF="Dep" PT="PPing[for]" FE="Reason" />
        <valenceUnit GF="" PT="INI" FE="Response_action" />
        <annoSet ID="626180" />
        <annoSet ID="626186" />
      </pattern>
      <pattern total="1">
        <valenceUnit GF="Dep" PT="PP[by]" FE="Agent" />
        <valenceUnit GF="Ext" PT="NP" FE="Evaluee" />
        <valenceUnit GF="Dep" PT="PPing[for]" FE="Reason" />
        <valenceUnit GF="" PT="INI" FE="Response_action" />
        <annoSet ID="626308" />
      </pattern>
    </FEGroupRealization>
    <FEGroupRealization total="1">
      <FE name="Agent" />
      <FE name="Evaluee" />
      <FE name="Reason" />
      <FE name="Time" />
      <pattern total="1">
        <valenceUnit GF="" PT="CNI" FE="Agent" />
        <valenceUnit GF="" PT="CNI" FE="Evaluee" />
        <valenceUnit GF="" PT="DNI" FE="Reason" />
        <valenceUnit GF="Dep" PT="AVP" FE="Time" />
        <annoSet ID="626482" />
      </pattern>
    </FEGroupRealization>
    <FEGroupRealization total="1">
      <FE name="Agent" />
      <FE name="Evaluee" />
      <FE name="Reason" />
      <FE name="Time" />
      <FE name="Time" />
      <pattern total="1">
        <valenceUnit GF="Ext" PT="NP" FE="Agent" />
        <valenceUnit GF="Dep" PT="AVP" FE="Evaluee" />
        <valenceUnit GF="" PT="DNI" FE="Reason" />
        <valenceUnit GF="Dep" PT="AVP" FE="Time" />
        <valenceUnit GF="Dep" PT="Sub" FE="Time" />
        <annoSet ID="626486" />
      </pattern>
    </FEGroupRealization>
    <FEGroupRealization total="8">
      <FE name="Agent" />
      <FE name="Evaluee" />
      <FE name="Response_action" />
      <pattern total="2">
        <valenceUnit GF="Ext" PT="NP" FE="Agent" />
        <valenceUnit GF="Obj" PT="NP" FE="Evaluee" />
        <valenceUnit GF="" PT="INI" FE="Response_action" />
        <annoSet ID="626252" />
        <annoSet ID="626290" />
      </pattern>
      <pattern total="1">
        <valenceUnit GF="Ext" PT="NP" FE="Agent" />
        <valenceUnit GF="Obj" PT="NP" FE="Evaluee" />
        <valenceUnit GF="Dep" PT="PP[by]" FE="Response_action" />
        <annoSet ID="626238" />
      </pattern>
      <pattern total="2">
        <valenceUnit GF="Ext" PT="NP" FE="Agent" />
        <valenceUnit GF="Obj" PT="NP" FE="Evaluee" />
        <valenceUnit GF="Dep" PT="PP[with]" FE="Response_action" />
        <annoSet ID="626138" />
        <annoSet ID="626140" />
      </pattern>
      <pattern total="2">
        <valenceUnit GF="Ext" PT="NP" FE="Agent" />
        <valenceUnit GF="Obj" PT="NP" FE="Evaluee" />
        <valenceUnit GF="Dep" PT="PPing[by]" FE="Response_action" />
        <annoSet ID="626148" />
        <annoSet ID="626162" />
      </pattern>
      <pattern total="1">
        <valenceUnit GF="Dep" PT="PP[by]" FE="Agent" />
        <valenceUnit GF="Ext" PT="NP" FE="Evaluee" />
        <valenceUnit GF="Dep" PT="VPing" FE="Response_action" />
        <annoSet ID="626302" />
      </pattern>
    </FEGroupRealization>
    <FEGroupRealization total="1">
      <FE name="Agent" />
      <FE name="Evaluee" />
      <FE name="Response_action" />
      <FE name="Time" />
      <pattern total="1">
        <valenceUnit GF="" PT="CNI" FE="Agent" />
        <valenceUnit GF="Ext" PT="NP" FE="Evaluee" />
        <valenceUnit GF="Dep" PT="AVP" FE="Response_action" />
        <valenceUnit GF="Dep" PT="PP[as]" FE="Time" />
        <annoSet ID="626050" />
      </pattern>
    </FEGroupRealization>
    <FEGroupRealization total="1">
      <FE name="Agent" />
      <FE name="Manner" />
      <FE name="Reason" />
      <FE name="Response_action" />
      <pattern total="1">
        <valenceUnit GF="Ext" PT="NP" FE="Agent" />
        <valenceUnit GF="Dep" PT="PPing[without]" FE="Manner" />
        <valenceUnit GF="Obj" PT="NP" FE="Reason" />
        <valenceUnit GF="" PT="INI" FE="Response_action" />
        <annoSet ID="626232" />
      </pattern>
    </FEGroupRealization>
    <FEGroupRealization total="1">
      <FE name="Agent" />
      <FE name="Purpose" />
      <FE name="Reason" />
      <pattern total="1">
        <valenceUnit GF="Ext" PT="NP" FE="Agent" />
        <valenceUnit GF="Dep" PT="VPto" FE="Purpose" />
        <valenceUnit GF="Dep" PT="Sub" FE="Reason" />
        <annoSet ID="626524" />
      </pattern>
    </FEGroupRealization>
    <FEGroupRealization total="3">
      <FE name="Agent" />
      <FE name="Reason" />
      <FE name="Response_action" />
      <pattern total="1">
        <valenceUnit GF="" PT="CNI" FE="Agent" />
        <valenceUnit GF="Ext" PT="NP" FE="Reason" />
        <valenceUnit GF="Dep" PT="PP[by]" FE="Response_action" />
        <annoSet ID="626314" />
      </pattern>
      <pattern total="2">
        <valenceUnit GF="Ext" PT="NP" FE="Agent" />
        <valenceUnit GF="Obj" PT="NP" FE="Reason" />
        <valenceUnit GF="" PT="INI" FE="Response_action" />
        <annoSet ID="626254" />
        <annoSet ID="626262" />
      </pattern>
    </FEGroupRealization>
    <FEGroupRealization total="1">
      <FE name="Evaluee" />
      <FE name="Manner" />
      <FE name="Reason" />
      <pattern total="1">
        <valenceUnit GF="Ext" PT="NP" FE="Evaluee" />
        <valenceUnit GF="Dep" PT="AVP" FE="Manner" />
        <valenceUnit GF="Dep" PT="PP[for]" FE="Reason" />
        <annoSet ID="626422" />
      </pattern>
    </FEGroupRealization>
    <FEGroupRealization total="1">
      <FE name="Evaluee" />
      <FE name="Manner" />
      <FE name="Response_action" />
      <pattern total="1">
        <valenceUnit GF="Ext" PT="NP" FE="Evaluee" />
        <valenceUnit GF="Dep" PT="AVP" FE="Manner" />
        <valenceUnit GF="Dep" PT="PP[with]" FE="Response_action" />
        <annoSet ID="626444" />
      </pattern>
    </FEGroupRealization>
    <FEGroupRealization total="1">
      <FE name="Evaluee" />
      <FE name="Means" />
      <FE name="Reason" />
      <pattern total="1">
        <valenceUnit GF="Ext" PT="NP" FE="Evaluee" />
        <valenceUnit GF="Dep" PT="PP[by]" FE="Means" />
        <valenceUnit GF="" PT="DNI" FE="Reason" />
        <annoSet ID="626416" />
      </pattern>
    </FEGroupRealization>
    <FEGroupRealization total="1">
      <FE name="Evaluee" />
      <FE name="Response_action" />
      <pattern total="1">
        <valenceUnit GF="Ext" PT="NP" FE="Evaluee" />
        <valenceUnit GF="Dep" PT="PP[with]" FE="Response_action" />
        <annoSet ID="626446" />
      </pattern>
    </FEGroupRealization>
  </valences>
  <subCorpus name="V-augmented">
    <sentence sentNo="0" ID="574131n">
      <text>The point is this : such such children were sent on mischievous and often malicious errands by the witch and punished with drops of the witch 's own blood . </text>
      <annotationSet cDate="08/08/2025 08:00:39 PST Fri" status="AUGMENTED" ID="0">
        <layer name="FE" rank="1">
          <label cBy="auto-aug" feID="1758" start="25" end="37" name="Evaluee" />
          <label cBy="auto-aug" feID="1769" start="118" end="153" name="Response_action" />
        </layer>
        <layer name="Target" rank="1">
          <label cBy="auto-aug" start="109" end="116" name="Target" />
        </layer>
      </annotationSet>
    </sentence>
    <sentence sentNo="0" ID="572995n">
      <text>The child will now be punished by the teacher . </text>
      <annotationSet cDate="08/08/2025 08:00:39 PST Fri" status="AUGMENTED" ID="0">
        <layer name="FE" rank="1">
          <label cBy="auto-aug" feID="1758" start="0" end="8" name="Evaluee" />
          <label cBy="auto-aug" feID="1766" start="31" end="44" name="Agent" />
        </layer>
        <layer name="Target" rank="1">
          <label cBy="auto-aug" start="22" end="29" name="Target" />
        </layer>
      </annotationSet>
    </sentence>
    <sentence sentNo="0" ID="574161n">
      <text>because they are learning are not punished in school , where memory is more important , or at the lower levels of organisation . </text>
      <annotationSet cDate="08/08/2025 08:00:39 PST Fri" status="AUGMENTED" ID="0">
        <layer name="FE" rank="1">
          <label cBy="auto-aug" feID="1761" start="0" end="24" name="Reason" />
          <label cBy="auto-aug" feID="1764" start="43" end="125" name="Place" />
        </layer>
        <layer name="Target" rank="1">
          <label cBy="auto-aug" start="34" end="41" name="Target" />
        </layer>
      </annotationSet>
    </sentence>
  </subCorpus>
</lexUnit>