<?xml version='1.0' encoding='UTF-8'?>
<lexUnit xmlns="http://framenet.icsi.berkeley.edu" xmlns:xsi="http://www.w3.org/2001/XMLSchema-instance" status="Finished_Initial" POS="V" name="give.v" ID="4344" frame="Giving" frameID="139" totalAnnotated="52" xsi:schemaLocation="../schema/lexUnit.xsd">
  <header>
    <corpus description="Texts from Nuclear Threat Initiative website, created by Center for Non-Proliferation Studies" name="NTI" ID="135">
      <document description="Libya Country 1" name="LibyaCountry1" ID="23477" />
      <document description="North Korea Nuclear Overview" name="NorthKorea_NuclearOverview" ID="23562" />
      <document description="WMD News 04/21/2006" name="WMDNews_042106" ID="23605" />
      <document description="North Korea Chemical Overview" name="NorthKorea_ChemicalOverview" ID="23611" />
      <document description="Syria Nuclear Overview" name="Syria_NuclearOverview" ID="23631" />
    </corpus>
    <corpus description="Miscellaneous" name="Miscellaneous" ID="175">
      <document description="TigerOfSanPedro" name="Tiger_Of_San_Pedro" ID="25343" />
    </corpus>
    <corpus description="AQUAINT Knowledge-Based Evaluation Texts" name="KBEval" ID="185">
      <document description="LCC-M" name="LCC-M" ID="23578" />
      <document description="MIT" name="MIT" ID="23580" />
    </corpus>
    <corpus description="American National Corpus Texts" name="ANC" ID="195">
      <document description="Slate magazine article: Entrepreneur as Madonna" name="EntrepreneurAsMadonna" ID="23646" />
      <document description="Berlitz History of Las Vegas" name="HistoryOfLasVegas" ID="23691" />
      <document description="Berlitz History of Greece" name="HistoryOfGreece" ID="23692" />
      <document description="Berlitz Where to Go in Hong Kong" name="WhereToHongKong" ID="23771" />
      <document description="Goodwill fund-raising letter" name="110CYL067" ID="23791" />
      <document description="Goodwill fund-raising letter" name="110CYL068" ID="23792" />
      <document description="Goodwill fund-raising letter" name="110CYL069" ID="23794" />
      <document description="Goodwill fund-raising letter" name="110CYL072" ID="23801" />
      <document description="Children's home fund-raising letter" name="112C-L013" ID="23811" />
    </corpus>
    <corpus description="LUCorpus-v0.3" name="LUCorpus-v0.3" ID="205">
      <document description="602CZL285-1" name="602CZL285-1" ID="23714" />
      <document description="enron-thread-159550" name="enron-thread-159550" ID="23724" />
      <document description="CNN_ENG_20030614_173123.4-NEW-1" name="CNN_ENG_20030614_173123.4-NEW-1" ID="23726" />
      <document description="sw2025-ms98-a-trans.ascii-1-NEW" name="sw2025-ms98-a-trans.ascii-1-NEW" ID="23731" />
    </corpus>
    <frame>
      <FE fgColor="FFFFFF" bgColor="9F79EE" type="Extra-Thematic" abbrev="cir" name="Circumstances" />
      <FE fgColor="FFFFFF" bgColor="A52A2A" type="Extra-Thematic" abbrev="dep" name="Depictive" />
      <FE fgColor="FFFFFF" bgColor="FF0000" type="Core" abbrev="Donor" name="Donor" />
      <FE fgColor="FFFFFF" bgColor="808080" type="Extra-Thematic" abbrev="Exp" name="Explanation" />
      <FE fgColor="FFFFFF" bgColor="2E8B57" type="Extra-Thematic" abbrev="Imp" name="Imposed_purpose" />
      <FE fgColor="FFFFFF" bgColor="FF69B4" type="Peripheral" abbrev="Man" name="Manner" />
      <FE fgColor="2E8B57" bgColor="A9A9A9" type="Peripheral" abbrev="Mns" name="Means" />
      <FE fgColor="000000" bgColor="7FFF00" type="Extra-Thematic" abbrev="" name="Period_of_iterations" />
      <FE fgColor="FFFFFF" bgColor="008000" type="Peripheral" abbrev="Place" name="Place" />
      <FE fgColor="FFFFFF" bgColor="800080" type="Peripheral" abbrev="Purp" name="Purpose" />
      <FE fgColor="FFFFFF" bgColor="0000FF" type="Core" abbrev="Rec" name="Recipient" />
      <FE fgColor="FFD700" bgColor="9400D3" type="Core" abbrev="Thm" name="Theme" />
      <FE fgColor="FFFFFF" bgColor="FFA500" type="Peripheral" abbrev="Time" name="Time" />
    </frame>
  </header>
  <definition>COD: freely transfer the possession of; cause to receive or have. </definition>
  <lexeme POS="V" name="give" />
  <valences>
    <FERealization total="52">
      <FE name="Donor" />
      <pattern total="12">
        <valenceUnit GF="" PT="CNI" FE="Donor" />
        <annoSet ID="1632831" />
        <annoSet ID="1632911" />
        <annoSet ID="1633169" />
        <annoSet ID="6534885" />
        <annoSet ID="6535345" />
        <annoSet ID="6536059" />
        <annoSet ID="6551439" />
        <annoSet ID="6556511" />
        <annoSet ID="6557101" />
        <annoSet ID="6557359" />
        <annoSet ID="6557634" />
        <annoSet ID="6559871" />
      </pattern>
      <pattern total="2">
        <valenceUnit GF="" PT="DNI" FE="Donor" />
        <annoSet ID="6521269" />
        <annoSet ID="6551369" />
      </pattern>
      <pattern total="37">
        <valenceUnit GF="Ext" PT="NP" FE="Donor" />
        <annoSet ID="1632405" />
        <annoSet ID="1632437" />
        <annoSet ID="1632439" />
        <annoSet ID="1632495" />
        <annoSet ID="1632499" />
        <annoSet ID="1632507" />
        <annoSet ID="1632549" />
        <annoSet ID="1632555" />
        <annoSet ID="1632613" />
        <annoSet ID="1632621" />
        <annoSet ID="1632629" />
        <annoSet ID="1632701" />
        <annoSet ID="1632765" />
        <annoSet ID="1632841" />
        <annoSet ID="1632975" />
        <annoSet ID="1633049" />
        <annoSet ID="1633301" />
        <annoSet ID="1633373" />
        <annoSet ID="6530615" />
        <annoSet ID="6532549" />
        <annoSet ID="6532552" />
        <annoSet ID="6532982" />
        <annoSet ID="6532984" />
        <annoSet ID="6533055" />
        <annoSet ID="6540130" />
        <annoSet ID="6541065" />
        <annoSet ID="6543311" />
        <annoSet ID="6543312" />
        <annoSet ID="6545067" />
        <annoSet ID="6547501" />
        <annoSet ID="6548457" />
        <annoSet ID="6551687" />
        <annoSet ID="6557671" />
        <annoSet ID="6561781" />
        <annoSet ID="6561901" />
        <annoSet ID="6646554" />
        <annoSet ID="6672950" />
      </pattern>
      <pattern total="1">
        <valenceUnit GF="Dep" PT="PP[by]" FE="Donor" />
        <annoSet ID="1632373" />
      </pattern>
    </FERealization>
    <FERealization total="3">
      <FE name="Manner" />
      <pattern total="3">
        <valenceUnit GF="Dep" PT="AVP" FE="Manner" />
        <annoSet ID="1632373" />
        <annoSet ID="1633373" />
        <annoSet ID="6557101" />
      </pattern>
    </FERealization>
    <FERealization total="4">
      <FE name="Purpose" />
      <pattern total="4">
        <valenceUnit GF="Dep" PT="VPto" FE="Purpose" />
        <annoSet ID="1632629" />
        <annoSet ID="1633169" />
        <annoSet ID="6543311" />
        <annoSet ID="6543312" />
      </pattern>
    </FERealization>
    <FERealization total="52">
      <FE name="Recipient" />
      <pattern total="16">
        <valenceUnit GF="Dep" PT="PP[to]" FE="Recipient" />
        <annoSet ID="1632437" />
        <annoSet ID="1632555" />
        <annoSet ID="1632621" />
        <annoSet ID="1632975" />
        <annoSet ID="1633049" />
        <annoSet ID="1633169" />
        <annoSet ID="1633301" />
        <annoSet ID="1633373" />
        <annoSet ID="6532549" />
        <annoSet ID="6532552" />
        <annoSet ID="6533055" />
        <annoSet ID="6556511" />
        <annoSet ID="6557101" />
        <annoSet ID="6557359" />
        <annoSet ID="6559871" />
        <annoSet ID="6561781" />
      </pattern>
      <pattern total="5">
        <valenceUnit GF="" PT="DNI" FE="Recipient" />
        <annoSet ID="1632373" />
        <annoSet ID="6535345" />
        <annoSet ID="6543311" />
        <annoSet ID="6543312" />
        <annoSet ID="6551369" />
      </pattern>
      <pattern total="2">
        <valenceUnit GF="" PT="INI" FE="Recipient" />
        <annoSet ID="6534885" />
        <annoSet ID="6561901" />
      </pattern>
      <pattern total="4">
        <valenceUnit GF="Ext" PT="NP" FE="Recipient" />
        <annoSet ID="1632831" />
        <annoSet ID="1632911" />
        <annoSet ID="6521269" />
        <annoSet ID="6557634" />
      </pattern>
      <pattern total="22">
        <valenceUnit GF="Obj" PT="NP" FE="Recipient" />
        <annoSet ID="1632405" />
        <annoSet ID="1632439" />
        <annoSet ID="1632495" />
        <annoSet ID="1632499" />
        <annoSet ID="1632507" />
        <annoSet ID="1632549" />
        <annoSet ID="1632613" />
        <annoSet ID="1632629" />
        <annoSet ID="1632701" />
        <annoSet ID="1632765" />
        <annoSet ID="1632841" />
        <annoSet ID="6532982" />
        <annoSet ID="6532984" />
        <annoSet ID="6536059" />
        <annoSet ID="6540130" />
        <annoSet ID="6545067" />
        <annoSet ID="6547501" />
        <annoSet ID="6548457" />
        <annoSet ID="6551439" />
        <annoSet ID="6551687" />
        <annoSet ID="6646554" />
        <annoSet ID="6672950" />
      </pattern>
      <pattern total="3">
        <valenceUnit GF="Dep" PT="NP" FE="Recipient" />
        <annoSet ID="6530615" />
        <annoSet ID="6541065" />
        <annoSet ID="6557671" />
      </pattern>
    </FERealization>
    <FERealization total="51">
      <FE name="Theme" />
      <pattern total="2">
        <valenceUnit GF="Ext" PT="NP" FE="Theme" />
        <annoSet ID="1632373" />
        <annoSet ID="1633169" />
      </pattern>
      <pattern total="26">
        <valenceUnit GF="Obj" PT="NP" FE="Theme" />
        <annoSet ID="1632437" />
        <annoSet ID="1632555" />
        <annoSet ID="1632621" />
        <annoSet ID="1632831" />
        <annoSet ID="1632911" />
        <annoSet ID="1632975" />
        <annoSet ID="1633049" />
        <annoSet ID="6521269" />
        <annoSet ID="6530615" />
        <annoSet ID="6532549" />
        <annoSet ID="6532552" />
        <annoSet ID="6533055" />
        <annoSet ID="6534885" />
        <annoSet ID="6535345" />
        <annoSet ID="6541065" />
        <annoSet ID="6543311" />
        <annoSet ID="6543312" />
        <annoSet ID="6551369" />
        <annoSet ID="6556511" />
        <annoSet ID="6557359" />
        <annoSet ID="6557634" />
        <annoSet ID="6557671" />
        <annoSet ID="6559871" />
        <annoSet ID="6561781" />
        <annoSet ID="6561901" />
        <annoSet ID="6672950" />
      </pattern>
      <pattern total="21">
        <valenceUnit GF="Dep" PT="NP" FE="Theme" />
        <annoSet ID="1632405" />
        <annoSet ID="1632439" />
        <annoSet ID="1632495" />
        <annoSet ID="1632499" />
        <annoSet ID="1632507" />
        <annoSet ID="1632549" />
        <annoSet ID="1632613" />
        <annoSet ID="1632629" />
        <annoSet ID="1632701" />
        <annoSet ID="1632765" />
        <annoSet ID="1632841" />
        <annoSet ID="6532982" />
        <annoSet ID="6532984" />
        <annoSet ID="6536059" />
        <annoSet ID="6540130" />
        <annoSet ID="6545067" />
        <annoSet ID="6547501" />
        <annoSet ID="6548457" />
        <annoSet ID="6551439" />
        <annoSet ID="6551687" />
        <annoSet ID="6646554" />
      </pattern>
      <pattern total="1">
        <valenceUnit GF="Dep" PT="PP[of]" FE="Theme" />
        <annoSet ID="1633373" />
      </pattern>
      <pattern total="1">
        <valenceUnit GF="" PT="INI" FE="Theme" />
        <annoSet ID="1633301" />
      </pattern>
    </FERealization>
    <FERealization total="8">
      <FE name="Time" />
      <pattern total="2">
        <valenceUnit GF="Dep" PT="NP" FE="Time" />
        <annoSet ID="6557101" />
        <annoSet ID="6557359" />
      </pattern>
      <pattern total="1">
        <valenceUnit GF="Dep" PT="PP[during]" FE="Time" />
        <annoSet ID="1632911" />
      </pattern>
      <pattern total="3">
        <valenceUnit GF="Dep" PT="AVP" FE="Time" />
        <annoSet ID="6530615" />
        <annoSet ID="6556511" />
        <annoSet ID="6559871" />
      </pattern>
      <pattern total="1">
        <valenceUnit GF="Dep" PT="PP[in]" FE="Time" />
        <annoSet ID="6521269" />
      </pattern>
      <pattern total="1">
        <valenceUnit GF="Dep" PT="Sinterrog" FE="Time" />
        <annoSet ID="1632701" />
      </pattern>
    </FERealization>
    <FEGroupRealization total="2">
      <FE name="Donor" />
      <FE name="Manner" />
      <FE name="Recipient" />
      <FE name="Theme" />
      <pattern total="1">
        <valenceUnit GF="Ext" PT="NP" FE="Donor" />
        <valenceUnit GF="Dep" PT="AVP" FE="Manner" />
        <valenceUnit GF="Dep" PT="PP[to]" FE="Recipient" />
        <valenceUnit GF="Dep" PT="PP[of]" FE="Theme" />
        <annoSet ID="1633373" />
      </pattern>
      <pattern total="1">
        <valenceUnit GF="Dep" PT="PP[by]" FE="Donor" />
        <valenceUnit GF="Dep" PT="AVP" FE="Manner" />
        <valenceUnit GF="" PT="DNI" FE="Recipient" />
        <valenceUnit GF="Ext" PT="NP" FE="Theme" />
        <annoSet ID="1632373" />
      </pattern>
    </FEGroupRealization>
    <FEGroupRealization total="1">
      <FE name="Donor" />
      <FE name="Manner" />
      <FE name="Recipient" />
      <FE name="Time" />
      <pattern total="1">
        <valenceUnit GF="" PT="CNI" FE="Donor" />
        <valenceUnit GF="Dep" PT="AVP" FE="Manner" />
        <valenceUnit GF="Dep" PT="PP[to]" FE="Recipient" />
        <valenceUnit GF="Dep" PT="NP" FE="Time" />
        <annoSet ID="6557101" />
      </pattern>
    </FEGroupRealization>
    <FEGroupRealization total="4">
      <FE name="Donor" />
      <FE name="Purpose" />
      <FE name="Recipient" />
      <FE name="Theme" />
      <pattern total="1">
        <valenceUnit GF="" PT="CNI" FE="Donor" />
        <valenceUnit GF="Dep" PT="VPto" FE="Purpose" />
        <valenceUnit GF="Dep" PT="PP[to]" FE="Recipient" />
        <valenceUnit GF="Ext" PT="NP" FE="Theme" />
        <annoSet ID="1633169" />
      </pattern>
      <pattern total="2">
        <valenceUnit GF="Ext" PT="NP" FE="Donor" />
        <valenceUnit GF="Dep" PT="VPto" FE="Purpose" />
        <valenceUnit GF="" PT="DNI" FE="Recipient" />
        <valenceUnit GF="Obj" PT="NP" FE="Theme" />
        <annoSet ID="6543311" />
        <annoSet ID="6543312" />
      </pattern>
      <pattern total="1">
        <valenceUnit GF="Ext" PT="NP" FE="Donor" />
        <valenceUnit GF="Dep" PT="VPto" FE="Purpose" />
        <valenceUnit GF="Obj" PT="NP" FE="Recipient" />
        <valenceUnit GF="Dep" PT="NP" FE="Theme" />
        <annoSet ID="1632629" />
      </pattern>
    </FEGroupRealization>
    <FEGroupRealization total="38">
      <FE name="Donor" />
      <FE name="Recipient" />
      <FE name="Theme" />
      <pattern total="1">
        <valenceUnit GF="" PT="CNI" FE="Donor" />
        <valenceUnit GF="" PT="DNI" FE="Recipient" />
        <valenceUnit GF="Obj" PT="NP" FE="Theme" />
        <annoSet ID="6535345" />
      </pattern>
      <pattern total="1">
        <valenceUnit GF="" PT="CNI" FE="Donor" />
        <valenceUnit GF="" PT="INI" FE="Recipient" />
        <valenceUnit GF="Obj" PT="NP" FE="Theme" />
        <annoSet ID="6534885" />
      </pattern>
      <pattern total="2">
        <valenceUnit GF="" PT="CNI" FE="Donor" />
        <valenceUnit GF="Ext" PT="NP" FE="Recipient" />
        <valenceUnit GF="Obj" PT="NP" FE="Theme" />
        <annoSet ID="1632831" />
        <annoSet ID="6557634" />
      </pattern>
      <pattern total="2">
        <valenceUnit GF="" PT="CNI" FE="Donor" />
        <valenceUnit GF="Obj" PT="NP" FE="Recipient" />
        <valenceUnit GF="Dep" PT="NP" FE="Theme" />
        <annoSet ID="6536059" />
        <annoSet ID="6551439" />
      </pattern>
      <pattern total="1">
        <valenceUnit GF="" PT="DNI" FE="Donor" />
        <valenceUnit GF="" PT="DNI" FE="Recipient" />
        <valenceUnit GF="Obj" PT="NP" FE="Theme" />
        <annoSet ID="6551369" />
      </pattern>
      <pattern total="1">
        <valenceUnit GF="Ext" PT="NP" FE="Donor" />
        <valenceUnit GF="" PT="INI" FE="Recipient" />
        <valenceUnit GF="Obj" PT="NP" FE="Theme" />
        <annoSet ID="6561901" />
      </pattern>
      <pattern total="2">
        <valenceUnit GF="Ext" PT="NP" FE="Donor" />
        <valenceUnit GF="Dep" PT="NP" FE="Recipient" />
        <valenceUnit GF="Obj" PT="NP" FE="Theme" />
        <annoSet ID="6541065" />
        <annoSet ID="6557671" />
      </pattern>
      <pattern total="17">
        <valenceUnit GF="Ext" PT="NP" FE="Donor" />
        <valenceUnit GF="Obj" PT="NP" FE="Recipient" />
        <valenceUnit GF="Dep" PT="NP" FE="Theme" />
        <annoSet ID="1632405" />
        <annoSet ID="1632439" />
        <annoSet ID="1632495" />
        <annoSet ID="1632499" />
        <annoSet ID="1632507" />
        <annoSet ID="1632549" />
        <annoSet ID="1632613" />
        <annoSet ID="1632765" />
        <annoSet ID="1632841" />
        <annoSet ID="6532982" />
        <annoSet ID="6532984" />
        <annoSet ID="6540130" />
        <annoSet ID="6545067" />
        <annoSet ID="6547501" />
        <annoSet ID="6548457" />
        <annoSet ID="6551687" />
        <annoSet ID="6646554" />
      </pattern>
      <pattern total="1">
        <valenceUnit GF="Ext" PT="NP" FE="Donor" />
        <valenceUnit GF="Obj" PT="NP" FE="Recipient" />
        <valenceUnit GF="Obj" PT="NP" FE="Theme" />
        <annoSet ID="6672950" />
      </pattern>
      <pattern total="1">
        <valenceUnit GF="Ext" PT="NP" FE="Donor" />
        <valenceUnit GF="Dep" PT="PP[to]" FE="Recipient" />
        <valenceUnit GF="" PT="INI" FE="Theme" />
        <annoSet ID="1633301" />
      </pattern>
      <pattern total="9">
        <valenceUnit GF="Ext" PT="NP" FE="Donor" />
        <valenceUnit GF="Dep" PT="PP[to]" FE="Recipient" />
        <valenceUnit GF="Obj" PT="NP" FE="Theme" />
        <annoSet ID="1632437" />
        <annoSet ID="1632555" />
        <annoSet ID="1632621" />
        <annoSet ID="1632975" />
        <annoSet ID="1633049" />
        <annoSet ID="6532549" />
        <annoSet ID="6532552" />
        <annoSet ID="6533055" />
        <annoSet ID="6561781" />
      </pattern>
    </FEGroupRealization>
    <FEGroupRealization total="7">
      <FE name="Donor" />
      <FE name="Recipient" />
      <FE name="Theme" />
      <FE name="Time" />
      <pattern total="1">
        <valenceUnit GF="" PT="CNI" FE="Donor" />
        <valenceUnit GF="Ext" PT="NP" FE="Recipient" />
        <valenceUnit GF="Obj" PT="NP" FE="Theme" />
        <valenceUnit GF="Dep" PT="PP[during]" FE="Time" />
        <annoSet ID="1632911" />
      </pattern>
      <pattern total="2">
        <valenceUnit GF="" PT="CNI" FE="Donor" />
        <valenceUnit GF="Dep" PT="PP[to]" FE="Recipient" />
        <valenceUnit GF="Obj" PT="NP" FE="Theme" />
        <valenceUnit GF="Dep" PT="AVP" FE="Time" />
        <annoSet ID="6556511" />
        <annoSet ID="6559871" />
      </pattern>
      <pattern total="1">
        <valenceUnit GF="" PT="CNI" FE="Donor" />
        <valenceUnit GF="Dep" PT="PP[to]" FE="Recipient" />
        <valenceUnit GF="Obj" PT="NP" FE="Theme" />
        <valenceUnit GF="Dep" PT="NP" FE="Time" />
        <annoSet ID="6557359" />
      </pattern>
      <pattern total="1">
        <valenceUnit GF="" PT="DNI" FE="Donor" />
        <valenceUnit GF="Ext" PT="NP" FE="Recipient" />
        <valenceUnit GF="Obj" PT="NP" FE="Theme" />
        <valenceUnit GF="Dep" PT="PP[in]" FE="Time" />
        <annoSet ID="6521269" />
      </pattern>
      <pattern total="1">
        <valenceUnit GF="Ext" PT="NP" FE="Donor" />
        <valenceUnit GF="Dep" PT="NP" FE="Recipient" />
        <valenceUnit GF="Obj" PT="NP" FE="Theme" />
        <valenceUnit GF="Dep" PT="AVP" FE="Time" />
        <annoSet ID="6530615" />
      </pattern>
      <pattern total="1">
        <valenceUnit GF="Ext" PT="NP" FE="Donor" />
        <valenceUnit GF="Obj" PT="NP" FE="Recipient" />
        <valenceUnit GF="Dep" PT="NP" FE="Theme" />
        <valenceUnit GF="Dep" PT="Sinterrog" FE="Time" />
        <annoSet ID="1632701" />
      </pattern>
    </FEGroupRealization>
  </valences>
  <subCorpus name="V-augmented">
    <sentence sentNo="0" ID="1090081n">
      <text>Such was the quality of quality gave this year ( realising £6,000 more than last year ) that pricing has become an ever-increasing responsibility . </text>
      <annotationSet cDate="08/08/2025 07:58:01 PST Fri" status="AUGMENTED" ID="0">
        <layer name="FE" rank="1">
          <label cBy="auto-aug" feID="1054" start="24" end="30" name="Theme" />
          <label cBy="auto-aug" feID="1682" start="37" end="45" name="Time" />
        </layer>
        <layer name="Target" rank="1">
          <label cBy="auto-aug" start="32" end="35" name="Target" />
        </layer>
      </annotationSet>
    </sentence>
    <sentence sentNo="0" ID="1090308n">
      <text>Before he died my father set up a trust to give his family . </text>
      <annotationSet cDate="08/08/2025 07:58:01 PST Fri" status="AUGMENTED" ID="0">
        <layer name="FE" rank="1">
          <label cBy="auto-aug" feID="1052" start="15" end="23" name="Donor" />
          <label cBy="auto-aug" feID="1053" start="48" end="57" name="Recipient" />
        </layer>
        <layer name="Target" rank="1">
          <label cBy="auto-aug" start="43" end="46" name="Target" />
        </layer>
      </annotationSet>
    </sentence>
    <sentence sentNo="0" ID="1500476n">
      <text>In the period between the writing of The German Ideology and Capital , Marx made a living in great part by giving talks to his friends .</text>
      <annotationSet cDate="08/08/2025 07:58:01 PST Fri" status="AUGMENTED" ID="0">
        <layer name="FE" rank="1">
          <label cBy="auto-aug" feID="13069" start="0" end="67" name="Period_of_iterations" />
          <label cBy="auto-aug" feID="1052" start="71" end="74" name="Donor" />
          <label cBy="auto-aug" feID="1054" start="114" end="118" name="Theme" />
          <label cBy="auto-aug" feID="1053" start="120" end="133" name="Recipient" />
        </layer>
        <layer name="Target" rank="1">
          <label cBy="auto-aug" start="107" end="112" name="Target" />
        </layer>
      </annotationSet>
    </sentence>
    <sentence sentNo="0" ID="1239562n">
      <text>the book was given by his teacher .</text>
      <annotationSet cDate="08/08/2025 07:58:01 PST Fri" status="AUGMENTED" ID="0">
        <layer name="FE" rank="1">
          <label cBy="auto-aug" feID="1054" start="0" end="7" name="Theme" />
          <label cBy="auto-aug" feID="1052" start="19" end="32" name="Donor" />
        </layer>
        <layer name="Target" rank="1">
          <label cBy="auto-aug" start="13" end="17" name="Target" />
        </layer>
      </annotationSet>
    </sentence>
    <sentence sentNo="0" ID="1500478n">
      <text>A graduate in sociology and education at Florence University , she has for many years gave her insights to various outlets and currently writes a monthly survey on television for the journal Confronti .</text>
      <annotationSet cDate="08/08/2025 07:58:01 PST Fri" status="AUGMENTED" ID="0">
        <layer name="FE" rank="1">
          <label cBy="auto-aug" feID="1052" start="63" end="65" name="Donor" />
          <label cBy="auto-aug" feID="13069" start="71" end="84" name="Period_of_iterations" />
          <label cBy="auto-aug" feID="1054" start="91" end="102" name="Theme" />
          <label cBy="auto-aug" feID="1053" start="104" end="121" name="Recipient" />
        </layer>
        <layer name="Target" rank="1">
          <label cBy="auto-aug" start="86" end="89" name="Target" />
        </layer>
      </annotationSet>
    </sentence>
    <sentence sentNo="0" ID="851583n">
      <text>We sang all the most common songs and our Christmas carol of our own , which we wrote the words to and illustrated our own a book of stories to give it to our friends . </text>
      <annotationSet cDate="08/08/2025 07:58:01 PST Fri" status="AUGMENTED" ID="0">
        <layer name="FE" rank="1">
          <label cBy="auto-aug" feID="1054" start="123" end="139" name="Theme" />
          <label cBy="auto-aug" feID="1053" start="149" end="165" name="Recipient" />
        </layer>
        <layer name="Target" rank="1">
          <label cBy="auto-aug" start="144" end="147" name="Target" />
        </layer>
      </annotationSet>
    </sentence>
    <sentence sentNo="0" ID="1346361n">
      <text>Seeing that Teclis could not be dissuaded , the High Loremaster gave Teclis the book .</text>
      <annotationSet cDate="08/08/2025 07:58:01 PST Fri" status="AUGMENTED" ID="0">
        <layer name="FE" rank="1">
          <label cBy="auto-aug" feID="1681" start="0" end="40" name="Explanation" />
          <label cBy="auto-aug" feID="1052" start="44" end="62" name="Donor" />
          <label cBy="auto-aug" feID="1053" start="69" end="74" name="Recipient" />
          <label cBy="auto-aug" feID="1054" start="76" end="83" name="Theme" />
        </layer>
        <layer name="Target" rank="1">
          <label cBy="auto-aug" start="64" end="67" name="Target" />
        </layer>
      </annotationSet>
    </sentence>
    <sentence sentNo="0" ID="4149095n">
      <text>Widowed four years ago , she lives off her husband’s life insurance given by her family .</text>
      <annotationSet cDate="08/08/2025 07:58:01 PST Fri" status="AUGMENTED" ID="0">
        <layer name="FE" rank="1">
          <label cBy="auto-aug" feID="1054" start="39" end="66" name="Theme" />
          <label cBy="auto-aug" feID="1052" start="74" end="86" name="Donor" />
        </layer>
        <layer name="Target" rank="1">
          <label cBy="auto-aug" start="68" end="72" name="Target" />
        </layer>
      </annotationSet>
    </sentence>
    <sentence sentNo="0" ID="1090301n">
      <text>Prominent amongst them is Peter Nevill who built Riston Grange and gave his support . </text>
      <annotationSet cDate="08/08/2025 07:58:01 PST Fri" status="AUGMENTED" ID="0">
        <layer name="FE" rank="1">
          <label cBy="auto-aug" feID="1052" start="26" end="37" name="Donor" />
          <label cBy="auto-aug" feID="1052" start="39" end="41" name="Donor" />
          <label cBy="auto-aug" feID="1053" start="72" end="82" name="Recipient" />
        </layer>
        <layer name="Target" rank="1">
          <label cBy="auto-aug" start="67" end="70" name="Target" />
        </layer>
      </annotationSet>
    </sentence>
    <sentence sentNo="0" ID="852985n">
      <text>Belinda took a step towards the kitchen , but the older woman who had gave the box offered quickly , ` I 'll get it , Faye . " </text>
      <annotationSet cDate="08/08/2025 07:58:01 PST Fri" status="AUGMENTED" ID="0">
        <layer name="FE" rank="1">
          <label cBy="auto-aug" feID="1052" start="46" end="60" name="Donor" />
          <label cBy="auto-aug" feID="1052" start="62" end="64" name="Donor" />
          <label cBy="auto-aug" feID="1054" start="75" end="81" name="Theme" />
        </layer>
        <layer name="Target" rank="1">
          <label cBy="auto-aug" start="70" end="73" name="Target" />
        </layer>
      </annotationSet>
    </sentence>
    <sentence sentNo="0" ID="852976n">
      <text>A dissident intellectual giving a speech at a factory gate reminds him of a nervous child offering a sugar lump to a large horse . </text>
      <annotationSet cDate="08/08/2025 07:58:01 PST Fri" status="AUGMENTED" ID="0">
        <layer name="FE" rank="1">
          <label cBy="auto-aug" feID="1052" start="0" end="23" name="Donor" />
          <label cBy="auto-aug" feID="1054" start="32" end="39" name="Theme" />
          <label cBy="auto-aug" feID="1680" start="41" end="57" name="Place" />
        </layer>
        <layer name="Target" rank="1">
          <label cBy="auto-aug" start="25" end="30" name="Target" />
        </layer>
      </annotationSet>
    </sentence>
    <sentence sentNo="0" ID="852101n">
      <text>When the Haskins arrived at Buckingham Palace they followed a throng of bemedalled men and tiara 'd ladies through to the state dining room where a footman gave a splendid meal to the guests . </text>
      <annotationSet cDate="08/08/2025 07:58:01 PST Fri" status="AUGMENTED" ID="0">
        <layer name="FE" rank="1">
          <label cBy="auto-aug" feID="1052" start="146" end="154" name="Donor" />
          <label cBy="auto-aug" feID="1054" start="161" end="175" name="Theme" />
          <label cBy="auto-aug" feID="1053" start="177" end="189" name="Recipient" />
        </layer>
        <layer name="Target" rank="1">
          <label cBy="auto-aug" start="156" end="159" name="Target" />
        </layer>
      </annotationSet>
    </sentence>
    <sentence sentNo="0" ID="4149003n">
      <text>Now let's presume that you 've got a couple of children and on the death of the first of you , you give the first child the second child and the rest to your surviving spouse .</text>
      <annotationSet cDate="08/08/2025 07:58:01 PST Fri" status="AUGMENTED" ID="0">
        <layer name="FE" rank="1">
          <label cBy="auto-aug" feID="1052" start="23" end="25" name="Donor" />
          <label cBy="auto-aug" feID="1054" start="104" end="118" name="Theme" />
          <label cBy="auto-aug" feID="1053" start="120" end="135" name="Recipient" />
        </layer>
        <layer name="Target" rank="1">
          <label cBy="auto-aug" start="99" end="102" name="Target" />
        </layer>
      </annotationSet>
    </sentence>
    <sentence sentNo="0" ID="851616n">
      <text>gifts were given and ordered for volunteers . </text>
      <annotationSet cDate="08/08/2025 07:58:01 PST Fri" status="AUGMENTED" ID="0">
        <layer name="FE" rank="1">
          <label cBy="auto-aug" feID="1054" start="0" end="4" name="Theme" />
        </layer>
        <layer name="Target" rank="1">
          <label cBy="auto-aug" start="11" end="15" name="Target" />
        </layer>
      </annotationSet>
    </sentence>
    <sentence sentNo="0" ID="846471n">
      <text>It must be a terrible drag having a present given to you like this -- a real busman 's holiday . " </text>
      <annotationSet cDate="08/08/2025 07:58:01 PST Fri" status="AUGMENTED" ID="0">
        <layer name="FE" rank="1">
          <label cBy="auto-aug" feID="1054" start="34" end="42" name="Theme" />
          <label cBy="auto-aug" feID="1053" start="50" end="55" name="Recipient" />
        </layer>
        <layer name="Target" rank="1">
          <label cBy="auto-aug" start="44" end="48" name="Target" />
        </layer>
      </annotationSet>
    </sentence>
    <sentence sentNo="0" ID="851692n">
      <text>ASUTRAMES gave the presentation , explaining what the government was trying to do with those " elections " . </text>
      <annotationSet cDate="08/08/2025 07:58:01 PST Fri" status="AUGMENTED" ID="0">
        <layer name="FE" rank="1">
          <label cBy="auto-aug" feID="1052" start="0" end="8" name="Donor" />
          <label cBy="auto-aug" feID="1054" start="15" end="30" name="Theme" />
        </layer>
        <layer name="Target" rank="1">
          <label cBy="auto-aug" start="10" end="13" name="Target" />
        </layer>
      </annotationSet>
    </sentence>
    <sentence sentNo="0" ID="1090487n">
      <text>Minton must have recognised its truth for he given his daughter in his will to her . </text>
      <annotationSet cDate="08/08/2025 07:58:01 PST Fri" status="AUGMENTED" ID="0">
        <layer name="FE" rank="1">
          <label cBy="auto-aug" feID="1052" start="42" end="43" name="Donor" />
          <label cBy="auto-aug" feID="1054" start="51" end="62" name="Theme" />
          <label cBy="auto-aug" feID="1732" start="64" end="74" name="Means" />
          <label cBy="auto-aug" feID="1053" start="76" end="81" name="Recipient" />
        </layer>
        <layer name="Target" rank="1">
          <label cBy="auto-aug" start="45" end="49" name="Target" />
        </layer>
      </annotationSet>
    </sentence>
    <sentence sentNo="0" ID="1277774n">
      <text>Even the old Kelly agency would n't give her the money  .</text>
      <annotationSet cDate="08/08/2025 07:58:01 PST Fri" status="AUGMENTED" ID="0">
        <layer name="FE" rank="1">
          <label cBy="auto-aug" feID="1052" start="5" end="24" name="Donor" />
          <label cBy="auto-aug" feID="1054" start="41" end="53" name="Theme" />
          <label cBy="auto-aug" feID="1053" start="55" end="54" name="Recipient" />
        </layer>
        <layer name="Target" rank="1">
          <label cBy="auto-aug" start="36" end="39" name="Target" />
        </layer>
      </annotationSet>
    </sentence>
    <sentence sentNo="0" ID="1346365n">
      <text>Lady Weighall was also responsible for laying out Jubilee Park , opposite Petwood , and later giving a donation to the community .</text>
      <annotationSet cDate="08/08/2025 07:58:01 PST Fri" status="AUGMENTED" ID="0">
        <layer name="FE" rank="1">
          <label cBy="auto-aug" feID="1052" start="0" end="12" name="Donor" />
          <label cBy="auto-aug" feID="1682" start="88" end="92" name="Time" />
          <label cBy="auto-aug" feID="1054" start="101" end="110" name="Theme" />
          <label cBy="auto-aug" feID="1053" start="112" end="127" name="Recipient" />
        </layer>
        <layer name="Target" rank="1">
          <label cBy="auto-aug" start="94" end="99" name="Target" />
        </layer>
      </annotationSet>
    </sentence>
    <sentence sentNo="0" ID="851675n">
      <text>Most entertainers give performances . </text>
      <annotationSet cDate="08/08/2025 07:58:01 PST Fri" status="AUGMENTED" ID="0">
        <layer name="FE" rank="1">
          <label cBy="auto-aug" feID="1052" start="0" end="16" name="Donor" />
          <label cBy="auto-aug" feID="1054" start="23" end="34" name="Theme" />
        </layer>
        <layer name="Target" rank="1">
          <label cBy="auto-aug" start="18" end="21" name="Target" />
        </layer>
      </annotationSet>
    </sentence>
    <sentence sentNo="0" ID="851643n">
      <text>The no-singing rule on schoolbuses was abandoned ; the students were given ; a pirate boarded ship . </text>
      <annotationSet cDate="08/08/2025 07:58:01 PST Fri" status="AUGMENTED" ID="0">
        <layer name="FE" rank="1">
          <label cBy="auto-aug" feID="1054" start="51" end="62" name="Theme" />
        </layer>
        <layer name="Target" rank="1">
          <label cBy="auto-aug" start="69" end="73" name="Target" />
        </layer>
      </annotationSet>
    </sentence>
    <sentence sentNo="0" ID="4149060n">
      <text>This blue volume opened with an enlargement , a full page uncharacteristically given over to a single picture , which he had taken himself , with the picture to him had been given by his friend  .</text>
      <annotationSet cDate="08/08/2025 07:58:01 PST Fri" status="AUGMENTED" ID="0">
        <layer name="FE" rank="1">
          <label cBy="auto-aug" feID="1054" start="146" end="156" name="Theme" />
          <label cBy="auto-aug" feID="1054" start="158" end="163" name="Theme" />
          <label cBy="auto-aug" feID="1053" start="180" end="192" name="Recipient" />
          <label cBy="auto-aug" feID="1052" start="194" end="193" name="Donor" />
        </layer>
        <layer name="Target" rank="1">
          <label cBy="auto-aug" start="79" end="83" name="Target" />
        </layer>
      </annotationSet>
    </sentence>
    <sentence sentNo="0" ID="1090084n">
      <text>Although donors may be asked to give their bone marrow, the bone marrow is still taken as stated before and the collected marrow sent to the patient . </text>
      <annotationSet cDate="08/08/2025 07:58:01 PST Fri" status="AUGMENTED" ID="0">
        <layer name="FE" rank="1">
          <label cBy="auto-aug" feID="1052" start="9" end="14" name="Donor" />
          <label cBy="auto-aug" feID="1053" start="37" end="54" name="Recipient" />
        </layer>
        <layer name="Target" rank="1">
          <label cBy="auto-aug" start="32" end="35" name="Target" />
        </layer>
      </annotationSet>
    </sentence>
    <sentence sentNo="0" ID="1199441n">
      <text>Here even window shopping is a pleasure if you ca n't afford to give a gift , or you can hunt out a less extravagant purchase amongst the cities ' colourful markets and larger department stores .</text>
      <annotationSet cDate="08/08/2025 07:58:01 PST Fri" status="AUGMENTED" ID="0">
        <layer name="FE" rank="1">
          <label cBy="auto-aug" feID="1052" start="43" end="45" name="Donor" />
          <label cBy="auto-aug" feID="1053" start="69" end="74" name="Recipient" />
        </layer>
        <layer name="Target" rank="1">
          <label cBy="auto-aug" start="64" end="67" name="Target" />
        </layer>
      </annotationSet>
    </sentence>
    <sentence sentNo="0" ID="1090082n">
      <text>Once there , I saw that Gina 's sister Juliette had organized food and drink for the bands , food and drink mostly gave for free . </text>
      <annotationSet cDate="08/08/2025 07:58:01 PST Fri" status="AUGMENTED" ID="0">
        <layer name="FE" rank="1">
          <label cBy="auto-aug" feID="1054" start="93" end="106" name="Theme" />
          <label cBy="auto-aug" feID="3564" start="120" end="127" name="Circumstances" />
        </layer>
        <layer name="Target" rank="1">
          <label cBy="auto-aug" start="115" end="118" name="Target" />
        </layer>
      </annotationSet>
    </sentence>
    <sentence sentNo="0" ID="1199484n">
      <text>give her the book  .</text>
      <annotationSet cDate="08/08/2025 07:58:01 PST Fri" status="AUGMENTED" ID="0">
        <layer name="FE" rank="1">
          <label cBy="auto-aug" feID="1053" start="5" end="16" name="Recipient" />
          <label cBy="auto-aug" feID="1054" start="18" end="17" name="Theme" />
        </layer>
        <layer name="Target" rank="1">
          <label cBy="auto-aug" start="0" end="3" name="Target" />
        </layer>
      </annotationSet>
    </sentence>
    <sentence sentNo="0" ID="1243224n">
      <text>They given them to the committee and the replies are already flooding in !</text>
      <annotationSet cDate="08/08/2025 07:58:01 PST Fri" status="AUGMENTED" ID="0">
        <layer name="FE" rank="1">
          <label cBy="auto-aug" feID="1052" start="0" end="3" name="Donor" />
          <label cBy="auto-aug" feID="1054" start="11" end="14" name="Theme" />
          <label cBy="auto-aug" feID="1053" start="16" end="31" name="Recipient" />
        </layer>
        <layer name="Target" rank="1">
          <label cBy="auto-aug" start="5" end="9" name="Target" />
        </layer>
      </annotationSet>
    </sentence>
    <sentence sentNo="0" ID="1243429n">
      <text>Does she procrastinate , lose things or fail to give the report in to her manager ?</text>
      <annotationSet cDate="08/08/2025 07:58:01 PST Fri" status="AUGMENTED" ID="0">
        <layer name="FE" rank="1">
          <label cBy="auto-aug" feID="1052" start="5" end="7" name="Donor" />
          <label cBy="auto-aug" feID="1054" start="53" end="62" name="Theme" />
          <label cBy="auto-aug" feID="1053" start="67" end="80" name="Recipient" />
        </layer>
        <layer name="Target" rank="1">
          <label cBy="auto-aug" start="48" end="51" name="Target" />
        </layer>
      </annotationSet>
    </sentence>
    <sentence sentNo="0" ID="1500560n">
      <text>He also gave a gift .</text>
      <annotationSet cDate="08/08/2025 07:58:01 PST Fri" status="AUGMENTED" ID="0">
        <layer name="FE" rank="1">
          <label cBy="auto-aug" feID="1052" start="0" end="1" name="Donor" />
          <label cBy="auto-aug" feID="1054" start="13" end="18" name="Theme" />
        </layer>
        <layer name="Target" rank="1">
          <label cBy="auto-aug" start="8" end="11" name="Target" />
        </layer>
      </annotationSet>
    </sentence>
    <sentence sentNo="0" ID="1199453n">
      <text>And to make up for it I 'll give you a gift  . "</text>
      <annotationSet cDate="08/08/2025 07:58:01 PST Fri" status="AUGMENTED" ID="0">
        <layer name="FE" rank="1">
          <label cBy="auto-aug" feID="1052" start="22" end="22" name="Donor" />
          <label cBy="auto-aug" feID="1053" start="33" end="42" name="Recipient" />
          <label cBy="auto-aug" feID="1054" start="44" end="43" name="Theme" />
        </layer>
        <layer name="Target" rank="1">
          <label cBy="auto-aug" start="28" end="31" name="Target" />
        </layer>
      </annotationSet>
    </sentence>
    <sentence sentNo="0" ID="1199461n">
      <text>give the gift to him</text>
      <annotationSet cDate="08/08/2025 07:58:01 PST Fri" status="AUGMENTED" ID="0">
        <layer name="FE" rank="1">
          <label cBy="auto-aug" feID="1053" start="5" end="12" name="Recipient" />
          <label cBy="auto-aug" feID="1054" start="14" end="19" name="Theme" />
        </layer>
        <layer name="Target" rank="1">
          <label cBy="auto-aug" start="0" end="3" name="Target" />
        </layer>
      </annotationSet>
    </sentence>
    <sentence sentNo="0" ID="1243431n">
      <text>The next day , there 's an advert in the paper -- that she 'd found a black and white dog and given the dog in her friend .</text>
      <annotationSet cDate="08/08/2025 07:58:01 PST Fri" status="AUGMENTED" ID="0">
        <layer name="FE" rank="1">
          <label cBy="auto-aug" feID="1052" start="55" end="57" name="Donor" />
          <label cBy="auto-aug" feID="1054" start="100" end="106" name="Theme" />
          <label cBy="auto-aug" feID="1053" start="111" end="120" name="Recipient" />
        </layer>
        <layer name="Target" rank="1">
          <label cBy="auto-aug" start="94" end="98" name="Target" />
        </layer>
      </annotationSet>
    </sentence>
    <sentence sentNo="0" ID="1090087n">
      <text>And they netted £10,000 from generous customers who believed they were giving them . </text>
      <annotationSet cDate="08/08/2025 07:58:01 PST Fri" status="AUGMENTED" ID="0">
        <layer name="FE" rank="1">
          <label cBy="auto-aug" feID="1052" start="4" end="7" name="Donor" />
          <label cBy="auto-aug" feID="1053" start="78" end="81" name="Recipient" />
        </layer>
        <layer name="Target" rank="1">
          <label cBy="auto-aug" start="71" end="76" name="Target" />
        </layer>
      </annotationSet>
    </sentence>
    <sentence sentNo="0" ID="4148950n">
      <text>Even Dorothea Shottery had the comfort of the gift given by her parents , even Dorothea who has contributed nothing to life , has a married name and her freedom .</text>
      <annotationSet cDate="08/08/2025 07:58:01 PST Fri" status="AUGMENTED" ID="0">
        <layer name="FE" rank="1">
          <label cBy="auto-aug" feID="1054" start="42" end="49" name="Theme" />
          <label cBy="auto-aug" feID="1052" start="57" end="70" name="Donor" />
        </layer>
        <layer name="Target" rank="1">
          <label cBy="auto-aug" start="51" end="55" name="Target" />
        </layer>
      </annotationSet>
    </sentence>
    <sentence sentNo="0" ID="1090441n">
      <text>Next to it , is a donation gave a generous neighbor to pay for the upkeep of the well . </text>
      <annotationSet cDate="08/08/2025 07:58:01 PST Fri" status="AUGMENTED" ID="0">
        <layer name="FE" rank="1">
          <label cBy="auto-aug" feID="1054" start="16" end="25" name="Theme" />
          <label cBy="auto-aug" feID="1052" start="32" end="50" name="Donor" />
          <label cBy="auto-aug" feID="1719" start="52" end="84" name="Purpose" />
        </layer>
        <layer name="Target" rank="1">
          <label cBy="auto-aug" start="27" end="30" name="Target" />
        </layer>
      </annotationSet>
    </sentence>
  </subCorpus>
</lexUnit>