<?xml version='1.0' encoding='UTF-8'?>
<lexUnit xmlns="http://framenet.icsi.berkeley.edu" xmlns:xsi="http://www.w3.org/2001/XMLSchema-instance" status="Finished_Initial" POS="V" name="keep.v" ID="4347" frame="Activity_ongoing" frameID="164" totalAnnotated="25" xsi:schemaLocation="../schema/lexUnit.xsd">
  <header>
    <corpus description="BNC2" name="BNC2" ID="111">
      <document description="bncp" name="bncp" ID="421" />
    </corpus>
    <corpus description="Wall Street Journal Texts from the PropBank Project" name="PropBank" ID="115">
      <document description="Loma Prieta" name="LomaPrieta" ID="23013" />
    </corpus>
    <corpus description="AQUAINT Knowledge-Based Evaluation Texts" name="KBEval" ID="185">
      <document description="lcch" name="lcch" ID="23574" />
      <document description="Stanford" name="Stanford" ID="23576" />
    </corpus>
    <corpus description="American National Corpus Texts" name="ANC" ID="195">
      <document description="Slate magazine article: Stephanopoulos Crimes" name="StephanopoulosCrimes" ID="23642" />
      <document description="Berlitz History of Las Vegas" name="HistoryOfLasVegas" ID="23691" />
      <document description="Berlitz History of Greece" name="HistoryOfGreece" ID="23692" />
      <document description="Berlitz Where to Go in Hong Kong" name="WhereToHongKong" ID="23771" />
      <document description="Goodwill fund-raising letter" name="110CYL069" ID="23794" />
      <document description="Goodwill fund-raising letter" name="110CYL200" ID="23803" />
    </corpus>
    <corpus description="LUCorpus-v0.3" name="LUCorpus-v0.3" ID="205">
      <document description="sw2025-ms98-a-trans.ascii-1-NEW" name="sw2025-ms98-a-trans.ascii-1-NEW" ID="23731" />
      <document description="AFGP-2002-600002-Trans" name="AFGP-2002-600002-Trans" ID="23736" />
    </corpus>
    <frame>
      <FE fgColor="FFFFFF" bgColor="0000FF" type="Core" abbrev="Activity" name="Activity" />
      <FE fgColor="FFFFFF" bgColor="FF0000" type="Core" abbrev="Agent" name="Agent" />
      <FE fgColor="000000" bgColor="d0d0d0" type="Extra-Thematic" abbrev="" name="Circumstances" />
      <FE fgColor="FFFFFF" bgColor="00008B" type="Extra-Thematic" abbrev="Co-t" name="Co-timed_event" />
      <FE fgColor="FFFFFF" bgColor="9400D3" type="Extra-Thematic" abbrev="Depict" name="Depictive" />
      <FE fgColor="FFFFFF" bgColor="006400" type="Core" abbrev="Dur" name="Duration" />
      <FE fgColor="000000" bgColor="EEE8AA" type="Extra-Thematic" abbrev="" name="Event_description" />
      <FE fgColor="FFFFFF" bgColor="90876C" type="Extra-Thematic" abbrev="" name="Explanation" />
      <FE fgColor="FFFFFF" bgColor="FF00FF" type="Peripheral" abbrev="Manr" name="Manner" />
      <FE fgColor="FFFFFF" bgColor="A52A2A" type="Peripheral" abbrev="Mns" name="Means" />
      <FE fgColor="FFFFFF" bgColor="008000" type="Peripheral" abbrev="Place" name="Place" />
      <FE fgColor="FFFFFF" bgColor="800080" type="Extra-Thematic" abbrev="Purp" name="Purpose" />
      <FE fgColor="FFFFFF" bgColor="FFA500" type="Peripheral" abbrev="Time" name="Time" />
    </frame>
  </header>
  <definition>COD: continue or cause to continue in a specified condition, position, or activity.</definition>
  <lexeme POS="V" name="keep" />
  <valences>
    <FERealization total="25">
      <FE name="Activity" />
      <pattern total="2">
        <valenceUnit GF="Dep" PT="AJP" FE="Activity" />
        <annoSet ID="6549500" />
        <annoSet ID="6562176" />
      </pattern>
      <pattern total="1">
        <valenceUnit GF="Ext" PT="NP" FE="Activity" />
        <annoSet ID="6551890" />
      </pattern>
      <pattern total="14">
        <valenceUnit GF="Dep" PT="VPing" FE="Activity" />
        <annoSet ID="2166883" />
        <annoSet ID="2166905" />
        <annoSet ID="2166957" />
        <annoSet ID="2166959" />
        <annoSet ID="2166981" />
        <annoSet ID="2167005" />
        <annoSet ID="2167011" />
        <annoSet ID="2167045" />
        <annoSet ID="2167121" />
        <annoSet ID="2167135" />
        <annoSet ID="4529028" />
        <annoSet ID="4529066" />
        <annoSet ID="6533197" />
        <annoSet ID="6551890" />
      </pattern>
      <pattern total="6">
        <valenceUnit GF="Obj" PT="NP" FE="Activity" />
        <annoSet ID="6532879" />
        <annoSet ID="6542409" />
        <annoSet ID="6550301" />
        <annoSet ID="6556794" />
        <annoSet ID="6556967" />
        <annoSet ID="6557435" />
      </pattern>
      <pattern total="1">
        <valenceUnit GF="Dep" PT="Sfin" FE="Activity" />
        <annoSet ID="6551238" />
      </pattern>
      <pattern total="2">
        <valenceUnit GF="Dep" PT="VPfin" FE="Activity" />
        <annoSet ID="2166893" />
        <annoSet ID="2167039" />
      </pattern>
    </FERealization>
    <FERealization total="25">
      <FE name="Agent" />
      <pattern total="20">
        <valenceUnit GF="Ext" PT="NP" FE="Agent" />
        <annoSet ID="2166883" />
        <annoSet ID="2166893" />
        <annoSet ID="2166905" />
        <annoSet ID="2166957" />
        <annoSet ID="2166959" />
        <annoSet ID="2167005" />
        <annoSet ID="2167011" />
        <annoSet ID="2167039" />
        <annoSet ID="2167045" />
        <annoSet ID="2167121" />
        <annoSet ID="2167135" />
        <annoSet ID="4529028" />
        <annoSet ID="4529066" />
        <annoSet ID="6532879" />
        <annoSet ID="6533197" />
        <annoSet ID="6542409" />
        <annoSet ID="6549500" />
        <annoSet ID="6556794" />
        <annoSet ID="6556967" />
        <annoSet ID="6562176" />
      </pattern>
      <pattern total="3">
        <valenceUnit GF="" PT="DNI" FE="Agent" />
        <annoSet ID="6551238" />
        <annoSet ID="6551890" />
        <annoSet ID="6557435" />
      </pattern>
      <pattern total="2">
        <valenceUnit GF="" PT="CNI" FE="Agent" />
        <annoSet ID="2166981" />
        <annoSet ID="6550301" />
      </pattern>
    </FERealization>
    <FERealization total="1">
      <FE name="Duration" />
      <pattern total="1">
        <valenceUnit GF="Obj" PT="NP" FE="Duration" />
        <annoSet ID="6562176" />
      </pattern>
    </FERealization>
    <FERealization total="1">
      <FE name="Means" />
      <pattern total="1">
        <valenceUnit GF="Dep" PT="PP[by]" FE="Means" />
        <annoSet ID="2167121" />
      </pattern>
    </FERealization>
    <FERealization total="1">
      <FE name="Purpose" />
      <pattern total="1">
        <valenceUnit GF="Dep" PT="VPto" FE="Purpose" />
        <annoSet ID="2167039" />
      </pattern>
    </FERealization>
    <FERealization total="1">
      <FE name="Time" />
      <pattern total="1">
        <valenceUnit GF="Dep" PT="PP[before]" FE="Time" />
        <annoSet ID="2166893" />
      </pattern>
      <pattern total="1">
        <valenceUnit GF="Dep" PT="PP[in]" FE="Time" />
        <annoSet ID="2166893" />
      </pattern>
    </FERealization>
    <FEGroupRealization total="2">
      <FE name="Activity" />
      <FE name="Activity" />
      <FE name="Agent" />
      <pattern total="1">
        <valenceUnit GF="Ext" PT="NP" FE="Activity" />
        <valenceUnit GF="Dep" PT="VPing" FE="Activity" />
        <valenceUnit GF="" PT="DNI" FE="Agent" />
        <annoSet ID="6551890" />
      </pattern>
      <pattern total="1">
        <valenceUnit GF="Dep" PT="Sfin" FE="Activity" />
        <valenceUnit GF="Dep" PT="Sfin" FE="Activity" />
        <valenceUnit GF="" PT="DNI" FE="Agent" />
        <annoSet ID="6551238" />
      </pattern>
    </FEGroupRealization>
    <FEGroupRealization total="19">
      <FE name="Activity" />
      <FE name="Agent" />
      <pattern total="1">
        <valenceUnit GF="Dep" PT="AJP" FE="Activity" />
        <valenceUnit GF="Ext" PT="NP" FE="Agent" />
        <annoSet ID="6549500" />
      </pattern>
      <pattern total="1">
        <valenceUnit GF="Obj" PT="NP" FE="Activity" />
        <valenceUnit GF="" PT="CNI" FE="Agent" />
        <annoSet ID="6550301" />
      </pattern>
      <pattern total="1">
        <valenceUnit GF="Obj" PT="NP" FE="Activity" />
        <valenceUnit GF="" PT="DNI" FE="Agent" />
        <annoSet ID="6557435" />
      </pattern>
      <pattern total="4">
        <valenceUnit GF="Obj" PT="NP" FE="Activity" />
        <valenceUnit GF="Ext" PT="NP" FE="Agent" />
        <annoSet ID="6532879" />
        <annoSet ID="6542409" />
        <annoSet ID="6556794" />
        <annoSet ID="6556967" />
      </pattern>
      <pattern total="1">
        <valenceUnit GF="Dep" PT="VPing" FE="Activity" />
        <valenceUnit GF="" PT="CNI" FE="Agent" />
        <annoSet ID="2166981" />
      </pattern>
      <pattern total="11">
        <valenceUnit GF="Dep" PT="VPing" FE="Activity" />
        <valenceUnit GF="Ext" PT="NP" FE="Agent" />
        <annoSet ID="2166883" />
        <annoSet ID="2166905" />
        <annoSet ID="2166957" />
        <annoSet ID="2166959" />
        <annoSet ID="2167005" />
        <annoSet ID="2167011" />
        <annoSet ID="2167045" />
        <annoSet ID="2167135" />
        <annoSet ID="4529028" />
        <annoSet ID="4529066" />
        <annoSet ID="6533197" />
      </pattern>
    </FEGroupRealization>
    <FEGroupRealization total="1">
      <FE name="Activity" />
      <FE name="Agent" />
      <FE name="Duration" />
      <pattern total="1">
        <valenceUnit GF="Dep" PT="AJP" FE="Activity" />
        <valenceUnit GF="Ext" PT="NP" FE="Agent" />
        <valenceUnit GF="Obj" PT="NP" FE="Duration" />
        <annoSet ID="6562176" />
      </pattern>
    </FEGroupRealization>
    <FEGroupRealization total="1">
      <FE name="Activity" />
      <FE name="Agent" />
      <FE name="Means" />
      <pattern total="1">
        <valenceUnit GF="Dep" PT="VPing" FE="Activity" />
        <valenceUnit GF="Ext" PT="NP" FE="Agent" />
        <valenceUnit GF="Dep" PT="PP[by]" FE="Means" />
        <annoSet ID="2167121" />
      </pattern>
    </FEGroupRealization>
    <FEGroupRealization total="1">
      <FE name="Activity" />
      <FE name="Agent" />
      <FE name="Purpose" />
      <pattern total="1">
        <valenceUnit GF="Dep" PT="VPfin" FE="Activity" />
        <valenceUnit GF="Ext" PT="NP" FE="Agent" />
        <valenceUnit GF="Dep" PT="VPto" FE="Purpose" />
        <annoSet ID="2167039" />
      </pattern>
    </FEGroupRealization>
    <FEGroupRealization total="1">
      <FE name="Activity" />
      <FE name="Agent" />
      <FE name="Time" />
      <FE name="Time" />
      <pattern total="1">
        <valenceUnit GF="Dep" PT="VPfin" FE="Activity" />
        <valenceUnit GF="Ext" PT="NP" FE="Agent" />
        <valenceUnit GF="Dep" PT="PP[before]" FE="Time" />
        <valenceUnit GF="Dep" PT="PP[in]" FE="Time" />
        <annoSet ID="2166893" />
      </pattern>
    </FEGroupRealization>
  </valences>
  <subCorpus name="V-augmented">
    <sentence sentNo="0" ID="4096959n">
      <text>What remains unclear is whether Iran is indeed keeping its nuclear program active .</text>
      <annotationSet cDate="08/08/2025 07:59:38 PST Fri" status="AUGMENTED" ID="0">
        <layer name="FE" rank="1">
          <label cBy="auto-aug" feID="2579" start="32" end="35" name="Agent" />
          <label cBy="auto-aug" feID="1419" start="55" end="80" name="Activity" />
        </layer>
        <layer name="Target" rank="1">
          <label cBy="auto-aug" start="47" end="53" name="Target" />
        </layer>
      </annotationSet>
    </sentence>
    <sentence sentNo="0" ID="1359074n">
      <text>The atmosphere was not exactly lively but I kept to have lunch there for an hour because she was extremely kind and the food was good .</text>
      <annotationSet cDate="08/08/2025 07:59:38 PST Fri" status="AUGMENTED" ID="0">
        <layer name="FE" rank="1">
          <label cBy="auto-aug" feID="2579" start="42" end="42" name="Agent" />
          <label cBy="auto-aug" feID="1419" start="49" end="67" name="Activity" />
          <label cBy="auto-aug" feID="1418" start="69" end="79" name="Duration" />
          <label cBy="auto-aug" feID="10124" start="81" end="132" name="Explanation" />
        </layer>
        <layer name="Target" rank="1">
          <label cBy="auto-aug" start="44" end="47" name="Target" />
        </layer>
      </annotationSet>
    </sentence>
    <sentence sentNo="0" ID="4103228n">
      <text>4- keeping physical fitness and military exercises in a disciplined way .</text>
      <annotationSet cDate="08/08/2025 07:59:38 PST Fri" status="AUGMENTED" ID="0">
        <layer name="FE" rank="1">
          <label cBy="auto-aug" feID="1419" start="11" end="49" name="Activity" />
          <label cBy="auto-aug" feID="1425" start="51" end="70" name="Manner" />
        </layer>
        <layer name="Target" rank="1">
          <label cBy="auto-aug" start="3" end="9" name="Target" />
        </layer>
      </annotationSet>
    </sentence>
    <sentence sentNo="0" ID="4097173n">
      <text>Although Iran ratified the Chemical Weapons Convention ( CWC ) in November 1997 , the United States believes that Iran has kept a chemical weapons program for several years , including production of sarin , mustard , phosgene , and hydrocyanic acid .</text>
      <annotationSet cDate="08/08/2025 07:59:38 PST Fri" status="AUGMENTED" ID="0">
        <layer name="FE" rank="1">
          <label cBy="auto-aug" feID="2579" start="9" end="12" name="Agent" />
          <label cBy="auto-aug" feID="1419" start="128" end="153" name="Activity" />
          <label cBy="auto-aug" feID="1418" start="155" end="171" name="Duration" />
          <label cBy="auto-aug" feID="1427" start="175" end="247" name="Co-timed_event" />
        </layer>
        <layer name="Target" rank="1">
          <label cBy="auto-aug" start="123" end="126" name="Target" />
        </layer>
      </annotationSet>
    </sentence>
    <sentence sentNo="0" ID="4097282n">
      <text>Although Iran ratified the Chemical Weapons Convention ( CWC ) in November 1997 , the United States believes that Iran has kept a chemical weapons program for many years , including production of sarin , mustard , phosgene , and hydrocyanic acid .</text>
      <annotationSet cDate="08/08/2025 07:59:38 PST Fri" status="AUGMENTED" ID="0">
        <layer name="FE" rank="1">
          <label cBy="auto-aug" feID="2579" start="9" end="12" name="Agent" />
          <label cBy="auto-aug" feID="1419" start="128" end="153" name="Activity" />
          <label cBy="auto-aug" feID="1418" start="155" end="168" name="Duration" />
        </layer>
        <layer name="Target" rank="1">
          <label cBy="auto-aug" start="123" end="126" name="Target" />
        </layer>
      </annotationSet>
    </sentence>
    <sentence sentNo="0" ID="1359098n">
      <text>Life is too short to keep hating anyone forever .</text>
      <annotationSet cDate="08/08/2025 07:59:38 PST Fri" status="AUGMENTED" ID="0">
        <layer name="FE" rank="1">
          <label cBy="auto-aug" feID="1419" start="26" end="38" name="Activity" />
          <label cBy="auto-aug" feID="1418" start="40" end="46" name="Duration" />
        </layer>
        <layer name="Target" rank="1">
          <label cBy="auto-aug" start="21" end="24" name="Target" />
        </layer>
      </annotationSet>
    </sentence>
  </subCorpus>
</lexUnit>