<?xml version='1.0' encoding='UTF-8'?>
<lexUnit xmlns="http://framenet.icsi.berkeley.edu" xmlns:xsi="http://www.w3.org/2001/XMLSchema-instance" status="Finished_Initial" POS="V" name="assemble.v" ID="4731" frame="Building" frameID="259" totalAnnotated="22" xsi:schemaLocation="../schema/lexUnit.xsd">
  <header>
    <corpus description="Texts from Nuclear Threat Initiative website, created by Center for Non-Proliferation Studies" name="NTI" ID="135">
      <document description="Iran Missile" name="Iran_Missile" ID="23512" />
      <document description="Iran Introduction" name="Iran_Introduction" ID="23521" />
      <document description="North Korea Nuclear Overview" name="NorthKorea_NuclearOverview" ID="23562" />
    </corpus>
    <corpus description="Miscellaneous" name="Miscellaneous" ID="175">
      <document description="C-4 Text" name="C-4Text" ID="23491" />
    </corpus>
    <frame>
      <FE fgColor="FFFFFF" bgColor="FF0000" type="Core" abbrev="Agt" name="Agent" />
      <FE fgColor="000000" bgColor="EEE8AA" type="Extra-Thematic" abbrev="" name="Beneficiary" />
      <FE fgColor="FFFFFF" bgColor="9F79EE" type="Core" abbrev="Cmpnt" name="Components" />
      <FE fgColor="FFFFFF" bgColor="0000FF" type="Core" abbrev="CrEnt" name="Created_entity" />
      <FE fgColor="FFFFFF" bgColor="9400D3" type="Extra-Thematic" abbrev="Depict" name="Depictive" />
      <FE fgColor="000000" bgColor="1E90FF" type="Extra-Thematic" abbrev="" name="Descriptor" />
      <FE fgColor="000000" bgColor="FFD700" type="Extra-Thematic" abbrev="" name="Duration" />
      <FE fgColor="FFFFFF" bgColor="008000" type="Peripheral" abbrev="Ins" name="Instrument" />
      <FE fgColor="FFFFFF" bgColor="FF00FF" type="Peripheral" abbrev="Manr" name="Manner" />
      <FE fgColor="FFFFFF" bgColor="A52A2A" type="Peripheral" abbrev="Mns" name="Means" />
      <FE fgColor="FFFFFF" bgColor="00008B" type="Extra-Thematic" abbrev="" name="Particular_iteration" />
      <FE fgColor="00008B" bgColor="7FFF00" type="Extra-Thematic" abbrev="" name="Period_of_iterations" />
      <FE fgColor="FFFFFF" bgColor="006400" type="Peripheral" abbrev="Place" name="Place" />
      <FE fgColor="FFFFFF" bgColor="800080" type="Peripheral" abbrev="Purp" name="Purpose" />
      <FE fgColor="FFFFFF" bgColor="808080" type="Extra-Thematic" abbrev="Result" name="Result" />
      <FE fgColor="FFFFFF" bgColor="FFA500" type="Peripheral" abbrev="Time" name="Time" />
    </frame>
  </header>
  <definition>COD: fit together the component parts of</definition>
  <lexeme POS="V" name="assemble" />
  <valences>
    <FERealization total="22">
      <FE name="Agent" />
      <pattern total="6">
        <valenceUnit GF="" PT="CNI" FE="Agent" />
        <annoSet ID="1028232" />
        <annoSet ID="1028310" />
        <annoSet ID="1028318" />
        <annoSet ID="6525170" />
        <annoSet ID="6525223" />
        <annoSet ID="6529535" />
      </pattern>
      <pattern total="2">
        <valenceUnit GF="" PT="INI" FE="Agent" />
        <annoSet ID="1028258" />
        <annoSet ID="1028368" />
      </pattern>
      <pattern total="13">
        <valenceUnit GF="Ext" PT="NP" FE="Agent" />
        <annoSet ID="1028050" />
        <annoSet ID="1028112" />
        <annoSet ID="1028152" />
        <annoSet ID="1028156" />
        <annoSet ID="1028162" />
        <annoSet ID="1028174" />
        <annoSet ID="1028216" />
        <annoSet ID="1028220" />
        <annoSet ID="1028332" />
        <annoSet ID="1028340" />
        <annoSet ID="1028354" />
        <annoSet ID="6521698" />
        <annoSet ID="6525608" />
      </pattern>
      <pattern total="1">
        <valenceUnit GF="Dep" PT="PP[by]" FE="Agent" />
        <annoSet ID="1028262" />
      </pattern>
    </FERealization>
    <FERealization total="5">
      <FE name="Components" />
      <pattern total="3">
        <valenceUnit GF="Dep" PT="PP[from]" FE="Components" />
        <annoSet ID="1028162" />
        <annoSet ID="1028368" />
        <annoSet ID="6525170" />
      </pattern>
      <pattern total="1">
        <valenceUnit GF="Dep" PT="PP[with]" FE="Components" />
        <annoSet ID="6529535" />
      </pattern>
      <pattern total="1">
        <valenceUnit GF="" PT="INI" FE="Components" />
        <annoSet ID="6525608" />
      </pattern>
    </FERealization>
    <FERealization total="22">
      <FE name="Created_entity" />
      <pattern total="7">
        <valenceUnit GF="Ext" PT="NP" FE="Created_entity" />
        <annoSet ID="1028258" />
        <annoSet ID="1028262" />
        <annoSet ID="1028310" />
        <annoSet ID="1028318" />
        <annoSet ID="1028368" />
        <annoSet ID="6525170" />
        <annoSet ID="6529535" />
      </pattern>
      <pattern total="15">
        <valenceUnit GF="Obj" PT="NP" FE="Created_entity" />
        <annoSet ID="1028050" />
        <annoSet ID="1028112" />
        <annoSet ID="1028152" />
        <annoSet ID="1028156" />
        <annoSet ID="1028162" />
        <annoSet ID="1028174" />
        <annoSet ID="1028216" />
        <annoSet ID="1028220" />
        <annoSet ID="1028232" />
        <annoSet ID="1028332" />
        <annoSet ID="1028340" />
        <annoSet ID="1028354" />
        <annoSet ID="6521698" />
        <annoSet ID="6525223" />
        <annoSet ID="6525608" />
      </pattern>
    </FERealization>
    <FERealization total="1">
      <FE name="Instrument" />
      <pattern total="1">
        <valenceUnit GF="Dep" PT="PP[by]" FE="Instrument" />
        <annoSet ID="1028258" />
      </pattern>
    </FERealization>
    <FERealization total="5">
      <FE name="Place" />
      <pattern total="4">
        <valenceUnit GF="Dep" PT="PP[in]" FE="Place" />
        <annoSet ID="1028152" />
        <annoSet ID="1028262" />
        <annoSet ID="1028310" />
        <annoSet ID="1028340" />
      </pattern>
      <pattern total="1">
        <valenceUnit GF="Dep" PT="PP[on]" FE="Place" />
        <annoSet ID="1028318" />
      </pattern>
    </FERealization>
    <FERealization total="1">
      <FE name="Purpose" />
      <pattern total="1">
        <valenceUnit GF="Dep" PT="PP[for]" FE="Purpose" />
        <annoSet ID="1028174" />
      </pattern>
    </FERealization>
    <FERealization total="1">
      <FE name="Time" />
      <pattern total="1">
        <valenceUnit GF="Dep" PT="NP" FE="Time" />
        <annoSet ID="1028152" />
      </pattern>
    </FERealization>
    <FEGroupRealization total="4">
      <FE name="Agent" />
      <FE name="Components" />
      <FE name="Created_entity" />
      <pattern total="1">
        <valenceUnit GF="" PT="CNI" FE="Agent" />
        <valenceUnit GF="Dep" PT="PP[from]" FE="Components" />
        <valenceUnit GF="Ext" PT="NP" FE="Created_entity" />
        <annoSet ID="6525170" />
      </pattern>
      <pattern total="1">
        <valenceUnit GF="" PT="INI" FE="Agent" />
        <valenceUnit GF="Dep" PT="PP[from]" FE="Components" />
        <valenceUnit GF="Ext" PT="NP" FE="Created_entity" />
        <annoSet ID="1028368" />
      </pattern>
      <pattern total="1">
        <valenceUnit GF="Ext" PT="NP" FE="Agent" />
        <valenceUnit GF="" PT="INI" FE="Components" />
        <valenceUnit GF="Obj" PT="NP" FE="Created_entity" />
        <annoSet ID="6525608" />
      </pattern>
      <pattern total="1">
        <valenceUnit GF="Ext" PT="NP" FE="Agent" />
        <valenceUnit GF="Dep" PT="PP[from]" FE="Components" />
        <valenceUnit GF="Obj" PT="NP" FE="Created_entity" />
        <annoSet ID="1028162" />
      </pattern>
    </FEGroupRealization>
    <FEGroupRealization total="1">
      <FE name="Agent" />
      <FE name="Components" />
      <FE name="Created_entity" />
      <FE name="Created_entity" />
      <pattern total="1">
        <valenceUnit GF="" PT="CNI" FE="Agent" />
        <valenceUnit GF="Dep" PT="PP[with]" FE="Components" />
        <valenceUnit GF="Ext" PT="NP" FE="Created_entity" />
        <valenceUnit GF="Ext" PT="NP" FE="Created_entity" />
        <annoSet ID="6529535" />
      </pattern>
    </FEGroupRealization>
    <FEGroupRealization total="10">
      <FE name="Agent" />
      <FE name="Created_entity" />
      <pattern total="2">
        <valenceUnit GF="" PT="CNI" FE="Agent" />
        <valenceUnit GF="Obj" PT="NP" FE="Created_entity" />
        <annoSet ID="1028232" />
        <annoSet ID="6525223" />
      </pattern>
      <pattern total="8">
        <valenceUnit GF="Ext" PT="NP" FE="Agent" />
        <valenceUnit GF="Obj" PT="NP" FE="Created_entity" />
        <annoSet ID="1028050" />
        <annoSet ID="1028112" />
        <annoSet ID="1028156" />
        <annoSet ID="1028216" />
        <annoSet ID="1028220" />
        <annoSet ID="1028332" />
        <annoSet ID="1028354" />
        <annoSet ID="6521698" />
      </pattern>
    </FEGroupRealization>
    <FEGroupRealization total="1">
      <FE name="Agent" />
      <FE name="Created_entity" />
      <FE name="Instrument" />
      <pattern total="1">
        <valenceUnit GF="" PT="INI" FE="Agent" />
        <valenceUnit GF="Ext" PT="NP" FE="Created_entity" />
        <valenceUnit GF="Dep" PT="PP[by]" FE="Instrument" />
        <annoSet ID="1028258" />
      </pattern>
    </FEGroupRealization>
    <FEGroupRealization total="4">
      <FE name="Agent" />
      <FE name="Created_entity" />
      <FE name="Place" />
      <pattern total="1">
        <valenceUnit GF="" PT="CNI" FE="Agent" />
        <valenceUnit GF="Ext" PT="NP" FE="Created_entity" />
        <valenceUnit GF="Dep" PT="PP[in]" FE="Place" />
        <annoSet ID="1028310" />
      </pattern>
      <pattern total="1">
        <valenceUnit GF="" PT="CNI" FE="Agent" />
        <valenceUnit GF="Ext" PT="NP" FE="Created_entity" />
        <valenceUnit GF="Dep" PT="PP[on]" FE="Place" />
        <annoSet ID="1028318" />
      </pattern>
      <pattern total="1">
        <valenceUnit GF="Ext" PT="NP" FE="Agent" />
        <valenceUnit GF="Obj" PT="NP" FE="Created_entity" />
        <valenceUnit GF="Dep" PT="PP[in]" FE="Place" />
        <annoSet ID="1028340" />
      </pattern>
      <pattern total="1">
        <valenceUnit GF="Dep" PT="PP[by]" FE="Agent" />
        <valenceUnit GF="Ext" PT="NP" FE="Created_entity" />
        <valenceUnit GF="Dep" PT="PP[in]" FE="Place" />
        <annoSet ID="1028262" />
      </pattern>
    </FEGroupRealization>
    <FEGroupRealization total="1">
      <FE name="Agent" />
      <FE name="Created_entity" />
      <FE name="Place" />
      <FE name="Time" />
      <pattern total="1">
        <valenceUnit GF="Ext" PT="NP" FE="Agent" />
        <valenceUnit GF="Obj" PT="NP" FE="Created_entity" />
        <valenceUnit GF="Dep" PT="PP[in]" FE="Place" />
        <valenceUnit GF="Dep" PT="NP" FE="Time" />
        <annoSet ID="1028152" />
      </pattern>
    </FEGroupRealization>
    <FEGroupRealization total="1">
      <FE name="Agent" />
      <FE name="Created_entity" />
      <FE name="Purpose" />
      <pattern total="1">
        <valenceUnit GF="Ext" PT="NP" FE="Agent" />
        <valenceUnit GF="Obj" PT="NP" FE="Created_entity" />
        <valenceUnit GF="Dep" PT="PP[for]" FE="Purpose" />
        <annoSet ID="1028174" />
      </pattern>
    </FEGroupRealization>
  </valences>
  <subCorpus name="V-augmented">
    <sentence sentNo="0" ID="790546n">
      <text>` I 'm the guy with the job of assemble the parts together again . </text>
      <annotationSet cDate="08/08/2025 08:00:42 PST Fri" status="AUGMENTED" ID="0">
        <layer name="FE" rank="1">
          <label cBy="auto-aug" feID="2238" start="7" end="13" name="Agent" />
          <label cBy="auto-aug" feID="2247" start="40" end="48" name="Created_entity" />
          <label cBy="auto-aug" feID="2258" start="50" end="57" name="Result" />
        </layer>
        <layer name="Target" rank="1">
          <label cBy="auto-aug" start="31" end="38" name="Target" />
        </layer>
      </annotationSet>
    </sentence>
    <sentence sentNo="0" ID="785315n">
      <text>It assemble a model from various parts </text>
      <annotationSet cDate="08/08/2025 08:00:42 PST Fri" status="AUGMENTED" ID="0">
        <layer name="FE" rank="1">
          <label cBy="auto-aug" feID="2238" start="0" end="1" name="Agent" />
          <label cBy="auto-aug" feID="2247" start="12" end="18" name="Created_entity" />
          <label cBy="auto-aug" feID="2246" start="20" end="37" name="Components" />
        </layer>
        <layer name="Target" rank="1">
          <label cBy="auto-aug" start="3" end="10" name="Target" />
        </layer>
      </annotationSet>
    </sentence>
    <sentence sentNo="0" ID="790486n">
      <text>Thus the bits will fit together after fracture so that one can often assemble the pieces together quite plausibly . </text>
      <annotationSet cDate="08/08/2025 08:00:42 PST Fri" status="AUGMENTED" ID="0">
        <layer name="FE" rank="1">
          <label cBy="auto-aug" feID="2238" start="55" end="57" name="Agent" />
          <label cBy="auto-aug" feID="2246" start="78" end="87" name="Components" />
          <label cBy="auto-aug" feID="2258" start="89" end="96" name="Result" />
        </layer>
        <layer name="Target" rank="1">
          <label cBy="auto-aug" start="69" end="76" name="Target" />
        </layer>
      </annotationSet>
    </sentence>
  </subCorpus>
</lexUnit>