<?xml version='1.0' encoding='UTF-8'?>
<lexUnit xmlns="http://framenet.icsi.berkeley.edu" xmlns:xsi="http://www.w3.org/2001/XMLSchema-instance" status="Finished_Initial" POS="V" name="arrest.v" ID="4733" frame="Arrest" frameID="202" totalAnnotated="77" xsi:schemaLocation="../schema/lexUnit.xsd">
  <header>
    <corpus description="Texts from Nuclear Threat Initiative website, created by Center for Non-Proliferation Studies" name="NTI" ID="135">
      <document description="North Korea Chemical Overview" name="NorthKorea_ChemicalOverview" ID="23611" />
    </corpus>
    <corpus description="Miscellaneous" name="Miscellaneous" ID="175">
      <document description="SemAnno_1" name="SemAnno_1" ID="23532" />
      <document description="TigerOfSanPedro" name="Tiger_Of_San_Pedro" ID="25343" />
      <document description="Examples4-5" name="Examples4-5" ID="25743" />
    </corpus>
    <corpus description="AQUAINT Knowledge-Based Evaluation Texts" name="KBEval" ID="185">
      <document description="Brandeis" name="Brandeis" ID="23573" />
      <document description="atm" name="atm" ID="23577" />
      <document description="MIT" name="MIT" ID="23580" />
    </corpus>
    <corpus description="American National Corpus Texts" name="ANC" ID="195">
      <document description="Berlitz History of Jerusalem" name="HistoryOfJerusalem" ID="23647" />
    </corpus>
    <corpus description="LUCorpus-v0.3" name="LUCorpus-v0.3" ID="205">
      <document description="wsj_2465" name="wsj_2465" ID="23722" />
    </corpus>
    <corpus description="Texts from WikiMedia--WikiNews and Wikipedia" name="WikiTexts" ID="246">
      <document description="Fires_1" name="Fires_1" ID="25616" />
    </corpus>
    <frame>
      <FE fgColor="FFFFFF" bgColor="FF0000" type="Core" abbrev="Auth" name="Authorities" />
      <FE fgColor="FFFFFF" bgColor="A52A2A" type="Core" abbrev="Chrg" name="Charges" />
      <FE fgColor="FF0000" bgColor="d0d0d0" type="Extra-Thematic" abbrev="co-p" name="Co-participant" />
      <FE fgColor="FFFFFF" bgColor="FF00FF" type="Peripheral" abbrev="Mnr" name="Manner" />
      <FE fgColor="FFFFFF" bgColor="FF69B4" type="Peripheral" abbrev="Mns" name="Means" />
      <FE fgColor="FFFFFF" bgColor="808080" type="Core" abbrev="Off" name="Offense" />
      <FE fgColor="FFFFFF" bgColor="008000" type="Peripheral" abbrev="P" name="Place" />
      <FE fgColor="FFFFFF" bgColor="800080" type="Peripheral" abbrev="Purp" name="Purpose" />
      <FE fgColor="FFFFFF" bgColor="9F79EE" type="Peripheral" abbrev="" name="Source_of_legal_authority" />
      <FE fgColor="FFFFFF" bgColor="0000FF" type="Core" abbrev="Susp" name="Suspect" />
      <FE fgColor="FFFFFF" bgColor="FFA500" type="Peripheral" abbrev="T" name="Time" />
      <FE fgColor="FFFFFF" bgColor="9400D3" type="Peripheral" abbrev="Type" name="Type" />
    </frame>
  </header>
  <definition>COD: seize (someone) by legal authority and take them into custody. </definition>
  <lexeme POS="V" name="arrest" />
  <valences>
    <FERealization total="76">
      <FE name="Authorities" />
      <pattern total="29">
        <valenceUnit GF="" PT="CNI" FE="Authorities" />
        <annoSet ID="1205121" />
        <annoSet ID="1205185" />
        <annoSet ID="1205311" />
        <annoSet ID="1205453" />
        <annoSet ID="1205463" />
        <annoSet ID="1205475" />
        <annoSet ID="1205543" />
        <annoSet ID="1205561" />
        <annoSet ID="1205629" />
        <annoSet ID="1205655" />
        <annoSet ID="1205669" />
        <annoSet ID="1205689" />
        <annoSet ID="1205717" />
        <annoSet ID="1205735" />
        <annoSet ID="1205741" />
        <annoSet ID="1205743" />
        <annoSet ID="1205757" />
        <annoSet ID="1205789" />
        <annoSet ID="1205873" />
        <annoSet ID="1205883" />
        <annoSet ID="6525508" />
        <annoSet ID="6532432" />
        <annoSet ID="6532441" />
        <annoSet ID="6533170" />
        <annoSet ID="6533221" />
        <annoSet ID="6533582" />
        <annoSet ID="6533585" />
        <annoSet ID="6533588" />
        <annoSet ID="6774192" />
      </pattern>
      <pattern total="1">
        <valenceUnit GF="" PT="DNI" FE="Authorities" />
        <annoSet ID="1205745" />
      </pattern>
      <pattern total="1">
        <valenceUnit GF="" PT="INI" FE="Authorities" />
        <annoSet ID="6646711" />
      </pattern>
      <pattern total="36">
        <valenceUnit GF="Ext" PT="NP" FE="Authorities" />
        <annoSet ID="1205125" />
        <annoSet ID="1205127" />
        <annoSet ID="1205135" />
        <annoSet ID="1205141" />
        <annoSet ID="1205147" />
        <annoSet ID="1205153" />
        <annoSet ID="1205173" />
        <annoSet ID="1205187" />
        <annoSet ID="1205195" />
        <annoSet ID="1205201" />
        <annoSet ID="1205209" />
        <annoSet ID="1205217" />
        <annoSet ID="1205219" />
        <annoSet ID="1205227" />
        <annoSet ID="1205229" />
        <annoSet ID="1205249" />
        <annoSet ID="1205255" />
        <annoSet ID="1205261" />
        <annoSet ID="1205271" />
        <annoSet ID="1205285" />
        <annoSet ID="1205291" />
        <annoSet ID="1205297" />
        <annoSet ID="1205327" />
        <annoSet ID="1205331" />
        <annoSet ID="1205365" />
        <annoSet ID="1205375" />
        <annoSet ID="1205403" />
        <annoSet ID="1205491" />
        <annoSet ID="1205509" />
        <annoSet ID="6525499" />
        <annoSet ID="6536116" />
        <annoSet ID="6547518" />
        <annoSet ID="6549597" />
        <annoSet ID="6646240" />
        <annoSet ID="6646252" />
        <annoSet ID="6669260" />
      </pattern>
      <pattern total="9">
        <valenceUnit GF="Dep" PT="PP[by]" FE="Authorities" />
        <annoSet ID="1205323" />
        <annoSet ID="1205411" />
        <annoSet ID="1205417" />
        <annoSet ID="1205427" />
        <annoSet ID="1205449" />
        <annoSet ID="1205583" />
        <annoSet ID="1205589" />
        <annoSet ID="1205607" />
        <annoSet ID="6539025" />
      </pattern>
    </FERealization>
    <FERealization total="50">
      <FE name="Charges" />
      <pattern total="39">
        <valenceUnit GF="" PT="DNI" FE="Charges" />
        <annoSet ID="1205121" />
        <annoSet ID="1205125" />
        <annoSet ID="1205127" />
        <annoSet ID="1205135" />
        <annoSet ID="1205147" />
        <annoSet ID="1205153" />
        <annoSet ID="1205217" />
        <annoSet ID="1205219" />
        <annoSet ID="1205227" />
        <annoSet ID="1205229" />
        <annoSet ID="1205285" />
        <annoSet ID="1205323" />
        <annoSet ID="1205365" />
        <annoSet ID="1205403" />
        <annoSet ID="1205411" />
        <annoSet ID="1205417" />
        <annoSet ID="1205427" />
        <annoSet ID="1205449" />
        <annoSet ID="1205453" />
        <annoSet ID="1205463" />
        <annoSet ID="1205475" />
        <annoSet ID="1205543" />
        <annoSet ID="1205583" />
        <annoSet ID="1205589" />
        <annoSet ID="1205607" />
        <annoSet ID="1205669" />
        <annoSet ID="1205717" />
        <annoSet ID="1205735" />
        <annoSet ID="1205741" />
        <annoSet ID="1205743" />
        <annoSet ID="6525508" />
        <annoSet ID="6533170" />
        <annoSet ID="6533582" />
        <annoSet ID="6533585" />
        <annoSet ID="6533588" />
        <annoSet ID="6539025" />
        <annoSet ID="6549597" />
        <annoSet ID="6646240" />
        <annoSet ID="6646252" />
      </pattern>
      <pattern total="3">
        <valenceUnit GF="" PT="INI" FE="Charges" />
        <annoSet ID="1205141" />
        <annoSet ID="1205689" />
        <annoSet ID="6525499" />
      </pattern>
      <pattern total="3">
        <valenceUnit GF="Dep" PT="PP[for]" FE="Charges" />
        <annoSet ID="1205173" />
        <annoSet ID="1205491" />
        <annoSet ID="1205655" />
      </pattern>
      <pattern total="5">
        <valenceUnit GF="Dep" PT="PP[on]" FE="Charges" />
        <annoSet ID="1205249" />
        <annoSet ID="1205255" />
        <annoSet ID="1205261" />
        <annoSet ID="1205873" />
        <annoSet ID="6669260" />
      </pattern>
    </FERealization>
    <FERealization total="25">
      <FE name="Offense" />
      <pattern total="6">
        <valenceUnit GF="" PT="2nd" FE="Offense" />
        <annoSet ID="1205375" />
        <annoSet ID="1205509" />
        <annoSet ID="1205561" />
        <annoSet ID="6532432" />
        <annoSet ID="6532441" />
        <annoSet ID="6533221" />
      </pattern>
      <pattern total="5">
        <valenceUnit GF="Dep" PT="PP[for]" FE="Offense" />
        <annoSet ID="1205185" />
        <annoSet ID="1205195" />
        <annoSet ID="1205201" />
        <annoSet ID="1205629" />
        <annoSet ID="1205883" />
      </pattern>
      <pattern total="1">
        <valenceUnit GF="Dep" PT="PP[over]" FE="Offense" />
        <annoSet ID="1205789" />
      </pattern>
      <pattern total="8">
        <valenceUnit GF="Dep" PT="PPing[for]" FE="Offense" />
        <annoSet ID="1205187" />
        <annoSet ID="1205209" />
        <annoSet ID="1205291" />
        <annoSet ID="1205297" />
        <annoSet ID="1205311" />
        <annoSet ID="1205745" />
        <annoSet ID="1205757" />
        <annoSet ID="6536116" />
      </pattern>
      <pattern total="2">
        <valenceUnit GF="" PT="INI" FE="Offense" />
        <annoSet ID="6547531" />
        <annoSet ID="6646711" />
      </pattern>
      <pattern total="2">
        <valenceUnit GF="Dep" PT="PP[in]" FE="Offense" />
        <annoSet ID="1205327" />
        <annoSet ID="1205331" />
      </pattern>
      <pattern total="1">
        <valenceUnit GF="Dep" PT="PP[on]" FE="Offense" />
        <annoSet ID="1205271" />
      </pattern>
    </FERealization>
    <FERealization total="17">
      <FE name="Place" />
      <pattern total="5">
        <valenceUnit GF="Dep" PT="PP[at]" FE="Place" />
        <annoSet ID="1205141" />
        <annoSet ID="1205147" />
        <annoSet ID="1205153" />
        <annoSet ID="1205543" />
        <annoSet ID="1205561" />
      </pattern>
      <pattern total="11">
        <valenceUnit GF="Dep" PT="PP[in]" FE="Place" />
        <annoSet ID="1205217" />
        <annoSet ID="1205219" />
        <annoSet ID="1205227" />
        <annoSet ID="1205229" />
        <annoSet ID="1205249" />
        <annoSet ID="1205475" />
        <annoSet ID="1205669" />
        <annoSet ID="1205735" />
        <annoSet ID="1205741" />
        <annoSet ID="6532432" />
        <annoSet ID="6532441" />
      </pattern>
      <pattern total="1">
        <valenceUnit GF="Dep" PT="PP[on]" FE="Place" />
        <annoSet ID="1205735" />
      </pattern>
      <pattern total="1">
        <valenceUnit GF="Dep" PT="VPing" FE="Place" />
        <annoSet ID="1205121" />
      </pattern>
    </FERealization>
    <FERealization total="1">
      <FE name="Purpose" />
      <pattern total="1">
        <valenceUnit GF="Dep" PT="VPto" FE="Purpose" />
        <annoSet ID="6646252" />
      </pattern>
    </FERealization>
    <FERealization total="3">
      <FE name="Source_of_legal_authority" />
      <pattern total="3">
        <valenceUnit GF="Dep" PT="PP[under]" FE="Source_of_legal_authority" />
        <annoSet ID="1205285" />
        <annoSet ID="1205741" />
        <annoSet ID="1205743" />
      </pattern>
    </FERealization>
    <FERealization total="77">
      <FE name="Suspect" />
      <pattern total="38">
        <valenceUnit GF="Ext" PT="NP" FE="Suspect" />
        <annoSet ID="1205121" />
        <annoSet ID="1205185" />
        <annoSet ID="1205311" />
        <annoSet ID="1205323" />
        <annoSet ID="1205411" />
        <annoSet ID="1205417" />
        <annoSet ID="1205427" />
        <annoSet ID="1205449" />
        <annoSet ID="1205453" />
        <annoSet ID="1205463" />
        <annoSet ID="1205475" />
        <annoSet ID="1205543" />
        <annoSet ID="1205561" />
        <annoSet ID="1205583" />
        <annoSet ID="1205589" />
        <annoSet ID="1205607" />
        <annoSet ID="1205629" />
        <annoSet ID="1205669" />
        <annoSet ID="1205689" />
        <annoSet ID="1205717" />
        <annoSet ID="1205735" />
        <annoSet ID="1205741" />
        <annoSet ID="1205743" />
        <annoSet ID="1205745" />
        <annoSet ID="1205757" />
        <annoSet ID="1205789" />
        <annoSet ID="1205873" />
        <annoSet ID="1205883" />
        <annoSet ID="6525508" />
        <annoSet ID="6532432" />
        <annoSet ID="6532441" />
        <annoSet ID="6533170" />
        <annoSet ID="6533582" />
        <annoSet ID="6533585" />
        <annoSet ID="6533588" />
        <annoSet ID="6539025" />
        <annoSet ID="6547531" />
        <annoSet ID="6774192" />
      </pattern>
      <pattern total="1">
        <valenceUnit GF="" PT="INI" FE="Suspect" />
        <annoSet ID="1205655" />
      </pattern>
      <pattern total="38">
        <valenceUnit GF="Obj" PT="NP" FE="Suspect" />
        <annoSet ID="1205125" />
        <annoSet ID="1205127" />
        <annoSet ID="1205135" />
        <annoSet ID="1205141" />
        <annoSet ID="1205147" />
        <annoSet ID="1205153" />
        <annoSet ID="1205173" />
        <annoSet ID="1205187" />
        <annoSet ID="1205195" />
        <annoSet ID="1205201" />
        <annoSet ID="1205209" />
        <annoSet ID="1205217" />
        <annoSet ID="1205219" />
        <annoSet ID="1205227" />
        <annoSet ID="1205229" />
        <annoSet ID="1205249" />
        <annoSet ID="1205255" />
        <annoSet ID="1205261" />
        <annoSet ID="1205271" />
        <annoSet ID="1205285" />
        <annoSet ID="1205291" />
        <annoSet ID="1205297" />
        <annoSet ID="1205327" />
        <annoSet ID="1205331" />
        <annoSet ID="1205365" />
        <annoSet ID="1205375" />
        <annoSet ID="1205403" />
        <annoSet ID="1205491" />
        <annoSet ID="1205509" />
        <annoSet ID="6525499" />
        <annoSet ID="6533221" />
        <annoSet ID="6536116" />
        <annoSet ID="6547518" />
        <annoSet ID="6549597" />
        <annoSet ID="6646240" />
        <annoSet ID="6646252" />
        <annoSet ID="6646711" />
        <annoSet ID="6669260" />
      </pattern>
    </FERealization>
    <FERealization total="30">
      <FE name="Time" />
      <pattern total="3">
        <valenceUnit GF="Dep" PT="PP[on]" FE="Time" />
        <annoSet ID="1205249" />
        <annoSet ID="1205717" />
        <annoSet ID="1205735" />
      </pattern>
      <pattern total="4">
        <valenceUnit GF="Dep" PT="PP[after]" FE="Time" />
        <annoSet ID="1205153" />
        <annoSet ID="1205217" />
        <annoSet ID="1205475" />
        <annoSet ID="6539025" />
      </pattern>
      <pattern total="1">
        <valenceUnit GF="Dep" PT="PPing[while]" FE="Time" />
        <annoSet ID="1205475" />
      </pattern>
      <pattern total="2">
        <valenceUnit GF="Dep" PT="PP[at]" FE="Time" />
        <annoSet ID="1205365" />
        <annoSet ID="1205669" />
      </pattern>
      <pattern total="9">
        <valenceUnit GF="Dep" PT="NP" FE="Time" />
        <annoSet ID="1205121" />
        <annoSet ID="1205147" />
        <annoSet ID="1205219" />
        <annoSet ID="1205311" />
        <annoSet ID="1205323" />
        <annoSet ID="1205417" />
        <annoSet ID="6525499" />
        <annoSet ID="6547518" />
        <annoSet ID="6774192" />
      </pattern>
      <pattern total="4">
        <valenceUnit GF="Dep" PT="AVP" FE="Time" />
        <annoSet ID="1205135" />
        <annoSet ID="1205227" />
        <annoSet ID="6525508" />
        <annoSet ID="6547531" />
      </pattern>
      <pattern total="4">
        <valenceUnit GF="Dep" PT="Sub" FE="Time" />
        <annoSet ID="1205323" />
        <annoSet ID="1205449" />
        <annoSet ID="1205453" />
        <annoSet ID="1205745" />
      </pattern>
      <pattern total="5">
        <valenceUnit GF="Dep" PT="PP[in]" FE="Time" />
        <annoSet ID="1205411" />
        <annoSet ID="1205427" />
        <annoSet ID="1205629" />
        <annoSet ID="1205689" />
        <annoSet ID="6532432" />
      </pattern>
      <pattern total="1">
        <valenceUnit GF="Dep" PT="PPing[after]" FE="Time" />
        <annoSet ID="1205219" />
      </pattern>
    </FERealization>
    <FEGroupRealization total="1">
      <FE name="Authorities" />
      <FE name="Charges" />
      <FE name="Place" />
      <FE name="Place" />
      <FE name="Suspect" />
      <FE name="Time" />
      <pattern total="1">
        <valenceUnit GF="" PT="CNI" FE="Authorities" />
        <valenceUnit GF="" PT="DNI" FE="Charges" />
        <valenceUnit GF="Dep" PT="PP[in]" FE="Place" />
        <valenceUnit GF="Dep" PT="PP[on]" FE="Place" />
        <valenceUnit GF="Ext" PT="NP" FE="Suspect" />
        <valenceUnit GF="Dep" PT="PP[on]" FE="Time" />
        <annoSet ID="1205735" />
      </pattern>
    </FEGroupRealization>
    <FEGroupRealization total="1">
      <FE name="Authorities" />
      <FE name="Charges" />
      <FE name="Place" />
      <FE name="Source_of_legal_authority" />
      <FE name="Suspect" />
      <pattern total="1">
        <valenceUnit GF="" PT="CNI" FE="Authorities" />
        <valenceUnit GF="" PT="DNI" FE="Charges" />
        <valenceUnit GF="Dep" PT="PP[in]" FE="Place" />
        <valenceUnit GF="Dep" PT="PP[under]" FE="Source_of_legal_authority" />
        <valenceUnit GF="Ext" PT="NP" FE="Suspect" />
        <annoSet ID="1205741" />
      </pattern>
    </FEGroupRealization>
    <FEGroupRealization total="3">
      <FE name="Authorities" />
      <FE name="Charges" />
      <FE name="Place" />
      <FE name="Suspect" />
      <pattern total="1">
        <valenceUnit GF="" PT="CNI" FE="Authorities" />
        <valenceUnit GF="" PT="DNI" FE="Charges" />
        <valenceUnit GF="Dep" PT="PP[at]" FE="Place" />
        <valenceUnit GF="Ext" PT="NP" FE="Suspect" />
        <annoSet ID="1205543" />
      </pattern>
      <pattern total="1">
        <valenceUnit GF="Ext" PT="NP" FE="Authorities" />
        <valenceUnit GF="" PT="DNI" FE="Charges" />
        <valenceUnit GF="Dep" PT="PP[in]" FE="Place" />
        <valenceUnit GF="Obj" PT="NP" FE="Suspect" />
        <annoSet ID="1205229" />
      </pattern>
      <pattern total="1">
        <valenceUnit GF="Ext" PT="NP" FE="Authorities" />
        <valenceUnit GF="" PT="INI" FE="Charges" />
        <valenceUnit GF="Dep" PT="PP[at]" FE="Place" />
        <valenceUnit GF="Obj" PT="NP" FE="Suspect" />
        <annoSet ID="1205141" />
      </pattern>
    </FEGroupRealization>
    <FEGroupRealization total="6">
      <FE name="Authorities" />
      <FE name="Charges" />
      <FE name="Place" />
      <FE name="Suspect" />
      <FE name="Time" />
      <pattern total="1">
        <valenceUnit GF="" PT="CNI" FE="Authorities" />
        <valenceUnit GF="" PT="DNI" FE="Charges" />
        <valenceUnit GF="Dep" PT="PP[in]" FE="Place" />
        <valenceUnit GF="Ext" PT="NP" FE="Suspect" />
        <valenceUnit GF="Dep" PT="PP[at]" FE="Time" />
        <annoSet ID="1205669" />
      </pattern>
      <pattern total="1">
        <valenceUnit GF="" PT="CNI" FE="Authorities" />
        <valenceUnit GF="" PT="DNI" FE="Charges" />
        <valenceUnit GF="Dep" PT="VPing" FE="Place" />
        <valenceUnit GF="Ext" PT="NP" FE="Suspect" />
        <valenceUnit GF="Dep" PT="NP" FE="Time" />
        <annoSet ID="1205121" />
      </pattern>
      <pattern total="1">
        <valenceUnit GF="Ext" PT="NP" FE="Authorities" />
        <valenceUnit GF="" PT="DNI" FE="Charges" />
        <valenceUnit GF="Dep" PT="PP[at]" FE="Place" />
        <valenceUnit GF="Obj" PT="NP" FE="Suspect" />
        <valenceUnit GF="Dep" PT="PP[after]" FE="Time" />
        <annoSet ID="1205153" />
      </pattern>
      <pattern total="1">
        <valenceUnit GF="Ext" PT="NP" FE="Authorities" />
        <valenceUnit GF="" PT="DNI" FE="Charges" />
        <valenceUnit GF="Dep" PT="PP[in]" FE="Place" />
        <valenceUnit GF="Obj" PT="NP" FE="Suspect" />
        <valenceUnit GF="Dep" PT="AVP" FE="Time" />
        <annoSet ID="1205227" />
      </pattern>
      <pattern total="1">
        <valenceUnit GF="Ext" PT="NP" FE="Authorities" />
        <valenceUnit GF="" PT="DNI" FE="Charges" />
        <valenceUnit GF="Dep" PT="PP[in]" FE="Place" />
        <valenceUnit GF="Obj" PT="NP" FE="Suspect" />
        <valenceUnit GF="Dep" PT="PP[after]" FE="Time" />
        <annoSet ID="1205217" />
      </pattern>
      <pattern total="1">
        <valenceUnit GF="Ext" PT="NP" FE="Authorities" />
        <valenceUnit GF="Dep" PT="PP[on]" FE="Charges" />
        <valenceUnit GF="Dep" PT="PP[in]" FE="Place" />
        <valenceUnit GF="Obj" PT="NP" FE="Suspect" />
        <valenceUnit GF="Dep" PT="PP[on]" FE="Time" />
        <annoSet ID="1205249" />
      </pattern>
    </FEGroupRealization>
    <FEGroupRealization total="3">
      <FE name="Authorities" />
      <FE name="Charges" />
      <FE name="Place" />
      <FE name="Suspect" />
      <FE name="Time" />
      <FE name="Time" />
      <pattern total="1">
        <valenceUnit GF="" PT="CNI" FE="Authorities" />
        <valenceUnit GF="" PT="DNI" FE="Charges" />
        <valenceUnit GF="Dep" PT="PP[in]" FE="Place" />
        <valenceUnit GF="Ext" PT="NP" FE="Suspect" />
        <valenceUnit GF="Dep" PT="PP[after]" FE="Time" />
        <valenceUnit GF="Dep" PT="PPing[while]" FE="Time" />
        <annoSet ID="1205475" />
      </pattern>
      <pattern total="1">
        <valenceUnit GF="Ext" PT="NP" FE="Authorities" />
        <valenceUnit GF="" PT="DNI" FE="Charges" />
        <valenceUnit GF="Dep" PT="PP[at]" FE="Place" />
        <valenceUnit GF="Obj" PT="NP" FE="Suspect" />
        <valenceUnit GF="Dep" PT="NP" FE="Time" />
        <valenceUnit GF="Dep" PT="NP" FE="Time" />
        <annoSet ID="1205147" />
      </pattern>
      <pattern total="1">
        <valenceUnit GF="Ext" PT="NP" FE="Authorities" />
        <valenceUnit GF="" PT="DNI" FE="Charges" />
        <valenceUnit GF="Dep" PT="PP[in]" FE="Place" />
        <valenceUnit GF="Obj" PT="NP" FE="Suspect" />
        <valenceUnit GF="Dep" PT="NP" FE="Time" />
        <valenceUnit GF="Dep" PT="PPing[after]" FE="Time" />
        <annoSet ID="1205219" />
      </pattern>
    </FEGroupRealization>
    <FEGroupRealization total="1">
      <FE name="Authorities" />
      <FE name="Charges" />
      <FE name="Purpose" />
      <FE name="Suspect" />
      <pattern total="1">
        <valenceUnit GF="Ext" PT="NP" FE="Authorities" />
        <valenceUnit GF="" PT="DNI" FE="Charges" />
        <valenceUnit GF="Dep" PT="VPto" FE="Purpose" />
        <valenceUnit GF="Obj" PT="NP" FE="Suspect" />
        <annoSet ID="6646252" />
      </pattern>
    </FEGroupRealization>
    <FEGroupRealization total="2">
      <FE name="Authorities" />
      <FE name="Charges" />
      <FE name="Source_of_legal_authority" />
      <FE name="Suspect" />
      <pattern total="1">
        <valenceUnit GF="" PT="CNI" FE="Authorities" />
        <valenceUnit GF="" PT="DNI" FE="Charges" />
        <valenceUnit GF="Dep" PT="PP[under]" FE="Source_of_legal_authority" />
        <valenceUnit GF="Ext" PT="NP" FE="Suspect" />
        <annoSet ID="1205743" />
      </pattern>
      <pattern total="1">
        <valenceUnit GF="Ext" PT="NP" FE="Authorities" />
        <valenceUnit GF="" PT="DNI" FE="Charges" />
        <valenceUnit GF="Dep" PT="PP[under]" FE="Source_of_legal_authority" />
        <valenceUnit GF="Obj" PT="NP" FE="Suspect" />
        <annoSet ID="1205285" />
      </pattern>
    </FEGroupRealization>
    <FEGroupRealization total="20">
      <FE name="Authorities" />
      <FE name="Charges" />
      <FE name="Suspect" />
      <pattern total="5">
        <valenceUnit GF="" PT="CNI" FE="Authorities" />
        <valenceUnit GF="" PT="DNI" FE="Charges" />
        <valenceUnit GF="Ext" PT="NP" FE="Suspect" />
        <annoSet ID="1205463" />
        <annoSet ID="6533170" />
        <annoSet ID="6533582" />
        <annoSet ID="6533585" />
        <annoSet ID="6533588" />
      </pattern>
      <pattern total="1">
        <valenceUnit GF="" PT="CNI" FE="Authorities" />
        <valenceUnit GF="Dep" PT="PP[for]" FE="Charges" />
        <valenceUnit GF="" PT="INI" FE="Suspect" />
        <annoSet ID="1205655" />
      </pattern>
      <pattern total="1">
        <valenceUnit GF="" PT="CNI" FE="Authorities" />
        <valenceUnit GF="Dep" PT="PP[on]" FE="Charges" />
        <valenceUnit GF="Ext" PT="NP" FE="Suspect" />
        <annoSet ID="1205873" />
      </pattern>
      <pattern total="5">
        <valenceUnit GF="Ext" PT="NP" FE="Authorities" />
        <valenceUnit GF="" PT="DNI" FE="Charges" />
        <valenceUnit GF="Obj" PT="NP" FE="Suspect" />
        <annoSet ID="1205125" />
        <annoSet ID="1205127" />
        <annoSet ID="1205403" />
        <annoSet ID="6549597" />
        <annoSet ID="6646240" />
      </pattern>
      <pattern total="2">
        <valenceUnit GF="Ext" PT="NP" FE="Authorities" />
        <valenceUnit GF="Dep" PT="PP[for]" FE="Charges" />
        <valenceUnit GF="Obj" PT="NP" FE="Suspect" />
        <annoSet ID="1205173" />
        <annoSet ID="1205491" />
      </pattern>
      <pattern total="3">
        <valenceUnit GF="Ext" PT="NP" FE="Authorities" />
        <valenceUnit GF="Dep" PT="PP[on]" FE="Charges" />
        <valenceUnit GF="Obj" PT="NP" FE="Suspect" />
        <annoSet ID="1205255" />
        <annoSet ID="1205261" />
        <annoSet ID="6669260" />
      </pattern>
      <pattern total="3">
        <valenceUnit GF="Dep" PT="PP[by]" FE="Authorities" />
        <valenceUnit GF="" PT="DNI" FE="Charges" />
        <valenceUnit GF="Ext" PT="NP" FE="Suspect" />
        <annoSet ID="1205583" />
        <annoSet ID="1205589" />
        <annoSet ID="1205607" />
      </pattern>
    </FEGroupRealization>
    <FEGroupRealization total="12">
      <FE name="Authorities" />
      <FE name="Charges" />
      <FE name="Suspect" />
      <FE name="Time" />
      <pattern total="1">
        <valenceUnit GF="" PT="CNI" FE="Authorities" />
        <valenceUnit GF="" PT="DNI" FE="Charges" />
        <valenceUnit GF="Ext" PT="NP" FE="Suspect" />
        <valenceUnit GF="Dep" PT="AVP" FE="Time" />
        <annoSet ID="6525508" />
      </pattern>
      <pattern total="1">
        <valenceUnit GF="" PT="CNI" FE="Authorities" />
        <valenceUnit GF="" PT="DNI" FE="Charges" />
        <valenceUnit GF="Ext" PT="NP" FE="Suspect" />
        <valenceUnit GF="Dep" PT="PP[on]" FE="Time" />
        <annoSet ID="1205717" />
      </pattern>
      <pattern total="1">
        <valenceUnit GF="" PT="CNI" FE="Authorities" />
        <valenceUnit GF="" PT="DNI" FE="Charges" />
        <valenceUnit GF="Ext" PT="NP" FE="Suspect" />
        <valenceUnit GF="Dep" PT="Sub" FE="Time" />
        <annoSet ID="1205453" />
      </pattern>
      <pattern total="1">
        <valenceUnit GF="" PT="CNI" FE="Authorities" />
        <valenceUnit GF="" PT="INI" FE="Charges" />
        <valenceUnit GF="Ext" PT="NP" FE="Suspect" />
        <valenceUnit GF="Dep" PT="PP[in]" FE="Time" />
        <annoSet ID="1205689" />
      </pattern>
      <pattern total="1">
        <valenceUnit GF="Ext" PT="NP" FE="Authorities" />
        <valenceUnit GF="" PT="DNI" FE="Charges" />
        <valenceUnit GF="Obj" PT="NP" FE="Suspect" />
        <valenceUnit GF="Dep" PT="AVP" FE="Time" />
        <annoSet ID="1205135" />
      </pattern>
      <pattern total="1">
        <valenceUnit GF="Ext" PT="NP" FE="Authorities" />
        <valenceUnit GF="" PT="DNI" FE="Charges" />
        <valenceUnit GF="Obj" PT="NP" FE="Suspect" />
        <valenceUnit GF="Dep" PT="PP[at]" FE="Time" />
        <annoSet ID="1205365" />
      </pattern>
      <pattern total="1">
        <valenceUnit GF="Ext" PT="NP" FE="Authorities" />
        <valenceUnit GF="" PT="INI" FE="Charges" />
        <valenceUnit GF="Obj" PT="NP" FE="Suspect" />
        <valenceUnit GF="Dep" PT="NP" FE="Time" />
        <annoSet ID="6525499" />
      </pattern>
      <pattern total="1">
        <valenceUnit GF="Dep" PT="PP[by]" FE="Authorities" />
        <valenceUnit GF="" PT="DNI" FE="Charges" />
        <valenceUnit GF="Ext" PT="NP" FE="Suspect" />
        <valenceUnit GF="Dep" PT="NP" FE="Time" />
        <annoSet ID="1205417" />
      </pattern>
      <pattern total="1">
        <valenceUnit GF="Dep" PT="PP[by]" FE="Authorities" />
        <valenceUnit GF="" PT="DNI" FE="Charges" />
        <valenceUnit GF="Ext" PT="NP" FE="Suspect" />
        <valenceUnit GF="Dep" PT="PP[after]" FE="Time" />
        <annoSet ID="6539025" />
      </pattern>
      <pattern total="2">
        <valenceUnit GF="Dep" PT="PP[by]" FE="Authorities" />
        <valenceUnit GF="" PT="DNI" FE="Charges" />
        <valenceUnit GF="Ext" PT="NP" FE="Suspect" />
        <valenceUnit GF="Dep" PT="PP[in]" FE="Time" />
        <annoSet ID="1205411" />
        <annoSet ID="1205427" />
      </pattern>
      <pattern total="1">
        <valenceUnit GF="Dep" PT="PP[by]" FE="Authorities" />
        <valenceUnit GF="" PT="DNI" FE="Charges" />
        <valenceUnit GF="Ext" PT="NP" FE="Suspect" />
        <valenceUnit GF="Dep" PT="Sub" FE="Time" />
        <annoSet ID="1205449" />
      </pattern>
    </FEGroupRealization>
    <FEGroupRealization total="1">
      <FE name="Authorities" />
      <FE name="Charges" />
      <FE name="Suspect" />
      <FE name="Time" />
      <FE name="Time" />
      <pattern total="1">
        <valenceUnit GF="Dep" PT="PP[by]" FE="Authorities" />
        <valenceUnit GF="" PT="DNI" FE="Charges" />
        <valenceUnit GF="Ext" PT="NP" FE="Suspect" />
        <valenceUnit GF="Dep" PT="NP" FE="Time" />
        <valenceUnit GF="Dep" PT="Sub" FE="Time" />
        <annoSet ID="1205323" />
      </pattern>
    </FEGroupRealization>
    <FEGroupRealization total="2">
      <FE name="Authorities" />
      <FE name="Offense" />
      <FE name="Place" />
      <FE name="Suspect" />
      <pattern total="1">
        <valenceUnit GF="" PT="CNI" FE="Authorities" />
        <valenceUnit GF="" PT="2nd" FE="Offense" />
        <valenceUnit GF="Dep" PT="PP[at]" FE="Place" />
        <valenceUnit GF="Ext" PT="NP" FE="Suspect" />
        <annoSet ID="1205561" />
      </pattern>
      <pattern total="1">
        <valenceUnit GF="" PT="CNI" FE="Authorities" />
        <valenceUnit GF="" PT="2nd" FE="Offense" />
        <valenceUnit GF="Dep" PT="PP[in]" FE="Place" />
        <valenceUnit GF="Ext" PT="NP" FE="Suspect" />
        <annoSet ID="6532441" />
      </pattern>
    </FEGroupRealization>
    <FEGroupRealization total="1">
      <FE name="Authorities" />
      <FE name="Offense" />
      <FE name="Place" />
      <FE name="Suspect" />
      <FE name="Time" />
      <pattern total="1">
        <valenceUnit GF="" PT="CNI" FE="Authorities" />
        <valenceUnit GF="" PT="2nd" FE="Offense" />
        <valenceUnit GF="Dep" PT="PP[in]" FE="Place" />
        <valenceUnit GF="Ext" PT="NP" FE="Suspect" />
        <valenceUnit GF="Dep" PT="PP[in]" FE="Time" />
        <annoSet ID="6532432" />
      </pattern>
    </FEGroupRealization>
    <FEGroupRealization total="18">
      <FE name="Authorities" />
      <FE name="Offense" />
      <FE name="Suspect" />
      <pattern total="1">
        <valenceUnit GF="" PT="CNI" FE="Authorities" />
        <valenceUnit GF="" PT="2nd" FE="Offense" />
        <valenceUnit GF="Obj" PT="NP" FE="Suspect" />
        <annoSet ID="6533221" />
      </pattern>
      <pattern total="2">
        <valenceUnit GF="" PT="CNI" FE="Authorities" />
        <valenceUnit GF="Dep" PT="PP[for]" FE="Offense" />
        <valenceUnit GF="Ext" PT="NP" FE="Suspect" />
        <annoSet ID="1205185" />
        <annoSet ID="1205883" />
      </pattern>
      <pattern total="1">
        <valenceUnit GF="" PT="CNI" FE="Authorities" />
        <valenceUnit GF="Dep" PT="PP[over]" FE="Offense" />
        <valenceUnit GF="Ext" PT="NP" FE="Suspect" />
        <annoSet ID="1205789" />
      </pattern>
      <pattern total="1">
        <valenceUnit GF="" PT="CNI" FE="Authorities" />
        <valenceUnit GF="Dep" PT="PPing[for]" FE="Offense" />
        <valenceUnit GF="Ext" PT="NP" FE="Suspect" />
        <annoSet ID="1205757" />
      </pattern>
      <pattern total="1">
        <valenceUnit GF="" PT="INI" FE="Authorities" />
        <valenceUnit GF="" PT="INI" FE="Offense" />
        <valenceUnit GF="Obj" PT="NP" FE="Suspect" />
        <annoSet ID="6646711" />
      </pattern>
      <pattern total="2">
        <valenceUnit GF="Ext" PT="NP" FE="Authorities" />
        <valenceUnit GF="" PT="2nd" FE="Offense" />
        <valenceUnit GF="Obj" PT="NP" FE="Suspect" />
        <annoSet ID="1205375" />
        <annoSet ID="1205509" />
      </pattern>
      <pattern total="2">
        <valenceUnit GF="Ext" PT="NP" FE="Authorities" />
        <valenceUnit GF="Dep" PT="PP[for]" FE="Offense" />
        <valenceUnit GF="Obj" PT="NP" FE="Suspect" />
        <annoSet ID="1205195" />
        <annoSet ID="1205201" />
      </pattern>
      <pattern total="2">
        <valenceUnit GF="Ext" PT="NP" FE="Authorities" />
        <valenceUnit GF="Dep" PT="PP[in]" FE="Offense" />
        <valenceUnit GF="Obj" PT="NP" FE="Suspect" />
        <annoSet ID="1205327" />
        <annoSet ID="1205331" />
      </pattern>
      <pattern total="1">
        <valenceUnit GF="Ext" PT="NP" FE="Authorities" />
        <valenceUnit GF="Dep" PT="PP[on]" FE="Offense" />
        <valenceUnit GF="Obj" PT="NP" FE="Suspect" />
        <annoSet ID="1205271" />
      </pattern>
      <pattern total="5">
        <valenceUnit GF="Ext" PT="NP" FE="Authorities" />
        <valenceUnit GF="Dep" PT="PPing[for]" FE="Offense" />
        <valenceUnit GF="Obj" PT="NP" FE="Suspect" />
        <annoSet ID="1205187" />
        <annoSet ID="1205209" />
        <annoSet ID="1205291" />
        <annoSet ID="1205297" />
        <annoSet ID="6536116" />
      </pattern>
    </FEGroupRealization>
    <FEGroupRealization total="3">
      <FE name="Authorities" />
      <FE name="Offense" />
      <FE name="Suspect" />
      <FE name="Time" />
      <pattern total="1">
        <valenceUnit GF="" PT="CNI" FE="Authorities" />
        <valenceUnit GF="Dep" PT="PP[for]" FE="Offense" />
        <valenceUnit GF="Ext" PT="NP" FE="Suspect" />
        <valenceUnit GF="Dep" PT="PP[in]" FE="Time" />
        <annoSet ID="1205629" />
      </pattern>
      <pattern total="1">
        <valenceUnit GF="" PT="CNI" FE="Authorities" />
        <valenceUnit GF="Dep" PT="PPing[for]" FE="Offense" />
        <valenceUnit GF="Ext" PT="NP" FE="Suspect" />
        <valenceUnit GF="Dep" PT="NP" FE="Time" />
        <annoSet ID="1205311" />
      </pattern>
      <pattern total="1">
        <valenceUnit GF="" PT="DNI" FE="Authorities" />
        <valenceUnit GF="Dep" PT="PPing[for]" FE="Offense" />
        <valenceUnit GF="Ext" PT="NP" FE="Suspect" />
        <valenceUnit GF="Dep" PT="Sub" FE="Time" />
        <annoSet ID="1205745" />
      </pattern>
    </FEGroupRealization>
    <FEGroupRealization total="2">
      <FE name="Authorities" />
      <FE name="Suspect" />
      <FE name="Time" />
      <pattern total="1">
        <valenceUnit GF="" PT="CNI" FE="Authorities" />
        <valenceUnit GF="Ext" PT="NP" FE="Suspect" />
        <valenceUnit GF="Dep" PT="NP" FE="Time" />
        <annoSet ID="6774192" />
      </pattern>
      <pattern total="1">
        <valenceUnit GF="Ext" PT="NP" FE="Authorities" />
        <valenceUnit GF="Obj" PT="NP" FE="Suspect" />
        <valenceUnit GF="Dep" PT="NP" FE="Time" />
        <annoSet ID="6547518" />
      </pattern>
    </FEGroupRealization>
    <FEGroupRealization total="1">
      <FE name="Offense" />
      <FE name="Suspect" />
      <FE name="Time" />
      <pattern total="1">
        <valenceUnit GF="" PT="INI" FE="Offense" />
        <valenceUnit GF="Ext" PT="NP" FE="Suspect" />
        <valenceUnit GF="Dep" PT="AVP" FE="Time" />
        <annoSet ID="6547531" />
      </pattern>
    </FEGroupRealization>
  </valences>
  <subCorpus name="V-augmented">
    <sentence sentNo="0" ID="1400101n">
      <text>But the driver got arrested for speeding -- an inspector in a tram-car had seen it and went and gave evidence against him .</text>
      <annotationSet cDate="08/08/2025 07:58:05 PST Fri" status="AUGMENTED" ID="0">
        <layer name="FE" rank="1">
          <label cBy="auto-aug" feID="1646" start="4" end="13" name="Suspect" />
          <label cBy="auto-aug" feID="2756" start="28" end="39" name="Offense" />
        </layer>
        <layer name="Target" rank="1">
          <label cBy="auto-aug" start="19" end="26" name="Target" />
        </layer>
      </annotationSet>
    </sentence>
    <sentence sentNo="0" ID="949426n">
      <text>Police arrested the suspect when he returned home . </text>
      <annotationSet cDate="08/08/2025 07:58:05 PST Fri" status="AUGMENTED" ID="0">
        <layer name="FE" rank="1">
          <label cBy="auto-aug" feID="1645" start="0" end="5" name="Authorities" />
          <label cBy="auto-aug" feID="1646" start="16" end="26" name="Suspect" />
          <label cBy="auto-aug" feID="1644" start="28" end="48" name="Time" />
        </layer>
        <layer name="Target" rank="1">
          <label cBy="auto-aug" start="7" end="14" name="Target" />
        </layer>
      </annotationSet>
    </sentence>
    <sentence sentNo="0" ID="1400117n">
      <text>suspects were arrested in the first half of this year for theft .</text>
      <annotationSet cDate="08/08/2025 07:58:05 PST Fri" status="AUGMENTED" ID="0">
        <layer name="FE" rank="1">
          <label cBy="auto-aug" feID="1646" start="0" end="7" name="Suspect" />
          <label cBy="auto-aug" feID="1644" start="23" end="52" name="Time" />
          <label cBy="auto-aug" feID="2756" start="54" end="62" name="Offense" />
        </layer>
        <layer name="Target" rank="1">
          <label cBy="auto-aug" start="14" end="21" name="Target" />
        </layer>
      </annotationSet>
    </sentence>
    <sentence sentNo="0" ID="875562n">
      <text>On the other hand , criminals are less likely to be arrested or detained by the police for theft . </text>
      <annotationSet cDate="08/08/2025 07:58:05 PST Fri" status="AUGMENTED" ID="0">
        <layer name="FE" rank="1">
          <label cBy="auto-aug" feID="1646" start="20" end="28" name="Suspect" />
          <label cBy="auto-aug" feID="1645" start="73" end="85" name="Authorities" />
          <label cBy="auto-aug" feID="2756" start="87" end="95" name="Offense" />
        </layer>
        <layer name="Target" rank="1">
          <label cBy="auto-aug" start="52" end="59" name="Target" />
        </layer>
      </annotationSet>
    </sentence>
    <sentence sentNo="0" ID="875114n">
      <text>He arrested the suspect in the staff-room at eleven-thirty . </text>
      <annotationSet cDate="08/08/2025 07:58:05 PST Fri" status="AUGMENTED" ID="0">
        <layer name="FE" rank="1">
          <label cBy="auto-aug" feID="1645" start="0" end="1" name="Authorities" />
          <label cBy="auto-aug" feID="1646" start="12" end="22" name="Suspect" />
          <label cBy="auto-aug" feID="1643" start="24" end="40" name="Place" />
          <label cBy="auto-aug" feID="1644" start="42" end="57" name="Time" />
        </layer>
        <layer name="Target" rank="1">
          <label cBy="auto-aug" start="3" end="10" name="Target" />
        </layer>
      </annotationSet>
    </sentence>
    <sentence sentNo="0" ID="1400103n">
      <text>Chased them , got one , took him in , and told him he would be arrested for theft .</text>
      <annotationSet cDate="08/08/2025 07:58:05 PST Fri" status="AUGMENTED" ID="0">
        <layer name="FE" rank="1">
          <label cBy="auto-aug" feID="1646" start="51" end="52" name="Suspect" />
          <label cBy="auto-aug" feID="2756" start="72" end="80" name="Offense" />
        </layer>
        <layer name="Target" rank="1">
          <label cBy="auto-aug" start="63" end="70" name="Target" />
        </layer>
      </annotationSet>
    </sentence>
    <sentence sentNo="0" ID="949435n">
      <text>It seems she let him run wild while she got on with her business -- hate to think what that was -- and him got arrested by the police . </text>
      <annotationSet cDate="08/08/2025 07:58:05 PST Fri" status="AUGMENTED" ID="0">
        <layer name="FE" rank="1">
          <label cBy="auto-aug" feID="1646" start="103" end="105" name="Suspect" />
          <label cBy="auto-aug" feID="1645" start="120" end="132" name="Authorities" />
        </layer>
        <layer name="Target" rank="1">
          <label cBy="auto-aug" start="111" end="118" name="Target" />
        </layer>
      </annotationSet>
    </sentence>
    <sentence sentNo="0" ID="874916n">
      <text>When he was with the Denver paycops , he had arrested a suspect for robbery . </text>
      <annotationSet cDate="08/08/2025 07:58:05 PST Fri" status="AUGMENTED" ID="0">
        <layer name="FE" rank="1">
          <label cBy="auto-aug" feID="1644" start="0" end="34" name="Time" />
          <label cBy="auto-aug" feID="1645" start="38" end="39" name="Authorities" />
          <label cBy="auto-aug" feID="1646" start="54" end="62" name="Suspect" />
          <label cBy="auto-aug" feID="1642" start="64" end="74" name="Charges" />
        </layer>
        <layer name="Target" rank="1">
          <label cBy="auto-aug" start="45" end="52" name="Target" />
        </layer>
      </annotationSet>
    </sentence>
    <sentence sentNo="0" ID="874953n">
      <text>Hell , for Hell John has been arrested for conspiracy to commit murder. , received death threats from the Klan and had triple-bypass heart surgery , you look damn good , John . </text>
      <annotationSet cDate="08/08/2025 07:58:05 PST Fri" status="AUGMENTED" ID="0">
        <layer name="FE" rank="1">
          <label cBy="auto-aug" feID="1646" start="11" end="14" name="Suspect" />
          <label cBy="auto-aug" feID="1646" start="16" end="19" name="Suspect" />
          <label cBy="auto-aug" feID="2756" start="39" end="70" name="Offense" />
        </layer>
        <layer name="Target" rank="1">
          <label cBy="auto-aug" start="30" end="37" name="Target" />
        </layer>
      </annotationSet>
    </sentence>
    <sentence sentNo="0" ID="1293033n">
      <text>the suspect , was arrested for assault .</text>
      <annotationSet cDate="08/08/2025 07:58:05 PST Fri" status="AUGMENTED" ID="0">
        <layer name="FE" rank="1">
          <label cBy="auto-aug" feID="1646" start="0" end="10" name="Suspect" />
          <label cBy="auto-aug" feID="1642" start="27" end="37" name="Charges" />
        </layer>
        <layer name="Target" rank="1">
          <label cBy="auto-aug" start="18" end="25" name="Target" />
        </layer>
      </annotationSet>
    </sentence>
    <sentence sentNo="0" ID="874951n">
      <text>` Yeah well , He got arrested for theft once . </text>
      <annotationSet cDate="08/08/2025 07:58:05 PST Fri" status="AUGMENTED" ID="0">
        <layer name="FE" rank="1">
          <label cBy="auto-aug" feID="1646" start="14" end="15" name="Suspect" />
          <label cBy="auto-aug" feID="2756" start="30" end="38" name="Offense" />
        </layer>
        <layer name="Target" rank="1">
          <label cBy="auto-aug" start="21" end="28" name="Target" />
        </layer>
      </annotationSet>
    </sentence>
    <sentence sentNo="0" ID="875082n">
      <text>I I must try and arrest the suspect tomorrow . </text>
      <annotationSet cDate="08/08/2025 07:58:05 PST Fri" status="AUGMENTED" ID="0">
        <layer name="FE" rank="1">
          <label cBy="auto-aug" feID="1645" start="0" end="0" name="Authorities" />
          <label cBy="auto-aug" feID="1646" start="24" end="34" name="Suspect" />
          <label cBy="auto-aug" feID="1644" start="36" end="43" name="Time" />
        </layer>
        <layer name="Target" rank="1">
          <label cBy="auto-aug" start="17" end="22" name="Target" />
        </layer>
      </annotationSet>
    </sentence>
    <sentence sentNo="0" ID="874939n">
      <text>the actor , the star of Psycho , had grown his own cannabis back home in Los Angeles and had thought to avoid being arrested police by posting it to the hotel in Wales where he was due to stay in June 1989 . </text>
      <annotationSet cDate="08/08/2025 07:58:05 PST Fri" status="AUGMENTED" ID="0">
        <layer name="FE" rank="1">
          <label cBy="auto-aug" feID="1646" start="0" end="8" name="Suspect" />
          <label cBy="auto-aug" feID="1645" start="125" end="130" name="Authorities" />
        </layer>
        <layer name="Target" rank="1">
          <label cBy="auto-aug" start="116" end="123" name="Target" />
        </layer>
      </annotationSet>
    </sentence>
    <sentence sentNo="0" ID="875516n">
      <text>Asked about Noriega 's extradition , Mr Eduardo Vallarino told reporters : ` The Panamanian constitution prohibits extradition , so if Noriega is arrested he 'll have to be duly charged and tried in Panama . " </text>
      <annotationSet cDate="08/08/2025 07:58:05 PST Fri" status="AUGMENTED" ID="0">
        <layer name="FE" rank="1">
          <label cBy="auto-aug" feID="1646" start="135" end="141" name="Suspect" />
        </layer>
        <layer name="Target" rank="1">
          <label cBy="auto-aug" start="146" end="153" name="Target" />
        </layer>
      </annotationSet>
    </sentence>
    <sentence sentNo="0" ID="1400112n">
      <text>I said , ` I 've got to arrests the suspect for theft . "</text>
      <annotationSet cDate="08/08/2025 07:58:05 PST Fri" status="AUGMENTED" ID="0">
        <layer name="FE" rank="1">
          <label cBy="auto-aug" feID="1645" start="0" end="0" name="Authorities" />
          <label cBy="auto-aug" feID="1646" start="32" end="42" name="Suspect" />
          <label cBy="auto-aug" feID="2756" start="44" end="52" name="Offense" />
        </layer>
        <layer name="Target" rank="1">
          <label cBy="auto-aug" start="24" end="30" name="Target" />
        </layer>
      </annotationSet>
    </sentence>
    <sentence sentNo="0" ID="4119601n">
      <text>Ken Bode , moderator of PBS ' journalists round-table , Washington Week in Review , spelled out the case for defilement right after the story broke that big-time campaign money would get the suspect arrested overnight the authorities .</text>
      <annotationSet cDate="08/08/2025 07:58:05 PST Fri" status="AUGMENTED" ID="0">
        <layer name="FE" rank="1">
          <label cBy="auto-aug" feID="1646" start="187" end="197" name="Suspect" />
          <label cBy="auto-aug" feID="1645" start="218" end="232" name="Authorities" />
        </layer>
        <layer name="Target" rank="1">
          <label cBy="auto-aug" start="199" end="206" name="Target" />
        </layer>
      </annotationSet>
    </sentence>
    <sentence sentNo="0" ID="875106n">
      <text>I had plenty of time to think between sentences , since the detective who 'd arrested the suspect was carefully writing it into a statement . </text>
      <annotationSet cDate="08/08/2025 07:58:05 PST Fri" status="AUGMENTED" ID="0">
        <layer name="FE" rank="1">
          <label cBy="auto-aug" feID="1645" start="56" end="68" name="Authorities" />
          <label cBy="auto-aug" feID="1645" start="70" end="72" name="Authorities" />
          <label cBy="auto-aug" feID="1646" start="86" end="96" name="Suspect" />
        </layer>
        <layer name="Target" rank="1">
          <label cBy="auto-aug" start="77" end="84" name="Target" />
        </layer>
      </annotationSet>
    </sentence>
  </subCorpus>
</lexUnit>