<?xml version='1.0' encoding='UTF-8'?>
<lexUnit xmlns="http://framenet.icsi.berkeley.edu" xmlns:xsi="http://www.w3.org/2001/XMLSchema-instance" status="Finished_Initial" POS="V" name="feed.v" ID="4792" frame="Ingestion" frameID="263" totalAnnotated="19" xsi:schemaLocation="../schema/lexUnit.xsd">
  <header>
    <corpus description="Texts from Nuclear Threat Initiative website, created by Center for Non-Proliferation Studies" name="NTI" ID="135">
      <document description="North Korea Introduction" name="NorthKorea_Introduction" ID="23481" />
    </corpus>
    <corpus description="American National Corpus Texts" name="ANC" ID="195">
      <document description="Goodwill fund-raising letter" name="110CYL067" ID="23791" />
    </corpus>
    <frame>
      <FE fgColor="FFFFFF" bgColor="FF69B4" type="Peripheral" abbrev="Degr" name="Degree" />
      <FE fgColor="000000" bgColor="d0d0d0" type="Peripheral" abbrev="Dur" name="Duration" />
      <FE fgColor="FFFFFF" bgColor="800080" type="Core" abbrev="Ingible" name="Ingestibles" />
      <FE fgColor="FFFFFF" bgColor="FF0000" type="Core" abbrev="Ing" name="Ingestor" />
      <FE fgColor="FFFFFF" bgColor="808080" type="Peripheral" abbrev="Ins" name="Instrument" />
      <FE fgColor="FFFFFF" bgColor="FF00FF" type="Peripheral" abbrev="Manr" name="Manner" />
      <FE fgColor="FFFFFF" bgColor="0000FF" type="Peripheral" abbrev="Mns" name="Means" />
      <FE fgColor="FFFFFF" bgColor="008000" type="Peripheral" abbrev="Place" name="Place" />
      <FE fgColor="FFFFFF" bgColor="1E90FF" type="Peripheral" abbrev="pur" name="Purpose" />
      <FE fgColor="FFFFFF" bgColor="A52A2A" type="Peripheral" abbrev="Src" name="Source" />
      <FE fgColor="FFFFFF" bgColor="FFA500" type="Peripheral" abbrev="Time" name="Time" />
    </frame>
  </header>
  <definition>COD: eat</definition>
  <lexeme POS="V" name="feed" />
  <valences>
    <FERealization total="19">
      <FE name="Ingestibles" />
      <pattern total="1">
        <valenceUnit GF="" PT="DNI" FE="Ingestibles" />
        <annoSet ID="6556689" />
      </pattern>
      <pattern total="6">
        <valenceUnit GF="" PT="INI" FE="Ingestibles" />
        <annoSet ID="1044184" />
        <annoSet ID="1044186" />
        <annoSet ID="1044222" />
        <annoSet ID="1044224" />
        <annoSet ID="1044440" />
        <annoSet ID="1044504" />
      </pattern>
      <pattern total="1">
        <valenceUnit GF="Ext" PT="NP" FE="Ingestibles" />
        <annoSet ID="6528073" />
      </pattern>
      <pattern total="9">
        <valenceUnit GF="Dep" PT="PP[on]" FE="Ingestibles" />
        <annoSet ID="1044182" />
        <annoSet ID="1044196" />
        <annoSet ID="1044200" />
        <annoSet ID="1044370" />
        <annoSet ID="1044378" />
        <annoSet ID="1044430" />
        <annoSet ID="1044444" />
        <annoSet ID="1044450" />
        <annoSet ID="1044452" />
      </pattern>
      <pattern total="1">
        <valenceUnit GF="Dep" PT="PP[upon]" FE="Ingestibles" />
        <annoSet ID="1044354" />
      </pattern>
      <pattern total="1">
        <valenceUnit GF="Dep" PT="PPing[upon]" FE="Ingestibles" />
        <annoSet ID="1044348" />
      </pattern>
    </FERealization>
    <FERealization total="19">
      <FE name="Ingestor" />
      <pattern total="18">
        <valenceUnit GF="Ext" PT="NP" FE="Ingestor" />
        <annoSet ID="1044182" />
        <annoSet ID="1044184" />
        <annoSet ID="1044186" />
        <annoSet ID="1044196" />
        <annoSet ID="1044200" />
        <annoSet ID="1044222" />
        <annoSet ID="1044224" />
        <annoSet ID="1044348" />
        <annoSet ID="1044354" />
        <annoSet ID="1044370" />
        <annoSet ID="1044378" />
        <annoSet ID="1044430" />
        <annoSet ID="1044440" />
        <annoSet ID="1044444" />
        <annoSet ID="1044450" />
        <annoSet ID="1044452" />
        <annoSet ID="1044504" />
        <annoSet ID="6556689" />
      </pattern>
      <pattern total="1">
        <valenceUnit GF="Obj" PT="NP" FE="Ingestor" />
        <annoSet ID="6528073" />
      </pattern>
    </FERealization>
    <FERealization total="2">
      <FE name="Manner" />
      <pattern total="2">
        <valenceUnit GF="Dep" PT="AVP" FE="Manner" />
        <annoSet ID="1044184" />
        <annoSet ID="1044224" />
      </pattern>
    </FERealization>
    <FERealization total="1">
      <FE name="Means" />
      <pattern total="1">
        <valenceUnit GF="Dep" PT="PPing[by]" FE="Means" />
        <annoSet ID="1044504" />
      </pattern>
    </FERealization>
    <FERealization total="3">
      <FE name="Place" />
      <pattern total="1">
        <valenceUnit GF="Dep" PT="AVP" FE="Place" />
        <annoSet ID="1044186" />
      </pattern>
      <pattern total="1">
        <valenceUnit GF="Dep" PT="PP[on]" FE="Place" />
        <annoSet ID="1044440" />
      </pattern>
      <pattern total="1">
        <valenceUnit GF="Dep" PT="PP[along]" FE="Place" />
        <annoSet ID="1044182" />
      </pattern>
    </FERealization>
    <FEGroupRealization total="10">
      <FE name="Ingestibles" />
      <FE name="Ingestor" />
      <pattern total="1">
        <valenceUnit GF="" PT="DNI" FE="Ingestibles" />
        <valenceUnit GF="Ext" PT="NP" FE="Ingestor" />
        <annoSet ID="6556689" />
      </pattern>
      <pattern total="1">
        <valenceUnit GF="" PT="INI" FE="Ingestibles" />
        <valenceUnit GF="Ext" PT="NP" FE="Ingestor" />
        <annoSet ID="1044222" />
      </pattern>
      <pattern total="1">
        <valenceUnit GF="Ext" PT="NP" FE="Ingestibles" />
        <valenceUnit GF="Obj" PT="NP" FE="Ingestor" />
        <annoSet ID="6528073" />
      </pattern>
      <pattern total="6">
        <valenceUnit GF="Dep" PT="PP[on]" FE="Ingestibles" />
        <valenceUnit GF="Ext" PT="NP" FE="Ingestor" />
        <annoSet ID="1044196" />
        <annoSet ID="1044200" />
        <annoSet ID="1044378" />
        <annoSet ID="1044430" />
        <annoSet ID="1044444" />
        <annoSet ID="1044452" />
      </pattern>
      <pattern total="1">
        <valenceUnit GF="Dep" PT="PPing[upon]" FE="Ingestibles" />
        <valenceUnit GF="Ext" PT="NP" FE="Ingestor" />
        <annoSet ID="1044348" />
      </pattern>
    </FEGroupRealization>
    <FEGroupRealization total="3">
      <FE name="Ingestibles" />
      <FE name="Ingestor" />
      <FE name="Ingestor" />
      <pattern total="2">
        <valenceUnit GF="Dep" PT="PP[on]" FE="Ingestibles" />
        <valenceUnit GF="Ext" PT="NP" FE="Ingestor" />
        <valenceUnit GF="Ext" PT="NP" FE="Ingestor" />
        <annoSet ID="1044370" />
        <annoSet ID="1044450" />
      </pattern>
      <pattern total="1">
        <valenceUnit GF="Dep" PT="PP[upon]" FE="Ingestibles" />
        <valenceUnit GF="Ext" PT="NP" FE="Ingestor" />
        <valenceUnit GF="Ext" PT="NP" FE="Ingestor" />
        <annoSet ID="1044354" />
      </pattern>
    </FEGroupRealization>
    <FEGroupRealization total="1">
      <FE name="Ingestibles" />
      <FE name="Ingestor" />
      <FE name="Ingestor" />
      <FE name="Manner" />
      <pattern total="1">
        <valenceUnit GF="" PT="INI" FE="Ingestibles" />
        <valenceUnit GF="Ext" PT="NP" FE="Ingestor" />
        <valenceUnit GF="Ext" PT="NP" FE="Ingestor" />
        <valenceUnit GF="Dep" PT="AVP" FE="Manner" />
        <annoSet ID="1044184" />
      </pattern>
    </FEGroupRealization>
    <FEGroupRealization total="1">
      <FE name="Ingestibles" />
      <FE name="Ingestor" />
      <FE name="Ingestor" />
      <FE name="Place" />
      <pattern total="1">
        <valenceUnit GF="Dep" PT="PP[on]" FE="Ingestibles" />
        <valenceUnit GF="Ext" PT="NP" FE="Ingestor" />
        <valenceUnit GF="Ext" PT="NP" FE="Ingestor" />
        <valenceUnit GF="Dep" PT="PP[along]" FE="Place" />
        <annoSet ID="1044182" />
      </pattern>
    </FEGroupRealization>
    <FEGroupRealization total="1">
      <FE name="Ingestibles" />
      <FE name="Ingestor" />
      <FE name="Manner" />
      <pattern total="1">
        <valenceUnit GF="" PT="INI" FE="Ingestibles" />
        <valenceUnit GF="Ext" PT="NP" FE="Ingestor" />
        <valenceUnit GF="Dep" PT="AVP" FE="Manner" />
        <annoSet ID="1044224" />
      </pattern>
    </FEGroupRealization>
    <FEGroupRealization total="1">
      <FE name="Ingestibles" />
      <FE name="Ingestor" />
      <FE name="Means" />
      <pattern total="1">
        <valenceUnit GF="" PT="INI" FE="Ingestibles" />
        <valenceUnit GF="Ext" PT="NP" FE="Ingestor" />
        <valenceUnit GF="Dep" PT="PPing[by]" FE="Means" />
        <annoSet ID="1044504" />
      </pattern>
    </FEGroupRealization>
    <FEGroupRealization total="2">
      <FE name="Ingestibles" />
      <FE name="Ingestor" />
      <FE name="Place" />
      <pattern total="1">
        <valenceUnit GF="" PT="INI" FE="Ingestibles" />
        <valenceUnit GF="Ext" PT="NP" FE="Ingestor" />
        <valenceUnit GF="Dep" PT="AVP" FE="Place" />
        <annoSet ID="1044186" />
      </pattern>
      <pattern total="1">
        <valenceUnit GF="" PT="INI" FE="Ingestibles" />
        <valenceUnit GF="Ext" PT="NP" FE="Ingestor" />
        <valenceUnit GF="Dep" PT="PP[on]" FE="Place" />
        <annoSet ID="1044440" />
      </pattern>
    </FEGroupRealization>
  </valences>
  <subCorpus name="V-augmented">
    <sentence sentNo="0" ID="794226n">
      <text>The Frog had got into the Underground and was feeding up the insects on the Bakerloo line , but all in a deadly silence . </text>
      <annotationSet cDate="08/08/2025 08:00:21 PST Fri" status="AUGMENTED" ID="0">
        <layer name="FE" rank="1">
          <label cBy="auto-aug" feID="2263" start="0" end="7" name="Ingestor" />
          <label cBy="auto-aug" feID="2266" start="57" end="67" name="Ingestibles" />
          <label cBy="auto-aug" feID="2264" start="69" end="88" name="Place" />
        </layer>
        <layer name="Target" rank="1">
          <label cBy="auto-aug" start="46" end="52" name="Target" />
        </layer>
      </annotationSet>
    </sentence>
    <sentence sentNo="0" ID="794387n">
      <text>` I have an arrangement with Jenkins whereby I feed the birds . </text>
      <annotationSet cDate="08/08/2025 08:00:21 PST Fri" status="AUGMENTED" ID="0">
        <layer name="FE" rank="1">
          <label cBy="auto-aug" feID="2263" start="2" end="2" name="Ingestor" />
          <label cBy="auto-aug" feID="2266" start="52" end="60" name="Ingestibles" />
        </layer>
        <layer name="Target" rank="1">
          <label cBy="auto-aug" start="47" end="50" name="Target" />
        </layer>
      </annotationSet>
    </sentence>
    <sentence sentNo="0" ID="1197836n">
      <text>He fed down the animals .</text>
      <annotationSet cDate="08/08/2025 08:00:21 PST Fri" status="AUGMENTED" ID="0">
        <layer name="FE" rank="1">
          <label cBy="auto-aug" feID="2263" start="0" end="1" name="Ingestor" />
          <label cBy="auto-aug" feID="2266" start="12" end="22" name="Ingestibles" />
        </layer>
        <layer name="Target" rank="1">
          <label cBy="auto-aug" start="3" end="5" name="Target" />
        </layer>
      </annotationSet>
    </sentence>
    <sentence sentNo="0" ID="788699n">
      <text>I slept that night in a large airy cabin , and fed the fish . </text>
      <annotationSet cDate="08/08/2025 08:00:21 PST Fri" status="AUGMENTED" ID="0">
        <layer name="FE" rank="1">
          <label cBy="auto-aug" feID="2263" start="0" end="0" name="Ingestor" />
          <label cBy="auto-aug" feID="2266" start="51" end="58" name="Ingestibles" />
        </layer>
        <layer name="Target" rank="1">
          <label cBy="auto-aug" start="47" end="49" name="Target" />
        </layer>
      </annotationSet>
    </sentence>
    <sentence sentNo="0" ID="788127n">
      <text>A little ward-maid appeared at the bedside with an enormous vacuum flask of Georgian tea , refusing to leave until I had fed the patient . </text>
      <annotationSet cDate="08/08/2025 08:00:21 PST Fri" status="AUGMENTED" ID="0">
        <layer name="FE" rank="1">
          <label cBy="auto-aug" feID="2263" start="115" end="115" name="Ingestor" />
          <label cBy="auto-aug" feID="2266" start="125" end="135" name="Ingestibles" />
        </layer>
        <layer name="Target" rank="1">
          <label cBy="auto-aug" start="121" end="123" name="Target" />
        </layer>
      </annotationSet>
    </sentence>
  </subCorpus>
</lexUnit>