<?xml version='1.0' encoding='UTF-8'?>
<lexUnit xmlns="http://framenet.icsi.berkeley.edu" xmlns:xsi="http://www.w3.org/2001/XMLSchema-instance" status="Finished_Initial" POS="V" name="eat.v" ID="4807" frame="Ingestion" frameID="263" totalAnnotated="30" xsi:schemaLocation="../schema/lexUnit.xsd">
  <header>
    <corpus description="Miscellaneous" name="Miscellaneous" ID="175">
      <document description="TigerOfSanPedro" name="Tiger_Of_San_Pedro" ID="25343" />
    </corpus>
    <corpus description="American National Corpus Texts" name="ANC" ID="195">
      <document description="Berlitz Where to Go in Hong Kong" name="WhereToHongKong" ID="23771" />
    </corpus>
    <corpus description="LUCorpus-v0.3" name="LUCorpus-v0.3" ID="205">
      <document description="AFGP-2002-600045-Trans" name="AFGP-2002-600045-Trans" ID="23740" />
    </corpus>
    <frame>
      <FE fgColor="FFFFFF" bgColor="FF69B4" type="Peripheral" abbrev="Degr" name="Degree" />
      <FE fgColor="000000" bgColor="d0d0d0" type="Peripheral" abbrev="Dur" name="Duration" />
      <FE fgColor="FFFFFF" bgColor="800080" type="Core" abbrev="Ingible" name="Ingestibles" />
      <FE fgColor="FFFFFF" bgColor="FF0000" type="Core" abbrev="Ing" name="Ingestor" />
      <FE fgColor="FFFFFF" bgColor="808080" type="Peripheral" abbrev="Ins" name="Instrument" />
      <FE fgColor="FFFFFF" bgColor="FF00FF" type="Peripheral" abbrev="Manr" name="Manner" />
      <FE fgColor="FFFFFF" bgColor="0000FF" type="Peripheral" abbrev="Mns" name="Means" />
      <FE fgColor="FFFFFF" bgColor="008000" type="Peripheral" abbrev="Place" name="Place" />
      <FE fgColor="FFFFFF" bgColor="1E90FF" type="Peripheral" abbrev="pur" name="Purpose" />
      <FE fgColor="FFFFFF" bgColor="A52A2A" type="Peripheral" abbrev="Src" name="Source" />
      <FE fgColor="FFFFFF" bgColor="FFA500" type="Peripheral" abbrev="Time" name="Time" />
    </frame>
  </header>
  <definition>COD: put (food) into the mouth and chew and swallow it. </definition>
  <lexeme POS="V" name="eat" />
  <valences>
    <FERealization total="30">
      <FE name="Ingestibles" />
      <pattern total="1">
        <valenceUnit GF="" PT="CNI" FE="Ingestibles" />
        <annoSet ID="1043302" />
      </pattern>
      <pattern total="5">
        <valenceUnit GF="" PT="INI" FE="Ingestibles" />
        <annoSet ID="1043054" />
        <annoSet ID="1043104" />
        <annoSet ID="1043166" />
        <annoSet ID="1043180" />
        <annoSet ID="6560375" />
      </pattern>
      <pattern total="1">
        <valenceUnit GF="Head" PT="N" FE="Ingestibles" />
        <annoSet ID="6645249" />
      </pattern>
      <pattern total="1">
        <valenceUnit GF="Dep" PT="NP" FE="Ingestibles" />
        <annoSet ID="6550503" />
      </pattern>
      <pattern total="4">
        <valenceUnit GF="Ext" PT="NP" FE="Ingestibles" />
        <annoSet ID="1042982" />
        <annoSet ID="1042996" />
        <annoSet ID="1043010" />
        <annoSet ID="1043042" />
      </pattern>
      <pattern total="17">
        <valenceUnit GF="Obj" PT="NP" FE="Ingestibles" />
        <annoSet ID="1042696" />
        <annoSet ID="1042710" />
        <annoSet ID="1042742" />
        <annoSet ID="1042756" />
        <annoSet ID="1042770" />
        <annoSet ID="1042774" />
        <annoSet ID="1042808" />
        <annoSet ID="1042820" />
        <annoSet ID="1042834" />
        <annoSet ID="1042846" />
        <annoSet ID="1042860" />
        <annoSet ID="1042866" />
        <annoSet ID="1042882" />
        <annoSet ID="1042910" />
        <annoSet ID="1042918" />
        <annoSet ID="1042950" />
        <annoSet ID="1043362" />
      </pattern>
      <pattern total="1">
        <valenceUnit GF="Dep" PT="PP[on]" FE="Ingestibles" />
        <annoSet ID="6560378" />
      </pattern>
    </FERealization>
    <FERealization total="30">
      <FE name="Ingestor" />
      <pattern total="21">
        <valenceUnit GF="Ext" PT="NP" FE="Ingestor" />
        <annoSet ID="1042696" />
        <annoSet ID="1042710" />
        <annoSet ID="1042742" />
        <annoSet ID="1042756" />
        <annoSet ID="1042770" />
        <annoSet ID="1042774" />
        <annoSet ID="1042808" />
        <annoSet ID="1042820" />
        <annoSet ID="1042834" />
        <annoSet ID="1042846" />
        <annoSet ID="1042860" />
        <annoSet ID="1042866" />
        <annoSet ID="1042882" />
        <annoSet ID="1042918" />
        <annoSet ID="1042950" />
        <annoSet ID="1043054" />
        <annoSet ID="1043104" />
        <annoSet ID="1043166" />
        <annoSet ID="1043180" />
        <annoSet ID="1043302" />
        <annoSet ID="1043362" />
      </pattern>
      <pattern total="4">
        <valenceUnit GF="" PT="CNI" FE="Ingestor" />
        <annoSet ID="1042910" />
        <annoSet ID="1043042" />
        <annoSet ID="6560375" />
        <annoSet ID="6560378" />
      </pattern>
      <pattern total="1">
        <valenceUnit GF="" PT="INI" FE="Ingestor" />
        <annoSet ID="6645249" />
      </pattern>
      <pattern total="1">
        <valenceUnit GF="" PT="DNI" FE="Ingestor" />
        <annoSet ID="6550503" />
      </pattern>
      <pattern total="3">
        <valenceUnit GF="Dep" PT="PP[by]" FE="Ingestor" />
        <annoSet ID="1042982" />
        <annoSet ID="1042996" />
        <annoSet ID="1043010" />
      </pattern>
    </FERealization>
    <FERealization total="3">
      <FE name="Manner" />
      <pattern total="2">
        <valenceUnit GF="Dep" PT="AVP" FE="Manner" />
        <annoSet ID="1042982" />
        <annoSet ID="1043302" />
      </pattern>
      <pattern total="1">
        <valenceUnit GF="Dep" PT="PP[with]" FE="Manner" />
        <annoSet ID="1043166" />
      </pattern>
    </FERealization>
    <FERealization total="5">
      <FE name="Place" />
      <pattern total="3">
        <valenceUnit GF="Dep" PT="PP[in]" FE="Place" />
        <annoSet ID="1042918" />
        <annoSet ID="1043010" />
        <annoSet ID="1043104" />
      </pattern>
      <pattern total="1">
        <valenceUnit GF="Dep" PT="PP[on]" FE="Place" />
        <annoSet ID="1043180" />
      </pattern>
      <pattern total="1">
        <valenceUnit GF="Dep" PT="PP[near]" FE="Place" />
        <annoSet ID="1042866" />
      </pattern>
    </FERealization>
    <FERealization total="2">
      <FE name="Source" />
      <pattern total="1">
        <valenceUnit GF="Dep" PT="PP[from]" FE="Source" />
        <annoSet ID="1043054" />
      </pattern>
      <pattern total="1">
        <valenceUnit GF="Dep" PT="PP[out]" FE="Source" />
        <annoSet ID="1042918" />
      </pattern>
    </FERealization>
    <FERealization total="1">
      <FE name="Time" />
      <pattern total="1">
        <valenceUnit GF="Dep" PT="NP" FE="Time" />
        <annoSet ID="1043010" />
      </pattern>
    </FERealization>
    <FEGroupRealization total="21">
      <FE name="Ingestibles" />
      <FE name="Ingestor" />
      <pattern total="1">
        <valenceUnit GF="" PT="INI" FE="Ingestibles" />
        <valenceUnit GF="" PT="CNI" FE="Ingestor" />
        <annoSet ID="6560375" />
      </pattern>
      <pattern total="1">
        <valenceUnit GF="Head" PT="N" FE="Ingestibles" />
        <valenceUnit GF="" PT="INI" FE="Ingestor" />
        <annoSet ID="6645249" />
      </pattern>
      <pattern total="1">
        <valenceUnit GF="Dep" PT="NP" FE="Ingestibles" />
        <valenceUnit GF="" PT="DNI" FE="Ingestor" />
        <annoSet ID="6550503" />
      </pattern>
      <pattern total="1">
        <valenceUnit GF="Ext" PT="NP" FE="Ingestibles" />
        <valenceUnit GF="" PT="CNI" FE="Ingestor" />
        <annoSet ID="1043042" />
      </pattern>
      <pattern total="1">
        <valenceUnit GF="Ext" PT="NP" FE="Ingestibles" />
        <valenceUnit GF="Dep" PT="PP[by]" FE="Ingestor" />
        <annoSet ID="1042996" />
      </pattern>
      <pattern total="1">
        <valenceUnit GF="Obj" PT="NP" FE="Ingestibles" />
        <valenceUnit GF="" PT="CNI" FE="Ingestor" />
        <annoSet ID="1042910" />
      </pattern>
      <pattern total="14">
        <valenceUnit GF="Obj" PT="NP" FE="Ingestibles" />
        <valenceUnit GF="Ext" PT="NP" FE="Ingestor" />
        <annoSet ID="1042696" />
        <annoSet ID="1042710" />
        <annoSet ID="1042742" />
        <annoSet ID="1042756" />
        <annoSet ID="1042770" />
        <annoSet ID="1042774" />
        <annoSet ID="1042808" />
        <annoSet ID="1042820" />
        <annoSet ID="1042834" />
        <annoSet ID="1042846" />
        <annoSet ID="1042860" />
        <annoSet ID="1042882" />
        <annoSet ID="1042950" />
        <annoSet ID="1043362" />
      </pattern>
      <pattern total="1">
        <valenceUnit GF="Dep" PT="PP[on]" FE="Ingestibles" />
        <valenceUnit GF="" PT="CNI" FE="Ingestor" />
        <annoSet ID="6560378" />
      </pattern>
    </FEGroupRealization>
    <FEGroupRealization total="3">
      <FE name="Ingestibles" />
      <FE name="Ingestor" />
      <FE name="Manner" />
      <pattern total="1">
        <valenceUnit GF="" PT="CNI" FE="Ingestibles" />
        <valenceUnit GF="Ext" PT="NP" FE="Ingestor" />
        <valenceUnit GF="Dep" PT="AVP" FE="Manner" />
        <annoSet ID="1043302" />
      </pattern>
      <pattern total="1">
        <valenceUnit GF="" PT="INI" FE="Ingestibles" />
        <valenceUnit GF="Ext" PT="NP" FE="Ingestor" />
        <valenceUnit GF="Dep" PT="PP[with]" FE="Manner" />
        <annoSet ID="1043166" />
      </pattern>
      <pattern total="1">
        <valenceUnit GF="Ext" PT="NP" FE="Ingestibles" />
        <valenceUnit GF="Dep" PT="PP[by]" FE="Ingestor" />
        <valenceUnit GF="Dep" PT="AVP" FE="Manner" />
        <annoSet ID="1042982" />
      </pattern>
    </FEGroupRealization>
    <FEGroupRealization total="3">
      <FE name="Ingestibles" />
      <FE name="Ingestor" />
      <FE name="Place" />
      <pattern total="1">
        <valenceUnit GF="" PT="INI" FE="Ingestibles" />
        <valenceUnit GF="Ext" PT="NP" FE="Ingestor" />
        <valenceUnit GF="Dep" PT="PP[in]" FE="Place" />
        <annoSet ID="1043104" />
      </pattern>
      <pattern total="1">
        <valenceUnit GF="" PT="INI" FE="Ingestibles" />
        <valenceUnit GF="Ext" PT="NP" FE="Ingestor" />
        <valenceUnit GF="Dep" PT="PP[on]" FE="Place" />
        <annoSet ID="1043180" />
      </pattern>
      <pattern total="1">
        <valenceUnit GF="Obj" PT="NP" FE="Ingestibles" />
        <valenceUnit GF="Ext" PT="NP" FE="Ingestor" />
        <valenceUnit GF="Dep" PT="PP[near]" FE="Place" />
        <annoSet ID="1042866" />
      </pattern>
    </FEGroupRealization>
    <FEGroupRealization total="1">
      <FE name="Ingestibles" />
      <FE name="Ingestor" />
      <FE name="Place" />
      <FE name="Source" />
      <pattern total="1">
        <valenceUnit GF="Obj" PT="NP" FE="Ingestibles" />
        <valenceUnit GF="Ext" PT="NP" FE="Ingestor" />
        <valenceUnit GF="Dep" PT="PP[in]" FE="Place" />
        <valenceUnit GF="Dep" PT="PP[out]" FE="Source" />
        <annoSet ID="1042918" />
      </pattern>
    </FEGroupRealization>
    <FEGroupRealization total="1">
      <FE name="Ingestibles" />
      <FE name="Ingestor" />
      <FE name="Place" />
      <FE name="Time" />
      <pattern total="1">
        <valenceUnit GF="Ext" PT="NP" FE="Ingestibles" />
        <valenceUnit GF="Dep" PT="PP[by]" FE="Ingestor" />
        <valenceUnit GF="Dep" PT="PP[in]" FE="Place" />
        <valenceUnit GF="Dep" PT="NP" FE="Time" />
        <annoSet ID="1043010" />
      </pattern>
    </FEGroupRealization>
    <FEGroupRealization total="1">
      <FE name="Ingestibles" />
      <FE name="Ingestor" />
      <FE name="Source" />
      <pattern total="1">
        <valenceUnit GF="" PT="INI" FE="Ingestibles" />
        <valenceUnit GF="Ext" PT="NP" FE="Ingestor" />
        <valenceUnit GF="Dep" PT="PP[from]" FE="Source" />
        <annoSet ID="1043054" />
      </pattern>
    </FEGroupRealization>
  </valences>
  <subCorpus name="V-augmented">
    <sentence sentNo="0" ID="788627n">
      <text>As I ate the dessert I sensed the hum , the confectionery of a feminine presence . </text>
      <annotationSet cDate="08/08/2025 08:00:18 PST Fri" status="AUGMENTED" ID="0">
        <layer name="FE" rank="1">
          <label cBy="auto-aug" feID="2263" start="3" end="3" name="Ingestor" />
          <label cBy="auto-aug" feID="2266" start="9" end="19" name="Ingestibles" />
        </layer>
        <layer name="Target" rank="1">
          <label cBy="auto-aug" start="5" end="7" name="Target" />
        </layer>
      </annotationSet>
    </sentence>
    <sentence sentNo="0" ID="787782n">
      <text>WINE maker Johann Grimes , of Wotton-under-Edge , Glos , found his labrador legless after it had ate up the leftover food . </text>
      <annotationSet cDate="08/08/2025 08:00:18 PST Fri" status="AUGMENTED" ID="0">
        <layer name="FE" rank="1">
          <label cBy="auto-aug" feID="2263" start="90" end="91" name="Ingestor" />
          <label cBy="auto-aug" feID="2266" start="104" end="120" name="Ingestibles" />
        </layer>
        <layer name="Target" rank="1">
          <label cBy="auto-aug" start="97" end="99" name="Target" />
        </layer>
      </annotationSet>
    </sentence>
    <sentence sentNo="0" ID="788673n">
      <text>` She eat an apple . </text>
      <annotationSet cDate="08/08/2025 08:00:18 PST Fri" status="AUGMENTED" ID="0">
        <layer name="FE" rank="1">
          <label cBy="auto-aug" feID="2263" start="2" end="4" name="Ingestor" />
          <label cBy="auto-aug" feID="2266" start="10" end="17" name="Ingestibles" />
        </layer>
        <layer name="Target" rank="1">
          <label cBy="auto-aug" start="6" end="8" name="Target" />
        </layer>
      </annotationSet>
    </sentence>
    <sentence sentNo="0" ID="788655n">
      <text>` So next time you eat fruits , remember -- if enjoyed in moderation , they can be good-tasting and might even inhibit cavities , " it said . </text>
      <annotationSet cDate="08/08/2025 08:00:18 PST Fri" status="AUGMENTED" ID="0">
        <layer name="FE" rank="1">
          <label cBy="auto-aug" feID="2263" start="15" end="17" name="Ingestor" />
          <label cBy="auto-aug" feID="2266" start="23" end="28" name="Ingestibles" />
        </layer>
        <layer name="Target" rank="1">
          <label cBy="auto-aug" start="19" end="21" name="Target" />
        </layer>
      </annotationSet>
    </sentence>
    <sentence sentNo="0" ID="792852n">
      <text>After all , it was a parasite that ate the food . </text>
      <annotationSet cDate="08/08/2025 08:00:18 PST Fri" status="AUGMENTED" ID="0">
        <layer name="FE" rank="1">
          <label cBy="auto-aug" feID="2263" start="19" end="28" name="Ingestor" />
          <label cBy="auto-aug" feID="2263" start="30" end="33" name="Ingestor" />
          <label cBy="auto-aug" feID="2266" start="39" end="46" name="Ingestibles" />
        </layer>
        <layer name="Target" rank="1">
          <label cBy="auto-aug" start="35" end="37" name="Target" />
        </layer>
      </annotationSet>
    </sentence>
  </subCorpus>
</lexUnit>