<?xml version='1.0' encoding='UTF-8'?>
<lexUnit xmlns="http://framenet.icsi.berkeley.edu" xmlns:xsi="http://www.w3.org/2001/XMLSchema-instance" status="Needs_SCs" POS="V" name="disperse.v" ID="4837" frame="Dispersal" frameID="267" totalAnnotated="15" xsi:schemaLocation="../schema/lexUnit.xsd">
  <header>
    <corpus description="Texts from Nuclear Threat Initiative website, created by Center for Non-Proliferation Studies" name="NTI" ID="135">
      <document description="Iran Biological" name="Iran_Biological" ID="23513" />
      <document description="WMD News 06/26/2006" name="WMDNews_062606" ID="23621" />
    </corpus>
    <frame>
      <FE fgColor="FFFFFF" bgColor="FF0000" type="Core" abbrev="Agent" name="Agent" />
      <FE fgColor="FFFFFF" bgColor="2E8B57" type="Core" abbrev="" name="Cause" />
      <FE fgColor="FFFFFF" bgColor="808080" type="Peripheral" abbrev="dis" name="Distance" />
      <FE fgColor="FFFFFF" bgColor="00008B" type="Extra-Thematic" abbrev="Exp" name="Explanation" />
      <FE fgColor="FFFFFF" bgColor="800080" type="Peripheral" abbrev="Goal_a" name="Goal_area" />
      <FE fgColor="FFFFFF" bgColor="0000FF" type="Core" abbrev="Ind" name="Individuals" />
      <FE fgColor="FFFFFF" bgColor="FF69B4" type="Peripheral" abbrev="" name="Manner" />
      <FE fgColor="FFFFFF" bgColor="A52A2A" type="Peripheral" abbrev="" name="Means" />
      <FE fgColor="FFFFFF" bgColor="00BFFF" type="Peripheral" abbrev="" name="Path" />
      <FE fgColor="FFFFFF" bgColor="1E90FF" type="Peripheral" abbrev="" name="Place" />
      <FE fgColor="0000FF" bgColor="d0d0d0" type="Extra-Thematic" abbrev="" name="Result" />
      <FE fgColor="FFFFFF" bgColor="008000" type="Peripheral" abbrev="Src" name="Source" />
      <FE fgColor="FFFFFF" bgColor="A9A9A9" type="Peripheral" abbrev="spe" name="Speed" />
      <FE fgColor="FFFFFF" bgColor="FFA500" type="Peripheral" abbrev="" name="Time" />
    </frame>
  </header>
  <definition>COD: go or distribute in different directions or over a wide area. </definition>
  <lexeme POS="V" name="disperse" />
  <valences>
    <FERealization total="12">
      <FE name="Agent" />
      <pattern total="5">
        <valenceUnit GF="" PT="CNI" FE="Agent" />
        <annoSet ID="6523617" />
        <annoSet ID="6629804" />
        <annoSet ID="6629812" />
        <annoSet ID="6629814" />
        <annoSet ID="6629822" />
      </pattern>
      <pattern total="6">
        <valenceUnit GF="Ext" PT="NP" FE="Agent" />
        <annoSet ID="6629784" />
        <annoSet ID="6629786" />
        <annoSet ID="6629790" />
        <annoSet ID="6629794" />
        <annoSet ID="6629802" />
        <annoSet ID="6629806" />
      </pattern>
      <pattern total="1">
        <valenceUnit GF="Dep" PT="PP[by]" FE="Agent" />
        <annoSet ID="6629820" />
      </pattern>
    </FERealization>
    <FERealization total="3">
      <FE name="Cause" />
      <pattern total="2">
        <valenceUnit GF="Ext" PT="NP" FE="Cause" />
        <annoSet ID="6537100" />
        <annoSet ID="6629798" />
      </pattern>
      <pattern total="1">
        <valenceUnit GF="Dep" PT="PP[by]" FE="Cause" />
        <annoSet ID="6629816" />
      </pattern>
    </FERealization>
    <FERealization total="1">
      <FE name="Explanation" />
      <pattern total="1">
        <valenceUnit GF="Dep" PT="VPto" FE="Explanation" />
        <annoSet ID="6629802" />
      </pattern>
    </FERealization>
    <FERealization total="15">
      <FE name="Individuals" />
      <pattern total="6">
        <valenceUnit GF="Ext" PT="NP" FE="Individuals" />
        <annoSet ID="6523617" />
        <annoSet ID="6629812" />
        <annoSet ID="6629814" />
        <annoSet ID="6629816" />
        <annoSet ID="6629820" />
        <annoSet ID="6629822" />
      </pattern>
      <pattern total="9">
        <valenceUnit GF="Obj" PT="NP" FE="Individuals" />
        <annoSet ID="6537100" />
        <annoSet ID="6629784" />
        <annoSet ID="6629786" />
        <annoSet ID="6629790" />
        <annoSet ID="6629794" />
        <annoSet ID="6629798" />
        <annoSet ID="6629802" />
        <annoSet ID="6629804" />
        <annoSet ID="6629806" />
      </pattern>
    </FERealization>
    <FERealization total="1">
      <FE name="Means" />
      <pattern total="1">
        <valenceUnit GF="Dep" PT="PP[by]" FE="Means" />
        <annoSet ID="6523617" />
      </pattern>
    </FERealization>
    <FERealization total="1">
      <FE name="Path" />
      <pattern total="1">
        <valenceUnit GF="Dep" PT="PP[across]" FE="Path" />
        <annoSet ID="6629802" />
      </pattern>
    </FERealization>
    <FERealization total="2">
      <FE name="Place" />
      <pattern total="2">
        <valenceUnit GF="Dep" PT="PP[in]" FE="Place" />
        <annoSet ID="6629790" />
        <annoSet ID="6629794" />
      </pattern>
    </FERealization>
    <FERealization total="1">
      <FE name="Speed" />
      <pattern total="1">
        <valenceUnit GF="Dep" PT="AVP" FE="Speed" />
        <annoSet ID="6629820" />
      </pattern>
    </FERealization>
    <FERealization total="2">
      <FE name="Time" />
      <pattern total="1">
        <valenceUnit GF="Dep" PT="PP[by]" FE="Time" />
        <annoSet ID="6629812" />
      </pattern>
      <pattern total="1">
        <valenceUnit GF="Dep" PT="PP[since]" FE="Time" />
        <annoSet ID="6629802" />
      </pattern>
    </FERealization>
    <FEGroupRealization total="1">
      <FE name="Agent" />
      <FE name="Explanation" />
      <FE name="Individuals" />
      <FE name="Path" />
      <FE name="Time" />
      <pattern total="1">
        <valenceUnit GF="Ext" PT="NP" FE="Agent" />
        <valenceUnit GF="Dep" PT="VPto" FE="Explanation" />
        <valenceUnit GF="Obj" PT="NP" FE="Individuals" />
        <valenceUnit GF="Dep" PT="PP[across]" FE="Path" />
        <valenceUnit GF="Dep" PT="PP[since]" FE="Time" />
        <annoSet ID="6629802" />
      </pattern>
    </FEGroupRealization>
    <FEGroupRealization total="4">
      <FE name="Agent" />
      <FE name="Individuals" />
      <pattern total="1">
        <valenceUnit GF="" PT="CNI" FE="Agent" />
        <valenceUnit GF="Obj" PT="NP" FE="Individuals" />
        <annoSet ID="6629804" />
      </pattern>
      <pattern total="3">
        <valenceUnit GF="Ext" PT="NP" FE="Agent" />
        <valenceUnit GF="Obj" PT="NP" FE="Individuals" />
        <annoSet ID="6629784" />
        <annoSet ID="6629786" />
        <annoSet ID="6629806" />
      </pattern>
    </FEGroupRealization>
    <FEGroupRealization total="2">
      <FE name="Agent" />
      <FE name="Individuals" />
      <FE name="Individuals" />
      <pattern total="2">
        <valenceUnit GF="" PT="CNI" FE="Agent" />
        <valenceUnit GF="Ext" PT="NP" FE="Individuals" />
        <valenceUnit GF="Ext" PT="NP" FE="Individuals" />
        <annoSet ID="6629814" />
        <annoSet ID="6629822" />
      </pattern>
    </FEGroupRealization>
    <FEGroupRealization total="1">
      <FE name="Agent" />
      <FE name="Individuals" />
      <FE name="Individuals" />
      <FE name="Means" />
      <pattern total="1">
        <valenceUnit GF="" PT="CNI" FE="Agent" />
        <valenceUnit GF="Ext" PT="NP" FE="Individuals" />
        <valenceUnit GF="Ext" PT="NP" FE="Individuals" />
        <valenceUnit GF="Dep" PT="PP[by]" FE="Means" />
        <annoSet ID="6523617" />
      </pattern>
    </FEGroupRealization>
    <FEGroupRealization total="1">
      <FE name="Agent" />
      <FE name="Individuals" />
      <FE name="Individuals" />
      <FE name="Speed" />
      <pattern total="1">
        <valenceUnit GF="Dep" PT="PP[by]" FE="Agent" />
        <valenceUnit GF="Ext" PT="NP" FE="Individuals" />
        <valenceUnit GF="Ext" PT="NP" FE="Individuals" />
        <valenceUnit GF="Dep" PT="AVP" FE="Speed" />
        <annoSet ID="6629820" />
      </pattern>
    </FEGroupRealization>
    <FEGroupRealization total="2">
      <FE name="Agent" />
      <FE name="Individuals" />
      <FE name="Place" />
      <pattern total="2">
        <valenceUnit GF="Ext" PT="NP" FE="Agent" />
        <valenceUnit GF="Obj" PT="NP" FE="Individuals" />
        <valenceUnit GF="Dep" PT="PP[in]" FE="Place" />
        <annoSet ID="6629790" />
        <annoSet ID="6629794" />
      </pattern>
    </FEGroupRealization>
    <FEGroupRealization total="1">
      <FE name="Agent" />
      <FE name="Individuals" />
      <FE name="Time" />
      <pattern total="1">
        <valenceUnit GF="" PT="CNI" FE="Agent" />
        <valenceUnit GF="Ext" PT="NP" FE="Individuals" />
        <valenceUnit GF="Dep" PT="PP[by]" FE="Time" />
        <annoSet ID="6629812" />
      </pattern>
    </FEGroupRealization>
    <FEGroupRealization total="1">
      <FE name="Cause" />
      <FE name="Cause" />
      <FE name="Individuals" />
      <pattern total="1">
        <valenceUnit GF="Ext" PT="NP" FE="Cause" />
        <valenceUnit GF="Ext" PT="NP" FE="Cause" />
        <valenceUnit GF="Obj" PT="NP" FE="Individuals" />
        <annoSet ID="6629798" />
      </pattern>
    </FEGroupRealization>
    <FEGroupRealization total="2">
      <FE name="Cause" />
      <FE name="Individuals" />
      <pattern total="1">
        <valenceUnit GF="Ext" PT="NP" FE="Cause" />
        <valenceUnit GF="Obj" PT="NP" FE="Individuals" />
        <annoSet ID="6537100" />
      </pattern>
      <pattern total="1">
        <valenceUnit GF="Dep" PT="PP[by]" FE="Cause" />
        <valenceUnit GF="Ext" PT="NP" FE="Individuals" />
        <annoSet ID="6629816" />
      </pattern>
    </FEGroupRealization>
  </valences>
  <subCorpus name="V-augmented">
    <sentence sentNo="0" ID="257202n">
      <text>On the one hand , we eat all those pre-packed and refined foods and , on the other , we disperse spices over everything from soup to yoghourt . </text>
      <annotationSet cDate="08/08/2025 07:59:23 PST Fri" status="AUGMENTED" ID="0">
        <layer name="FE" rank="1">
          <label cBy="auto-aug" feID="3625" start="18" end="19" name="Agent" />
          <label cBy="auto-aug" feID="3626" start="97" end="102" name="Individuals" />
          <label cBy="auto-aug" feID="3628" start="104" end="140" name="Goal_area" />
        </layer>
        <layer name="Target" rank="1">
          <label cBy="auto-aug" start="88" end="95" name="Target" />
        </layer>
      </annotationSet>
    </sentence>
    <sentence sentNo="0" ID="4096961n">
      <text>Also , like many facilities in the West , Iran 's leading biotechnology research and development facilities create scientists are dispersed in Iran and throughout the world .</text>
      <annotationSet cDate="08/08/2025 07:59:23 PST Fri" status="AUGMENTED" ID="0">
        <layer name="FE" rank="1">
          <label cBy="auto-aug" feID="3626" start="115" end="124" name="Individuals" />
          <label cBy="auto-aug" feID="3628" start="140" end="171" name="Goal_area" />
        </layer>
        <layer name="Target" rank="1">
          <label cBy="auto-aug" start="130" end="138" name="Target" />
        </layer>
      </annotationSet>
    </sentence>
  </subCorpus>
</lexUnit>