<?xml version='1.0' encoding='UTF-8'?>
<lexUnit xmlns="http://framenet.icsi.berkeley.edu" xmlns:xsi="http://www.w3.org/2001/XMLSchema-instance" status="Created" POS="V" name="distribute.v" ID="4844" frame="Dispersal" frameID="267" totalAnnotated="4" xsi:schemaLocation="../schema/lexUnit.xsd">
  <header>
    <corpus description="Texts from Nuclear Threat Initiative website, created by Center for Non-Proliferation Studies" name="NTI" ID="135">
      <document description="Iran Biological" name="Iran_Biological" ID="23513" />
      <document description="WMD News 06/26/2006" name="WMDNews_062606" ID="23621" />
    </corpus>
    <corpus description="LUCorpus-v0.3" name="LUCorpus-v0.3" ID="205">
      <document description="wsj_2465" name="wsj_2465" ID="23722" />
      <document description="AFGP-2002-600002-Trans" name="AFGP-2002-600002-Trans" ID="23736" />
    </corpus>
    <frame>
      <FE fgColor="FFFFFF" bgColor="FF0000" type="Core" abbrev="Agent" name="Agent" />
      <FE fgColor="FFFFFF" bgColor="2E8B57" type="Core" abbrev="" name="Cause" />
      <FE fgColor="FFFFFF" bgColor="808080" type="Peripheral" abbrev="dis" name="Distance" />
      <FE fgColor="FFFFFF" bgColor="00008B" type="Extra-Thematic" abbrev="Exp" name="Explanation" />
      <FE fgColor="FFFFFF" bgColor="800080" type="Peripheral" abbrev="Goal_a" name="Goal_area" />
      <FE fgColor="FFFFFF" bgColor="0000FF" type="Core" abbrev="Ind" name="Individuals" />
      <FE fgColor="FFFFFF" bgColor="FF69B4" type="Peripheral" abbrev="" name="Manner" />
      <FE fgColor="FFFFFF" bgColor="A52A2A" type="Peripheral" abbrev="" name="Means" />
      <FE fgColor="FFFFFF" bgColor="00BFFF" type="Peripheral" abbrev="" name="Path" />
      <FE fgColor="FFFFFF" bgColor="1E90FF" type="Peripheral" abbrev="" name="Place" />
      <FE fgColor="0000FF" bgColor="d0d0d0" type="Extra-Thematic" abbrev="" name="Result" />
      <FE fgColor="FFFFFF" bgColor="008000" type="Peripheral" abbrev="Src" name="Source" />
      <FE fgColor="FFFFFF" bgColor="A9A9A9" type="Peripheral" abbrev="spe" name="Speed" />
      <FE fgColor="FFFFFF" bgColor="FFA500" type="Peripheral" abbrev="" name="Time" />
    </frame>
  </header>
  <definition>COD: hand or share out to a number of recipients. </definition>
  <lexeme POS="V" name="distribute" />
  <valences>
    <FERealization total="4">
      <FE name="Agent" />
      <pattern total="3">
        <valenceUnit GF="" PT="CNI" FE="Agent" />
        <annoSet ID="6523848" />
        <annoSet ID="6537351" />
        <annoSet ID="6550295" />
      </pattern>
      <pattern total="1">
        <valenceUnit GF="Ext" PT="NP" FE="Agent" />
        <annoSet ID="6549480" />
      </pattern>
    </FERealization>
    <FERealization total="2">
      <FE name="Cause" />
      <pattern total="2">
        <valenceUnit GF="" PT="INI" FE="Cause" />
        <annoSet ID="6549480" />
        <annoSet ID="6550295" />
      </pattern>
    </FERealization>
    <FERealization total="1">
      <FE name="Goal_area" />
      <pattern total="1">
        <valenceUnit GF="Dep" PT="PP[in]" FE="Goal_area" />
        <annoSet ID="6523848" />
      </pattern>
    </FERealization>
    <FERealization total="4">
      <FE name="Individuals" />
      <pattern total="2">
        <valenceUnit GF="" PT="DNI" FE="Individuals" />
        <annoSet ID="6549480" />
        <annoSet ID="6550295" />
      </pattern>
      <pattern total="2">
        <valenceUnit GF="Ext" PT="NP" FE="Individuals" />
        <annoSet ID="6523848" />
        <annoSet ID="6537351" />
      </pattern>
    </FERealization>
    <FERealization total="2">
      <FE name="Place" />
      <pattern total="2">
        <valenceUnit GF="Dep" PT="PP[in]" FE="Place" />
        <annoSet ID="6537351" />
        <annoSet ID="6549480" />
      </pattern>
    </FERealization>
    <FEGroupRealization total="1">
      <FE name="Agent" />
      <FE name="Cause" />
      <FE name="Individuals" />
      <pattern total="1">
        <valenceUnit GF="" PT="CNI" FE="Agent" />
        <valenceUnit GF="" PT="INI" FE="Cause" />
        <valenceUnit GF="" PT="DNI" FE="Individuals" />
        <annoSet ID="6550295" />
      </pattern>
    </FEGroupRealization>
    <FEGroupRealization total="1">
      <FE name="Agent" />
      <FE name="Cause" />
      <FE name="Individuals" />
      <FE name="Place" />
      <pattern total="1">
        <valenceUnit GF="Ext" PT="NP" FE="Agent" />
        <valenceUnit GF="" PT="INI" FE="Cause" />
        <valenceUnit GF="" PT="DNI" FE="Individuals" />
        <valenceUnit GF="Dep" PT="PP[in]" FE="Place" />
        <annoSet ID="6549480" />
      </pattern>
    </FEGroupRealization>
    <FEGroupRealization total="1">
      <FE name="Agent" />
      <FE name="Goal_area" />
      <FE name="Individuals" />
      <pattern total="1">
        <valenceUnit GF="" PT="CNI" FE="Agent" />
        <valenceUnit GF="Dep" PT="PP[in]" FE="Goal_area" />
        <valenceUnit GF="Ext" PT="NP" FE="Individuals" />
        <annoSet ID="6523848" />
      </pattern>
    </FEGroupRealization>
    <FEGroupRealization total="1">
      <FE name="Agent" />
      <FE name="Individuals" />
      <FE name="Place" />
      <pattern total="1">
        <valenceUnit GF="" PT="CNI" FE="Agent" />
        <valenceUnit GF="Ext" PT="NP" FE="Individuals" />
        <valenceUnit GF="Dep" PT="PP[in]" FE="Place" />
        <annoSet ID="6537351" />
      </pattern>
    </FEGroupRealization>
  </valences>
  <subCorpus name="V-augmented">
    <sentence sentNo="0" ID="257267n">
      <text>distribute the crumbs over the rhubarb and gently smooth the top . </text>
      <annotationSet cDate="08/08/2025 07:59:48 PST Fri" status="AUGMENTED" ID="0">
        <layer name="FE" rank="1">
          <label cBy="auto-aug" feID="3626" start="11" end="20" name="Individuals" />
          <label cBy="auto-aug" feID="3628" start="22" end="37" name="Goal_area" />
        </layer>
        <layer name="Target" rank="1">
          <label cBy="auto-aug" start="0" end="9" name="Target" />
        </layer>
      </annotationSet>
    </sentence>
    <sentence sentNo="0" ID="257042n">
      <text>He 'd distribute the papers , and fetch down the wire and cutters , and his books . </text>
      <annotationSet cDate="08/08/2025 07:59:48 PST Fri" status="AUGMENTED" ID="0">
        <layer name="FE" rank="1">
          <label cBy="auto-aug" feID="3625" start="0" end="1" name="Agent" />
          <label cBy="auto-aug" feID="3626" start="17" end="26" name="Individuals" />
        </layer>
        <layer name="Target" rank="1">
          <label cBy="auto-aug" start="6" end="15" name="Target" />
        </layer>
      </annotationSet>
    </sentence>
    <sentence sentNo="0" ID="257039n">
      <text>They distributed the packages over the floor , and opened a fridge door containing radioactive materials marked ` dangerous " . </text>
      <annotationSet cDate="08/08/2025 07:59:48 PST Fri" status="AUGMENTED" ID="0">
        <layer name="FE" rank="1">
          <label cBy="auto-aug" feID="3625" start="0" end="3" name="Agent" />
          <label cBy="auto-aug" feID="3626" start="17" end="28" name="Individuals" />
          <label cBy="auto-aug" feID="3628" start="30" end="43" name="Goal_area" />
        </layer>
        <layer name="Target" rank="1">
          <label cBy="auto-aug" start="5" end="15" name="Target" />
        </layer>
      </annotationSet>
    </sentence>
  </subCorpus>
</lexUnit>