<?xml version='1.0' encoding='UTF-8'?>
<lexUnit xmlns="http://framenet.icsi.berkeley.edu" xmlns:xsi="http://www.w3.org/2001/XMLSchema-instance" status="Finished_Initial" POS="V" name="get.v" ID="4885" frame="Arriving" frameID="54" totalAnnotated="42" xsi:schemaLocation="../schema/lexUnit.xsd">
  <header>
    <corpus description="BNC2" name="BNC2" ID="111">
      <document description="bncp" name="bncp" ID="421" />
    </corpus>
    <corpus description="Wall Street Journal Texts from the PropBank Project" name="PropBank" ID="115">
      <document description="Loma Prieta" name="LomaPrieta" ID="23013" />
    </corpus>
    <corpus description="Texts from Nuclear Threat Initiative website, created by Center for Non-Proliferation Studies" name="NTI" ID="135">
      <document description="WMD News 04/21/2006" name="WMDNews_042106" ID="23605" />
    </corpus>
    <corpus description="AQUAINT Knowledge-Based Evaluation Texts" name="KBEval" ID="185">
      <document description="Brandeis" name="Brandeis" ID="23573" />
    </corpus>
    <corpus description="American National Corpus Texts" name="ANC" ID="195">
      <document description="Berlitz Where to Go in Hong Kong" name="WhereToHongKong" ID="23771" />
      <document description="Goodwill fund-raising letter" name="110CYL067" ID="23791" />
    </corpus>
    <frame>
      <FE fgColor="000000" bgColor="FFFF00" type="Extra-Thematic" abbrev="" name="Circumstances" />
      <FE fgColor="000000" bgColor="7CCD7C" type="Extra-Thematic" abbrev="Thm_c" name="Cotheme" />
      <FE fgColor="000000" bgColor="EEE8AA" type="Extra-Thematic" abbrev="" name="Degree" />
      <FE fgColor="FFFFFF" bgColor="9400D3" type="Extra-Thematic" abbrev="Dep" name="Depictive" />
      <FE fgColor="000000" bgColor="90876C" type="Extra-Thematic" abbrev="eve" name="Event_description" />
      <FE fgColor="000000" bgColor="FF69B4" type="Extra-Thematic" abbrev="" name="Frequency" />
      <FE fgColor="FFFFFF" bgColor="00BFFF" type="Core" abbrev="Goal" name="Goal" />
      <FE fgColor="FFFFFF" bgColor="FF00FF" type="Peripheral" abbrev="Manr" name="Manner" />
      <FE fgColor="FFFFFF" bgColor="A52A2A" type="Peripheral" abbrev="Mns" name="Means" />
      <FE fgColor="FFFFFF" bgColor="00008B" type="Peripheral" abbrev="MoT" name="Mode_of_transportation" />
      <FE fgColor="FFFFFF" bgColor="808080" type="Extra-Thematic" abbrev="New" name="New_situation" />
      <FE fgColor="FFFFFF" bgColor="0000FF" type="Peripheral" abbrev="Path" name="Path" />
      <FE fgColor="000000" bgColor="7FFF00" type="Extra-Thematic" abbrev="per" name="Period_of_iterations" />
      <FE fgColor="FFFFFF" bgColor="008000" type="Peripheral" abbrev="" name="Place" />
      <FE fgColor="FFFFFF" bgColor="006400" type="Extra-Thematic" abbrev="Pur" name="Purpose" />
      <FE fgColor="000000" bgColor="A9A9A9" type="Extra-Thematic" abbrev="re-e" name="Re-encoding" />
      <FE fgColor="FFFFFF" bgColor="9F79EE" type="Peripheral" abbrev="Src" name="Source" />
      <FE fgColor="FFFFFF" bgColor="FF0000" type="Core" abbrev="Thm" name="Theme" />
      <FE fgColor="FFFFFF" bgColor="FFA500" type="Peripheral" abbrev="Time" name="Time" />
    </frame>
  </header>
  <definition>COD:  come or go eventually or with some difficulty</definition>
  <lexeme POS="V" name="get" />
  <valences>
    <FERealization total="1">
      <FE name="Depictive" />
      <pattern total="1">
        <valenceUnit GF="Dep" PT="AJP" FE="Depictive" />
        <annoSet ID="6535865" />
      </pattern>
      <pattern total="1">
        <valenceUnit GF="Dep" PT="PP[with]" FE="Depictive" />
        <annoSet ID="6535865" />
      </pattern>
    </FERealization>
    <FERealization total="42">
      <FE name="Goal" />
      <pattern total="7">
        <valenceUnit GF="" PT="DNI" FE="Goal" />
        <annoSet ID="1929367" />
        <annoSet ID="1929463" />
        <annoSet ID="1929469" />
        <annoSet ID="1929477" />
        <annoSet ID="1929523" />
        <annoSet ID="1929545" />
        <annoSet ID="6535865" />
      </pattern>
      <pattern total="14">
        <valenceUnit GF="Dep" PT="AVP" FE="Goal" />
        <annoSet ID="1929237" />
        <annoSet ID="1929253" />
        <annoSet ID="1929263" />
        <annoSet ID="1929273" />
        <annoSet ID="1929293" />
        <annoSet ID="1929309" />
        <annoSet ID="1929313" />
        <annoSet ID="1929559" />
        <annoSet ID="1929577" />
        <annoSet ID="1929593" />
        <annoSet ID="1929595" />
        <annoSet ID="4528981" />
        <annoSet ID="6555843" />
        <annoSet ID="6561497" />
      </pattern>
      <pattern total="10">
        <valenceUnit GF="Dep" PT="PP[to]" FE="Goal" />
        <annoSet ID="1929413" />
        <annoSet ID="1929559" />
        <annoSet ID="1929667" />
        <annoSet ID="1929671" />
        <annoSet ID="1929717" />
        <annoSet ID="4529586" />
        <annoSet ID="6556711" />
        <annoSet ID="6560929" />
        <annoSet ID="6562045" />
        <annoSet ID="6672953" />
      </pattern>
      <pattern total="1">
        <valenceUnit GF="Dep" PT="NP" FE="Goal" />
        <annoSet ID="4529637" />
      </pattern>
      <pattern total="1">
        <valenceUnit GF="Obj" PT="NP" FE="Goal" />
        <annoSet ID="6672935" />
      </pattern>
      <pattern total="1">
        <valenceUnit GF="Dep" PT="PP[in]" FE="Goal" />
        <annoSet ID="1929325" />
      </pattern>
      <pattern total="7">
        <valenceUnit GF="Dep" PT="PP[into]" FE="Goal" />
        <annoSet ID="1929305" />
        <annoSet ID="1929479" />
        <annoSet ID="1929483" />
        <annoSet ID="1929599" />
        <annoSet ID="1929617" />
        <annoSet ID="1929627" />
        <annoSet ID="6532317" />
      </pattern>
      <pattern total="1">
        <valenceUnit GF="Dep" PT="PP[on]" FE="Goal" />
        <annoSet ID="1929555" />
      </pattern>
      <pattern total="1">
        <valenceUnit GF="Dep" PT="PP[onto]" FE="Goal" />
        <annoSet ID="1929637" />
      </pattern>
    </FERealization>
    <FERealization total="3">
      <FE name="Manner" />
      <pattern total="2">
        <valenceUnit GF="Dep" PT="AVP" FE="Manner" />
        <annoSet ID="1929479" />
        <annoSet ID="1929577" />
      </pattern>
      <pattern total="1">
        <valenceUnit GF="Dep" PT="PP[in]" FE="Manner" />
        <annoSet ID="1929595" />
      </pattern>
    </FERealization>
    <FERealization total="1">
      <FE name="Means" />
      <pattern total="1">
        <valenceUnit GF="Dep" PT="PP[by]" FE="Means" />
        <annoSet ID="6560929" />
      </pattern>
    </FERealization>
    <FERealization total="3">
      <FE name="Path" />
      <pattern total="1">
        <valenceUnit GF="Dep" PT="PP[through]" FE="Path" />
        <annoSet ID="6535865" />
      </pattern>
      <pattern total="2">
        <valenceUnit GF="Dep" PT="PP[past]" FE="Path" />
        <annoSet ID="1929463" />
        <annoSet ID="1929469" />
      </pattern>
    </FERealization>
    <FERealization total="8">
      <FE name="Source" />
      <pattern total="3">
        <valenceUnit GF="Dep" PT="PP[from]" FE="Source" />
        <annoSet ID="1929313" />
        <annoSet ID="1929367" />
        <annoSet ID="1929593" />
      </pattern>
      <pattern total="3">
        <valenceUnit GF="Dep" PT="PP[of]" FE="Source" />
        <annoSet ID="1929477" />
        <annoSet ID="1929479" />
        <annoSet ID="1929483" />
      </pattern>
      <pattern total="2">
        <valenceUnit GF="Dep" PT="PP[off]" FE="Source" />
        <annoSet ID="1929523" />
        <annoSet ID="1929545" />
      </pattern>
    </FERealization>
    <FERealization total="42">
      <FE name="Theme" />
      <pattern total="36">
        <valenceUnit GF="Ext" PT="NP" FE="Theme" />
        <annoSet ID="1929237" />
        <annoSet ID="1929253" />
        <annoSet ID="1929263" />
        <annoSet ID="1929273" />
        <annoSet ID="1929293" />
        <annoSet ID="1929309" />
        <annoSet ID="1929313" />
        <annoSet ID="1929325" />
        <annoSet ID="1929367" />
        <annoSet ID="1929413" />
        <annoSet ID="1929463" />
        <annoSet ID="1929469" />
        <annoSet ID="1929477" />
        <annoSet ID="1929479" />
        <annoSet ID="1929483" />
        <annoSet ID="1929523" />
        <annoSet ID="1929545" />
        <annoSet ID="1929555" />
        <annoSet ID="1929559" />
        <annoSet ID="1929577" />
        <annoSet ID="1929593" />
        <annoSet ID="1929595" />
        <annoSet ID="1929599" />
        <annoSet ID="1929617" />
        <annoSet ID="1929627" />
        <annoSet ID="1929637" />
        <annoSet ID="1929667" />
        <annoSet ID="1929671" />
        <annoSet ID="1929717" />
        <annoSet ID="4528981" />
        <annoSet ID="4529637" />
        <annoSet ID="6532317" />
        <annoSet ID="6535865" />
        <annoSet ID="6556711" />
        <annoSet ID="6672935" />
        <annoSet ID="6672953" />
      </pattern>
      <pattern total="5">
        <valenceUnit GF="" PT="CNI" FE="Theme" />
        <annoSet ID="1929305" />
        <annoSet ID="4529586" />
        <annoSet ID="6560929" />
        <annoSet ID="6561497" />
        <annoSet ID="6562045" />
      </pattern>
      <pattern total="1">
        <valenceUnit GF="" PT="INI" FE="Theme" />
        <annoSet ID="6555843" />
      </pattern>
    </FERealization>
    <FERealization total="8">
      <FE name="Time" />
      <pattern total="1">
        <valenceUnit GF="Dep" PT="PP[about]" FE="Time" />
        <annoSet ID="1929593" />
      </pattern>
      <pattern total="1">
        <valenceUnit GF="Dep" PT="AVP" FE="Time" />
        <annoSet ID="1929253" />
      </pattern>
      <pattern total="1">
        <valenceUnit GF="Dep" PT="PP[by]" FE="Time" />
        <annoSet ID="1929263" />
      </pattern>
      <pattern total="2">
        <valenceUnit GF="Dep" PT="Sub" FE="Time" />
        <annoSet ID="1929273" />
        <annoSet ID="1929523" />
      </pattern>
      <pattern total="2">
        <valenceUnit GF="Dep" PT="PP[on]" FE="Time" />
        <annoSet ID="1929599" />
        <annoSet ID="1929671" />
      </pattern>
      <pattern total="1">
        <valenceUnit GF="Dep" PT="PP[at]" FE="Time" />
        <annoSet ID="1929637" />
      </pattern>
    </FERealization>
    <FEGroupRealization total="1">
      <FE name="Depictive" />
      <FE name="Depictive" />
      <FE name="Goal" />
      <FE name="Path" />
      <FE name="Theme" />
      <pattern total="1">
        <valenceUnit GF="Dep" PT="AJP" FE="Depictive" />
        <valenceUnit GF="Dep" PT="PP[with]" FE="Depictive" />
        <valenceUnit GF="" PT="DNI" FE="Goal" />
        <valenceUnit GF="Dep" PT="PP[through]" FE="Path" />
        <valenceUnit GF="Ext" PT="NP" FE="Theme" />
        <annoSet ID="6535865" />
      </pattern>
    </FEGroupRealization>
    <FEGroupRealization total="1">
      <FE name="Goal" />
      <FE name="Goal" />
      <FE name="Theme" />
      <pattern total="1">
        <valenceUnit GF="Dep" PT="AVP" FE="Goal" />
        <valenceUnit GF="Dep" PT="PP[to]" FE="Goal" />
        <valenceUnit GF="Ext" PT="NP" FE="Theme" />
        <annoSet ID="1929559" />
      </pattern>
    </FEGroupRealization>
    <FEGroupRealization total="1">
      <FE name="Goal" />
      <FE name="Manner" />
      <FE name="Source" />
      <FE name="Theme" />
      <pattern total="1">
        <valenceUnit GF="Dep" PT="PP[into]" FE="Goal" />
        <valenceUnit GF="Dep" PT="AVP" FE="Manner" />
        <valenceUnit GF="Dep" PT="PP[of]" FE="Source" />
        <valenceUnit GF="Ext" PT="NP" FE="Theme" />
        <annoSet ID="1929479" />
      </pattern>
    </FEGroupRealization>
    <FEGroupRealization total="2">
      <FE name="Goal" />
      <FE name="Manner" />
      <FE name="Theme" />
      <pattern total="1">
        <valenceUnit GF="Dep" PT="AVP" FE="Goal" />
        <valenceUnit GF="Dep" PT="AVP" FE="Manner" />
        <valenceUnit GF="Ext" PT="NP" FE="Theme" />
        <annoSet ID="1929577" />
      </pattern>
      <pattern total="1">
        <valenceUnit GF="Dep" PT="AVP" FE="Goal" />
        <valenceUnit GF="Dep" PT="PP[in]" FE="Manner" />
        <valenceUnit GF="Ext" PT="NP" FE="Theme" />
        <annoSet ID="1929595" />
      </pattern>
    </FEGroupRealization>
    <FEGroupRealization total="1">
      <FE name="Goal" />
      <FE name="Means" />
      <FE name="Theme" />
      <pattern total="1">
        <valenceUnit GF="Dep" PT="PP[to]" FE="Goal" />
        <valenceUnit GF="Dep" PT="PP[by]" FE="Means" />
        <valenceUnit GF="" PT="CNI" FE="Theme" />
        <annoSet ID="6560929" />
      </pattern>
    </FEGroupRealization>
    <FEGroupRealization total="2">
      <FE name="Goal" />
      <FE name="Path" />
      <FE name="Theme" />
      <pattern total="2">
        <valenceUnit GF="" PT="DNI" FE="Goal" />
        <valenceUnit GF="Dep" PT="PP[past]" FE="Path" />
        <valenceUnit GF="Ext" PT="NP" FE="Theme" />
        <annoSet ID="1929463" />
        <annoSet ID="1929469" />
      </pattern>
    </FEGroupRealization>
    <FEGroupRealization total="5">
      <FE name="Goal" />
      <FE name="Source" />
      <FE name="Theme" />
      <pattern total="1">
        <valenceUnit GF="Dep" PT="AVP" FE="Goal" />
        <valenceUnit GF="Dep" PT="PP[from]" FE="Source" />
        <valenceUnit GF="Ext" PT="NP" FE="Theme" />
        <annoSet ID="1929313" />
      </pattern>
      <pattern total="1">
        <valenceUnit GF="" PT="DNI" FE="Goal" />
        <valenceUnit GF="Dep" PT="PP[from]" FE="Source" />
        <valenceUnit GF="Ext" PT="NP" FE="Theme" />
        <annoSet ID="1929367" />
      </pattern>
      <pattern total="1">
        <valenceUnit GF="" PT="DNI" FE="Goal" />
        <valenceUnit GF="Dep" PT="PP[of]" FE="Source" />
        <valenceUnit GF="Ext" PT="NP" FE="Theme" />
        <annoSet ID="1929477" />
      </pattern>
      <pattern total="1">
        <valenceUnit GF="" PT="DNI" FE="Goal" />
        <valenceUnit GF="Dep" PT="PP[off]" FE="Source" />
        <valenceUnit GF="Ext" PT="NP" FE="Theme" />
        <annoSet ID="1929545" />
      </pattern>
      <pattern total="1">
        <valenceUnit GF="Dep" PT="PP[into]" FE="Goal" />
        <valenceUnit GF="Dep" PT="PP[of]" FE="Source" />
        <valenceUnit GF="Ext" PT="NP" FE="Theme" />
        <annoSet ID="1929483" />
      </pattern>
    </FEGroupRealization>
    <FEGroupRealization total="2">
      <FE name="Goal" />
      <FE name="Source" />
      <FE name="Theme" />
      <FE name="Time" />
      <pattern total="1">
        <valenceUnit GF="Dep" PT="AVP" FE="Goal" />
        <valenceUnit GF="Dep" PT="PP[from]" FE="Source" />
        <valenceUnit GF="Ext" PT="NP" FE="Theme" />
        <valenceUnit GF="Dep" PT="PP[about]" FE="Time" />
        <annoSet ID="1929593" />
      </pattern>
      <pattern total="1">
        <valenceUnit GF="" PT="DNI" FE="Goal" />
        <valenceUnit GF="Dep" PT="PP[off]" FE="Source" />
        <valenceUnit GF="Ext" PT="NP" FE="Theme" />
        <valenceUnit GF="Dep" PT="Sub" FE="Time" />
        <annoSet ID="1929523" />
      </pattern>
    </FEGroupRealization>
    <FEGroupRealization total="21">
      <FE name="Goal" />
      <FE name="Theme" />
      <pattern total="1">
        <valenceUnit GF="Dep" PT="AVP" FE="Goal" />
        <valenceUnit GF="" PT="CNI" FE="Theme" />
        <annoSet ID="6561497" />
      </pattern>
      <pattern total="1">
        <valenceUnit GF="Dep" PT="AVP" FE="Goal" />
        <valenceUnit GF="" PT="INI" FE="Theme" />
        <annoSet ID="6555843" />
      </pattern>
      <pattern total="4">
        <valenceUnit GF="Dep" PT="AVP" FE="Goal" />
        <valenceUnit GF="Ext" PT="NP" FE="Theme" />
        <annoSet ID="1929237" />
        <annoSet ID="1929293" />
        <annoSet ID="1929309" />
        <annoSet ID="4528981" />
      </pattern>
      <pattern total="1">
        <valenceUnit GF="Dep" PT="NP" FE="Goal" />
        <valenceUnit GF="Ext" PT="NP" FE="Theme" />
        <annoSet ID="4529637" />
      </pattern>
      <pattern total="1">
        <valenceUnit GF="Obj" PT="NP" FE="Goal" />
        <valenceUnit GF="Ext" PT="NP" FE="Theme" />
        <annoSet ID="6672935" />
      </pattern>
      <pattern total="1">
        <valenceUnit GF="Dep" PT="PP[in]" FE="Goal" />
        <valenceUnit GF="Ext" PT="NP" FE="Theme" />
        <annoSet ID="1929325" />
      </pattern>
      <pattern total="1">
        <valenceUnit GF="Dep" PT="PP[into]" FE="Goal" />
        <valenceUnit GF="" PT="CNI" FE="Theme" />
        <annoSet ID="1929305" />
      </pattern>
      <pattern total="3">
        <valenceUnit GF="Dep" PT="PP[into]" FE="Goal" />
        <valenceUnit GF="Ext" PT="NP" FE="Theme" />
        <annoSet ID="1929617" />
        <annoSet ID="1929627" />
        <annoSet ID="6532317" />
      </pattern>
      <pattern total="1">
        <valenceUnit GF="Dep" PT="PP[on]" FE="Goal" />
        <valenceUnit GF="Ext" PT="NP" FE="Theme" />
        <annoSet ID="1929555" />
      </pattern>
      <pattern total="2">
        <valenceUnit GF="Dep" PT="PP[to]" FE="Goal" />
        <valenceUnit GF="" PT="CNI" FE="Theme" />
        <annoSet ID="4529586" />
        <annoSet ID="6562045" />
      </pattern>
      <pattern total="5">
        <valenceUnit GF="Dep" PT="PP[to]" FE="Goal" />
        <valenceUnit GF="Ext" PT="NP" FE="Theme" />
        <annoSet ID="1929413" />
        <annoSet ID="1929667" />
        <annoSet ID="1929717" />
        <annoSet ID="6556711" />
        <annoSet ID="6672953" />
      </pattern>
    </FEGroupRealization>
    <FEGroupRealization total="6">
      <FE name="Goal" />
      <FE name="Theme" />
      <FE name="Time" />
      <pattern total="1">
        <valenceUnit GF="Dep" PT="AVP" FE="Goal" />
        <valenceUnit GF="Ext" PT="NP" FE="Theme" />
        <valenceUnit GF="Dep" PT="AVP" FE="Time" />
        <annoSet ID="1929253" />
      </pattern>
      <pattern total="1">
        <valenceUnit GF="Dep" PT="AVP" FE="Goal" />
        <valenceUnit GF="Ext" PT="NP" FE="Theme" />
        <valenceUnit GF="Dep" PT="PP[by]" FE="Time" />
        <annoSet ID="1929263" />
      </pattern>
      <pattern total="1">
        <valenceUnit GF="Dep" PT="AVP" FE="Goal" />
        <valenceUnit GF="Ext" PT="NP" FE="Theme" />
        <valenceUnit GF="Dep" PT="Sub" FE="Time" />
        <annoSet ID="1929273" />
      </pattern>
      <pattern total="1">
        <valenceUnit GF="Dep" PT="PP[into]" FE="Goal" />
        <valenceUnit GF="Ext" PT="NP" FE="Theme" />
        <valenceUnit GF="Dep" PT="PP[on]" FE="Time" />
        <annoSet ID="1929599" />
      </pattern>
      <pattern total="1">
        <valenceUnit GF="Dep" PT="PP[onto]" FE="Goal" />
        <valenceUnit GF="Ext" PT="NP" FE="Theme" />
        <valenceUnit GF="Dep" PT="PP[at]" FE="Time" />
        <annoSet ID="1929637" />
      </pattern>
      <pattern total="1">
        <valenceUnit GF="Dep" PT="PP[to]" FE="Goal" />
        <valenceUnit GF="Ext" PT="NP" FE="Theme" />
        <valenceUnit GF="Dep" PT="PP[on]" FE="Time" />
        <annoSet ID="1929671" />
      </pattern>
    </FEGroupRealization>
  </valences>
  <subCorpus name="V-augmented">
    <sentence sentNo="0" ID="769747n">
      <text>the news got the house again , and entered noisily and tearfully . </text>
      <annotationSet cDate="08/08/2025 07:59:25 PST Fri" status="AUGMENTED" ID="0">
        <layer name="FE" rank="1">
          <label cBy="auto-aug" feID="223" start="0" end="7" name="Theme" />
          <label cBy="auto-aug" feID="226" start="13" end="21" name="Goal" />
        </layer>
        <layer name="Target" rank="1">
          <label cBy="auto-aug" start="9" end="11" name="Target" />
        </layer>
      </annotationSet>
    </sentence>
    <sentence sentNo="0" ID="878169n">
      <text>As a shock got from the impact he flinched . </text>
      <annotationSet cDate="08/08/2025 07:59:25 PST Fri" status="AUGMENTED" ID="0">
        <layer name="FE" rank="1">
          <label cBy="auto-aug" feID="2051" start="0" end="1" name="Time" />
          <label cBy="auto-aug" feID="223" start="3" end="9" name="Theme" />
          <label cBy="auto-aug" feID="226" start="15" end="29" name="Goal" />
        </layer>
        <layer name="Target" rank="1">
          <label cBy="auto-aug" start="11" end="13" name="Target" />
        </layer>
      </annotationSet>
    </sentence>
    <sentence sentNo="0" ID="4101050n">
      <text>Additional pressures from getting help pushed the missionaries ' plight beyond recovery .</text>
      <annotationSet cDate="08/08/2025 07:59:25 PST Fri" status="AUGMENTED" ID="0">
        <layer name="FE" rank="1">
          <label cBy="auto-aug" feID="223" start="34" end="37" name="Theme" />
        </layer>
        <layer name="Target" rank="1">
          <label cBy="auto-aug" start="26" end="32" name="Target" />
        </layer>
      </annotationSet>
    </sentence>
    <sentence sentNo="0" ID="770053n">
      <text>The first pack of Desert Rats is now trying to cope with the soaring heat of Saudi Arabia ; supplies began getting food today in an air lift from Germany . </text>
      <annotationSet cDate="08/08/2025 07:59:25 PST Fri" status="AUGMENTED" ID="0">
        <layer name="FE" rank="1">
          <label cBy="auto-aug" feID="223" start="92" end="99" name="Theme" />
          <label cBy="auto-aug" feID="226" start="115" end="118" name="Goal" />
          <label cBy="auto-aug" feID="1938" start="126" end="152" name="Mode_of_transportation" />
        </layer>
        <layer name="Target" rank="1">
          <label cBy="auto-aug" start="107" end="113" name="Target" />
        </layer>
      </annotationSet>
    </sentence>
    <sentence sentNo="0" ID="621992n">
      <text>At last her courage got the path and began to cross to the diagonally opposite tower , grateful that there were lights here to guide her way . </text>
      <annotationSet cDate="08/08/2025 07:59:25 PST Fri" status="AUGMENTED" ID="0">
        <layer name="FE" rank="1">
          <label cBy="auto-aug" feID="2051" start="0" end="6" name="Time" />
          <label cBy="auto-aug" feID="223" start="8" end="18" name="Theme" />
          <label cBy="auto-aug" feID="226" start="24" end="31" name="Goal" />
        </layer>
        <layer name="Target" rank="1">
          <label cBy="auto-aug" start="20" end="22" name="Target" />
        </layer>
      </annotationSet>
    </sentence>
    <sentence sentNo="0" ID="4100360n">
      <text>Jesus got to live in the Galilee village of Nazareth , making pilgrimages to Jerusalem .</text>
      <annotationSet cDate="08/08/2025 07:59:25 PST Fri" status="AUGMENTED" ID="0">
        <layer name="FE" rank="1">
          <label cBy="auto-aug" feID="223" start="0" end="4" name="Theme" />
          <label cBy="auto-aug" feID="10079" start="10" end="51" name="Purpose" />
        </layer>
        <layer name="Target" rank="1">
          <label cBy="auto-aug" start="6" end="8" name="Target" />
        </layer>
      </annotationSet>
    </sentence>
    <sentence sentNo="0" ID="4101170n">
      <text>Their curiosity pushed them to build boats that were strong enough to ford the open seas and get across the waters , marking the start of the long legacy of Mediterranean seafaring .</text>
      <annotationSet cDate="08/08/2025 07:59:25 PST Fri" status="AUGMENTED" ID="0">
        <layer name="FE" rank="1">
          <label cBy="auto-aug" feID="223" start="37" end="41" name="Theme" />
          <label cBy="auto-aug" feID="223" start="43" end="46" name="Theme" />
          <label cBy="auto-aug" feID="226" start="97" end="113" name="Goal" />
          <label cBy="auto-aug" feID="11182" start="117" end="179" name="Event_description" />
        </layer>
        <layer name="Target" rank="1">
          <label cBy="auto-aug" start="93" end="95" name="Target" />
        </layer>
      </annotationSet>
    </sentence>
    <sentence sentNo="0" ID="1351362n">
      <text>the package , however , did get delivered to the address .</text>
      <annotationSet cDate="08/08/2025 07:59:25 PST Fri" status="AUGMENTED" ID="0">
        <layer name="FE" rank="1">
          <label cBy="auto-aug" feID="223" start="0" end="10" name="Theme" />
          <label cBy="auto-aug" feID="226" start="32" end="55" name="Goal" />
        </layer>
        <layer name="Target" rank="1">
          <label cBy="auto-aug" start="28" end="30" name="Target" />
        </layer>
      </annotationSet>
    </sentence>
    <sentence sentNo="0" ID="878178n">
      <text>But , even as he spoke , the promotion got what he wanted . </text>
      <annotationSet cDate="08/08/2025 07:59:25 PST Fri" status="AUGMENTED" ID="0">
        <layer name="FE" rank="1">
          <label cBy="auto-aug" feID="2051" start="6" end="21" name="Time" />
          <label cBy="auto-aug" feID="223" start="25" end="37" name="Theme" />
          <label cBy="auto-aug" feID="226" start="43" end="56" name="Goal" />
        </layer>
        <layer name="Target" rank="1">
          <label cBy="auto-aug" start="39" end="41" name="Target" />
        </layer>
      </annotationSet>
    </sentence>
    <sentence sentNo="0" ID="4110606n">
      <text>It came in through my mother 's blood ; my Russian grandmother would always tell me stories , bylichkas , of ancestors with the `` second sight '' , stupid mill owners who discovered bags of gold after letting a special fish off their hooks , and the spirits the shadows used to get to help or interfere at crucial times .</text>
      <annotationSet cDate="08/08/2025 07:59:25 PST Fri" status="AUGMENTED" ID="0">
        <layer name="FE" rank="1">
          <label cBy="auto-aug" feID="223" start="247" end="257" name="Theme" />
          <label cBy="auto-aug" feID="223" start="259" end="269" name="Theme" />
          <label cBy="auto-aug" feID="10079" start="283" end="302" name="Purpose" />
          <label cBy="auto-aug" feID="2051" start="304" end="319" name="Time" />
        </layer>
        <layer name="Target" rank="1">
          <label cBy="auto-aug" start="279" end="281" name="Target" />
        </layer>
      </annotationSet>
    </sentence>
    <sentence sentNo="0" ID="770149n">
      <text>the person getting to an indifferent reception or lack of clear information , even a misspelt name , soon starts to believe that he 's dealing with incompetents . </text>
      <annotationSet cDate="08/08/2025 07:59:25 PST Fri" status="AUGMENTED" ID="0">
        <layer name="FE" rank="1">
          <label cBy="auto-aug" feID="223" start="0" end="9" name="Theme" />
          <label cBy="auto-aug" feID="3580" start="19" end="97" name="New_situation" />
        </layer>
        <layer name="Target" rank="1">
          <label cBy="auto-aug" start="11" end="17" name="Target" />
        </layer>
      </annotationSet>
    </sentence>
    <sentence sentNo="0" ID="4097039n">
      <text>The CIA believes that `` the country is rapidly getting nuclear weapons and could become a supplier of CW - related materials to other nations . ''</text>
      <annotationSet cDate="08/08/2025 07:59:25 PST Fri" status="AUGMENTED" ID="0">
        <layer name="FE" rank="1">
          <label cBy="auto-aug" feID="223" start="25" end="35" name="Theme" />
          <label cBy="auto-aug" feID="227" start="40" end="46" name="Manner" />
          <label cBy="auto-aug" feID="226" start="56" end="70" name="Goal" />
        </layer>
        <layer name="Target" rank="1">
          <label cBy="auto-aug" start="48" end="54" name="Target" />
        </layer>
      </annotationSet>
    </sentence>
    <sentence sentNo="0" ID="1049123n">
      <text>the news got the motivation and stood up , plastering her hair back with her hands . </text>
      <annotationSet cDate="08/08/2025 07:59:25 PST Fri" status="AUGMENTED" ID="0">
        <layer name="FE" rank="1">
          <label cBy="auto-aug" feID="223" start="0" end="7" name="Theme" />
          <label cBy="auto-aug" feID="226" start="13" end="26" name="Goal" />
        </layer>
        <layer name="Target" rank="1">
          <label cBy="auto-aug" start="9" end="11" name="Target" />
        </layer>
      </annotationSet>
    </sentence>
    <sentence sentNo="0" ID="4103904n">
      <text>Hear the songs of Bob Marley booming from a hundred cranked - up car stereos or the chorus of frogs that begin to call as the night gets .</text>
      <annotationSet cDate="08/08/2025 07:59:25 PST Fri" status="AUGMENTED" ID="0">
        <layer name="FE" rank="1">
          <label cBy="auto-aug" feID="223" start="122" end="130" name="Theme" />
        </layer>
        <layer name="Target" rank="1">
          <label cBy="auto-aug" start="132" end="135" name="Target" />
        </layer>
      </annotationSet>
    </sentence>
    <sentence sentNo="0" ID="771839n">
      <text>Persuade them to get with you . </text>
      <annotationSet cDate="08/08/2025 07:59:25 PST Fri" status="AUGMENTED" ID="0">
        <layer name="FE" rank="1">
          <label cBy="auto-aug" feID="223" start="9" end="12" name="Theme" />
          <label cBy="auto-aug" feID="1939" start="21" end="28" name="Cotheme" />
        </layer>
        <layer name="Target" rank="1">
          <label cBy="auto-aug" start="17" end="19" name="Target" />
        </layer>
      </annotationSet>
    </sentence>
  </subCorpus>
</lexUnit>