<?xml version='1.0' encoding='UTF-8'?>
<lexUnit xmlns="http://framenet.icsi.berkeley.edu" xmlns:xsi="http://www.w3.org/2001/XMLSchema-instance" status="Finished_Initial" POS="V" name="screw up.v" ID="4865" frame="Bungling" frameID="266" totalAnnotated="9" xsi:schemaLocation="../schema/lexUnit.xsd">
  <header>
    <corpus description="LUCorpus-v0.3" name="LUCorpus-v0.3" ID="205">
      <document description="sw2025-ms98-a-trans.ascii-1-NEW" name="sw2025-ms98-a-trans.ascii-1-NEW" ID="23731" />
    </corpus>
    <frame>
      <FE fgColor="FFFFFF" bgColor="800080" type="Core" abbrev="Act" name="Action" />
      <FE fgColor="FFFFFF" bgColor="FF0000" type="Core" abbrev="Agt" name="Agent" />
      <FE fgColor="FFFFFF" bgColor="9F79EE" type="Core" abbrev="Area" name="Area" />
      <FE fgColor="FFFFFF" bgColor="FF69B4" type="Peripheral" abbrev="Degr" name="Degree" />
      <FE fgColor="FFFFFF" bgColor="9400D3" type="Extra-Thematic" abbrev="Depict" name="Depictive" />
      <FE fgColor="FFFFFF" bgColor="808080" type="Peripheral" abbrev="Ins" name="Instrument" />
      <FE fgColor="FFFFFF" bgColor="FF00FF" type="Peripheral" abbrev="Manr" name="Manner" />
      <FE fgColor="FFFFFF" bgColor="A52A2A" type="Peripheral" abbrev="Mns" name="Means" />
      <FE fgColor="FFFFFF" bgColor="0000FF" type="Core" abbrev="Pat" name="Patient" />
      <FE fgColor="FFFFFF" bgColor="008000" type="Peripheral" abbrev="Place" name="Place" />
      <FE fgColor="FFFFFF" bgColor="FFA500" type="Peripheral" abbrev="Time" name="Time" />
    </frame>
  </header>
  <definition>COD: completely mismanage or mishandle a situation</definition>
  <lexeme order="1" headword="true" breakBefore="false" POS="V" name="screw" />
  <lexeme order="2" headword="false" breakBefore="false" POS="ADV" name="up" />
  <valences>
    <FERealization total="2">
      <FE name="Action" />
      <pattern total="1">
        <valenceUnit GF="" PT="DNI" FE="Action" />
        <annoSet ID="1124580" />
      </pattern>
      <pattern total="1">
        <valenceUnit GF="Dep" PT="PP[with]" FE="Action" />
        <annoSet ID="1124582" />
      </pattern>
    </FERealization>
    <FERealization total="9">
      <FE name="Agent" />
      <pattern total="6">
        <valenceUnit GF="Ext" PT="NP" FE="Agent" />
        <annoSet ID="1124222" />
        <annoSet ID="1124226" />
        <annoSet ID="1124580" />
        <annoSet ID="1124582" />
        <annoSet ID="1124688" />
        <annoSet ID="6551115" />
      </pattern>
      <pattern total="2">
        <valenceUnit GF="" PT="CNI" FE="Agent" />
        <annoSet ID="1124658" />
        <annoSet ID="1124692" />
      </pattern>
      <pattern total="1">
        <valenceUnit GF="" PT="INI" FE="Agent" />
        <annoSet ID="1124400" />
      </pattern>
    </FERealization>
    <FERealization total="1">
      <FE name="Degree" />
      <pattern total="1">
        <valenceUnit GF="Obj" PT="NP" FE="Degree" />
        <annoSet ID="6551115" />
      </pattern>
    </FERealization>
    <FERealization total="1">
      <FE name="Manner" />
      <pattern total="1">
        <valenceUnit GF="Dep" PT="AVP" FE="Manner" />
        <annoSet ID="1124688" />
      </pattern>
    </FERealization>
    <FERealization total="6">
      <FE name="Patient" />
      <pattern total="2">
        <valenceUnit GF="Ext" PT="NP" FE="Patient" />
        <annoSet ID="1124400" />
        <annoSet ID="1124658" />
      </pattern>
      <pattern total="4">
        <valenceUnit GF="Obj" PT="NP" FE="Patient" />
        <annoSet ID="1124222" />
        <annoSet ID="1124226" />
        <annoSet ID="1124688" />
        <annoSet ID="1124692" />
      </pattern>
    </FERealization>
    <FERealization total="1">
      <FE name="Time" />
      <pattern total="1">
        <valenceUnit GF="Dep" PT="AVP" FE="Time" />
        <annoSet ID="1124580" />
      </pattern>
    </FERealization>
    <FEGroupRealization total="1">
      <FE name="Action" />
      <FE name="Agent" />
      <pattern total="1">
        <valenceUnit GF="Dep" PT="PP[with]" FE="Action" />
        <valenceUnit GF="Ext" PT="NP" FE="Agent" />
        <annoSet ID="1124582" />
      </pattern>
    </FEGroupRealization>
    <FEGroupRealization total="1">
      <FE name="Action" />
      <FE name="Agent" />
      <FE name="Time" />
      <pattern total="1">
        <valenceUnit GF="" PT="DNI" FE="Action" />
        <valenceUnit GF="Ext" PT="NP" FE="Agent" />
        <valenceUnit GF="Dep" PT="AVP" FE="Time" />
        <annoSet ID="1124580" />
      </pattern>
    </FEGroupRealization>
    <FEGroupRealization total="1">
      <FE name="Agent" />
      <FE name="Degree" />
      <pattern total="1">
        <valenceUnit GF="Ext" PT="NP" FE="Agent" />
        <valenceUnit GF="Obj" PT="NP" FE="Degree" />
        <annoSet ID="6551115" />
      </pattern>
    </FEGroupRealization>
    <FEGroupRealization total="1">
      <FE name="Agent" />
      <FE name="Manner" />
      <FE name="Patient" />
      <pattern total="1">
        <valenceUnit GF="Ext" PT="NP" FE="Agent" />
        <valenceUnit GF="Dep" PT="AVP" FE="Manner" />
        <valenceUnit GF="Obj" PT="NP" FE="Patient" />
        <annoSet ID="1124688" />
      </pattern>
    </FEGroupRealization>
    <FEGroupRealization total="5">
      <FE name="Agent" />
      <FE name="Patient" />
      <pattern total="1">
        <valenceUnit GF="" PT="CNI" FE="Agent" />
        <valenceUnit GF="Ext" PT="NP" FE="Patient" />
        <annoSet ID="1124658" />
      </pattern>
      <pattern total="1">
        <valenceUnit GF="" PT="CNI" FE="Agent" />
        <valenceUnit GF="Obj" PT="NP" FE="Patient" />
        <annoSet ID="1124692" />
      </pattern>
      <pattern total="1">
        <valenceUnit GF="" PT="INI" FE="Agent" />
        <valenceUnit GF="Ext" PT="NP" FE="Patient" />
        <annoSet ID="1124400" />
      </pattern>
      <pattern total="2">
        <valenceUnit GF="Ext" PT="NP" FE="Agent" />
        <valenceUnit GF="Obj" PT="NP" FE="Patient" />
        <annoSet ID="1124222" />
        <annoSet ID="1124226" />
      </pattern>
    </FEGroupRealization>
  </valences>
  <subCorpus name="V-augmented">
    <sentence sentNo="0" ID="795193n">
      <text>PLANNERS screwed up the schedule . </text>
      <annotationSet cDate="08/08/2025 08:00:58 PST Fri" status="AUGMENTED" ID="0">
        <layer name="FE" rank="1">
          <label cBy="auto-aug" feID="2292" start="0" end="7" name="Agent" />
          <label cBy="auto-aug" feID="2297" start="20" end="31" name="Action" />
        </layer>
        <layer name="Target" rank="1">
          <label cBy="auto-aug" start="9" end="18" name="Target" />
        </layer>
      </annotationSet>
    </sentence>
    <sentence sentNo="0" ID="795491n">
      <text>` In a way , it could be said I 've screwed up my life by putting up these houses , " he said . </text>
      <annotationSet cDate="08/08/2025 08:00:58 PST Fri" status="AUGMENTED" ID="0">
        <layer name="FE" rank="1">
          <label cBy="auto-aug" feID="2292" start="30" end="30" name="Agent" />
          <label cBy="auto-aug" feID="2293" start="47" end="53" name="Patient" />
          <label cBy="auto-aug" feID="2291" start="55" end="80" name="Means" />
        </layer>
        <layer name="Target" rank="1">
          <label cBy="auto-aug" start="36" end="45" name="Target" />
        </layer>
      </annotationSet>
    </sentence>
  </subCorpus>
</lexUnit>