<?xml version='1.0' encoding='UTF-8'?>
<lexUnit xmlns="http://framenet.icsi.berkeley.edu" xmlns:xsi="http://www.w3.org/2001/XMLSchema-instance" status="Finished_Initial" POS="V" name="escape.v" ID="4999" frame="Avoiding" frameID="274" totalAnnotated="35" xsi:schemaLocation="../schema/lexUnit.xsd">
  <header>
    <corpus description="Wall Street Journal Texts from the PropBank Project" name="PropBank" ID="115">
      <document description="Loma Prieta" name="LomaPrieta" ID="23013" />
    </corpus>
    <corpus description="Miscellaneous" name="Miscellaneous" ID="175">
      <document description="Orwell_1984_p1" name="Orwell_1984_p1" ID="7" />
      <document description="TigerOfSanPedro" name="Tiger_Of_San_Pedro" ID="25343" />
    </corpus>
    <corpus description="AQUAINT Knowledge-Based Evaluation Texts" name="KBEval" ID="185">
      <document description="Brandeis" name="Brandeis" ID="23573" />
    </corpus>
    <corpus description="American National Corpus Texts" name="ANC" ID="195">
      <document description="Berlitz History of Jerusalem" name="HistoryOfJerusalem" ID="23647" />
      <document description="Berlitz History of Greece" name="HistoryOfGreece" ID="23692" />
    </corpus>
    <frame>
      <FE fgColor="FFFFFF" bgColor="FF0000" type="Core" abbrev="Agent" name="Agent" />
      <FE fgColor="FFFFFF" bgColor="808080" type="Extra-Thematic" abbrev="cir" name="Circumstances" />
      <FE fgColor="FFFFFF" bgColor="FF69B4" type="Peripheral" abbrev="Degr" name="Degree" />
      <FE fgColor="FFFFFF" bgColor="9F79EE" type="Extra-Thematic" abbrev="Exp" name="Explanation" />
      <FE fgColor="FFFFFF" bgColor="FF00FF" type="Peripheral" abbrev="Manr" name="Manner" />
      <FE fgColor="FFFFFF" bgColor="A52A2A" type="Peripheral" abbrev="Mns" name="Means" />
      <FE fgColor="FFFFFF" bgColor="008000" type="Peripheral" abbrev="Place" name="Place" />
      <FE fgColor="FFFFFF" bgColor="800080" type="Peripheral" abbrev="Purp" name="Purpose" />
      <FE fgColor="FFFFFF" bgColor="FFA500" type="Peripheral" abbrev="Time" name="Time" />
      <FE fgColor="FFFFFF" bgColor="0000FF" type="Core" abbrev="Und_sit" name="Undesirable_situation" />
    </frame>
  </header>
  <definition>COD: succeed in eluding (something dangerous or undesirable)</definition>
  <lexeme POS="V" name="escape" />
  <valences>
    <FERealization total="35">
      <FE name="Agent" />
      <pattern total="2">
        <valenceUnit GF="" PT="CNI" FE="Agent" />
        <annoSet ID="1090455" />
        <annoSet ID="1090533" />
      </pattern>
      <pattern total="33">
        <valenceUnit GF="Ext" PT="NP" FE="Agent" />
        <annoSet ID="1090043" />
        <annoSet ID="1090089" />
        <annoSet ID="1090101" />
        <annoSet ID="1090105" />
        <annoSet ID="1090119" />
        <annoSet ID="1090127" />
        <annoSet ID="1090139" />
        <annoSet ID="1090159" />
        <annoSet ID="1090161" />
        <annoSet ID="1090171" />
        <annoSet ID="1090173" />
        <annoSet ID="1090193" />
        <annoSet ID="1090219" />
        <annoSet ID="1090233" />
        <annoSet ID="1090235" />
        <annoSet ID="1090237" />
        <annoSet ID="1090277" />
        <annoSet ID="1090287" />
        <annoSet ID="1090301" />
        <annoSet ID="1090395" />
        <annoSet ID="1090437" />
        <annoSet ID="1090547" />
        <annoSet ID="1090569" />
        <annoSet ID="1992377" />
        <annoSet ID="4529032" />
        <annoSet ID="6533230" />
        <annoSet ID="6533232" />
        <annoSet ID="6538875" />
        <annoSet ID="6539006" />
        <annoSet ID="6543289" />
        <annoSet ID="6645759" />
        <annoSet ID="6646334" />
        <annoSet ID="6646541" />
      </pattern>
    </FERealization>
    <FERealization total="2">
      <FE name="Degree" />
      <pattern total="1">
        <valenceUnit GF="Dep" PT="AVP" FE="Degree" />
        <annoSet ID="6538875" />
      </pattern>
      <pattern total="1">
        <valenceUnit GF="Dep" PT="PP[by]" FE="Degree" />
        <annoSet ID="1090139" />
      </pattern>
    </FERealization>
    <FERealization total="2">
      <FE name="Explanation" />
      <pattern total="2">
        <valenceUnit GF="Dep" PT="Sub" FE="Explanation" />
        <annoSet ID="1090127" />
        <annoSet ID="1090219" />
      </pattern>
    </FERealization>
    <FERealization total="1">
      <FE name="Manner" />
      <pattern total="1">
        <valenceUnit GF="Dep" PT="AJP" FE="Manner" />
        <annoSet ID="4529032" />
      </pattern>
    </FERealization>
    <FERealization total="3">
      <FE name="Means" />
      <pattern total="1">
        <valenceUnit GF="Dep" PT="PP[by]" FE="Means" />
        <annoSet ID="6539006" />
      </pattern>
      <pattern total="2">
        <valenceUnit GF="Dep" PT="PPing[by]" FE="Means" />
        <annoSet ID="1090159" />
        <annoSet ID="1090569" />
      </pattern>
    </FERealization>
    <FERealization total="1">
      <FE name="Time" />
      <pattern total="1">
        <valenceUnit GF="Dep" PT="PP[in]" FE="Time" />
        <annoSet ID="6539006" />
      </pattern>
      <pattern total="1">
        <valenceUnit GF="Dep" PT="Sub" FE="Time" />
        <annoSet ID="6539006" />
      </pattern>
    </FERealization>
    <FERealization total="35">
      <FE name="Undesirable_situation" />
      <pattern total="1">
        <valenceUnit GF="Ext" PT="NP" FE="Undesirable_situation" />
        <annoSet ID="1090455" />
      </pattern>
      <pattern total="32">
        <valenceUnit GF="Obj" PT="NP" FE="Undesirable_situation" />
        <annoSet ID="1090043" />
        <annoSet ID="1090089" />
        <annoSet ID="1090101" />
        <annoSet ID="1090105" />
        <annoSet ID="1090119" />
        <annoSet ID="1090127" />
        <annoSet ID="1090139" />
        <annoSet ID="1090159" />
        <annoSet ID="1090161" />
        <annoSet ID="1090171" />
        <annoSet ID="1090173" />
        <annoSet ID="1090193" />
        <annoSet ID="1090219" />
        <annoSet ID="1090233" />
        <annoSet ID="1090235" />
        <annoSet ID="1090237" />
        <annoSet ID="1090277" />
        <annoSet ID="1090287" />
        <annoSet ID="1090301" />
        <annoSet ID="1090395" />
        <annoSet ID="1090437" />
        <annoSet ID="1090533" />
        <annoSet ID="1090547" />
        <annoSet ID="1992377" />
        <annoSet ID="6533230" />
        <annoSet ID="6533232" />
        <annoSet ID="6538875" />
        <annoSet ID="6539006" />
        <annoSet ID="6543289" />
        <annoSet ID="6645759" />
        <annoSet ID="6646334" />
        <annoSet ID="6646541" />
      </pattern>
      <pattern total="1">
        <valenceUnit GF="" PT="DNI" FE="Undesirable_situation" />
        <annoSet ID="4529032" />
      </pattern>
      <pattern total="1">
        <valenceUnit GF="Dep" PT="PP[from]" FE="Undesirable_situation" />
        <annoSet ID="1090569" />
      </pattern>
    </FERealization>
    <FEGroupRealization total="1">
      <FE name="Agent" />
      <FE name="Agent" />
      <FE name="Agent" />
      <FE name="Agent" />
      <FE name="Undesirable_situation" />
      <pattern total="1">
        <valenceUnit GF="Ext" PT="NP" FE="Agent" />
        <valenceUnit GF="Ext" PT="NP" FE="Agent" />
        <valenceUnit GF="Ext" PT="NP" FE="Agent" />
        <valenceUnit GF="Ext" PT="NP" FE="Agent" />
        <valenceUnit GF="Obj" PT="NP" FE="Undesirable_situation" />
        <annoSet ID="6646334" />
      </pattern>
    </FEGroupRealization>
    <FEGroupRealization total="1">
      <FE name="Agent" />
      <FE name="Agent" />
      <FE name="Undesirable_situation" />
      <pattern total="1">
        <valenceUnit GF="Ext" PT="NP" FE="Agent" />
        <valenceUnit GF="Ext" PT="NP" FE="Agent" />
        <valenceUnit GF="Obj" PT="NP" FE="Undesirable_situation" />
        <annoSet ID="1090173" />
      </pattern>
    </FEGroupRealization>
    <FEGroupRealization total="2">
      <FE name="Agent" />
      <FE name="Degree" />
      <FE name="Undesirable_situation" />
      <pattern total="1">
        <valenceUnit GF="Ext" PT="NP" FE="Agent" />
        <valenceUnit GF="Dep" PT="AVP" FE="Degree" />
        <valenceUnit GF="Obj" PT="NP" FE="Undesirable_situation" />
        <annoSet ID="6538875" />
      </pattern>
      <pattern total="1">
        <valenceUnit GF="Ext" PT="NP" FE="Agent" />
        <valenceUnit GF="Dep" PT="PP[by]" FE="Degree" />
        <valenceUnit GF="Obj" PT="NP" FE="Undesirable_situation" />
        <annoSet ID="1090139" />
      </pattern>
    </FEGroupRealization>
    <FEGroupRealization total="2">
      <FE name="Agent" />
      <FE name="Explanation" />
      <FE name="Undesirable_situation" />
      <pattern total="2">
        <valenceUnit GF="Ext" PT="NP" FE="Agent" />
        <valenceUnit GF="Dep" PT="Sub" FE="Explanation" />
        <valenceUnit GF="Obj" PT="NP" FE="Undesirable_situation" />
        <annoSet ID="1090127" />
        <annoSet ID="1090219" />
      </pattern>
    </FEGroupRealization>
    <FEGroupRealization total="1">
      <FE name="Agent" />
      <FE name="Manner" />
      <FE name="Undesirable_situation" />
      <pattern total="1">
        <valenceUnit GF="Ext" PT="NP" FE="Agent" />
        <valenceUnit GF="Dep" PT="AJP" FE="Manner" />
        <valenceUnit GF="" PT="DNI" FE="Undesirable_situation" />
        <annoSet ID="4529032" />
      </pattern>
    </FEGroupRealization>
    <FEGroupRealization total="1">
      <FE name="Agent" />
      <FE name="Means" />
      <FE name="Time" />
      <FE name="Time" />
      <FE name="Undesirable_situation" />
      <pattern total="1">
        <valenceUnit GF="Ext" PT="NP" FE="Agent" />
        <valenceUnit GF="Dep" PT="PP[by]" FE="Means" />
        <valenceUnit GF="Dep" PT="PP[in]" FE="Time" />
        <valenceUnit GF="Dep" PT="Sub" FE="Time" />
        <valenceUnit GF="Obj" PT="NP" FE="Undesirable_situation" />
        <annoSet ID="6539006" />
      </pattern>
    </FEGroupRealization>
    <FEGroupRealization total="2">
      <FE name="Agent" />
      <FE name="Means" />
      <FE name="Undesirable_situation" />
      <pattern total="1">
        <valenceUnit GF="Ext" PT="NP" FE="Agent" />
        <valenceUnit GF="Dep" PT="PPing[by]" FE="Means" />
        <valenceUnit GF="Obj" PT="NP" FE="Undesirable_situation" />
        <annoSet ID="1090159" />
      </pattern>
      <pattern total="1">
        <valenceUnit GF="Ext" PT="NP" FE="Agent" />
        <valenceUnit GF="Dep" PT="PPing[by]" FE="Means" />
        <valenceUnit GF="Dep" PT="PP[from]" FE="Undesirable_situation" />
        <annoSet ID="1090569" />
      </pattern>
    </FEGroupRealization>
    <FEGroupRealization total="25">
      <FE name="Agent" />
      <FE name="Undesirable_situation" />
      <pattern total="1">
        <valenceUnit GF="" PT="CNI" FE="Agent" />
        <valenceUnit GF="Ext" PT="NP" FE="Undesirable_situation" />
        <annoSet ID="1090455" />
      </pattern>
      <pattern total="1">
        <valenceUnit GF="" PT="CNI" FE="Agent" />
        <valenceUnit GF="Obj" PT="NP" FE="Undesirable_situation" />
        <annoSet ID="1090533" />
      </pattern>
      <pattern total="23">
        <valenceUnit GF="Ext" PT="NP" FE="Agent" />
        <valenceUnit GF="Obj" PT="NP" FE="Undesirable_situation" />
        <annoSet ID="1090043" />
        <annoSet ID="1090089" />
        <annoSet ID="1090101" />
        <annoSet ID="1090105" />
        <annoSet ID="1090119" />
        <annoSet ID="1090161" />
        <annoSet ID="1090171" />
        <annoSet ID="1090193" />
        <annoSet ID="1090233" />
        <annoSet ID="1090235" />
        <annoSet ID="1090237" />
        <annoSet ID="1090277" />
        <annoSet ID="1090287" />
        <annoSet ID="1090301" />
        <annoSet ID="1090395" />
        <annoSet ID="1090437" />
        <annoSet ID="1090547" />
        <annoSet ID="1992377" />
        <annoSet ID="6533230" />
        <annoSet ID="6533232" />
        <annoSet ID="6543289" />
        <annoSet ID="6645759" />
        <annoSet ID="6646541" />
      </pattern>
    </FEGroupRealization>
  </valences>
  <subCorpus name="V-augmented">
    <sentence sentNo="0" ID="815349n">
      <text>Any man escaping captivity would be shot on the spot . </text>
      <annotationSet cDate="08/08/2025 08:00:32 PST Fri" status="AUGMENTED" ID="0">
        <layer name="FE" rank="1">
          <label cBy="auto-aug" feID="2351" start="0" end="6" name="Agent" />
          <label cBy="auto-aug" feID="2355" start="17" end="25" name="Undesirable_situation" />
        </layer>
        <layer name="Target" rank="1">
          <label cBy="auto-aug" start="8" end="15" name="Target" />
        </layer>
      </annotationSet>
    </sentence>
    <sentence sentNo="0" ID="815209n">
      <text>TOURISTS are escaping danger , a survey detailing Sightseeing in the UK during 1991 has revealed . </text>
      <annotationSet cDate="08/08/2025 08:00:32 PST Fri" status="AUGMENTED" ID="0">
        <layer name="FE" rank="1">
          <label cBy="auto-aug" feID="2351" start="0" end="7" name="Agent" />
          <label cBy="auto-aug" feID="2355" start="22" end="27" name="Undesirable_situation" />
        </layer>
        <layer name="Target" rank="1">
          <label cBy="auto-aug" start="13" end="20" name="Target" />
        </layer>
      </annotationSet>
    </sentence>
    <sentence sentNo="0" ID="815424n">
      <text>American firms issue paper privately mainly to escape bank regulations . </text>
      <annotationSet cDate="08/08/2025 08:00:32 PST Fri" status="AUGMENTED" ID="0">
        <layer name="FE" rank="1">
          <label cBy="auto-aug" feID="2351" start="0" end="13" name="Agent" />
          <label cBy="auto-aug" feID="2355" start="54" end="69" name="Undesirable_situation" />
        </layer>
        <layer name="Target" rank="1">
          <label cBy="auto-aug" start="47" end="52" name="Target" />
        </layer>
      </annotationSet>
    </sentence>
    <sentence sentNo="0" ID="815318n">
      <text>He does n't escape prison . </text>
      <annotationSet cDate="08/08/2025 08:00:32 PST Fri" status="AUGMENTED" ID="0">
        <layer name="FE" rank="1">
          <label cBy="auto-aug" feID="2351" start="0" end="1" name="Agent" />
          <label cBy="auto-aug" feID="2355" start="19" end="24" name="Undesirable_situation" />
        </layer>
        <layer name="Target" rank="1">
          <label cBy="auto-aug" start="12" end="17" name="Target" />
        </layer>
      </annotationSet>
    </sentence>
    <sentence sentNo="0" ID="815446n">
      <text>She simply donned a flowing outfit by Amanda Wakely , stepped out … and escaped neatly the chaos . </text>
      <annotationSet cDate="08/08/2025 08:00:32 PST Fri" status="AUGMENTED" ID="0">
        <layer name="FE" rank="1">
          <label cBy="auto-aug" feID="2351" start="0" end="2" name="Agent" />
          <label cBy="auto-aug" feID="2369" start="80" end="85" name="Manner" />
          <label cBy="auto-aug" feID="2355" start="87" end="95" name="Undesirable_situation" />
        </layer>
        <layer name="Target" rank="1">
          <label cBy="auto-aug" start="72" end="78" name="Target" />
        </layer>
      </annotationSet>
    </sentence>
    <sentence sentNo="0" ID="814483n">
      <text>In his reply , Mr Major escaped trouble , and his limp and lacklustre speech plunged the Tories into gloom . </text>
      <annotationSet cDate="08/08/2025 08:00:32 PST Fri" status="AUGMENTED" ID="0">
        <layer name="FE" rank="1">
          <label cBy="auto-aug" feID="2351" start="15" end="22" name="Agent" />
          <label cBy="auto-aug" feID="2355" start="32" end="38" name="Undesirable_situation" />
        </layer>
        <layer name="Target" rank="1">
          <label cBy="auto-aug" start="24" end="30" name="Target" />
        </layer>
      </annotationSet>
    </sentence>
  </subCorpus>
</lexUnit>