<?xml version='1.0' encoding='UTF-8'?>
<lexUnit xmlns="http://framenet.icsi.berkeley.edu" xmlns:xsi="http://www.w3.org/2001/XMLSchema-instance" status="Finished_Initial" POS="V" name="have.v" ID="5171" frame="Ingestion" frameID="263" totalAnnotated="24" xsi:schemaLocation="../schema/lexUnit.xsd">
  <header>
    <corpus description="American National Corpus Texts" name="ANC" ID="195">
      <document description="Berlitz Where to Go in Hong Kong" name="WhereToHongKong" ID="23771" />
    </corpus>
    <frame>
      <FE fgColor="FFFFFF" bgColor="FF69B4" type="Peripheral" abbrev="Degr" name="Degree" />
      <FE fgColor="000000" bgColor="d0d0d0" type="Peripheral" abbrev="Dur" name="Duration" />
      <FE fgColor="FFFFFF" bgColor="800080" type="Core" abbrev="Ingible" name="Ingestibles" />
      <FE fgColor="FFFFFF" bgColor="FF0000" type="Core" abbrev="Ing" name="Ingestor" />
      <FE fgColor="FFFFFF" bgColor="808080" type="Peripheral" abbrev="Ins" name="Instrument" />
      <FE fgColor="FFFFFF" bgColor="FF00FF" type="Peripheral" abbrev="Manr" name="Manner" />
      <FE fgColor="FFFFFF" bgColor="0000FF" type="Peripheral" abbrev="Mns" name="Means" />
      <FE fgColor="FFFFFF" bgColor="008000" type="Peripheral" abbrev="Place" name="Place" />
      <FE fgColor="FFFFFF" bgColor="1E90FF" type="Peripheral" abbrev="pur" name="Purpose" />
      <FE fgColor="FFFFFF" bgColor="A52A2A" type="Peripheral" abbrev="Src" name="Source" />
      <FE fgColor="FFFFFF" bgColor="FFA500" type="Peripheral" abbrev="Time" name="Time" />
    </frame>
  </header>
  <definition>COD: eat or drink</definition>
  <lexeme POS="V" name="have" />
  <valences>
    <FERealization total="24">
      <FE name="Ingestibles" />
      <pattern total="24">
        <valenceUnit GF="Obj" PT="NP" FE="Ingestibles" />
        <annoSet ID="1100387" />
        <annoSet ID="1100415" />
        <annoSet ID="1100421" />
        <annoSet ID="1100423" />
        <annoSet ID="1100459" />
        <annoSet ID="1100477" />
        <annoSet ID="1100493" />
        <annoSet ID="1100497" />
        <annoSet ID="1100543" />
        <annoSet ID="1100549" />
        <annoSet ID="1100569" />
        <annoSet ID="1100587" />
        <annoSet ID="1100595" />
        <annoSet ID="1100603" />
        <annoSet ID="1100633" />
        <annoSet ID="1100639" />
        <annoSet ID="1100651" />
        <annoSet ID="1100679" />
        <annoSet ID="1100723" />
        <annoSet ID="1119049" />
        <annoSet ID="1119310" />
        <annoSet ID="6561443" />
        <annoSet ID="6673053" />
        <annoSet ID="6673137" />
      </pattern>
    </FERealization>
    <FERealization total="24">
      <FE name="Ingestor" />
      <pattern total="2">
        <valenceUnit GF="" PT="CNI" FE="Ingestor" />
        <annoSet ID="1119049" />
        <annoSet ID="1119310" />
      </pattern>
      <pattern total="22">
        <valenceUnit GF="Ext" PT="NP" FE="Ingestor" />
        <annoSet ID="1100387" />
        <annoSet ID="1100415" />
        <annoSet ID="1100421" />
        <annoSet ID="1100423" />
        <annoSet ID="1100459" />
        <annoSet ID="1100477" />
        <annoSet ID="1100493" />
        <annoSet ID="1100497" />
        <annoSet ID="1100543" />
        <annoSet ID="1100549" />
        <annoSet ID="1100569" />
        <annoSet ID="1100587" />
        <annoSet ID="1100595" />
        <annoSet ID="1100603" />
        <annoSet ID="1100633" />
        <annoSet ID="1100639" />
        <annoSet ID="1100651" />
        <annoSet ID="1100679" />
        <annoSet ID="1100723" />
        <annoSet ID="6561443" />
        <annoSet ID="6673053" />
        <annoSet ID="6673137" />
      </pattern>
    </FERealization>
    <FERealization total="3">
      <FE name="Place" />
      <pattern total="1">
        <valenceUnit GF="Dep" PT="AVP" FE="Place" />
        <annoSet ID="6561443" />
      </pattern>
      <pattern total="1">
        <valenceUnit GF="Dep" PT="PP[at]" FE="Place" />
        <annoSet ID="1100595" />
      </pattern>
      <pattern total="1">
        <valenceUnit GF="Dep" PT="PP[in]" FE="Place" />
        <annoSet ID="1100421" />
      </pattern>
    </FERealization>
    <FERealization total="1">
      <FE name="Time" />
      <pattern total="1">
        <valenceUnit GF="Dep" PT="NP" FE="Time" />
        <annoSet ID="1100651" />
      </pattern>
    </FERealization>
    <FEGroupRealization total="20">
      <FE name="Ingestibles" />
      <FE name="Ingestor" />
      <pattern total="2">
        <valenceUnit GF="Obj" PT="NP" FE="Ingestibles" />
        <valenceUnit GF="" PT="CNI" FE="Ingestor" />
        <annoSet ID="1119049" />
        <annoSet ID="1119310" />
      </pattern>
      <pattern total="18">
        <valenceUnit GF="Obj" PT="NP" FE="Ingestibles" />
        <valenceUnit GF="Ext" PT="NP" FE="Ingestor" />
        <annoSet ID="1100387" />
        <annoSet ID="1100415" />
        <annoSet ID="1100423" />
        <annoSet ID="1100459" />
        <annoSet ID="1100477" />
        <annoSet ID="1100493" />
        <annoSet ID="1100497" />
        <annoSet ID="1100543" />
        <annoSet ID="1100549" />
        <annoSet ID="1100569" />
        <annoSet ID="1100587" />
        <annoSet ID="1100603" />
        <annoSet ID="1100633" />
        <annoSet ID="1100639" />
        <annoSet ID="1100679" />
        <annoSet ID="1100723" />
        <annoSet ID="6673053" />
        <annoSet ID="6673137" />
      </pattern>
    </FEGroupRealization>
    <FEGroupRealization total="3">
      <FE name="Ingestibles" />
      <FE name="Ingestor" />
      <FE name="Place" />
      <pattern total="1">
        <valenceUnit GF="Obj" PT="NP" FE="Ingestibles" />
        <valenceUnit GF="Ext" PT="NP" FE="Ingestor" />
        <valenceUnit GF="Dep" PT="AVP" FE="Place" />
        <annoSet ID="6561443" />
      </pattern>
      <pattern total="1">
        <valenceUnit GF="Obj" PT="NP" FE="Ingestibles" />
        <valenceUnit GF="Ext" PT="NP" FE="Ingestor" />
        <valenceUnit GF="Dep" PT="PP[at]" FE="Place" />
        <annoSet ID="1100595" />
      </pattern>
      <pattern total="1">
        <valenceUnit GF="Obj" PT="NP" FE="Ingestibles" />
        <valenceUnit GF="Ext" PT="NP" FE="Ingestor" />
        <valenceUnit GF="Dep" PT="PP[in]" FE="Place" />
        <annoSet ID="1100421" />
      </pattern>
    </FEGroupRealization>
    <FEGroupRealization total="1">
      <FE name="Ingestibles" />
      <FE name="Ingestor" />
      <FE name="Time" />
      <pattern total="1">
        <valenceUnit GF="Obj" PT="NP" FE="Ingestibles" />
        <valenceUnit GF="Ext" PT="NP" FE="Ingestor" />
        <valenceUnit GF="Dep" PT="NP" FE="Time" />
        <annoSet ID="1100651" />
      </pattern>
    </FEGroupRealization>
  </valences>
  <subCorpus name="V-augmented">
    <sentence sentNo="0" ID="788231n">
      <text>having coffee from a thick cup , she resolved to find out . </text>
      <annotationSet cDate="08/08/2025 08:00:42 PST Fri" status="AUGMENTED" ID="0">
        <layer name="FE" rank="1">
          <label cBy="auto-aug" feID="2266" start="7" end="12" name="Ingestibles" />
          <label cBy="auto-aug" feID="2270" start="14" end="29" name="Source" />
          <label cBy="auto-aug" feID="2263" start="33" end="35" name="Ingestor" />
        </layer>
        <layer name="Target" rank="1">
          <label cBy="auto-aug" start="0" end="5" name="Target" />
        </layer>
      </annotationSet>
    </sentence>
    <sentence sentNo="0" ID="788334n">
      <text>As he had breakfast he perused the extraordinary news sheet . </text>
      <annotationSet cDate="08/08/2025 08:00:42 PST Fri" status="AUGMENTED" ID="0">
        <layer name="FE" rank="1">
          <label cBy="auto-aug" feID="2263" start="3" end="4" name="Ingestor" />
          <label cBy="auto-aug" feID="2266" start="10" end="18" name="Ingestibles" />
        </layer>
        <layer name="Target" rank="1">
          <label cBy="auto-aug" start="6" end="8" name="Target" />
        </layer>
      </annotationSet>
    </sentence>
  </subCorpus>
</lexUnit>