<?xml version='1.0' encoding='UTF-8'?>
<lexUnit xmlns="http://framenet.icsi.berkeley.edu" xmlns:xsi="http://www.w3.org/2001/XMLSchema-instance" status="Created" POS="V" name="print.v" ID="5213" frame="Text_creation" frameID="278" totalAnnotated="1" xsi:schemaLocation="../schema/lexUnit.xsd">
  <header>
    <corpus description="LUCorpus-v0.3" name="LUCorpus-v0.3" ID="205">
      <document description="AFGP-2002-602187-Trans" name="AFGP-2002-602187-Trans" ID="23743" />
    </corpus>
    <frame>
      <FE fgColor="FFFFFF" bgColor="006400" type="Extra-Thematic" abbrev="Addressee" name="Addressee" />
      <FE fgColor="FFFFFF" bgColor="FF0000" type="Core" abbrev="Author" name="Author" />
      <FE fgColor="FFFFFF" bgColor="00008B" type="Extra-Thematic" abbrev="Ben" name="Beneficiary" />
      <FE fgColor="FFFFFF" bgColor="FF69B4" type="Extra-Thematic" abbrev="Cmpnt" name="Components" />
      <FE fgColor="FFFFFF" bgColor="9400D3" type="Extra-Thematic" abbrev="Depict" name="Depictive" />
      <FE fgColor="FFFFFF" bgColor="90876C" type="Extra-Thematic" abbrev="exp" name="Explanation" />
      <FE fgColor="FFFFFF" bgColor="1E90FF" type="Extra-Thematic" abbrev="For" name="Form" />
      <FE fgColor="FFFFFF" bgColor="808080" type="Peripheral" abbrev="Ins" name="Instrument" />
      <FE fgColor="FFFFFF" bgColor="FF00FF" type="Peripheral" abbrev="Manr" name="Manner" />
      <FE fgColor="FFFFFF" bgColor="A52A2A" type="Peripheral" abbrev="Mns" name="Means" />
      <FE fgColor="FFFFFF" bgColor="00BFFF" type="Peripheral" abbrev="" name="Medium" />
      <FE fgColor="FFFFFF" bgColor="008000" type="Peripheral" abbrev="Place" name="Place" />
      <FE fgColor="FFFFFF" bgColor="800080" type="Peripheral" abbrev="Purp" name="Purpose" />
      <FE fgColor="FFFFFF" bgColor="0000FF" type="Core" abbrev="text" name="Text" />
      <FE fgColor="FFFFFF" bgColor="FFA500" type="Peripheral" abbrev="Time" name="Time" />
    </frame>
  </header>
  <definition>COD: write clearly without joining the letters. </definition>
  <lexeme POS="V" name="print" />
  <valences>
    <FERealization total="1">
      <FE name="Author" />
      <pattern total="1">
        <valenceUnit GF="" PT="CNI" FE="Author" />
        <annoSet ID="6547862" />
      </pattern>
    </FERealization>
    <FERealization total="1">
      <FE name="Form" />
      <pattern total="1">
        <valenceUnit GF="Dep" PT="PP[on]" FE="Form" />
        <annoSet ID="6547862" />
      </pattern>
    </FERealization>
    <FERealization total="1">
      <FE name="Text" />
      <pattern total="1">
        <valenceUnit GF="Obj" PT="NP" FE="Text" />
        <annoSet ID="6547862" />
      </pattern>
    </FERealization>
    <FEGroupRealization total="1">
      <FE name="Author" />
      <FE name="Form" />
      <FE name="Text" />
      <pattern total="1">
        <valenceUnit GF="" PT="CNI" FE="Author" />
        <valenceUnit GF="Dep" PT="PP[on]" FE="Form" />
        <valenceUnit GF="Obj" PT="NP" FE="Text" />
        <annoSet ID="6547862" />
      </pattern>
    </FEGroupRealization>
  </valences>
  <subCorpus name="V-augmented">
    <sentence sentNo="0" ID="833167n">
      <text>the document would later be printed in immaculate form . </text>
      <annotationSet cDate="08/08/2025 07:59:56 PST Fri" status="AUGMENTED" ID="0">
        <layer name="FE" rank="1">
          <label cBy="auto-aug" feID="2430" start="0" end="11" name="Text" />
          <label cBy="auto-aug" feID="2437" start="19" end="23" name="Time" />
        </layer>
        <layer name="Target" rank="1">
          <label cBy="auto-aug" start="28" end="34" name="Target" />
        </layer>
      </annotationSet>
    </sentence>
    <sentence sentNo="0" ID="819618n">
      <text>Or what about a poster printed by John Doe . </text>
      <annotationSet cDate="08/08/2025 07:59:56 PST Fri" status="AUGMENTED" ID="0">
        <layer name="FE" rank="1">
          <label cBy="auto-aug" feID="2430" start="14" end="21" name="Text" />
          <label cBy="auto-aug" feID="2428" start="31" end="41" name="Author" />
        </layer>
        <layer name="Target" rank="1">
          <label cBy="auto-aug" start="23" end="29" name="Target" />
        </layer>
      </annotationSet>
    </sentence>
    <sentence sentNo="0" ID="869750n">
      <text>It 's been five years since Zoë Fairbairns last published a novel , during that time she has been printing Daddy's Girls , Daddy 's Girls . </text>
      <annotationSet cDate="08/08/2025 07:59:56 PST Fri" status="AUGMENTED" ID="0">
        <layer name="FE" rank="1">
          <label cBy="auto-aug" feID="2428" start="85" end="87" name="Author" />
          <label cBy="auto-aug" feID="2430" start="107" end="119" name="Text" />
        </layer>
        <layer name="Target" rank="1">
          <label cBy="auto-aug" start="98" end="105" name="Target" />
        </layer>
      </annotationSet>
    </sentence>
  </subCorpus>
</lexUnit>