<?xml version='1.0' encoding='UTF-8'?>
<lexUnit xmlns="http://framenet.icsi.berkeley.edu" xmlns:xsi="http://www.w3.org/2001/XMLSchema-instance" status="Created" POS="V" name="mix.v" ID="5308" frame="Cause_to_amalgamate" frameID="13" totalAnnotated="3" xsi:schemaLocation="../schema/lexUnit.xsd">
  <header>
    <corpus description="Texts from Nuclear Threat Initiative website, created by Center for Non-Proliferation Studies" name="NTI" ID="135">
      <document description="Iran Chemical" name="Iran_Chemical" ID="23514" />
    </corpus>
    <corpus description="American National Corpus Texts" name="ANC" ID="195">
      <document description="Berlitz Where to Go in Hong Kong" name="WhereToHongKong" ID="23771" />
    </corpus>
    <frame>
      <FE fgColor="FFFFFF" bgColor="FF0000" type="Core" abbrev="Agt" name="Agent" />
      <FE fgColor="FFFFFF" bgColor="FF69B4" type="Peripheral" abbrev="Degr" name="Degree" />
      <FE fgColor="FFFFFF" bgColor="2E8B57" type="Extra-Thematic" abbrev="" name="Depictive" />
      <FE fgColor="FFFFFF" bgColor="FF00FF" type="Peripheral" abbrev="Manr" name="Manner" />
      <FE fgColor="FFFFFF" bgColor="A52A2A" type="Peripheral" abbrev="Mns" name="Means" />
      <FE fgColor="FFFFFF" bgColor="0000FF" type="Core" abbrev="Parts" name="Parts" />
      <FE fgColor="FFFFFF" bgColor="00008B" type="Core" abbrev="Part_1" name="Part_1" />
      <FE fgColor="FFFFFF" bgColor="00BFFF" type="Core" abbrev="Part_2" name="Part_2" />
      <FE fgColor="FFFFFF" bgColor="008000" type="Peripheral" abbrev="" name="Place" />
      <FE fgColor="000000" bgColor="d0d0d0" type="Peripheral" abbrev="" name="Purpose" />
      <FE fgColor="FFFFFF" bgColor="808080" type="Extra-Thematic" abbrev="Result" name="Result" />
      <FE fgColor="FFFFFF" bgColor="FFA500" type="Peripheral" abbrev="" name="Time" />
      <FE fgColor="FFFFFF" bgColor="9400D3" type="Core" abbrev="Whole" name="Whole" />
    </frame>
  </header>
  <definition>FN: combine to form a whole</definition>
  <lexeme POS="V" name="mix" />
  <valences>
    <FERealization total="3">
      <FE name="Agent" />
      <pattern total="2">
        <valenceUnit GF="" PT="CNI" FE="Agent" />
        <annoSet ID="6524553" />
        <annoSet ID="6528295" />
      </pattern>
      <pattern total="1">
        <valenceUnit GF="Ext" PT="NP" FE="Agent" />
        <annoSet ID="6561954" />
      </pattern>
    </FERealization>
    <FERealization total="1">
      <FE name="Means" />
      <pattern total="1">
        <valenceUnit GF="Head" PT="N" FE="Means" />
        <annoSet ID="6528295" />
      </pattern>
    </FERealization>
    <FERealization total="3">
      <FE name="Parts" />
      <pattern total="1">
        <valenceUnit GF="" PT="INI" FE="Parts" />
        <annoSet ID="6528295" />
      </pattern>
      <pattern total="2">
        <valenceUnit GF="Obj" PT="NP" FE="Parts" />
        <annoSet ID="6524553" />
        <annoSet ID="6561954" />
      </pattern>
    </FERealization>
    <FERealization total="2">
      <FE name="Whole" />
      <pattern total="2">
        <valenceUnit GF="" PT="INI" FE="Whole" />
        <annoSet ID="6524553" />
        <annoSet ID="6528295" />
      </pattern>
    </FERealization>
    <FEGroupRealization total="1">
      <FE name="Agent" />
      <FE name="Means" />
      <FE name="Parts" />
      <FE name="Whole" />
      <pattern total="1">
        <valenceUnit GF="" PT="CNI" FE="Agent" />
        <valenceUnit GF="Head" PT="N" FE="Means" />
        <valenceUnit GF="" PT="INI" FE="Parts" />
        <valenceUnit GF="" PT="INI" FE="Whole" />
        <annoSet ID="6528295" />
      </pattern>
    </FEGroupRealization>
    <FEGroupRealization total="1">
      <FE name="Agent" />
      <FE name="Parts" />
      <pattern total="1">
        <valenceUnit GF="Ext" PT="NP" FE="Agent" />
        <valenceUnit GF="Obj" PT="NP" FE="Parts" />
        <annoSet ID="6561954" />
      </pattern>
    </FEGroupRealization>
    <FEGroupRealization total="1">
      <FE name="Agent" />
      <FE name="Parts" />
      <FE name="Whole" />
      <pattern total="1">
        <valenceUnit GF="" PT="CNI" FE="Agent" />
        <valenceUnit GF="Obj" PT="NP" FE="Parts" />
        <valenceUnit GF="" PT="INI" FE="Whole" />
        <annoSet ID="6524553" />
      </pattern>
    </FEGroupRealization>
  </valences>
  <subCorpus name="V-augmented">
    <sentence sentNo="0" ID="4103859n">
      <text>the ingredients have been mixed together , giving rise to a fascinating national identity .</text>
      <annotationSet cDate="08/08/2025 07:59:34 PST Fri" status="AUGMENTED" ID="0">
        <layer name="FE" rank="1">
          <label cBy="auto-aug" feID="48" start="0" end="14" name="Parts" />
          <label cBy="auto-aug" feID="2592" start="32" end="39" name="Result" />
          <label cBy="auto-aug" feID="2592" start="43" end="88" name="Result" />
        </layer>
        <layer name="Target" rank="1">
          <label cBy="auto-aug" start="26" end="30" name="Target" />
        </layer>
      </annotationSet>
    </sentence>
    <sentence sentNo="0" ID="1136013n">
      <text>Between 1840 and 1880 Karl Marx and Friedrich Engels criticized and restructured the ideas they gleaned from all three sources , and mixed ideas together . </text>
      <annotationSet cDate="08/08/2025 07:59:34 PST Fri" status="AUGMENTED" ID="0">
        <layer name="FE" rank="1">
          <label cBy="auto-aug" feID="46" start="22" end="51" name="Agent" />
          <label cBy="auto-aug" feID="48" start="139" end="143" name="Parts" />
          <label cBy="auto-aug" feID="47" start="145" end="152" name="Whole" />
        </layer>
        <layer name="Target" rank="1">
          <label cBy="auto-aug" start="133" end="137" name="Target" />
        </layer>
      </annotationSet>
    </sentence>
    <sentence sentNo="0" ID="4116206n">
      <text>Another part is that government funding was mixed in a large vat , an acre of legislation that reorganizes one-seventh of the nation 's economy .</text>
      <annotationSet cDate="08/08/2025 07:59:34 PST Fri" status="AUGMENTED" ID="0">
        <layer name="FE" rank="1">
          <label cBy="auto-aug" feID="49" start="21" end="38" name="Part_1" />
          <label cBy="auto-aug" feID="50" start="50" end="63" name="Part_2" />
        </layer>
        <layer name="Target" rank="1">
          <label cBy="auto-aug" start="44" end="48" name="Target" />
        </layer>
      </annotationSet>
    </sentence>
  </subCorpus>
</lexUnit>