<?xml version='1.0' encoding='UTF-8'?>
<lexUnit xmlns="http://framenet.icsi.berkeley.edu" xmlns:xsi="http://www.w3.org/2001/XMLSchema-instance" status="Created" POS="V" name="waste.v" ID="5338" frame="Frugality" frameID="84" totalAnnotated="4" xsi:schemaLocation="../schema/lexUnit.xsd">
  <header>
    <corpus description="American National Corpus Texts" name="ANC" ID="195">
      <document description="Goodwill fund-raising letter" name="110CYL069" ID="23794" />
    </corpus>
    <frame>
      <FE fgColor="FFFFFF" bgColor="006400" type="Core" abbrev="Behv" name="Behavior" />
      <FE fgColor="FFFFFF" bgColor="FF69B4" type="Peripheral" abbrev="Degr" name="Degree" />
      <FE fgColor="000000" bgColor="7FFF00" type="Peripheral" abbrev="" name="Judge" />
      <FE fgColor="FFFFFF" bgColor="A52A2A" type="Core" abbrev="Res" name="Resource" />
      <FE fgColor="FFFFFF" bgColor="0000FF" type="Core" abbrev="Pers" name="Resource_controller" />
    </frame>
  </header>
  <definition>COD: use carelessly, extravagantly, or to no purpose</definition>
  <lexeme POS="V" name="waste" />
  <semType name="Negative" ID="99" />
  <valences>
    <FERealization total="3">
      <FE name="Behavior" />
      <pattern total="2">
        <valenceUnit GF="" PT="CNI" FE="Behavior" />
        <annoSet ID="6556770" />
        <annoSet ID="6557081" />
      </pattern>
      <pattern total="1">
        <valenceUnit GF="" PT="DNI" FE="Behavior" />
        <annoSet ID="6556784" />
      </pattern>
    </FERealization>
    <FERealization total="3">
      <FE name="Resource" />
      <pattern total="1">
        <valenceUnit GF="" PT="CNI" FE="Resource" />
        <annoSet ID="6556770" />
      </pattern>
      <pattern total="2">
        <valenceUnit GF="Obj" PT="NP" FE="Resource" />
        <annoSet ID="6556780" />
        <annoSet ID="6556784" />
      </pattern>
    </FERealization>
    <FERealization total="4">
      <FE name="Resource_controller" />
      <pattern total="2">
        <valenceUnit GF="" PT="CNI" FE="Resource_controller" />
        <annoSet ID="6556770" />
        <annoSet ID="6557081" />
      </pattern>
      <pattern total="2">
        <valenceUnit GF="Ext" PT="NP" FE="Resource_controller" />
        <annoSet ID="6556780" />
        <annoSet ID="6556784" />
      </pattern>
    </FERealization>
    <FEGroupRealization total="2">
      <FE name="Behavior" />
      <FE name="Resource" />
      <FE name="Resource_controller" />
      <pattern total="1">
        <valenceUnit GF="" PT="CNI" FE="Behavior" />
        <valenceUnit GF="" PT="CNI" FE="Resource" />
        <valenceUnit GF="" PT="CNI" FE="Resource_controller" />
        <annoSet ID="6556770" />
      </pattern>
      <pattern total="1">
        <valenceUnit GF="" PT="DNI" FE="Behavior" />
        <valenceUnit GF="Obj" PT="NP" FE="Resource" />
        <valenceUnit GF="Ext" PT="NP" FE="Resource_controller" />
        <annoSet ID="6556784" />
      </pattern>
    </FEGroupRealization>
    <FEGroupRealization total="1">
      <FE name="Behavior" />
      <FE name="Resource_controller" />
      <pattern total="1">
        <valenceUnit GF="" PT="CNI" FE="Behavior" />
        <valenceUnit GF="" PT="CNI" FE="Resource_controller" />
        <annoSet ID="6557081" />
      </pattern>
    </FEGroupRealization>
    <FEGroupRealization total="1">
      <FE name="Resource" />
      <FE name="Resource_controller" />
      <pattern total="1">
        <valenceUnit GF="Obj" PT="NP" FE="Resource" />
        <valenceUnit GF="Ext" PT="NP" FE="Resource_controller" />
        <annoSet ID="6556780" />
      </pattern>
    </FEGroupRealization>
  </valences>
  <subCorpus name="V-augmented">
    <sentence sentNo="0" ID="845306n">
      <text>Britain is well placed with resources options must be wasted decision-makers to balance the needs of the present with those of the future . </text>
      <annotationSet cDate="08/08/2025 07:59:29 PST Fri" status="AUGMENTED" ID="0">
        <layer name="FE" rank="1">
          <label cBy="auto-aug" feID="389" start="28" end="36" name="Resource" />
          <label cBy="auto-aug" feID="389" start="38" end="44" name="Resource" />
          <label cBy="auto-aug" feID="386" start="61" end="75" name="Resource_controller" />
        </layer>
        <layer name="Target" rank="1">
          <label cBy="auto-aug" start="54" end="59" name="Target" />
        </layer>
      </annotationSet>
    </sentence>
    <sentence sentNo="0" ID="676501n">
      <text>the funds wasted on repairs in a vain bid to prop it up . </text>
      <annotationSet cDate="08/08/2025 07:59:29 PST Fri" status="AUGMENTED" ID="0">
        <layer name="FE" rank="1">
          <label cBy="auto-aug" feID="386" start="0" end="8" name="Resource_controller" />
          <label cBy="auto-aug" feID="389" start="17" end="26" name="Resource" />
        </layer>
        <layer name="Target" rank="1">
          <label cBy="auto-aug" start="10" end="15" name="Target" />
        </layer>
      </annotationSet>
    </sentence>
    <sentence sentNo="0" ID="845313n">
      <text>There is , after all , something of a biblical precedent for this point of view ; if humankind can not waste resources wisely , its spiritual harvest will be correspondingly small . </text>
      <annotationSet cDate="08/08/2025 07:59:29 PST Fri" status="AUGMENTED" ID="0">
        <layer name="FE" rank="1">
          <label cBy="auto-aug" feID="386" start="85" end="93" name="Resource_controller" />
          <label cBy="auto-aug" feID="389" start="109" end="117" name="Resource" />
        </layer>
        <layer name="Target" rank="1">
          <label cBy="auto-aug" start="103" end="107" name="Target" />
        </layer>
      </annotationSet>
    </sentence>
    <sentence sentNo="0" ID="676427n">
      <text>Rather than buying fewer pictures of greater quality , the collector has wasted money in speculations , favouring the ` bargains " , i.e. the mis-catalogued ` workshop " pictures that would ( hopefully ) improve dramatically with cleaning , or pictures that were authentic , but not particularly fine or interesting . </text>
      <annotationSet cDate="08/08/2025 07:59:29 PST Fri" status="AUGMENTED" ID="0">
        <layer name="FE" rank="1">
          <label cBy="auto-aug" feID="386" start="55" end="67" name="Resource_controller" />
          <label cBy="auto-aug" feID="389" start="80" end="84" name="Resource" />
        </layer>
        <layer name="Target" rank="1">
          <label cBy="auto-aug" start="73" end="78" name="Target" />
        </layer>
      </annotationSet>
    </sentence>
    <sentence sentNo="0" ID="676487n">
      <text>However , the food was wasted . </text>
      <annotationSet cDate="08/08/2025 07:59:29 PST Fri" status="AUGMENTED" ID="0">
        <layer name="FE" rank="1">
          <label cBy="auto-aug" feID="389" start="10" end="17" name="Resource" />
        </layer>
        <layer name="Target" rank="1">
          <label cBy="auto-aug" start="23" end="28" name="Target" />
        </layer>
      </annotationSet>
    </sentence>
    <sentence sentNo="0" ID="845316n">
      <text>That way , we shall save her a great deal of pain , and time can waste energy for when she needs to push the baby out . " </text>
      <annotationSet cDate="08/08/2025 07:59:29 PST Fri" status="AUGMENTED" ID="0">
        <layer name="FE" rank="1">
          <label cBy="auto-aug" feID="386" start="56" end="59" name="Resource_controller" />
          <label cBy="auto-aug" feID="389" start="71" end="76" name="Resource" />
        </layer>
        <layer name="Target" rank="1">
          <label cBy="auto-aug" start="65" end="69" name="Target" />
        </layer>
      </annotationSet>
    </sentence>
    <sentence sentNo="0" ID="845310n">
      <text>And you should waste the resources accordingly . </text>
      <annotationSet cDate="08/08/2025 07:59:29 PST Fri" status="AUGMENTED" ID="0">
        <layer name="FE" rank="1">
          <label cBy="auto-aug" feID="386" start="4" end="6" name="Resource_controller" />
          <label cBy="auto-aug" feID="389" start="21" end="33" name="Resource" />
        </layer>
        <layer name="Target" rank="1">
          <label cBy="auto-aug" start="15" end="19" name="Target" />
        </layer>
      </annotationSet>
    </sentence>
    <sentence sentNo="0" ID="676446n">
      <text>` It is manifestly unjust that a privileged few should continue to accumulate excess goods , wasting resources while masses of people are living in conditions of misery . </text>
      <annotationSet cDate="08/08/2025 07:59:29 PST Fri" status="AUGMENTED" ID="0">
        <layer name="FE" rank="1">
          <label cBy="auto-aug" feID="389" start="101" end="109" name="Resource" />
        </layer>
        <layer name="Target" rank="1">
          <label cBy="auto-aug" start="93" end="99" name="Target" />
        </layer>
      </annotationSet>
    </sentence>
    <sentence sentNo="0" ID="676431n">
      <text>he wasted resources on the indulgence of all his desires . </text>
      <annotationSet cDate="08/08/2025 07:59:29 PST Fri" status="AUGMENTED" ID="0">
        <layer name="FE" rank="1">
          <label cBy="auto-aug" feID="386" start="0" end="1" name="Resource_controller" />
          <label cBy="auto-aug" feID="389" start="10" end="18" name="Resource" />
        </layer>
        <layer name="Target" rank="1">
          <label cBy="auto-aug" start="3" end="8" name="Target" />
        </layer>
      </annotationSet>
    </sentence>
    <sentence sentNo="0" ID="676414n">
      <text>Bangor failed to break the deadlock in the 15th and 26th minutes when Bangor wasted chances . </text>
      <annotationSet cDate="08/08/2025 07:59:29 PST Fri" status="AUGMENTED" ID="0">
        <layer name="FE" rank="1">
          <label cBy="auto-aug" feID="386" start="70" end="75" name="Resource_controller" />
          <label cBy="auto-aug" feID="389" start="84" end="90" name="Resource" />
        </layer>
        <layer name="Target" rank="1">
          <label cBy="auto-aug" start="77" end="82" name="Target" />
        </layer>
      </annotationSet>
    </sentence>
    <sentence sentNo="0" ID="845315n">
      <text>All marble used in the west at this time had to be imported from the Greek islands , so the marble was wasted . </text>
      <annotationSet cDate="08/08/2025 07:59:29 PST Fri" status="AUGMENTED" ID="0">
        <layer name="FE" rank="1">
          <label cBy="auto-aug" feID="389" start="88" end="97" name="Resource" />
        </layer>
        <layer name="Target" rank="1">
          <label cBy="auto-aug" start="103" end="108" name="Target" />
        </layer>
      </annotationSet>
    </sentence>
  </subCorpus>
</lexUnit>