<?xml version='1.0' encoding='UTF-8'?>
<lexUnit xmlns="http://framenet.icsi.berkeley.edu" xmlns:xsi="http://www.w3.org/2001/XMLSchema-instance" status="Finished_Initial" POS="V" name="fire.v" ID="5664" frame="Shoot_projectiles" frameID="289" totalAnnotated="42" xsi:schemaLocation="../schema/lexUnit.xsd">
  <header>
    <corpus description="BNC2" name="BNC2" ID="111">
      <document description="bncp" name="bncp" ID="421" />
    </corpus>
    <corpus description="Texts from Nuclear Threat Initiative website, created by Center for Non-Proliferation Studies" name="NTI" ID="135">
      <document description="Iran Missile" name="Iran_Missile" ID="23512" />
      <document description="Taiwan Introduction" name="Taiwan_Introduction" ID="23565" />
      <document description="North Korea Chemical Overview" name="NorthKorea_ChemicalOverview" ID="23611" />
      <document description="WMD News 06/26/2006" name="WMDNews_062606" ID="23621" />
    </corpus>
    <corpus description="Miscellaneous" name="Miscellaneous" ID="175">
      <document description="This is a 5-sentence news story about alleged White House gunman Robert Pickett." name="Pickett" ID="6" />
    </corpus>
    <corpus description="AQUAINT Knowledge-Based Evaluation Texts" name="KBEval" ID="185">
      <document description="lcch" name="lcch" ID="23574" />
    </corpus>
    <frame>
      <FE fgColor="FFFFFF" bgColor="FF0000" type="Core" abbrev="Agt" name="Agent" />
      <FE fgColor="FF0000" bgColor="FFD700" type="Peripheral" abbrev="Area" name="Area" />
      <FE fgColor="FFFFFF" bgColor="FF69B4" type="Peripheral" abbrev="Degr" name="Degree" />
      <FE fgColor="FFFFFF" bgColor="9400D3" type="Extra-Thematic" abbrev="dep" name="Depictive" />
      <FE fgColor="FFFFFF" bgColor="7CCD73" type="Peripheral" abbrev="Dist" name="Distance" />
      <FE fgColor="FFFFFF" bgColor="00008B" type="Peripheral" abbrev="Firearm" name="Firearm" />
      <FE fgColor="FFFFFF" bgColor="00BFFF" type="Peripheral" abbrev="Goal" name="Goal" />
      <FE fgColor="FFFFFF" bgColor="FF00FF" type="Peripheral" abbrev="Manr" name="Manner" />
      <FE fgColor="FFFFFF" bgColor="0000FF" type="Peripheral" abbrev="Mns" name="Means" />
      <FE fgColor="FFFFFF" bgColor="A52A2A" type="Peripheral" abbrev="Path" name="Path" />
      <FE fgColor="FFFFFF" bgColor="008000" type="Peripheral" abbrev="Place" name="Place" />
      <FE fgColor="FFFFFF" bgColor="9F79EE" type="Core" abbrev="Projectile" name="Projectile" />
      <FE fgColor="FFFFFF" bgColor="1E90FF" type="Peripheral" abbrev="pur" name="Purpose" />
      <FE fgColor="FFFFFF" bgColor="006400" type="Peripheral" abbrev="Src" name="Source" />
      <FE fgColor="FFFFFF" bgColor="FFA500" type="Peripheral" abbrev="Time" name="Time" />
    </frame>
  </header>
  <definition>COD: propel (a bullet or projectile) from a gun or other weapon. </definition>
  <lexeme POS="V" name="fire" />
  <valences>
    <FERealization total="41">
      <FE name="Agent" />
      <pattern total="11">
        <valenceUnit GF="" PT="CNI" FE="Agent" />
        <annoSet ID="2113547" />
        <annoSet ID="2113553" />
        <annoSet ID="2113565" />
        <annoSet ID="2113583" />
        <annoSet ID="2113837" />
        <annoSet ID="2114021" />
        <annoSet ID="2114027" />
        <annoSet ID="6525259" />
        <annoSet ID="6527821" />
        <annoSet ID="6529874" />
        <annoSet ID="6537377" />
      </pattern>
      <pattern total="28">
        <valenceUnit GF="Ext" PT="NP" FE="Agent" />
        <annoSet ID="2113425" />
        <annoSet ID="2113429" />
        <annoSet ID="2113435" />
        <annoSet ID="2113445" />
        <annoSet ID="2113459" />
        <annoSet ID="2113469" />
        <annoSet ID="2113479" />
        <annoSet ID="2113485" />
        <annoSet ID="2113495" />
        <annoSet ID="2113519" />
        <annoSet ID="2113541" />
        <annoSet ID="2113543" />
        <annoSet ID="2113587" />
        <annoSet ID="2113591" />
        <annoSet ID="2113597" />
        <annoSet ID="2113639" />
        <annoSet ID="2113659" />
        <annoSet ID="2113671" />
        <annoSet ID="2113761" />
        <annoSet ID="2113877" />
        <annoSet ID="2113885" />
        <annoSet ID="2113897" />
        <annoSet ID="2113909" />
        <annoSet ID="2113945" />
        <annoSet ID="2600226" />
        <annoSet ID="6525177" />
        <annoSet ID="6532679" />
        <annoSet ID="6536289" />
      </pattern>
      <pattern total="2">
        <valenceUnit GF="Dep" PT="PP[by]" FE="Agent" />
        <annoSet ID="2113575" />
        <annoSet ID="2113615" />
      </pattern>
    </FERealization>
    <FERealization total="1">
      <FE name="Depictive" />
      <pattern total="1">
        <valenceUnit GF="Dep" PT="PP[in]" FE="Depictive" />
        <annoSet ID="6529874" />
      </pattern>
    </FERealization>
    <FERealization total="1">
      <FE name="Distance" />
      <pattern total="1">
        <valenceUnit GF="Dep" PT="PP[at]" FE="Distance" />
        <annoSet ID="2113485" />
      </pattern>
    </FERealization>
    <FERealization total="2">
      <FE name="Firearm" />
      <pattern total="1">
        <valenceUnit GF="Dep" PT="PP[from]" FE="Firearm" />
        <annoSet ID="2113909" />
      </pattern>
      <pattern total="1">
        <valenceUnit GF="Ext" PT="NP" FE="Firearm" />
        <annoSet ID="6536284" />
      </pattern>
    </FERealization>
    <FERealization total="21">
      <FE name="Goal" />
      <pattern total="1">
        <valenceUnit GF="Dep" PT="PP[against]" FE="Goal" />
        <annoSet ID="6527821" />
      </pattern>
      <pattern total="10">
        <valenceUnit GF="Dep" PT="PP[at]" FE="Goal" />
        <annoSet ID="2113469" />
        <annoSet ID="2113479" />
        <annoSet ID="2113495" />
        <annoSet ID="2113543" />
        <annoSet ID="2113565" />
        <annoSet ID="2113583" />
        <annoSet ID="2113597" />
        <annoSet ID="2113761" />
        <annoSet ID="6532679" />
        <annoSet ID="6537377" />
      </pattern>
      <pattern total="1">
        <valenceUnit GF="Dep" PT="PP[after]" FE="Goal" />
        <annoSet ID="2113877" />
      </pattern>
      <pattern total="6">
        <valenceUnit GF="Dep" PT="PP[into]" FE="Goal" />
        <annoSet ID="2113425" />
        <annoSet ID="2113429" />
        <annoSet ID="2113435" />
        <annoSet ID="2113445" />
        <annoSet ID="2113459" />
        <annoSet ID="2113587" />
      </pattern>
      <pattern total="1">
        <valenceUnit GF="Dep" PT="PP[on]" FE="Goal" />
        <annoSet ID="2113591" />
      </pattern>
      <pattern total="1">
        <valenceUnit GF="Ext" PT="NP" FE="Goal" />
        <annoSet ID="2113615" />
      </pattern>
      <pattern total="1">
        <valenceUnit GF="Dep" PT="PP[to]" FE="Goal" />
        <annoSet ID="6536284" />
      </pattern>
    </FERealization>
    <FERealization total="1">
      <FE name="Manner" />
      <pattern total="1">
        <valenceUnit GF="Dep" PT="AVP" FE="Manner" />
        <annoSet ID="2113459" />
      </pattern>
    </FERealization>
    <FERealization total="1">
      <FE name="Path" />
      <pattern total="1">
        <valenceUnit GF="Dep" PT="PP[through]" FE="Path" />
        <annoSet ID="2113945" />
      </pattern>
    </FERealization>
    <FERealization total="3">
      <FE name="Place" />
      <pattern total="2">
        <valenceUnit GF="Dep" PT="PP[near]" FE="Place" />
        <annoSet ID="2113553" />
        <annoSet ID="2113583" />
      </pattern>
      <pattern total="1">
        <valenceUnit GF="Dep" PT="PP[in]" FE="Place" />
        <annoSet ID="2113553" />
      </pattern>
      <pattern total="1">
        <valenceUnit GF="Dep" PT="PP[outside]" FE="Place" />
        <annoSet ID="2600226" />
      </pattern>
    </FERealization>
    <FERealization total="42">
      <FE name="Projectile" />
      <pattern total="12">
        <valenceUnit GF="Ext" PT="NP" FE="Projectile" />
        <annoSet ID="2113547" />
        <annoSet ID="2113553" />
        <annoSet ID="2113565" />
        <annoSet ID="2113575" />
        <annoSet ID="2113583" />
        <annoSet ID="2113837" />
        <annoSet ID="2114021" />
        <annoSet ID="2114027" />
        <annoSet ID="6525259" />
        <annoSet ID="6527821" />
        <annoSet ID="6529874" />
        <annoSet ID="6537377" />
      </pattern>
      <pattern total="25">
        <valenceUnit GF="Obj" PT="NP" FE="Projectile" />
        <annoSet ID="2113425" />
        <annoSet ID="2113429" />
        <annoSet ID="2113435" />
        <annoSet ID="2113445" />
        <annoSet ID="2113459" />
        <annoSet ID="2113469" />
        <annoSet ID="2113479" />
        <annoSet ID="2113485" />
        <annoSet ID="2113495" />
        <annoSet ID="2113519" />
        <annoSet ID="2113541" />
        <annoSet ID="2113543" />
        <annoSet ID="2113597" />
        <annoSet ID="2113671" />
        <annoSet ID="2113761" />
        <annoSet ID="2113877" />
        <annoSet ID="2113885" />
        <annoSet ID="2113897" />
        <annoSet ID="2113909" />
        <annoSet ID="2113945" />
        <annoSet ID="2600226" />
        <annoSet ID="6525177" />
        <annoSet ID="6532679" />
        <annoSet ID="6536284" />
        <annoSet ID="6536289" />
      </pattern>
      <pattern total="5">
        <valenceUnit GF="" PT="INI" FE="Projectile" />
        <annoSet ID="2113587" />
        <annoSet ID="2113591" />
        <annoSet ID="2113615" />
        <annoSet ID="2113639" />
        <annoSet ID="2113659" />
      </pattern>
    </FERealization>
    <FERealization total="4">
      <FE name="Purpose" />
      <pattern total="1">
        <valenceUnit GF="Dep" PT="N" FE="Purpose" />
        <annoSet ID="6529874" />
      </pattern>
      <pattern total="1">
        <valenceUnit GF="" PT="2nd" FE="Purpose" />
        <annoSet ID="6527821" />
      </pattern>
      <pattern total="1">
        <valenceUnit GF="Dep" PT="PP[in]" FE="Purpose" />
        <annoSet ID="2113837" />
      </pattern>
      <pattern total="1">
        <valenceUnit GF="Dep" PT="VPto" FE="Purpose" />
        <annoSet ID="2113885" />
      </pattern>
    </FERealization>
    <FERealization total="2">
      <FE name="Source" />
      <pattern total="2">
        <valenceUnit GF="Dep" PT="PP[from]" FE="Source" />
        <annoSet ID="2114021" />
        <annoSet ID="2114027" />
      </pattern>
    </FERealization>
    <FERealization total="10">
      <FE name="Time" />
      <pattern total="1">
        <valenceUnit GF="Dep" PT="AVP" FE="Time" />
        <annoSet ID="2113583" />
      </pattern>
      <pattern total="2">
        <valenceUnit GF="Dep" PT="NP" FE="Time" />
        <annoSet ID="2113761" />
        <annoSet ID="6537377" />
      </pattern>
      <pattern total="2">
        <valenceUnit GF="Dep" PT="Sub" FE="Time" />
        <annoSet ID="2113587" />
        <annoSet ID="2114027" />
      </pattern>
      <pattern total="1">
        <valenceUnit GF="Dep" PT="PP[by]" FE="Time" />
        <annoSet ID="6525259" />
      </pattern>
      <pattern total="2">
        <valenceUnit GF="Dep" PT="PP[in]" FE="Time" />
        <annoSet ID="6525177" />
        <annoSet ID="6532679" />
      </pattern>
      <pattern total="1">
        <valenceUnit GF="Dep" PT="PP[on]" FE="Time" />
        <annoSet ID="2113543" />
      </pattern>
      <pattern total="1">
        <valenceUnit GF="Dep" PT="PP[during]" FE="Time" />
        <annoSet ID="2113459" />
      </pattern>
    </FERealization>
    <FEGroupRealization total="1">
      <FE name="Agent" />
      <FE name="Agent" />
      <FE name="Place" />
      <FE name="Projectile" />
      <pattern total="1">
        <valenceUnit GF="Ext" PT="NP" FE="Agent" />
        <valenceUnit GF="Ext" PT="NP" FE="Agent" />
        <valenceUnit GF="Dep" PT="PP[outside]" FE="Place" />
        <valenceUnit GF="Obj" PT="NP" FE="Projectile" />
        <annoSet ID="2600226" />
      </pattern>
    </FEGroupRealization>
    <FEGroupRealization total="1">
      <FE name="Agent" />
      <FE name="Depictive" />
      <FE name="Projectile" />
      <FE name="Purpose" />
      <pattern total="1">
        <valenceUnit GF="" PT="CNI" FE="Agent" />
        <valenceUnit GF="Dep" PT="PP[in]" FE="Depictive" />
        <valenceUnit GF="Ext" PT="NP" FE="Projectile" />
        <valenceUnit GF="Dep" PT="N" FE="Purpose" />
        <annoSet ID="6529874" />
      </pattern>
    </FEGroupRealization>
    <FEGroupRealization total="1">
      <FE name="Agent" />
      <FE name="Distance" />
      <FE name="Projectile" />
      <pattern total="1">
        <valenceUnit GF="Ext" PT="NP" FE="Agent" />
        <valenceUnit GF="Dep" PT="PP[at]" FE="Distance" />
        <valenceUnit GF="Obj" PT="NP" FE="Projectile" />
        <annoSet ID="2113485" />
      </pattern>
    </FEGroupRealization>
    <FEGroupRealization total="1">
      <FE name="Agent" />
      <FE name="Firearm" />
      <FE name="Projectile" />
      <pattern total="1">
        <valenceUnit GF="Ext" PT="NP" FE="Agent" />
        <valenceUnit GF="Dep" PT="PP[from]" FE="Firearm" />
        <valenceUnit GF="Obj" PT="NP" FE="Projectile" />
        <annoSet ID="2113909" />
      </pattern>
    </FEGroupRealization>
    <FEGroupRealization total="1">
      <FE name="Agent" />
      <FE name="Goal" />
      <FE name="Manner" />
      <FE name="Projectile" />
      <FE name="Time" />
      <pattern total="1">
        <valenceUnit GF="Ext" PT="NP" FE="Agent" />
        <valenceUnit GF="Dep" PT="PP[into]" FE="Goal" />
        <valenceUnit GF="Dep" PT="AVP" FE="Manner" />
        <valenceUnit GF="Obj" PT="NP" FE="Projectile" />
        <valenceUnit GF="Dep" PT="PP[during]" FE="Time" />
        <annoSet ID="2113459" />
      </pattern>
    </FEGroupRealization>
    <FEGroupRealization total="1">
      <FE name="Agent" />
      <FE name="Goal" />
      <FE name="Place" />
      <FE name="Projectile" />
      <FE name="Time" />
      <pattern total="1">
        <valenceUnit GF="" PT="CNI" FE="Agent" />
        <valenceUnit GF="Dep" PT="PP[at]" FE="Goal" />
        <valenceUnit GF="Dep" PT="PP[near]" FE="Place" />
        <valenceUnit GF="Ext" PT="NP" FE="Projectile" />
        <valenceUnit GF="Dep" PT="AVP" FE="Time" />
        <annoSet ID="2113583" />
      </pattern>
    </FEGroupRealization>
    <FEGroupRealization total="12">
      <FE name="Agent" />
      <FE name="Goal" />
      <FE name="Projectile" />
      <pattern total="1">
        <valenceUnit GF="" PT="CNI" FE="Agent" />
        <valenceUnit GF="Dep" PT="PP[at]" FE="Goal" />
        <valenceUnit GF="Ext" PT="NP" FE="Projectile" />
        <annoSet ID="2113565" />
      </pattern>
      <pattern total="1">
        <valenceUnit GF="Ext" PT="NP" FE="Agent" />
        <valenceUnit GF="Dep" PT="PP[after]" FE="Goal" />
        <valenceUnit GF="Obj" PT="NP" FE="Projectile" />
        <annoSet ID="2113877" />
      </pattern>
      <pattern total="4">
        <valenceUnit GF="Ext" PT="NP" FE="Agent" />
        <valenceUnit GF="Dep" PT="PP[at]" FE="Goal" />
        <valenceUnit GF="Obj" PT="NP" FE="Projectile" />
        <annoSet ID="2113469" />
        <annoSet ID="2113479" />
        <annoSet ID="2113495" />
        <annoSet ID="2113597" />
      </pattern>
      <pattern total="4">
        <valenceUnit GF="Ext" PT="NP" FE="Agent" />
        <valenceUnit GF="Dep" PT="PP[into]" FE="Goal" />
        <valenceUnit GF="Obj" PT="NP" FE="Projectile" />
        <annoSet ID="2113425" />
        <annoSet ID="2113429" />
        <annoSet ID="2113435" />
        <annoSet ID="2113445" />
      </pattern>
      <pattern total="1">
        <valenceUnit GF="Ext" PT="NP" FE="Agent" />
        <valenceUnit GF="Dep" PT="PP[on]" FE="Goal" />
        <valenceUnit GF="" PT="INI" FE="Projectile" />
        <annoSet ID="2113591" />
      </pattern>
      <pattern total="1">
        <valenceUnit GF="Dep" PT="PP[by]" FE="Agent" />
        <valenceUnit GF="Ext" PT="NP" FE="Goal" />
        <valenceUnit GF="" PT="INI" FE="Projectile" />
        <annoSet ID="2113615" />
      </pattern>
    </FEGroupRealization>
    <FEGroupRealization total="1">
      <FE name="Agent" />
      <FE name="Goal" />
      <FE name="Projectile" />
      <FE name="Projectile" />
      <FE name="Time" />
      <pattern total="1">
        <valenceUnit GF="" PT="CNI" FE="Agent" />
        <valenceUnit GF="Dep" PT="PP[at]" FE="Goal" />
        <valenceUnit GF="Ext" PT="NP" FE="Projectile" />
        <valenceUnit GF="Ext" PT="NP" FE="Projectile" />
        <valenceUnit GF="Dep" PT="NP" FE="Time" />
        <annoSet ID="6537377" />
      </pattern>
    </FEGroupRealization>
    <FEGroupRealization total="1">
      <FE name="Agent" />
      <FE name="Goal" />
      <FE name="Projectile" />
      <FE name="Purpose" />
      <pattern total="1">
        <valenceUnit GF="" PT="CNI" FE="Agent" />
        <valenceUnit GF="Dep" PT="PP[against]" FE="Goal" />
        <valenceUnit GF="Ext" PT="NP" FE="Projectile" />
        <valenceUnit GF="" PT="2nd" FE="Purpose" />
        <annoSet ID="6527821" />
      </pattern>
    </FEGroupRealization>
    <FEGroupRealization total="4">
      <FE name="Agent" />
      <FE name="Goal" />
      <FE name="Projectile" />
      <FE name="Time" />
      <pattern total="1">
        <valenceUnit GF="Ext" PT="NP" FE="Agent" />
        <valenceUnit GF="Dep" PT="PP[at]" FE="Goal" />
        <valenceUnit GF="Obj" PT="NP" FE="Projectile" />
        <valenceUnit GF="Dep" PT="NP" FE="Time" />
        <annoSet ID="2113761" />
      </pattern>
      <pattern total="1">
        <valenceUnit GF="Ext" PT="NP" FE="Agent" />
        <valenceUnit GF="Dep" PT="PP[at]" FE="Goal" />
        <valenceUnit GF="Obj" PT="NP" FE="Projectile" />
        <valenceUnit GF="Dep" PT="PP[in]" FE="Time" />
        <annoSet ID="6532679" />
      </pattern>
      <pattern total="1">
        <valenceUnit GF="Ext" PT="NP" FE="Agent" />
        <valenceUnit GF="Dep" PT="PP[at]" FE="Goal" />
        <valenceUnit GF="Obj" PT="NP" FE="Projectile" />
        <valenceUnit GF="Dep" PT="PP[on]" FE="Time" />
        <annoSet ID="2113543" />
      </pattern>
      <pattern total="1">
        <valenceUnit GF="Ext" PT="NP" FE="Agent" />
        <valenceUnit GF="Dep" PT="PP[into]" FE="Goal" />
        <valenceUnit GF="" PT="INI" FE="Projectile" />
        <valenceUnit GF="Dep" PT="Sub" FE="Time" />
        <annoSet ID="2113587" />
      </pattern>
    </FEGroupRealization>
    <FEGroupRealization total="1">
      <FE name="Agent" />
      <FE name="Path" />
      <FE name="Projectile" />
      <pattern total="1">
        <valenceUnit GF="Ext" PT="NP" FE="Agent" />
        <valenceUnit GF="Dep" PT="PP[through]" FE="Path" />
        <valenceUnit GF="Obj" PT="NP" FE="Projectile" />
        <annoSet ID="2113945" />
      </pattern>
    </FEGroupRealization>
    <FEGroupRealization total="1">
      <FE name="Agent" />
      <FE name="Place" />
      <FE name="Place" />
      <FE name="Projectile" />
      <pattern total="1">
        <valenceUnit GF="" PT="CNI" FE="Agent" />
        <valenceUnit GF="Dep" PT="PP[in]" FE="Place" />
        <valenceUnit GF="Dep" PT="PP[near]" FE="Place" />
        <valenceUnit GF="Ext" PT="NP" FE="Projectile" />
        <annoSet ID="2113553" />
      </pattern>
    </FEGroupRealization>
    <FEGroupRealization total="9">
      <FE name="Agent" />
      <FE name="Projectile" />
      <pattern total="1">
        <valenceUnit GF="" PT="CNI" FE="Agent" />
        <valenceUnit GF="Ext" PT="NP" FE="Projectile" />
        <annoSet ID="2113547" />
      </pattern>
      <pattern total="2">
        <valenceUnit GF="Ext" PT="NP" FE="Agent" />
        <valenceUnit GF="" PT="INI" FE="Projectile" />
        <annoSet ID="2113639" />
        <annoSet ID="2113659" />
      </pattern>
      <pattern total="5">
        <valenceUnit GF="Ext" PT="NP" FE="Agent" />
        <valenceUnit GF="Obj" PT="NP" FE="Projectile" />
        <annoSet ID="2113519" />
        <annoSet ID="2113541" />
        <annoSet ID="2113671" />
        <annoSet ID="2113897" />
        <annoSet ID="6536289" />
      </pattern>
      <pattern total="1">
        <valenceUnit GF="Dep" PT="PP[by]" FE="Agent" />
        <valenceUnit GF="Ext" PT="NP" FE="Projectile" />
        <annoSet ID="2113575" />
      </pattern>
    </FEGroupRealization>
    <FEGroupRealization total="2">
      <FE name="Agent" />
      <FE name="Projectile" />
      <FE name="Purpose" />
      <pattern total="1">
        <valenceUnit GF="" PT="CNI" FE="Agent" />
        <valenceUnit GF="Ext" PT="NP" FE="Projectile" />
        <valenceUnit GF="Dep" PT="PP[in]" FE="Purpose" />
        <annoSet ID="2113837" />
      </pattern>
      <pattern total="1">
        <valenceUnit GF="Ext" PT="NP" FE="Agent" />
        <valenceUnit GF="Obj" PT="NP" FE="Projectile" />
        <valenceUnit GF="Dep" PT="VPto" FE="Purpose" />
        <annoSet ID="2113885" />
      </pattern>
    </FEGroupRealization>
    <FEGroupRealization total="1">
      <FE name="Agent" />
      <FE name="Projectile" />
      <FE name="Source" />
      <pattern total="1">
        <valenceUnit GF="" PT="CNI" FE="Agent" />
        <valenceUnit GF="Ext" PT="NP" FE="Projectile" />
        <valenceUnit GF="Dep" PT="PP[from]" FE="Source" />
        <annoSet ID="2114021" />
      </pattern>
    </FEGroupRealization>
    <FEGroupRealization total="1">
      <FE name="Agent" />
      <FE name="Projectile" />
      <FE name="Source" />
      <FE name="Time" />
      <pattern total="1">
        <valenceUnit GF="" PT="CNI" FE="Agent" />
        <valenceUnit GF="Ext" PT="NP" FE="Projectile" />
        <valenceUnit GF="Dep" PT="PP[from]" FE="Source" />
        <valenceUnit GF="Dep" PT="Sub" FE="Time" />
        <annoSet ID="2114027" />
      </pattern>
    </FEGroupRealization>
    <FEGroupRealization total="2">
      <FE name="Agent" />
      <FE name="Projectile" />
      <FE name="Time" />
      <pattern total="1">
        <valenceUnit GF="" PT="CNI" FE="Agent" />
        <valenceUnit GF="Ext" PT="NP" FE="Projectile" />
        <valenceUnit GF="Dep" PT="PP[by]" FE="Time" />
        <annoSet ID="6525259" />
      </pattern>
      <pattern total="1">
        <valenceUnit GF="Ext" PT="NP" FE="Agent" />
        <valenceUnit GF="Obj" PT="NP" FE="Projectile" />
        <valenceUnit GF="Dep" PT="PP[in]" FE="Time" />
        <annoSet ID="6525177" />
      </pattern>
    </FEGroupRealization>
    <FEGroupRealization total="1">
      <FE name="Firearm" />
      <FE name="Goal" />
      <FE name="Projectile" />
      <pattern total="1">
        <valenceUnit GF="Ext" PT="NP" FE="Firearm" />
        <valenceUnit GF="Dep" PT="PP[to]" FE="Goal" />
        <valenceUnit GF="Obj" PT="NP" FE="Projectile" />
        <annoSet ID="6536284" />
      </pattern>
    </FEGroupRealization>
  </valences>
  <subCorpus name="V-augmented">
    <sentence sentNo="0" ID="1316499n">
      <text>Ground fired missiles were used to great affect by the Allies during the gulf war .</text>
      <annotationSet cDate="08/08/2025 08:00:55 PST Fri" status="AUGMENTED" ID="0">
        <layer name="FE" rank="1">
          <label cBy="auto-aug" feID="2506" start="0" end="5" name="Source" />
          <label cBy="auto-aug" feID="2499" start="13" end="20" name="Projectile" />
        </layer>
        <layer name="Target" rank="1">
          <label cBy="auto-aug" start="7" end="11" name="Target" />
        </layer>
      </annotationSet>
    </sentence>
    <sentence sentNo="0" ID="1203054n">
      <text>To test procedures for treating wounds , the US military has fired a bullet into pigs .</text>
      <annotationSet cDate="08/08/2025 08:00:55 PST Fri" status="AUGMENTED" ID="0">
        <layer name="FE" rank="1">
          <label cBy="auto-aug" feID="2500" start="41" end="55" name="Agent" />
          <label cBy="auto-aug" feID="2499" start="67" end="74" name="Projectile" />
          <label cBy="auto-aug" feID="2502" start="76" end="84" name="Goal" />
        </layer>
        <layer name="Target" rank="1">
          <label cBy="auto-aug" start="61" end="65" name="Target" />
        </layer>
      </annotationSet>
    </sentence>
  </subCorpus>
</lexUnit>