<?xml version='1.0' encoding='UTF-8'?>
<lexUnit xmlns="http://framenet.icsi.berkeley.edu" xmlns:xsi="http://www.w3.org/2001/XMLSchema-instance" status="Finished_Initial" POS="V" name="pick.v" ID="6271" frame="Choosing" frameID="352" totalAnnotated="23" xsi:schemaLocation="../schema/lexUnit.xsd">
  <header>
    <corpus description="BNC2" name="BNC2" ID="111">
      <document description="bncp" name="bncp" ID="421" />
    </corpus>
    <corpus description="LUCorpus-v0.3" name="LUCorpus-v0.3" ID="205">
      <document description="sw2025-ms98-a-trans.ascii-1-NEW" name="sw2025-ms98-a-trans.ascii-1-NEW" ID="23731" />
    </corpus>
    <frame>
      <FE fgColor="FFFFFF" bgColor="0000FF" type="Core" abbrev="Chosen" name="Chosen" />
      <FE fgColor="FFFFFF" bgColor="FF0000" type="Core" abbrev="Cog" name="Cognizer" />
      <FE fgColor="000000" bgColor="EEE8AA" type="Extra-Thematic" abbrev="con" name="Contrast" />
      <FE fgColor="FFFFFF" bgColor="9400D3" type="Extra-Thematic" abbrev="Dep" name="Depictive" />
      <FE fgColor="FFFFFF" bgColor="006400" type="Extra-Thematic" abbrev="Exp" name="Explanation" />
      <FE fgColor="FFFFFF" bgColor="9F79EE" type="Extra-Thematic" abbrev="Inh" name="Inherent_purpose" />
      <FE fgColor="FFFFFF" bgColor="800080" type="Peripheral" abbrev="L_purp" name="Larger_purpose" />
      <FE fgColor="FFFFFF" bgColor="FF00FF" type="Peripheral" abbrev="Mnr" name="Manner" />
      <FE fgColor="FFFFFF" bgColor="A52A2A" type="Peripheral" abbrev="Means" name="Means" />
      <FE fgColor="FFFFFF" bgColor="008000" type="Peripheral" abbrev="Place" name="Place" />
      <FE fgColor="FFFFFF" bgColor="00BFFF" type="Core" abbrev="Possib" name="Possibilities" />
      <FE fgColor="FFFFFF" bgColor="FFA500" type="Peripheral" abbrev="Time" name="Time" />
      <FE fgColor="FFFFFF" bgColor="808080" type="Peripheral" abbrev="Top" name="Topic" />
    </frame>
  </header>
  <definition>COD: choose from a number of alternatives. </definition>
  <lexeme POS="V" name="pick" />
  <valences>
    <FERealization total="20">
      <FE name="Chosen" />
      <pattern total="6">
        <valenceUnit GF="Ext" PT="NP" FE="Chosen" />
        <annoSet ID="2336016" />
        <annoSet ID="2336050" />
        <annoSet ID="2336068" />
        <annoSet ID="2336164" />
        <annoSet ID="2336166" />
        <annoSet ID="2336434" />
      </pattern>
      <pattern total="14">
        <valenceUnit GF="Obj" PT="NP" FE="Chosen" />
        <annoSet ID="2336026" />
        <annoSet ID="2336036" />
        <annoSet ID="2336160" />
        <annoSet ID="2336220" />
        <annoSet ID="2336236" />
        <annoSet ID="2336242" />
        <annoSet ID="2336340" />
        <annoSet ID="2336344" />
        <annoSet ID="2336406" />
        <annoSet ID="2336424" />
        <annoSet ID="2336426" />
        <annoSet ID="2336440" />
        <annoSet ID="2336472" />
        <annoSet ID="6551417" />
      </pattern>
    </FERealization>
    <FERealization total="22">
      <FE name="Cognizer" />
      <pattern total="5">
        <valenceUnit GF="" PT="CNI" FE="Cognizer" />
        <annoSet ID="2336050" />
        <annoSet ID="2336068" />
        <annoSet ID="2336164" />
        <annoSet ID="2336166" />
        <annoSet ID="2336344" />
      </pattern>
      <pattern total="1">
        <valenceUnit GF="Dep" PT="PP[by]" FE="Cognizer" />
        <annoSet ID="2336016" />
      </pattern>
      <pattern total="16">
        <valenceUnit GF="Ext" PT="NP" FE="Cognizer" />
        <annoSet ID="2336026" />
        <annoSet ID="2336036" />
        <annoSet ID="2336058" />
        <annoSet ID="2336076" />
        <annoSet ID="2336160" />
        <annoSet ID="2336220" />
        <annoSet ID="2336236" />
        <annoSet ID="2336242" />
        <annoSet ID="2336340" />
        <annoSet ID="2336380" />
        <annoSet ID="2336406" />
        <annoSet ID="2336424" />
        <annoSet ID="2336426" />
        <annoSet ID="2336440" />
        <annoSet ID="2336472" />
        <annoSet ID="6551417" />
      </pattern>
    </FERealization>
    <FERealization total="4">
      <FE name="Explanation" />
      <pattern total="2">
        <valenceUnit GF="Dep" PT="PP[for]" FE="Explanation" />
        <annoSet ID="2336016" />
        <annoSet ID="2336166" />
      </pattern>
      <pattern total="1">
        <valenceUnit GF="Dep" PT="PP[on]" FE="Explanation" />
        <annoSet ID="2336434" />
      </pattern>
      <pattern total="1">
        <valenceUnit GF="Dep" PT="Sub" FE="Explanation" />
        <annoSet ID="2336472" />
      </pattern>
    </FERealization>
    <FERealization total="1">
      <FE name="Inherent_purpose" />
      <pattern total="1">
        <valenceUnit GF="Dep" PT="PP[for]" FE="Inherent_purpose" />
        <annoSet ID="2336164" />
      </pattern>
    </FERealization>
    <FERealization total="5">
      <FE name="Manner" />
      <pattern total="3">
        <valenceUnit GF="Dep" PT="AVP" FE="Manner" />
        <annoSet ID="2336236" />
        <annoSet ID="2336242" />
        <annoSet ID="6551417" />
      </pattern>
      <pattern total="2">
        <valenceUnit GF="Dep" PT="PP[at]" FE="Manner" />
        <annoSet ID="2336036" />
        <annoSet ID="2336220" />
      </pattern>
    </FERealization>
    <FERealization total="9">
      <FE name="Possibilities" />
      <pattern total="5">
        <valenceUnit GF="Dep" PT="PP[from]" FE="Possibilities" />
        <annoSet ID="2336050" />
        <annoSet ID="2336058" />
        <annoSet ID="2336068" />
        <annoSet ID="2336076" />
        <annoSet ID="2336160" />
      </pattern>
      <pattern total="3">
        <valenceUnit GF="Dep" PT="PP[of]" FE="Possibilities" />
        <annoSet ID="2336344" />
        <annoSet ID="2336406" />
        <annoSet ID="2336440" />
      </pattern>
      <pattern total="1">
        <valenceUnit GF="Obj" PT="NP" FE="Possibilities" />
        <annoSet ID="2336380" />
      </pattern>
    </FERealization>
    <FERealization total="3">
      <FE name="Time" />
      <pattern total="1">
        <valenceUnit GF="Dep" PT="PP[in]" FE="Time" />
        <annoSet ID="2336068" />
      </pattern>
      <pattern total="1">
        <valenceUnit GF="Dep" PT="PP[at]" FE="Time" />
        <annoSet ID="2336166" />
      </pattern>
      <pattern total="1">
        <valenceUnit GF="Dep" PT="PP[before]" FE="Time" />
        <annoSet ID="2336424" />
      </pattern>
    </FERealization>
    <FERealization total="1">
      <FE name="Topic" />
      <pattern total="1">
        <valenceUnit GF="Dep" PT="PP[of]" FE="Topic" />
        <annoSet ID="2336026" />
      </pattern>
    </FERealization>
    <FEGroupRealization total="1">
      <FE name="Chosen" />
      <FE name="Chosen" />
      <FE name="Cognizer" />
      <FE name="Possibilities" />
      <FE name="Time" />
      <pattern total="1">
        <valenceUnit GF="Ext" PT="NP" FE="Chosen" />
        <valenceUnit GF="Ext" PT="NP" FE="Chosen" />
        <valenceUnit GF="" PT="CNI" FE="Cognizer" />
        <valenceUnit GF="Dep" PT="PP[from]" FE="Possibilities" />
        <valenceUnit GF="Dep" PT="PP[in]" FE="Time" />
        <annoSet ID="2336068" />
      </pattern>
    </FEGroupRealization>
    <FEGroupRealization total="2">
      <FE name="Chosen" />
      <FE name="Cognizer" />
      <pattern total="2">
        <valenceUnit GF="Obj" PT="NP" FE="Chosen" />
        <valenceUnit GF="Ext" PT="NP" FE="Cognizer" />
        <annoSet ID="2336340" />
        <annoSet ID="2336426" />
      </pattern>
    </FEGroupRealization>
    <FEGroupRealization total="2">
      <FE name="Chosen" />
      <FE name="Cognizer" />
      <FE name="Explanation" />
      <pattern total="1">
        <valenceUnit GF="Ext" PT="NP" FE="Chosen" />
        <valenceUnit GF="Dep" PT="PP[by]" FE="Cognizer" />
        <valenceUnit GF="Dep" PT="PP[for]" FE="Explanation" />
        <annoSet ID="2336016" />
      </pattern>
      <pattern total="1">
        <valenceUnit GF="Obj" PT="NP" FE="Chosen" />
        <valenceUnit GF="Ext" PT="NP" FE="Cognizer" />
        <valenceUnit GF="Dep" PT="Sub" FE="Explanation" />
        <annoSet ID="2336472" />
      </pattern>
    </FEGroupRealization>
    <FEGroupRealization total="1">
      <FE name="Chosen" />
      <FE name="Cognizer" />
      <FE name="Explanation" />
      <FE name="Time" />
      <pattern total="1">
        <valenceUnit GF="Ext" PT="NP" FE="Chosen" />
        <valenceUnit GF="" PT="CNI" FE="Cognizer" />
        <valenceUnit GF="Dep" PT="PP[for]" FE="Explanation" />
        <valenceUnit GF="Dep" PT="PP[at]" FE="Time" />
        <annoSet ID="2336166" />
      </pattern>
    </FEGroupRealization>
    <FEGroupRealization total="1">
      <FE name="Chosen" />
      <FE name="Cognizer" />
      <FE name="Inherent_purpose" />
      <pattern total="1">
        <valenceUnit GF="Ext" PT="NP" FE="Chosen" />
        <valenceUnit GF="" PT="CNI" FE="Cognizer" />
        <valenceUnit GF="Dep" PT="PP[for]" FE="Inherent_purpose" />
        <annoSet ID="2336164" />
      </pattern>
    </FEGroupRealization>
    <FEGroupRealization total="5">
      <FE name="Chosen" />
      <FE name="Cognizer" />
      <FE name="Manner" />
      <pattern total="3">
        <valenceUnit GF="Obj" PT="NP" FE="Chosen" />
        <valenceUnit GF="Ext" PT="NP" FE="Cognizer" />
        <valenceUnit GF="Dep" PT="AVP" FE="Manner" />
        <annoSet ID="2336236" />
        <annoSet ID="2336242" />
        <annoSet ID="6551417" />
      </pattern>
      <pattern total="2">
        <valenceUnit GF="Obj" PT="NP" FE="Chosen" />
        <valenceUnit GF="Ext" PT="NP" FE="Cognizer" />
        <valenceUnit GF="Dep" PT="PP[at]" FE="Manner" />
        <annoSet ID="2336036" />
        <annoSet ID="2336220" />
      </pattern>
    </FEGroupRealization>
    <FEGroupRealization total="5">
      <FE name="Chosen" />
      <FE name="Cognizer" />
      <FE name="Possibilities" />
      <pattern total="1">
        <valenceUnit GF="Ext" PT="NP" FE="Chosen" />
        <valenceUnit GF="" PT="CNI" FE="Cognizer" />
        <valenceUnit GF="Dep" PT="PP[from]" FE="Possibilities" />
        <annoSet ID="2336050" />
      </pattern>
      <pattern total="1">
        <valenceUnit GF="Obj" PT="NP" FE="Chosen" />
        <valenceUnit GF="" PT="CNI" FE="Cognizer" />
        <valenceUnit GF="Dep" PT="PP[of]" FE="Possibilities" />
        <annoSet ID="2336344" />
      </pattern>
      <pattern total="1">
        <valenceUnit GF="Obj" PT="NP" FE="Chosen" />
        <valenceUnit GF="Ext" PT="NP" FE="Cognizer" />
        <valenceUnit GF="Dep" PT="PP[from]" FE="Possibilities" />
        <annoSet ID="2336160" />
      </pattern>
      <pattern total="2">
        <valenceUnit GF="Obj" PT="NP" FE="Chosen" />
        <valenceUnit GF="Ext" PT="NP" FE="Cognizer" />
        <valenceUnit GF="Dep" PT="PP[of]" FE="Possibilities" />
        <annoSet ID="2336406" />
        <annoSet ID="2336440" />
      </pattern>
    </FEGroupRealization>
    <FEGroupRealization total="1">
      <FE name="Chosen" />
      <FE name="Cognizer" />
      <FE name="Time" />
      <pattern total="1">
        <valenceUnit GF="Obj" PT="NP" FE="Chosen" />
        <valenceUnit GF="Ext" PT="NP" FE="Cognizer" />
        <valenceUnit GF="Dep" PT="PP[before]" FE="Time" />
        <annoSet ID="2336424" />
      </pattern>
    </FEGroupRealization>
    <FEGroupRealization total="1">
      <FE name="Chosen" />
      <FE name="Cognizer" />
      <FE name="Topic" />
      <pattern total="1">
        <valenceUnit GF="Obj" PT="NP" FE="Chosen" />
        <valenceUnit GF="Ext" PT="NP" FE="Cognizer" />
        <valenceUnit GF="Dep" PT="PP[of]" FE="Topic" />
        <annoSet ID="2336026" />
      </pattern>
    </FEGroupRealization>
    <FEGroupRealization total="1">
      <FE name="Chosen" />
      <FE name="Explanation" />
      <pattern total="1">
        <valenceUnit GF="Ext" PT="NP" FE="Chosen" />
        <valenceUnit GF="Dep" PT="PP[on]" FE="Explanation" />
        <annoSet ID="2336434" />
      </pattern>
    </FEGroupRealization>
    <FEGroupRealization total="3">
      <FE name="Cognizer" />
      <FE name="Possibilities" />
      <pattern total="1">
        <valenceUnit GF="Ext" PT="NP" FE="Cognizer" />
        <valenceUnit GF="Obj" PT="NP" FE="Possibilities" />
        <annoSet ID="2336380" />
      </pattern>
      <pattern total="2">
        <valenceUnit GF="Ext" PT="NP" FE="Cognizer" />
        <valenceUnit GF="Dep" PT="PP[from]" FE="Possibilities" />
        <annoSet ID="2336058" />
        <annoSet ID="2336076" />
      </pattern>
    </FEGroupRealization>
  </valences>
  <subCorpus name="V-augmented">
    <sentence sentNo="0" ID="1444453n">
      <text>But by the time of the Hinkley C Inquiry , the CEGB had firmly picked the preferred option .</text>
      <annotationSet cDate="08/08/2025 07:55:04 PST Fri" status="AUGMENTED" ID="0">
        <layer name="FE" rank="1">
          <label cBy="auto-aug" feID="3288" start="4" end="39" name="Time" />
          <label cBy="auto-aug" feID="3106" start="43" end="50" name="Cognizer" />
          <label cBy="auto-aug" feID="3289" start="56" end="61" name="Manner" />
          <label cBy="auto-aug" feID="3107" start="70" end="89" name="Chosen" />
        </layer>
        <layer name="Target" rank="1">
          <label cBy="auto-aug" start="63" end="68" name="Target" />
        </layer>
      </annotationSet>
    </sentence>
    <sentence sentNo="0" ID="1444452n">
      <text>If he picks a winner , he will be allocated one of a number of prime banks whose sterling time deposits are accepted by LIFFE as being of deliverable quality .</text>
      <annotationSet cDate="08/08/2025 07:55:04 PST Fri" status="AUGMENTED" ID="0">
        <layer name="FE" rank="1">
          <label cBy="auto-aug" feID="3106" start="3" end="4" name="Cognizer" />
          <label cBy="auto-aug" feID="3107" start="12" end="19" name="Chosen" />
        </layer>
        <layer name="Target" rank="1">
          <label cBy="auto-aug" start="6" end="10" name="Target" />
        </layer>
      </annotationSet>
    </sentence>
    <sentence sentNo="0" ID="4102799n">
      <text>4- Again , if the above is not possible , then pick a suitable option , for the same reason as above .</text>
      <annotationSet cDate="08/08/2025 07:55:04 PST Fri" status="AUGMENTED" ID="0">
        <layer name="FE" rank="1">
          <label cBy="auto-aug" feID="3107" start="52" end="68" name="Chosen" />
          <label cBy="auto-aug" feID="3162" start="72" end="99" name="Explanation" />
        </layer>
        <layer name="Target" rank="1">
          <label cBy="auto-aug" start="47" end="50" name="Target" />
        </layer>
      </annotationSet>
    </sentence>
  </subCorpus>
</lexUnit>