<?xml version='1.0' encoding='UTF-8'?>
<lexUnit xmlns="http://framenet.icsi.berkeley.edu" xmlns:xsi="http://www.w3.org/2001/XMLSchema-instance" status="Finished_Initial" incorporatedFE="Direction" POS="V" name="fall.v" ID="6257" frame="Motion_directional" frameID="362" totalAnnotated="53" xsi:schemaLocation="../schema/lexUnit.xsd">
  <header>
    <corpus description="Wall Street Journal Texts from the PropBank Project" name="PropBank" ID="115">
      <document description="Loma Prieta" name="LomaPrieta" ID="23013" />
    </corpus>
    <corpus description="AQUAINT Knowledge-Based Evaluation Texts" name="KBEval" ID="185">
      <document description="utd-icsi" name="utd-icsi" ID="23579" />
    </corpus>
    <corpus description="LUCorpus-v0.3" name="LUCorpus-v0.3" ID="205">
      <document description="AFGP-2002-600002-Trans" name="AFGP-2002-600002-Trans" ID="23736" />
    </corpus>
    <frame>
      <FE fgColor="FFFFFF" bgColor="A52A2A" type="Core" abbrev="Area" name="Area" />
      <FE fgColor="FFFFFF" bgColor="00008B" type="Peripheral" abbrev="Car" name="Carrier" />
      <FE fgColor="000000" bgColor="FFA500" type="Extra-Thematic" abbrev="cir" name="Circumstances" />
      <FE fgColor="FFFFFF" bgColor="FF69B4" type="Peripheral" abbrev="Degr" name="Degree" />
      <FE fgColor="FFFFFF" bgColor="9400D3" type="Extra-Thematic" abbrev="Dep" name="Depictive" />
      <FE fgColor="000000" bgColor="7CCD73" type="Core" abbrev="dir" name="Direction" />
      <FE fgColor="FFFFFF" bgColor="808080" type="Peripheral" abbrev="Dist" name="Distance" />
      <FE fgColor="FFFFFF" bgColor="2E8B57" type="Peripheral" abbrev="Dur" name="Duration" />
      <FE fgColor="000000" bgColor="d0d0d0" type="Extra-Thematic" abbrev="exp" name="Explanation" />
      <FE fgColor="FFFFFF" bgColor="800080" type="Core" abbrev="Goal" name="Goal" />
      <FE fgColor="FFFFFF" bgColor="FF00FF" type="Peripheral" abbrev="Mnr" name="Manner" />
      <FE fgColor="FFFFFF" bgColor="A9A9A9" type="Peripheral" abbrev="mea" name="Means" />
      <FE fgColor="FFFFFF" bgColor="0000FF" type="Core" abbrev="Path" name="Path" />
      <FE fgColor="000000" bgColor="2E8B57" type="Extra-Thematic" abbrev="sha" name="Path_shape" />
      <FE fgColor="FFFFFF" bgColor="008000" type="Peripheral" abbrev="" name="Place" />
      <FE fgColor="000000" bgColor="EEE8AA" type="Extra-Thematic" abbrev="poi" name="Point_of_contact" />
      <FE fgColor="000000" bgColor="9400D3" type="Extra-Thematic" abbrev="pur" name="Purpose" />
      <FE fgColor="FFFFFF" bgColor="7CCD73" type="Extra-Thematic" abbrev="Result" name="Result" />
      <FE fgColor="FFFFFF" bgColor="1E90FF" type="Core" abbrev="Src" name="Source" />
      <FE fgColor="FFFFFF" bgColor="00BFFF" type="Peripheral" abbrev="Spd" name="Speed" />
      <FE fgColor="FFFFFF" bgColor="FF0000" type="Core" abbrev="Thm" name="Theme" />
      <FE fgColor="FFFFFF" bgColor="FFA500" type="Peripheral" abbrev="Time" name="Time" />
    </frame>
  </header>
  <definition>COD: move from a higher to a lower level, typically rapidly and without control</definition>
  <lexeme POS="V" name="fall" />
  <valences>
    <FERealization total="4">
      <FE name="Depictive" />
      <pattern total="1">
        <valenceUnit GF="Dep" PT="AVP" FE="Depictive" />
        <annoSet ID="1358256" />
      </pattern>
      <pattern total="1">
        <valenceUnit GF="Dep" PT="PP[in]" FE="Depictive" />
        <annoSet ID="1357924" />
      </pattern>
      <pattern total="2">
        <valenceUnit GF="Dep" PT="PP[with]" FE="Depictive" />
        <annoSet ID="1358042" />
        <annoSet ID="1358290" />
      </pattern>
    </FERealization>
    <FERealization total="47">
      <FE name="Direction" />
      <pattern total="47">
        <valenceUnit GF="" PT="INC" FE="Direction" />
        <annoSet ID="1357888" />
        <annoSet ID="1357894" />
        <annoSet ID="1357898" />
        <annoSet ID="1357900" />
        <annoSet ID="1357908" />
        <annoSet ID="1357916" />
        <annoSet ID="1357922" />
        <annoSet ID="1357924" />
        <annoSet ID="1357928" />
        <annoSet ID="1357932" />
        <annoSet ID="1357936" />
        <annoSet ID="1357940" />
        <annoSet ID="1357956" />
        <annoSet ID="1357958" />
        <annoSet ID="1357962" />
        <annoSet ID="1357964" />
        <annoSet ID="1357982" />
        <annoSet ID="1357984" />
        <annoSet ID="1358002" />
        <annoSet ID="1358018" />
        <annoSet ID="1358022" />
        <annoSet ID="1358032" />
        <annoSet ID="1358034" />
        <annoSet ID="1358042" />
        <annoSet ID="1358066" />
        <annoSet ID="1358092" />
        <annoSet ID="1358094" />
        <annoSet ID="1358096" />
        <annoSet ID="1358106" />
        <annoSet ID="1358110" />
        <annoSet ID="1358190" />
        <annoSet ID="1358198" />
        <annoSet ID="1358224" />
        <annoSet ID="1358228" />
        <annoSet ID="1358254" />
        <annoSet ID="1358256" />
        <annoSet ID="1358260" />
        <annoSet ID="1358278" />
        <annoSet ID="1358282" />
        <annoSet ID="1358288" />
        <annoSet ID="1358290" />
        <annoSet ID="1358298" />
        <annoSet ID="1358344" />
        <annoSet ID="1358418" />
        <annoSet ID="1358420" />
        <annoSet ID="1358452" />
        <annoSet ID="1358482" />
      </pattern>
    </FERealization>
    <FERealization total="1">
      <FE name="Distance" />
      <pattern total="1">
        <valenceUnit GF="Dep" PT="NP" FE="Distance" />
        <annoSet ID="1358482" />
      </pattern>
    </FERealization>
    <FERealization total="1">
      <FE name="Duration" />
      <pattern total="1">
        <valenceUnit GF="Dep" PT="PP[in]" FE="Duration" />
        <annoSet ID="1357940" />
      </pattern>
    </FERealization>
    <FERealization total="25">
      <FE name="Goal" />
      <pattern total="5">
        <valenceUnit GF="Dep" PT="PP[onto]" FE="Goal" />
        <annoSet ID="1358254" />
        <annoSet ID="1358256" />
        <annoSet ID="1358260" />
        <annoSet ID="1358278" />
        <annoSet ID="1358282" />
      </pattern>
      <pattern total="1">
        <valenceUnit GF="Dep" PT="PP[at]" FE="Goal" />
        <annoSet ID="1358066" />
      </pattern>
      <pattern total="4">
        <valenceUnit GF="Dep" PT="PP[in]" FE="Goal" />
        <annoSet ID="1357898" />
        <annoSet ID="1358032" />
        <annoSet ID="1358034" />
        <annoSet ID="6549807" />
      </pattern>
      <pattern total="6">
        <valenceUnit GF="Dep" PT="PP[into]" FE="Goal" />
        <annoSet ID="1357922" />
        <annoSet ID="1358190" />
        <annoSet ID="1358198" />
        <annoSet ID="6532470" />
        <annoSet ID="6533659" />
        <annoSet ID="6533670" />
      </pattern>
      <pattern total="7">
        <valenceUnit GF="Dep" PT="PP[on]" FE="Goal" />
        <annoSet ID="1357888" />
        <annoSet ID="1357908" />
        <annoSet ID="1357916" />
        <annoSet ID="1357962" />
        <annoSet ID="1358002" />
        <annoSet ID="1358224" />
        <annoSet ID="1358228" />
      </pattern>
      <pattern total="1">
        <valenceUnit GF="Dep" PT="PP[to]" FE="Goal" />
        <annoSet ID="1358288" />
      </pattern>
      <pattern total="1">
        <valenceUnit GF="" PT="INI" FE="Goal" />
        <annoSet ID="4528816" />
      </pattern>
    </FERealization>
    <FERealization total="4">
      <FE name="Manner" />
      <pattern total="1">
        <valenceUnit GF="Dep" PT="PP[like]" FE="Manner" />
        <annoSet ID="1357962" />
      </pattern>
      <pattern total="3">
        <valenceUnit GF="Dep" PT="AVP" FE="Manner" />
        <annoSet ID="1357958" />
        <annoSet ID="1357964" />
        <annoSet ID="1358254" />
      </pattern>
    </FERealization>
    <FERealization total="15">
      <FE name="Path" />
      <pattern total="10">
        <valenceUnit GF="" PT="INI" FE="Path" />
        <annoSet ID="1357894" />
        <annoSet ID="1357924" />
        <annoSet ID="1357932" />
        <annoSet ID="1357936" />
        <annoSet ID="1357940" />
        <annoSet ID="1357958" />
        <annoSet ID="1357964" />
        <annoSet ID="1357982" />
        <annoSet ID="1358290" />
        <annoSet ID="4529037" />
      </pattern>
      <pattern total="4">
        <valenceUnit GF="Dep" PT="AVP" FE="Path" />
        <annoSet ID="1358042" />
        <annoSet ID="1358198" />
        <annoSet ID="1358420" />
        <annoSet ID="1358452" />
      </pattern>
      <pattern total="1">
        <valenceUnit GF="Dep" PT="PP[through]" FE="Path" />
        <annoSet ID="1358298" />
      </pattern>
    </FERealization>
    <FERealization total="4">
      <FE name="Place" />
      <pattern total="3">
        <valenceUnit GF="Dep" PT="PP[in]" FE="Place" />
        <annoSet ID="1357984" />
        <annoSet ID="1358482" />
        <annoSet ID="4529037" />
      </pattern>
      <pattern total="1">
        <valenceUnit GF="Dep" PT="PP[over]" FE="Place" />
        <annoSet ID="1357928" />
      </pattern>
    </FERealization>
    <FERealization total="12">
      <FE name="Source" />
      <pattern total="8">
        <valenceUnit GF="Dep" PT="PP[from]" FE="Source" />
        <annoSet ID="1357900" />
        <annoSet ID="1358092" />
        <annoSet ID="1358094" />
        <annoSet ID="1358096" />
        <annoSet ID="1358106" />
        <annoSet ID="1358110" />
        <annoSet ID="1358344" />
        <annoSet ID="1358482" />
      </pattern>
      <pattern total="1">
        <valenceUnit GF="Dep" PT="AVP" FE="Source" />
        <annoSet ID="1358418" />
      </pattern>
      <pattern total="1">
        <valenceUnit GF="Dep" PT="PP[off]" FE="Source" />
        <annoSet ID="1358018" />
      </pattern>
      <pattern total="2">
        <valenceUnit GF="Dep" PT="PP[out]" FE="Source" />
        <annoSet ID="1357956" />
        <annoSet ID="1358022" />
      </pattern>
    </FERealization>
    <FERealization total="53">
      <FE name="Theme" />
      <pattern total="53">
        <valenceUnit GF="Ext" PT="NP" FE="Theme" />
        <annoSet ID="1357888" />
        <annoSet ID="1357894" />
        <annoSet ID="1357898" />
        <annoSet ID="1357900" />
        <annoSet ID="1357908" />
        <annoSet ID="1357916" />
        <annoSet ID="1357922" />
        <annoSet ID="1357924" />
        <annoSet ID="1357928" />
        <annoSet ID="1357932" />
        <annoSet ID="1357936" />
        <annoSet ID="1357940" />
        <annoSet ID="1357956" />
        <annoSet ID="1357958" />
        <annoSet ID="1357962" />
        <annoSet ID="1357964" />
        <annoSet ID="1357982" />
        <annoSet ID="1357984" />
        <annoSet ID="1358002" />
        <annoSet ID="1358018" />
        <annoSet ID="1358022" />
        <annoSet ID="1358032" />
        <annoSet ID="1358034" />
        <annoSet ID="1358042" />
        <annoSet ID="1358066" />
        <annoSet ID="1358092" />
        <annoSet ID="1358094" />
        <annoSet ID="1358096" />
        <annoSet ID="1358106" />
        <annoSet ID="1358110" />
        <annoSet ID="1358190" />
        <annoSet ID="1358198" />
        <annoSet ID="1358224" />
        <annoSet ID="1358228" />
        <annoSet ID="1358254" />
        <annoSet ID="1358256" />
        <annoSet ID="1358260" />
        <annoSet ID="1358278" />
        <annoSet ID="1358282" />
        <annoSet ID="1358288" />
        <annoSet ID="1358290" />
        <annoSet ID="1358298" />
        <annoSet ID="1358344" />
        <annoSet ID="1358418" />
        <annoSet ID="1358420" />
        <annoSet ID="1358452" />
        <annoSet ID="1358482" />
        <annoSet ID="4528816" />
        <annoSet ID="4529037" />
        <annoSet ID="6532470" />
        <annoSet ID="6533659" />
        <annoSet ID="6533670" />
        <annoSet ID="6549807" />
      </pattern>
    </FERealization>
    <FERealization total="9">
      <FE name="Time" />
      <pattern total="2">
        <valenceUnit GF="Dep" PT="PP[on]" FE="Time" />
        <annoSet ID="1357898" />
        <annoSet ID="1357982" />
      </pattern>
      <pattern total="1">
        <valenceUnit GF="Dep" PT="AVP" FE="Time" />
        <annoSet ID="1357922" />
      </pattern>
      <pattern total="1">
        <valenceUnit GF="Dep" PT="PP[in]" FE="Time" />
        <annoSet ID="1357936" />
      </pattern>
      <pattern total="1">
        <valenceUnit GF="Dep" PT="PP[ago]" FE="Time" />
        <annoSet ID="1358106" />
      </pattern>
      <pattern total="1">
        <valenceUnit GF="Dep" PT="Sfin" FE="Time" />
        <annoSet ID="1358018" />
      </pattern>
      <pattern total="3">
        <valenceUnit GF="Dep" PT="PP[after]" FE="Time" />
        <annoSet ID="6532470" />
        <annoSet ID="6533659" />
        <annoSet ID="6533670" />
      </pattern>
    </FERealization>
    <FEGroupRealization total="1">
      <FE name="Depictive" />
      <FE name="Direction" />
      <FE name="Goal" />
      <FE name="Theme" />
      <pattern total="1">
        <valenceUnit GF="Dep" PT="AVP" FE="Depictive" />
        <valenceUnit GF="" PT="INC" FE="Direction" />
        <valenceUnit GF="Dep" PT="PP[onto]" FE="Goal" />
        <valenceUnit GF="Ext" PT="NP" FE="Theme" />
        <annoSet ID="1358256" />
      </pattern>
    </FEGroupRealization>
    <FEGroupRealization total="3">
      <FE name="Depictive" />
      <FE name="Direction" />
      <FE name="Path" />
      <FE name="Theme" />
      <pattern total="1">
        <valenceUnit GF="Dep" PT="PP[in]" FE="Depictive" />
        <valenceUnit GF="" PT="INC" FE="Direction" />
        <valenceUnit GF="" PT="INI" FE="Path" />
        <valenceUnit GF="Ext" PT="NP" FE="Theme" />
        <annoSet ID="1357924" />
      </pattern>
      <pattern total="1">
        <valenceUnit GF="Dep" PT="PP[with]" FE="Depictive" />
        <valenceUnit GF="" PT="INC" FE="Direction" />
        <valenceUnit GF="Dep" PT="AVP" FE="Path" />
        <valenceUnit GF="Ext" PT="NP" FE="Theme" />
        <annoSet ID="1358042" />
      </pattern>
      <pattern total="1">
        <valenceUnit GF="Dep" PT="PP[with]" FE="Depictive" />
        <valenceUnit GF="" PT="INC" FE="Direction" />
        <valenceUnit GF="" PT="INI" FE="Path" />
        <valenceUnit GF="Ext" PT="NP" FE="Theme" />
        <annoSet ID="1358290" />
      </pattern>
    </FEGroupRealization>
    <FEGroupRealization total="1">
      <FE name="Direction" />
      <FE name="Distance" />
      <FE name="Place" />
      <FE name="Source" />
      <FE name="Theme" />
      <pattern total="1">
        <valenceUnit GF="" PT="INC" FE="Direction" />
        <valenceUnit GF="Dep" PT="NP" FE="Distance" />
        <valenceUnit GF="Dep" PT="PP[in]" FE="Place" />
        <valenceUnit GF="Dep" PT="PP[from]" FE="Source" />
        <valenceUnit GF="Ext" PT="NP" FE="Theme" />
        <annoSet ID="1358482" />
      </pattern>
    </FEGroupRealization>
    <FEGroupRealization total="1">
      <FE name="Direction" />
      <FE name="Duration" />
      <FE name="Path" />
      <FE name="Theme" />
      <pattern total="1">
        <valenceUnit GF="" PT="INC" FE="Direction" />
        <valenceUnit GF="Dep" PT="PP[in]" FE="Duration" />
        <valenceUnit GF="" PT="INI" FE="Path" />
        <valenceUnit GF="Ext" PT="NP" FE="Theme" />
        <annoSet ID="1357940" />
      </pattern>
    </FEGroupRealization>
    <FEGroupRealization total="2">
      <FE name="Direction" />
      <FE name="Goal" />
      <FE name="Manner" />
      <FE name="Theme" />
      <pattern total="1">
        <valenceUnit GF="" PT="INC" FE="Direction" />
        <valenceUnit GF="Dep" PT="PP[on]" FE="Goal" />
        <valenceUnit GF="Dep" PT="PP[like]" FE="Manner" />
        <valenceUnit GF="Ext" PT="NP" FE="Theme" />
        <annoSet ID="1357962" />
      </pattern>
      <pattern total="1">
        <valenceUnit GF="" PT="INC" FE="Direction" />
        <valenceUnit GF="Dep" PT="PP[onto]" FE="Goal" />
        <valenceUnit GF="Dep" PT="AVP" FE="Manner" />
        <valenceUnit GF="Ext" PT="NP" FE="Theme" />
        <annoSet ID="1358254" />
      </pattern>
    </FEGroupRealization>
    <FEGroupRealization total="1">
      <FE name="Direction" />
      <FE name="Goal" />
      <FE name="Path" />
      <FE name="Theme" />
      <pattern total="1">
        <valenceUnit GF="" PT="INC" FE="Direction" />
        <valenceUnit GF="Dep" PT="PP[into]" FE="Goal" />
        <valenceUnit GF="Dep" PT="AVP" FE="Path" />
        <valenceUnit GF="Ext" PT="NP" FE="Theme" />
        <annoSet ID="1358198" />
      </pattern>
    </FEGroupRealization>
    <FEGroupRealization total="13">
      <FE name="Direction" />
      <FE name="Goal" />
      <FE name="Theme" />
      <pattern total="1">
        <valenceUnit GF="" PT="INC" FE="Direction" />
        <valenceUnit GF="Dep" PT="PP[at]" FE="Goal" />
        <valenceUnit GF="Ext" PT="NP" FE="Theme" />
        <annoSet ID="1358066" />
      </pattern>
      <pattern total="2">
        <valenceUnit GF="" PT="INC" FE="Direction" />
        <valenceUnit GF="Dep" PT="PP[in]" FE="Goal" />
        <valenceUnit GF="Ext" PT="NP" FE="Theme" />
        <annoSet ID="1358032" />
        <annoSet ID="1358034" />
      </pattern>
      <pattern total="1">
        <valenceUnit GF="" PT="INC" FE="Direction" />
        <valenceUnit GF="Dep" PT="PP[into]" FE="Goal" />
        <valenceUnit GF="Ext" PT="NP" FE="Theme" />
        <annoSet ID="1358190" />
      </pattern>
      <pattern total="6">
        <valenceUnit GF="" PT="INC" FE="Direction" />
        <valenceUnit GF="Dep" PT="PP[on]" FE="Goal" />
        <valenceUnit GF="Ext" PT="NP" FE="Theme" />
        <annoSet ID="1357888" />
        <annoSet ID="1357908" />
        <annoSet ID="1357916" />
        <annoSet ID="1358002" />
        <annoSet ID="1358224" />
        <annoSet ID="1358228" />
      </pattern>
      <pattern total="2">
        <valenceUnit GF="" PT="INC" FE="Direction" />
        <valenceUnit GF="Dep" PT="PP[onto]" FE="Goal" />
        <valenceUnit GF="Ext" PT="NP" FE="Theme" />
        <annoSet ID="1358260" />
        <annoSet ID="1358278" />
      </pattern>
      <pattern total="1">
        <valenceUnit GF="" PT="INC" FE="Direction" />
        <valenceUnit GF="Dep" PT="PP[to]" FE="Goal" />
        <valenceUnit GF="Ext" PT="NP" FE="Theme" />
        <annoSet ID="1358288" />
      </pattern>
    </FEGroupRealization>
    <FEGroupRealization total="1">
      <FE name="Direction" />
      <FE name="Goal" />
      <FE name="Theme" />
      <FE name="Theme" />
      <pattern total="1">
        <valenceUnit GF="" PT="INC" FE="Direction" />
        <valenceUnit GF="Dep" PT="PP[onto]" FE="Goal" />
        <valenceUnit GF="Ext" PT="NP" FE="Theme" />
        <valenceUnit GF="Ext" PT="NP" FE="Theme" />
        <annoSet ID="1358282" />
      </pattern>
    </FEGroupRealization>
    <FEGroupRealization total="2">
      <FE name="Direction" />
      <FE name="Goal" />
      <FE name="Theme" />
      <FE name="Time" />
      <pattern total="1">
        <valenceUnit GF="" PT="INC" FE="Direction" />
        <valenceUnit GF="Dep" PT="PP[in]" FE="Goal" />
        <valenceUnit GF="Ext" PT="NP" FE="Theme" />
        <valenceUnit GF="Dep" PT="PP[on]" FE="Time" />
        <annoSet ID="1357898" />
      </pattern>
      <pattern total="1">
        <valenceUnit GF="" PT="INC" FE="Direction" />
        <valenceUnit GF="Dep" PT="PP[into]" FE="Goal" />
        <valenceUnit GF="Ext" PT="NP" FE="Theme" />
        <valenceUnit GF="Dep" PT="AVP" FE="Time" />
        <annoSet ID="1357922" />
      </pattern>
    </FEGroupRealization>
    <FEGroupRealization total="2">
      <FE name="Direction" />
      <FE name="Manner" />
      <FE name="Path" />
      <FE name="Theme" />
      <pattern total="2">
        <valenceUnit GF="" PT="INC" FE="Direction" />
        <valenceUnit GF="Dep" PT="AVP" FE="Manner" />
        <valenceUnit GF="" PT="INI" FE="Path" />
        <valenceUnit GF="Ext" PT="NP" FE="Theme" />
        <annoSet ID="1357958" />
        <annoSet ID="1357964" />
      </pattern>
    </FEGroupRealization>
    <FEGroupRealization total="4">
      <FE name="Direction" />
      <FE name="Path" />
      <FE name="Theme" />
      <pattern total="2">
        <valenceUnit GF="" PT="INC" FE="Direction" />
        <valenceUnit GF="Dep" PT="AVP" FE="Path" />
        <valenceUnit GF="Ext" PT="NP" FE="Theme" />
        <annoSet ID="1358420" />
        <annoSet ID="1358452" />
      </pattern>
      <pattern total="2">
        <valenceUnit GF="" PT="INC" FE="Direction" />
        <valenceUnit GF="" PT="INI" FE="Path" />
        <valenceUnit GF="Ext" PT="NP" FE="Theme" />
        <annoSet ID="1357894" />
        <annoSet ID="1357932" />
      </pattern>
    </FEGroupRealization>
    <FEGroupRealization total="1">
      <FE name="Direction" />
      <FE name="Path" />
      <FE name="Theme" />
      <FE name="Theme" />
      <pattern total="1">
        <valenceUnit GF="" PT="INC" FE="Direction" />
        <valenceUnit GF="Dep" PT="PP[through]" FE="Path" />
        <valenceUnit GF="Ext" PT="NP" FE="Theme" />
        <valenceUnit GF="Ext" PT="NP" FE="Theme" />
        <annoSet ID="1358298" />
      </pattern>
    </FEGroupRealization>
    <FEGroupRealization total="1">
      <FE name="Direction" />
      <FE name="Path" />
      <FE name="Theme" />
      <FE name="Theme" />
      <FE name="Time" />
      <pattern total="1">
        <valenceUnit GF="" PT="INC" FE="Direction" />
        <valenceUnit GF="" PT="INI" FE="Path" />
        <valenceUnit GF="Ext" PT="NP" FE="Theme" />
        <valenceUnit GF="Ext" PT="NP" FE="Theme" />
        <valenceUnit GF="Dep" PT="PP[in]" FE="Time" />
        <annoSet ID="1357936" />
      </pattern>
    </FEGroupRealization>
    <FEGroupRealization total="1">
      <FE name="Direction" />
      <FE name="Path" />
      <FE name="Theme" />
      <FE name="Time" />
      <pattern total="1">
        <valenceUnit GF="" PT="INC" FE="Direction" />
        <valenceUnit GF="" PT="INI" FE="Path" />
        <valenceUnit GF="Ext" PT="NP" FE="Theme" />
        <valenceUnit GF="Dep" PT="PP[on]" FE="Time" />
        <annoSet ID="1357982" />
      </pattern>
    </FEGroupRealization>
    <FEGroupRealization total="2">
      <FE name="Direction" />
      <FE name="Place" />
      <FE name="Theme" />
      <pattern total="1">
        <valenceUnit GF="" PT="INC" FE="Direction" />
        <valenceUnit GF="Dep" PT="PP[in]" FE="Place" />
        <valenceUnit GF="Ext" PT="NP" FE="Theme" />
        <annoSet ID="1357984" />
      </pattern>
      <pattern total="1">
        <valenceUnit GF="" PT="INC" FE="Direction" />
        <valenceUnit GF="Dep" PT="PP[over]" FE="Place" />
        <valenceUnit GF="Ext" PT="NP" FE="Theme" />
        <annoSet ID="1357928" />
      </pattern>
    </FEGroupRealization>
    <FEGroupRealization total="9">
      <FE name="Direction" />
      <FE name="Source" />
      <FE name="Theme" />
      <pattern total="1">
        <valenceUnit GF="" PT="INC" FE="Direction" />
        <valenceUnit GF="Dep" PT="AVP" FE="Source" />
        <valenceUnit GF="Ext" PT="NP" FE="Theme" />
        <annoSet ID="1358418" />
      </pattern>
      <pattern total="6">
        <valenceUnit GF="" PT="INC" FE="Direction" />
        <valenceUnit GF="Dep" PT="PP[from]" FE="Source" />
        <valenceUnit GF="Ext" PT="NP" FE="Theme" />
        <annoSet ID="1357900" />
        <annoSet ID="1358092" />
        <annoSet ID="1358094" />
        <annoSet ID="1358096" />
        <annoSet ID="1358110" />
        <annoSet ID="1358344" />
      </pattern>
      <pattern total="2">
        <valenceUnit GF="" PT="INC" FE="Direction" />
        <valenceUnit GF="Dep" PT="PP[out]" FE="Source" />
        <valenceUnit GF="Ext" PT="NP" FE="Theme" />
        <annoSet ID="1357956" />
        <annoSet ID="1358022" />
      </pattern>
    </FEGroupRealization>
    <FEGroupRealization total="2">
      <FE name="Direction" />
      <FE name="Source" />
      <FE name="Theme" />
      <FE name="Time" />
      <pattern total="1">
        <valenceUnit GF="" PT="INC" FE="Direction" />
        <valenceUnit GF="Dep" PT="PP[from]" FE="Source" />
        <valenceUnit GF="Ext" PT="NP" FE="Theme" />
        <valenceUnit GF="Dep" PT="PP[ago]" FE="Time" />
        <annoSet ID="1358106" />
      </pattern>
      <pattern total="1">
        <valenceUnit GF="" PT="INC" FE="Direction" />
        <valenceUnit GF="Dep" PT="PP[off]" FE="Source" />
        <valenceUnit GF="Ext" PT="NP" FE="Theme" />
        <valenceUnit GF="Dep" PT="Sfin" FE="Time" />
        <annoSet ID="1358018" />
      </pattern>
    </FEGroupRealization>
    <FEGroupRealization total="2">
      <FE name="Goal" />
      <FE name="Theme" />
      <pattern total="1">
        <valenceUnit GF="" PT="INI" FE="Goal" />
        <valenceUnit GF="Ext" PT="NP" FE="Theme" />
        <annoSet ID="4528816" />
      </pattern>
      <pattern total="1">
        <valenceUnit GF="Dep" PT="PP[in]" FE="Goal" />
        <valenceUnit GF="Ext" PT="NP" FE="Theme" />
        <annoSet ID="6549807" />
      </pattern>
    </FEGroupRealization>
    <FEGroupRealization total="3">
      <FE name="Goal" />
      <FE name="Theme" />
      <FE name="Time" />
      <pattern total="3">
        <valenceUnit GF="Dep" PT="PP[into]" FE="Goal" />
        <valenceUnit GF="Ext" PT="NP" FE="Theme" />
        <valenceUnit GF="Dep" PT="PP[after]" FE="Time" />
        <annoSet ID="6532470" />
        <annoSet ID="6533659" />
        <annoSet ID="6533670" />
      </pattern>
    </FEGroupRealization>
    <FEGroupRealization total="1">
      <FE name="Path" />
      <FE name="Place" />
      <FE name="Theme" />
      <pattern total="1">
        <valenceUnit GF="" PT="INI" FE="Path" />
        <valenceUnit GF="Dep" PT="PP[in]" FE="Place" />
        <valenceUnit GF="Ext" PT="NP" FE="Theme" />
        <annoSet ID="4529037" />
      </pattern>
    </FEGroupRealization>
  </valences>
  <subCorpus name="V-augmented">
    <sentence sentNo="0" ID="954630n">
      <text>the man , has died in hospital in Swansea , a week after falling from a height . </text>
      <annotationSet cDate="08/08/2025 07:59:16 PST Fri" status="AUGMENTED" ID="0">
        <layer name="FE" rank="1">
          <label cBy="auto-aug" feID="3239" start="0" end="6" name="Theme" />
          <label cBy="auto-aug" feID="3240" start="65" end="77" name="Source" />
        </layer>
        <layer name="Target" rank="1">
          <label cBy="auto-aug" start="57" end="63" name="Target" />
        </layer>
      </annotationSet>
    </sentence>
    <sentence sentNo="0" ID="948888n">
      <text>Visit the Trummelbach Falls , a spectacular sight of water falling over the edge . </text>
      <annotationSet cDate="08/08/2025 07:59:16 PST Fri" status="AUGMENTED" ID="0">
        <layer name="FE" rank="1">
          <label cBy="auto-aug" feID="3239" start="53" end="57" name="Theme" />
          <label cBy="auto-aug" feID="3227" start="67" end="79" name="Goal" />
        </layer>
        <layer name="Target" rank="1">
          <label cBy="auto-aug" start="59" end="65" name="Target" />
        </layer>
      </annotationSet>
    </sentence>
    <sentence sentNo="0" ID="954581n">
      <text>Mr Dubcek , 70 , whose reforms were crushed by the Soviets in 1968 , was being driven in the car when fell off . </text>
      <annotationSet cDate="08/08/2025 07:59:16 PST Fri" status="AUGMENTED" ID="0">
        <layer name="FE" rank="1">
          <label cBy="auto-aug" feID="3239" start="89" end="95" name="Theme" />
          <label cBy="auto-aug" feID="3239" start="97" end="100" name="Theme" />
          <label cBy="auto-aug" feID="3227" start="107" end="109" name="Goal" />
        </layer>
        <layer name="Target" rank="1">
          <label cBy="auto-aug" start="102" end="105" name="Target" />
        </layer>
      </annotationSet>
    </sentence>
    <sentence sentNo="0" ID="954585n">
      <text>the leaves had fell down and to the ground . </text>
      <annotationSet cDate="08/08/2025 07:59:16 PST Fri" status="AUGMENTED" ID="0">
        <layer name="FE" rank="1">
          <label cBy="auto-aug" feID="3239" start="0" end="9" name="Theme" />
          <label cBy="auto-aug" feID="3231" start="20" end="23" name="Path" />
          <label cBy="auto-aug" feID="3227" start="29" end="41" name="Goal" />
        </layer>
        <layer name="Target" rank="1">
          <label cBy="auto-aug" start="15" end="18" name="Target" />
        </layer>
      </annotationSet>
    </sentence>
    <sentence sentNo="0" ID="953615n">
      <text>the leaves fallen , thrashed and boiled against the ground , but hardly advanced another step up the beach . </text>
      <annotationSet cDate="08/08/2025 07:59:16 PST Fri" status="AUGMENTED" ID="0">
        <layer name="FE" rank="1">
          <label cBy="auto-aug" feID="3239" start="0" end="9" name="Theme" />
        </layer>
        <layer name="Target" rank="1">
          <label cBy="auto-aug" start="11" end="16" name="Target" />
        </layer>
      </annotationSet>
    </sentence>
    <sentence sentNo="0" ID="623304n">
      <text>the water falls 12 metres as the tide is forced into the funnel of the Severn estuary and into the Avon river . </text>
      <annotationSet cDate="08/08/2025 07:59:16 PST Fri" status="AUGMENTED" ID="0">
        <layer name="FE" rank="1">
          <label cBy="auto-aug" feID="3239" start="0" end="8" name="Theme" />
          <label cBy="auto-aug" feID="3223" start="16" end="24" name="Distance" />
          <label cBy="auto-aug" feID="3237" start="26" end="108" name="Time" />
        </layer>
        <layer name="Target" rank="1">
          <label cBy="auto-aug" start="10" end="14" name="Target" />
        </layer>
      </annotationSet>
    </sentence>
    <sentence sentNo="0" ID="623434n">
      <text>Then leaves were off falling above Herefordshire trees . </text>
      <annotationSet cDate="08/08/2025 07:59:16 PST Fri" status="AUGMENTED" ID="0">
        <layer name="FE" rank="1">
          <label cBy="auto-aug" feID="3239" start="5" end="10" name="Theme" />
          <label cBy="auto-aug" feID="4847" start="29" end="47" name="Place" />
          <label cBy="auto-aug" feID="3227" start="49" end="53" name="Goal" />
        </layer>
        <layer name="Target" rank="1">
          <label cBy="auto-aug" start="21" end="27" name="Target" />
        </layer>
      </annotationSet>
    </sentence>
    <sentence sentNo="0" ID="614849n">
      <text>the rain was falling downwards to cut him off . </text>
      <annotationSet cDate="08/08/2025 07:59:16 PST Fri" status="AUGMENTED" ID="0">
        <layer name="FE" rank="1">
          <label cBy="auto-aug" feID="3239" start="0" end="7" name="Theme" />
          <label cBy="auto-aug" feID="3231" start="21" end="29" name="Path" />
          <label cBy="auto-aug" feID="9434" start="31" end="44" name="Purpose" />
        </layer>
        <layer name="Target" rank="1">
          <label cBy="auto-aug" start="13" end="19" name="Target" />
        </layer>
      </annotationSet>
    </sentence>
  </subCorpus>
</lexUnit>