<?xml version='1.0' encoding='UTF-8'?>
<lexUnit xmlns="http://framenet.icsi.berkeley.edu" xmlns:xsi="http://www.w3.org/2001/XMLSchema-instance" status="FN1_Sent" POS="V" name="demand.v" ID="645" frame="Request" frameID="41" totalAnnotated="50" xsi:schemaLocation="../schema/lexUnit.xsd">
  <header>
    <corpus description="Texts from Nuclear Threat Initiative website, created by Center for Non-Proliferation Studies" name="NTI" ID="135">
      <document description="North Korea Nuclear Overview" name="NorthKorea_NuclearOverview" ID="23562" />
    </corpus>
    <corpus description="LUCorpus-v0.3" name="LUCorpus-v0.3" ID="205">
      <document description="CNN_AARONBROWN_ENG_20051101_215800.partial-NEW" name="CNN_AARONBROWN_ENG_20051101_215800.partial-NEW" ID="23733" />
    </corpus>
    <frame>
      <FE fgColor="FFFFFF" bgColor="006400" type="Core" abbrev="Add" name="Addressee" />
      <FE fgColor="FFFFFF" bgColor="7CCD73" type="Extra-Thematic" abbrev="" name="Beneficiary" />
      <FE fgColor="000000" bgColor="FFFF00" type="Extra-Thematic" abbrev="" name="Containing_event" />
      <FE fgColor="000000" bgColor="7FFF00" type="Extra-Thematic" abbrev="" name="Depictive" />
      <FE fgColor="000000" bgColor="90876C" type="Extra-Thematic" abbrev="Ite" name="Iterations" />
      <FE fgColor="FFFFFF" bgColor="FF00FF" type="Peripheral" abbrev="Manr" name="Manner" />
      <FE fgColor="FFFFFF" bgColor="A52A2A" type="Peripheral" abbrev="Mns" name="Means" />
      <FE fgColor="FFFFFF" bgColor="00BFFF" type="Core" abbrev="Medium" name="Medium" />
      <FE fgColor="FFFFFF" bgColor="0000FF" type="Core" abbrev="Msg" name="Message" />
      <FE fgColor="FFFFFF" bgColor="FF0000" type="Core" abbrev="Spkr" name="Speaker" />
      <FE fgColor="FFFFFF" bgColor="00008B" type="Peripheral" abbrev="tim" name="Time" />
      <FE fgColor="FFFFFF" bgColor="FFA500" type="Extra-Thematic" abbrev="Top" name="Topic" />
    </frame>
  </header>
  <definition>COD: ask authoritatively or brusquely</definition>
  <lexeme POS="V" name="demand" />
  <valences>
    <FERealization total="49">
      <FE name="Addressee" />
      <pattern total="39">
        <valenceUnit GF="" PT="DNI" FE="Addressee" />
        <annoSet ID="1009347" />
        <annoSet ID="1009359" />
        <annoSet ID="1009381" />
        <annoSet ID="1009389" />
        <annoSet ID="1009393" />
        <annoSet ID="1009415" />
        <annoSet ID="1009427" />
        <annoSet ID="1009445" />
        <annoSet ID="1009461" />
        <annoSet ID="1009649" />
        <annoSet ID="1009747" />
        <annoSet ID="1009799" />
        <annoSet ID="1009801" />
        <annoSet ID="1009809" />
        <annoSet ID="1009815" />
        <annoSet ID="1009823" />
        <annoSet ID="1009825" />
        <annoSet ID="1009869" />
        <annoSet ID="1009883" />
        <annoSet ID="1009907" />
        <annoSet ID="1009927" />
        <annoSet ID="1009929" />
        <annoSet ID="1009943" />
        <annoSet ID="1009947" />
        <annoSet ID="1009957" />
        <annoSet ID="1009963" />
        <annoSet ID="1009989" />
        <annoSet ID="1009993" />
        <annoSet ID="1010001" />
        <annoSet ID="1010003" />
        <annoSet ID="1010007" />
        <annoSet ID="1010017" />
        <annoSet ID="1010023" />
        <annoSet ID="1010027" />
        <annoSet ID="1010041" />
        <annoSet ID="1010043" />
        <annoSet ID="1010049" />
        <annoSet ID="1010053" />
        <annoSet ID="6548004" />
      </pattern>
      <pattern total="5">
        <valenceUnit GF="Dep" PT="PP[from]" FE="Addressee" />
        <annoSet ID="1009467" />
        <annoSet ID="1009493" />
        <annoSet ID="1009687" />
        <annoSet ID="1009689" />
        <annoSet ID="6530263" />
      </pattern>
      <pattern total="5">
        <valenceUnit GF="Dep" PT="PP[of]" FE="Addressee" />
        <annoSet ID="1009701" />
        <annoSet ID="1009711" />
        <annoSet ID="1009713" />
        <annoSet ID="1009723" />
        <annoSet ID="1009877" />
      </pattern>
    </FERealization>
    <FERealization total="4">
      <FE name="Manner" />
      <pattern total="3">
        <valenceUnit GF="Dep" PT="AVP" FE="Manner" />
        <annoSet ID="1009799" />
        <annoSet ID="1009801" />
        <annoSet ID="1009809" />
      </pattern>
      <pattern total="1">
        <valenceUnit GF="Dep" PT="PP[as]" FE="Manner" />
        <annoSet ID="1009723" />
      </pattern>
    </FERealization>
    <FERealization total="50">
      <FE name="Message" />
      <pattern total="14">
        <valenceUnit GF="Dep" PT="QUO" FE="Message" />
        <annoSet ID="1009347" />
        <annoSet ID="1009389" />
        <annoSet ID="1009393" />
        <annoSet ID="1009415" />
        <annoSet ID="1009461" />
        <annoSet ID="1009649" />
        <annoSet ID="1009689" />
        <annoSet ID="1009701" />
        <annoSet ID="1009723" />
        <annoSet ID="1009747" />
        <annoSet ID="1009799" />
        <annoSet ID="1009801" />
        <annoSet ID="1009809" />
        <annoSet ID="1009815" />
      </pattern>
      <pattern total="1">
        <valenceUnit GF="Dep" PT="AVP" FE="Message" />
        <annoSet ID="1009359" />
      </pattern>
      <pattern total="3">
        <valenceUnit GF="Ext" PT="NP" FE="Message" />
        <annoSet ID="1009869" />
        <annoSet ID="1009877" />
        <annoSet ID="1009883" />
      </pattern>
      <pattern total="6">
        <valenceUnit GF="Obj" PT="NP" FE="Message" />
        <annoSet ID="1009427" />
        <annoSet ID="1009467" />
        <annoSet ID="1009493" />
        <annoSet ID="1009687" />
        <annoSet ID="1009711" />
        <annoSet ID="6530263" />
      </pattern>
      <pattern total="17">
        <valenceUnit GF="Dep" PT="Sfin" FE="Message" />
        <annoSet ID="1009381" />
        <annoSet ID="1009445" />
        <annoSet ID="1009713" />
        <annoSet ID="1009823" />
        <annoSet ID="1009825" />
        <annoSet ID="1009943" />
        <annoSet ID="1009947" />
        <annoSet ID="1009957" />
        <annoSet ID="1009963" />
        <annoSet ID="1009989" />
        <annoSet ID="1009993" />
        <annoSet ID="1010001" />
        <annoSet ID="1010003" />
        <annoSet ID="1010007" />
        <annoSet ID="1010017" />
        <annoSet ID="6530127" />
        <annoSet ID="6548004" />
      </pattern>
      <pattern total="2">
        <valenceUnit GF="Dep" PT="Sinterrog" FE="Message" />
        <annoSet ID="1009927" />
        <annoSet ID="1009929" />
      </pattern>
      <pattern total="1">
        <valenceUnit GF="Dep" PT="Swhether" FE="Message" />
        <annoSet ID="1009907" />
      </pattern>
      <pattern total="6">
        <valenceUnit GF="Dep" PT="VPto" FE="Message" />
        <annoSet ID="1010023" />
        <annoSet ID="1010027" />
        <annoSet ID="1010041" />
        <annoSet ID="1010043" />
        <annoSet ID="1010049" />
        <annoSet ID="1010053" />
      </pattern>
    </FERealization>
    <FERealization total="50">
      <FE name="Speaker" />
      <pattern total="47">
        <valenceUnit GF="Ext" PT="NP" FE="Speaker" />
        <annoSet ID="1009347" />
        <annoSet ID="1009359" />
        <annoSet ID="1009381" />
        <annoSet ID="1009389" />
        <annoSet ID="1009393" />
        <annoSet ID="1009415" />
        <annoSet ID="1009427" />
        <annoSet ID="1009445" />
        <annoSet ID="1009461" />
        <annoSet ID="1009467" />
        <annoSet ID="1009493" />
        <annoSet ID="1009649" />
        <annoSet ID="1009687" />
        <annoSet ID="1009689" />
        <annoSet ID="1009701" />
        <annoSet ID="1009711" />
        <annoSet ID="1009713" />
        <annoSet ID="1009723" />
        <annoSet ID="1009747" />
        <annoSet ID="1009799" />
        <annoSet ID="1009801" />
        <annoSet ID="1009809" />
        <annoSet ID="1009815" />
        <annoSet ID="1009823" />
        <annoSet ID="1009825" />
        <annoSet ID="1009907" />
        <annoSet ID="1009927" />
        <annoSet ID="1009929" />
        <annoSet ID="1009943" />
        <annoSet ID="1009947" />
        <annoSet ID="1009957" />
        <annoSet ID="1009963" />
        <annoSet ID="1009989" />
        <annoSet ID="1009993" />
        <annoSet ID="1010001" />
        <annoSet ID="1010003" />
        <annoSet ID="1010007" />
        <annoSet ID="1010017" />
        <annoSet ID="1010023" />
        <annoSet ID="1010027" />
        <annoSet ID="1010041" />
        <annoSet ID="1010043" />
        <annoSet ID="1010049" />
        <annoSet ID="1010053" />
        <annoSet ID="6530127" />
        <annoSet ID="6530263" />
        <annoSet ID="6548004" />
      </pattern>
      <pattern total="2">
        <valenceUnit GF="" PT="CNI" FE="Speaker" />
        <annoSet ID="1009877" />
        <annoSet ID="1009883" />
      </pattern>
      <pattern total="1">
        <valenceUnit GF="Dep" PT="PP[by]" FE="Speaker" />
        <annoSet ID="1009869" />
      </pattern>
    </FERealization>
    <FEGroupRealization total="1">
      <FE name="Addressee" />
      <FE name="Manner" />
      <FE name="Message" />
      <FE name="Message" />
      <FE name="Speaker" />
      <pattern total="1">
        <valenceUnit GF="Dep" PT="PP[of]" FE="Addressee" />
        <valenceUnit GF="Dep" PT="PP[as]" FE="Manner" />
        <valenceUnit GF="Dep" PT="QUO" FE="Message" />
        <valenceUnit GF="Dep" PT="QUO" FE="Message" />
        <valenceUnit GF="Ext" PT="NP" FE="Speaker" />
        <annoSet ID="1009723" />
      </pattern>
    </FEGroupRealization>
    <FEGroupRealization total="3">
      <FE name="Addressee" />
      <FE name="Manner" />
      <FE name="Message" />
      <FE name="Speaker" />
      <pattern total="3">
        <valenceUnit GF="" PT="DNI" FE="Addressee" />
        <valenceUnit GF="Dep" PT="AVP" FE="Manner" />
        <valenceUnit GF="Dep" PT="QUO" FE="Message" />
        <valenceUnit GF="Ext" PT="NP" FE="Speaker" />
        <annoSet ID="1009799" />
        <annoSet ID="1009801" />
        <annoSet ID="1009809" />
      </pattern>
    </FEGroupRealization>
    <FEGroupRealization total="2">
      <FE name="Addressee" />
      <FE name="Message" />
      <FE name="Message" />
      <FE name="Speaker" />
      <pattern total="2">
        <valenceUnit GF="" PT="DNI" FE="Addressee" />
        <valenceUnit GF="Dep" PT="QUO" FE="Message" />
        <valenceUnit GF="Dep" PT="QUO" FE="Message" />
        <valenceUnit GF="Ext" PT="NP" FE="Speaker" />
        <annoSet ID="1009747" />
        <annoSet ID="1009815" />
      </pattern>
    </FEGroupRealization>
    <FEGroupRealization total="43">
      <FE name="Addressee" />
      <FE name="Message" />
      <FE name="Speaker" />
      <pattern total="1">
        <valenceUnit GF="" PT="DNI" FE="Addressee" />
        <valenceUnit GF="Dep" PT="AVP" FE="Message" />
        <valenceUnit GF="Ext" PT="NP" FE="Speaker" />
        <annoSet ID="1009359" />
      </pattern>
      <pattern total="1">
        <valenceUnit GF="" PT="DNI" FE="Addressee" />
        <valenceUnit GF="Ext" PT="NP" FE="Message" />
        <valenceUnit GF="" PT="CNI" FE="Speaker" />
        <annoSet ID="1009883" />
      </pattern>
      <pattern total="1">
        <valenceUnit GF="" PT="DNI" FE="Addressee" />
        <valenceUnit GF="Ext" PT="NP" FE="Message" />
        <valenceUnit GF="Dep" PT="PP[by]" FE="Speaker" />
        <annoSet ID="1009869" />
      </pattern>
      <pattern total="1">
        <valenceUnit GF="" PT="DNI" FE="Addressee" />
        <valenceUnit GF="Obj" PT="NP" FE="Message" />
        <valenceUnit GF="Ext" PT="NP" FE="Speaker" />
        <annoSet ID="1009427" />
      </pattern>
      <pattern total="6">
        <valenceUnit GF="" PT="DNI" FE="Addressee" />
        <valenceUnit GF="Dep" PT="QUO" FE="Message" />
        <valenceUnit GF="Ext" PT="NP" FE="Speaker" />
        <annoSet ID="1009347" />
        <annoSet ID="1009389" />
        <annoSet ID="1009393" />
        <annoSet ID="1009415" />
        <annoSet ID="1009461" />
        <annoSet ID="1009649" />
      </pattern>
      <pattern total="15">
        <valenceUnit GF="" PT="DNI" FE="Addressee" />
        <valenceUnit GF="Dep" PT="Sfin" FE="Message" />
        <valenceUnit GF="Ext" PT="NP" FE="Speaker" />
        <annoSet ID="1009381" />
        <annoSet ID="1009445" />
        <annoSet ID="1009823" />
        <annoSet ID="1009825" />
        <annoSet ID="1009943" />
        <annoSet ID="1009947" />
        <annoSet ID="1009957" />
        <annoSet ID="1009963" />
        <annoSet ID="1009989" />
        <annoSet ID="1009993" />
        <annoSet ID="1010001" />
        <annoSet ID="1010003" />
        <annoSet ID="1010007" />
        <annoSet ID="1010017" />
        <annoSet ID="6548004" />
      </pattern>
      <pattern total="2">
        <valenceUnit GF="" PT="DNI" FE="Addressee" />
        <valenceUnit GF="Dep" PT="Sinterrog" FE="Message" />
        <valenceUnit GF="Ext" PT="NP" FE="Speaker" />
        <annoSet ID="1009927" />
        <annoSet ID="1009929" />
      </pattern>
      <pattern total="1">
        <valenceUnit GF="" PT="DNI" FE="Addressee" />
        <valenceUnit GF="Dep" PT="Swhether" FE="Message" />
        <valenceUnit GF="Ext" PT="NP" FE="Speaker" />
        <annoSet ID="1009907" />
      </pattern>
      <pattern total="6">
        <valenceUnit GF="" PT="DNI" FE="Addressee" />
        <valenceUnit GF="Dep" PT="VPto" FE="Message" />
        <valenceUnit GF="Ext" PT="NP" FE="Speaker" />
        <annoSet ID="1010023" />
        <annoSet ID="1010027" />
        <annoSet ID="1010041" />
        <annoSet ID="1010043" />
        <annoSet ID="1010049" />
        <annoSet ID="1010053" />
      </pattern>
      <pattern total="4">
        <valenceUnit GF="Dep" PT="PP[from]" FE="Addressee" />
        <valenceUnit GF="Obj" PT="NP" FE="Message" />
        <valenceUnit GF="Ext" PT="NP" FE="Speaker" />
        <annoSet ID="1009467" />
        <annoSet ID="1009493" />
        <annoSet ID="1009687" />
        <annoSet ID="6530263" />
      </pattern>
      <pattern total="1">
        <valenceUnit GF="Dep" PT="PP[from]" FE="Addressee" />
        <valenceUnit GF="Dep" PT="QUO" FE="Message" />
        <valenceUnit GF="Ext" PT="NP" FE="Speaker" />
        <annoSet ID="1009689" />
      </pattern>
      <pattern total="1">
        <valenceUnit GF="Dep" PT="PP[of]" FE="Addressee" />
        <valenceUnit GF="Ext" PT="NP" FE="Message" />
        <valenceUnit GF="" PT="CNI" FE="Speaker" />
        <annoSet ID="1009877" />
      </pattern>
      <pattern total="1">
        <valenceUnit GF="Dep" PT="PP[of]" FE="Addressee" />
        <valenceUnit GF="Obj" PT="NP" FE="Message" />
        <valenceUnit GF="Ext" PT="NP" FE="Speaker" />
        <annoSet ID="1009711" />
      </pattern>
      <pattern total="1">
        <valenceUnit GF="Dep" PT="PP[of]" FE="Addressee" />
        <valenceUnit GF="Dep" PT="QUO" FE="Message" />
        <valenceUnit GF="Ext" PT="NP" FE="Speaker" />
        <annoSet ID="1009701" />
      </pattern>
      <pattern total="1">
        <valenceUnit GF="Dep" PT="PP[of]" FE="Addressee" />
        <valenceUnit GF="Dep" PT="Sfin" FE="Message" />
        <valenceUnit GF="Ext" PT="NP" FE="Speaker" />
        <annoSet ID="1009713" />
      </pattern>
    </FEGroupRealization>
    <FEGroupRealization total="1">
      <FE name="Message" />
      <FE name="Speaker" />
      <pattern total="1">
        <valenceUnit GF="Dep" PT="Sfin" FE="Message" />
        <valenceUnit GF="Ext" PT="NP" FE="Speaker" />
        <annoSet ID="6530127" />
      </pattern>
    </FEGroupRealization>
  </valences>
  <subCorpus name="V-augmented">
    <sentence sentNo="0" ID="774605n">
      <text>I demand you an explanation . </text>
      <annotationSet cDate="08/08/2025 08:00:01 PST Fri" status="AUGMENTED" ID="0">
        <layer name="FE" rank="1">
          <label cBy="auto-aug" feID="172" start="0" end="0" name="Speaker" />
          <label cBy="auto-aug" feID="173" start="9" end="11" name="Addressee" />
          <label cBy="auto-aug" feID="174" start="13" end="26" name="Message" />
        </layer>
        <layer name="Target" rank="1">
          <label cBy="auto-aug" start="2" end="7" name="Target" />
        </layer>
      </annotationSet>
    </sentence>
    <sentence sentNo="0" ID="1264833n">
      <text>customers were last year demanded feedback .</text>
      <annotationSet cDate="08/08/2025 08:00:01 PST Fri" status="AUGMENTED" ID="0">
        <layer name="FE" rank="1">
          <label cBy="auto-aug" feID="173" start="0" end="8" name="Addressee" />
          <label cBy="auto-aug" feID="8825" start="15" end="23" name="Time" />
          <label cBy="auto-aug" feID="174" start="34" end="41" name="Message" />
        </layer>
        <layer name="Target" rank="1">
          <label cBy="auto-aug" start="25" end="32" name="Target" />
        </layer>
      </annotationSet>
    </sentence>
    <sentence sentNo="0" ID="1593241n">
      <text>Today we are demanding the government more resources to help the 1,500 children families we care for .</text>
      <annotationSet cDate="08/08/2025 08:00:01 PST Fri" status="AUGMENTED" ID="0">
        <layer name="FE" rank="1">
          <label cBy="auto-aug" feID="172" start="6" end="7" name="Speaker" />
          <label cBy="auto-aug" feID="173" start="23" end="36" name="Addressee" />
          <label cBy="auto-aug" feID="174" start="38" end="51" name="Message" />
        </layer>
        <layer name="Target" rank="1">
          <label cBy="auto-aug" start="13" end="21" name="Target" />
        </layer>
      </annotationSet>
    </sentence>
    <sentence sentNo="0" ID="774960n">
      <text>When Andrewes died early in the next reign , King Charles demanded the crown . </text>
      <annotationSet cDate="08/08/2025 08:00:01 PST Fri" status="AUGMENTED" ID="0">
        <layer name="FE" rank="1">
          <label cBy="auto-aug" feID="172" start="45" end="56" name="Speaker" />
          <label cBy="auto-aug" feID="174" start="67" end="75" name="Message" />
        </layer>
        <layer name="Target" rank="1">
          <label cBy="auto-aug" start="58" end="65" name="Target" />
        </layer>
      </annotationSet>
    </sentence>
    <sentence sentNo="0" ID="4165563n">
      <text>the workers were demanded a raise .</text>
      <annotationSet cDate="08/08/2025 08:00:01 PST Fri" status="AUGMENTED" ID="0">
        <layer name="FE" rank="1">
          <label cBy="auto-aug" feID="173" start="0" end="10" name="Addressee" />
          <label cBy="auto-aug" feID="174" start="26" end="32" name="Message" />
        </layer>
        <layer name="Target" rank="1">
          <label cBy="auto-aug" start="17" end="24" name="Target" />
        </layer>
      </annotationSet>
    </sentence>
    <sentence sentNo="0" ID="1265042n">
      <text>On 14 October Louis XV himself signed a decree demanding the parliament reforms .</text>
      <annotationSet cDate="08/08/2025 08:00:01 PST Fri" status="AUGMENTED" ID="0">
        <layer name="FE" rank="1">
          <label cBy="auto-aug" feID="176" start="38" end="45" name="Medium" />
          <label cBy="auto-aug" feID="173" start="57" end="70" name="Addressee" />
          <label cBy="auto-aug" feID="174" start="72" end="78" name="Message" />
        </layer>
        <layer name="Target" rank="1">
          <label cBy="auto-aug" start="47" end="55" name="Target" />
        </layer>
      </annotationSet>
    </sentence>
  </subCorpus>
</lexUnit>