<?xml version='1.0' encoding='UTF-8'?>
<lexUnit xmlns="http://framenet.icsi.berkeley.edu" xmlns:xsi="http://www.w3.org/2001/XMLSchema-instance" status="Finished_Initial" POS="V" name="cover.v" ID="6539" frame="Topic" frameID="373" totalAnnotated="32" xsi:schemaLocation="../schema/lexUnit.xsd">
  <header>
    <corpus description="American National Corpus Texts" name="ANC" ID="195">
      <document description="Berlitz Where to Go in Hong Kong" name="WhereToHongKong" ID="23771" />
    </corpus>
    <corpus description="LUCorpus-v0.3" name="LUCorpus-v0.3" ID="205">
      <document description="AFGP-2002-600002-Trans" name="AFGP-2002-600002-Trans" ID="23736" />
    </corpus>
    <frame>
      <FE fgColor="FFFFFF" bgColor="FF0000" type="Core" abbrev="Communicator" name="Communicator" />
      <FE fgColor="FFFFFF" bgColor="FF69B4" type="Peripheral" abbrev="Degree" name="Degree" />
      <FE fgColor="FFFFFF" bgColor="7CCD7C" type="Extra-Thematic" abbrev="" name="Explanation" />
      <FE fgColor="FFFFFF" bgColor="FF00FF" type="Peripheral" abbrev="Manner" name="Manner" />
      <FE fgColor="FFFFFF" bgColor="0000FF" type="Peripheral" abbrev="Status" name="Status" />
      <FE fgColor="FFFFFF" bgColor="008000" type="Core" abbrev="Text" name="Text" />
      <FE fgColor="FFFFFF" bgColor="800080" type="Peripheral" abbrev="" name="Time" />
      <FE fgColor="FFFFFF" bgColor="FFA500" type="Core" abbrev="Topic" name="Topic" />
    </frame>
  </header>
  <definition>COD: deal with (a subject). </definition>
  <lexeme POS="V" name="cover" />
  <valences>
    <FERealization total="11">
      <FE name="Communicator" />
      <pattern total="4">
        <valenceUnit GF="" PT="CNI" FE="Communicator" />
        <annoSet ID="1428021" />
        <annoSet ID="1428081" />
        <annoSet ID="1428107" />
        <annoSet ID="1428339" />
      </pattern>
      <pattern total="2">
        <valenceUnit GF="" PT="DNI" FE="Communicator" />
        <annoSet ID="1428131" />
        <annoSet ID="1428143" />
      </pattern>
      <pattern total="5">
        <valenceUnit GF="Ext" PT="NP" FE="Communicator" />
        <annoSet ID="1427971" />
        <annoSet ID="1428087" />
        <annoSet ID="1428267" />
        <annoSet ID="1428283" />
        <annoSet ID="6561399" />
      </pattern>
    </FERealization>
    <FERealization total="3">
      <FE name="Manner" />
      <pattern total="3">
        <valenceUnit GF="Dep" PT="PP[in]" FE="Manner" />
        <annoSet ID="1428131" />
        <annoSet ID="1428143" />
        <annoSet ID="1428187" />
      </pattern>
    </FERealization>
    <FERealization total="27">
      <FE name="Text" />
      <pattern total="1">
        <valenceUnit GF="Dep" PT="PP[by]" FE="Text" />
        <annoSet ID="1428339" />
      </pattern>
      <pattern total="5">
        <valenceUnit GF="Dep" PT="PP[in]" FE="Text" />
        <annoSet ID="1427971" />
        <annoSet ID="1428021" />
        <annoSet ID="1428081" />
        <annoSet ID="1428131" />
        <annoSet ID="1428143" />
      </pattern>
      <pattern total="21">
        <valenceUnit GF="Ext" PT="NP" FE="Text" />
        <annoSet ID="1427967" />
        <annoSet ID="1427977" />
        <annoSet ID="1427987" />
        <annoSet ID="1428005" />
        <annoSet ID="1428023" />
        <annoSet ID="1428035" />
        <annoSet ID="1428041" />
        <annoSet ID="1428057" />
        <annoSet ID="1428069" />
        <annoSet ID="1428079" />
        <annoSet ID="1428163" />
        <annoSet ID="1428185" />
        <annoSet ID="1428187" />
        <annoSet ID="1428211" />
        <annoSet ID="1428217" />
        <annoSet ID="1428257" />
        <annoSet ID="1428259" />
        <annoSet ID="1428277" />
        <annoSet ID="1428293" />
        <annoSet ID="1428317" />
        <annoSet ID="6550267" />
      </pattern>
    </FERealization>
    <FERealization total="32">
      <FE name="Topic" />
      <pattern total="6">
        <valenceUnit GF="Ext" PT="NP" FE="Topic" />
        <annoSet ID="1428021" />
        <annoSet ID="1428081" />
        <annoSet ID="1428107" />
        <annoSet ID="1428131" />
        <annoSet ID="1428143" />
        <annoSet ID="1428339" />
      </pattern>
      <pattern total="26">
        <valenceUnit GF="Obj" PT="NP" FE="Topic" />
        <annoSet ID="1427967" />
        <annoSet ID="1427971" />
        <annoSet ID="1427977" />
        <annoSet ID="1427987" />
        <annoSet ID="1428005" />
        <annoSet ID="1428023" />
        <annoSet ID="1428035" />
        <annoSet ID="1428041" />
        <annoSet ID="1428057" />
        <annoSet ID="1428069" />
        <annoSet ID="1428079" />
        <annoSet ID="1428087" />
        <annoSet ID="1428163" />
        <annoSet ID="1428185" />
        <annoSet ID="1428187" />
        <annoSet ID="1428211" />
        <annoSet ID="1428217" />
        <annoSet ID="1428257" />
        <annoSet ID="1428259" />
        <annoSet ID="1428267" />
        <annoSet ID="1428277" />
        <annoSet ID="1428283" />
        <annoSet ID="1428293" />
        <annoSet ID="1428317" />
        <annoSet ID="6550267" />
        <annoSet ID="6561399" />
      </pattern>
    </FERealization>
    <FEGroupRealization total="2">
      <FE name="Communicator" />
      <FE name="Manner" />
      <FE name="Text" />
      <FE name="Topic" />
      <pattern total="2">
        <valenceUnit GF="" PT="DNI" FE="Communicator" />
        <valenceUnit GF="Dep" PT="PP[in]" FE="Manner" />
        <valenceUnit GF="Dep" PT="PP[in]" FE="Text" />
        <valenceUnit GF="Ext" PT="NP" FE="Topic" />
        <annoSet ID="1428131" />
        <annoSet ID="1428143" />
      </pattern>
    </FEGroupRealization>
    <FEGroupRealization total="4">
      <FE name="Communicator" />
      <FE name="Text" />
      <FE name="Topic" />
      <pattern total="1">
        <valenceUnit GF="" PT="CNI" FE="Communicator" />
        <valenceUnit GF="Dep" PT="PP[by]" FE="Text" />
        <valenceUnit GF="Ext" PT="NP" FE="Topic" />
        <annoSet ID="1428339" />
      </pattern>
      <pattern total="2">
        <valenceUnit GF="" PT="CNI" FE="Communicator" />
        <valenceUnit GF="Dep" PT="PP[in]" FE="Text" />
        <valenceUnit GF="Ext" PT="NP" FE="Topic" />
        <annoSet ID="1428021" />
        <annoSet ID="1428081" />
      </pattern>
      <pattern total="1">
        <valenceUnit GF="Ext" PT="NP" FE="Communicator" />
        <valenceUnit GF="Dep" PT="PP[in]" FE="Text" />
        <valenceUnit GF="Obj" PT="NP" FE="Topic" />
        <annoSet ID="1427971" />
      </pattern>
    </FEGroupRealization>
    <FEGroupRealization total="5">
      <FE name="Communicator" />
      <FE name="Topic" />
      <pattern total="1">
        <valenceUnit GF="" PT="CNI" FE="Communicator" />
        <valenceUnit GF="Ext" PT="NP" FE="Topic" />
        <annoSet ID="1428107" />
      </pattern>
      <pattern total="4">
        <valenceUnit GF="Ext" PT="NP" FE="Communicator" />
        <valenceUnit GF="Obj" PT="NP" FE="Topic" />
        <annoSet ID="1428087" />
        <annoSet ID="1428267" />
        <annoSet ID="1428283" />
        <annoSet ID="6561399" />
      </pattern>
    </FEGroupRealization>
    <FEGroupRealization total="1">
      <FE name="Manner" />
      <FE name="Text" />
      <FE name="Topic" />
      <pattern total="1">
        <valenceUnit GF="Dep" PT="PP[in]" FE="Manner" />
        <valenceUnit GF="Ext" PT="NP" FE="Text" />
        <valenceUnit GF="Obj" PT="NP" FE="Topic" />
        <annoSet ID="1428187" />
      </pattern>
    </FEGroupRealization>
    <FEGroupRealization total="1">
      <FE name="Text" />
      <FE name="Text" />
      <FE name="Topic" />
      <pattern total="1">
        <valenceUnit GF="Ext" PT="NP" FE="Text" />
        <valenceUnit GF="Ext" PT="NP" FE="Text" />
        <valenceUnit GF="Obj" PT="NP" FE="Topic" />
        <annoSet ID="1427987" />
      </pattern>
    </FEGroupRealization>
    <FEGroupRealization total="19">
      <FE name="Text" />
      <FE name="Topic" />
      <pattern total="19">
        <valenceUnit GF="Ext" PT="NP" FE="Text" />
        <valenceUnit GF="Obj" PT="NP" FE="Topic" />
        <annoSet ID="1427967" />
        <annoSet ID="1427977" />
        <annoSet ID="1428005" />
        <annoSet ID="1428023" />
        <annoSet ID="1428035" />
        <annoSet ID="1428041" />
        <annoSet ID="1428057" />
        <annoSet ID="1428069" />
        <annoSet ID="1428079" />
        <annoSet ID="1428163" />
        <annoSet ID="1428185" />
        <annoSet ID="1428211" />
        <annoSet ID="1428217" />
        <annoSet ID="1428257" />
        <annoSet ID="1428259" />
        <annoSet ID="1428277" />
        <annoSet ID="1428293" />
        <annoSet ID="1428317" />
        <annoSet ID="6550267" />
      </pattern>
    </FEGroupRealization>
  </valences>
  <subCorpus name="V-augmented">
    <sentence sentNo="0" ID="4129289n">
      <text>The judge in the Espy aide case ignored the sentencing guideline recommendation of probation to hand down a 27-month sentence for lying , and while doing so , covered the case .</text>
      <annotationSet cDate="08/08/2025 07:59:45 PST Fri" status="AUGMENTED" ID="0">
        <layer name="FE" rank="1">
          <label cBy="auto-aug" feID="3346" start="167" end="174" name="Topic" />
        </layer>
        <layer name="Target" rank="1">
          <label cBy="auto-aug" start="159" end="165" name="Target" />
        </layer>
      </annotationSet>
    </sentence>
    <sentence sentNo="0" ID="988508n">
      <text>I cover the story at some length in detail . </text>
      <annotationSet cDate="08/08/2025 07:59:45 PST Fri" status="AUGMENTED" ID="0">
        <layer name="FE" rank="1">
          <label cBy="auto-aug" feID="3348" start="0" end="0" name="Communicator" />
          <label cBy="auto-aug" feID="3346" start="8" end="16" name="Topic" />
          <label cBy="auto-aug" feID="3353" start="18" end="31" name="Manner" />
          <label cBy="auto-aug" feID="3347" start="33" end="41" name="Text" />
        </layer>
        <layer name="Target" rank="1">
          <label cBy="auto-aug" start="2" end="6" name="Target" />
        </layer>
      </annotationSet>
    </sentence>
    <sentence sentNo="0" ID="988456n">
      <text>the documents are covered briefly with the latest information . </text>
      <annotationSet cDate="08/08/2025 07:59:45 PST Fri" status="AUGMENTED" ID="0">
        <layer name="FE" rank="1">
          <label cBy="auto-aug" feID="3346" start="0" end="12" name="Topic" />
          <label cBy="auto-aug" feID="3353" start="26" end="32" name="Manner" />
          <label cBy="auto-aug" feID="3347" start="34" end="60" name="Text" />
        </layer>
        <layer name="Target" rank="1">
          <label cBy="auto-aug" start="18" end="24" name="Target" />
        </layer>
      </annotationSet>
    </sentence>
  </subCorpus>
</lexUnit>