<?xml version='1.0' encoding='UTF-8'?>
<lexUnit xmlns="http://framenet.icsi.berkeley.edu" xmlns:xsi="http://www.w3.org/2001/XMLSchema-instance" status="FN1_Sent" POS="V" name="request.v" ID="655" frame="Request" frameID="41" totalAnnotated="68" xsi:schemaLocation="../schema/lexUnit.xsd">
  <header>
    <corpus description="Texts from Nuclear Threat Initiative website, created by Center for Non-Proliferation Studies" name="NTI" ID="135">
      <document description="Iran Missile" name="Iran_Missile" ID="23512" />
      <document description="Iran Biological" name="Iran_Biological" ID="23513" />
      <document description="Iran Chemical" name="Iran_Chemical" ID="23514" />
      <document description="North Korea Nuclear Overview" name="NorthKorea_NuclearOverview" ID="23562" />
    </corpus>
    <corpus description="Miscellaneous" name="Miscellaneous" ID="175">
      <document description="Iran-related Questions" name="IranRelatedQuestions" ID="23541" />
    </corpus>
    <corpus description="LUCorpus-v0.3" name="LUCorpus-v0.3" ID="205">
      <document description="AFGP-2002-600045-Trans" name="AFGP-2002-600045-Trans" ID="23740" />
    </corpus>
    <frame>
      <FE fgColor="FFFFFF" bgColor="006400" type="Core" abbrev="Add" name="Addressee" />
      <FE fgColor="FFFFFF" bgColor="7CCD73" type="Extra-Thematic" abbrev="" name="Beneficiary" />
      <FE fgColor="000000" bgColor="FFFF00" type="Extra-Thematic" abbrev="" name="Containing_event" />
      <FE fgColor="000000" bgColor="7FFF00" type="Extra-Thematic" abbrev="" name="Depictive" />
      <FE fgColor="000000" bgColor="90876C" type="Extra-Thematic" abbrev="Ite" name="Iterations" />
      <FE fgColor="FFFFFF" bgColor="FF00FF" type="Peripheral" abbrev="Manr" name="Manner" />
      <FE fgColor="FFFFFF" bgColor="A52A2A" type="Peripheral" abbrev="Mns" name="Means" />
      <FE fgColor="FFFFFF" bgColor="00BFFF" type="Core" abbrev="Medium" name="Medium" />
      <FE fgColor="FFFFFF" bgColor="0000FF" type="Core" abbrev="Msg" name="Message" />
      <FE fgColor="FFFFFF" bgColor="FF0000" type="Core" abbrev="Spkr" name="Speaker" />
      <FE fgColor="FFFFFF" bgColor="00008B" type="Peripheral" abbrev="tim" name="Time" />
      <FE fgColor="FFFFFF" bgColor="FFA500" type="Extra-Thematic" abbrev="Top" name="Topic" />
    </frame>
  </header>
  <definition>FN: ask politely or formally in an effort to bring something about.</definition>
  <lexeme POS="V" name="request" />
  <valences>
    <FERealization total="65">
      <FE name="Addressee" />
      <pattern total="38">
        <valenceUnit GF="" PT="DNI" FE="Addressee" />
        <annoSet ID="1011935" />
        <annoSet ID="1011937" />
        <annoSet ID="1011945" />
        <annoSet ID="1011949" />
        <annoSet ID="1011951" />
        <annoSet ID="1011963" />
        <annoSet ID="1011967" />
        <annoSet ID="1011971" />
        <annoSet ID="1011977" />
        <annoSet ID="1011983" />
        <annoSet ID="1011987" />
        <annoSet ID="1012069" />
        <annoSet ID="1012117" />
        <annoSet ID="1012149" />
        <annoSet ID="1012153" />
        <annoSet ID="1012239" />
        <annoSet ID="1012247" />
        <annoSet ID="1012257" />
        <annoSet ID="1012261" />
        <annoSet ID="1012275" />
        <annoSet ID="1012279" />
        <annoSet ID="1012281" />
        <annoSet ID="1012329" />
        <annoSet ID="1012345" />
        <annoSet ID="1012361" />
        <annoSet ID="1012373" />
        <annoSet ID="1012389" />
        <annoSet ID="1012393" />
        <annoSet ID="1012401" />
        <annoSet ID="1012411" />
        <annoSet ID="1012423" />
        <annoSet ID="1012427" />
        <annoSet ID="1012443" />
        <annoSet ID="1012451" />
        <annoSet ID="1012463" />
        <annoSet ID="1038569" />
        <annoSet ID="6525772" />
        <annoSet ID="6550566" />
      </pattern>
      <pattern total="4">
        <valenceUnit GF="Ext" PT="NP" FE="Addressee" />
        <annoSet ID="1012327" />
        <annoSet ID="1012331" />
        <annoSet ID="1012349" />
        <annoSet ID="1012477" />
      </pattern>
      <pattern total="7">
        <valenceUnit GF="Obj" PT="NP" FE="Addressee" />
        <annoSet ID="1012053" />
        <annoSet ID="1012079" />
        <annoSet ID="1012089" />
        <annoSet ID="1012091" />
        <annoSet ID="1012099" />
        <annoSet ID="1012111" />
        <annoSet ID="6526541" />
      </pattern>
      <pattern total="15">
        <valenceUnit GF="Dep" PT="PP[from]" FE="Addressee" />
        <annoSet ID="1011989" />
        <annoSet ID="1011995" />
        <annoSet ID="1012007" />
        <annoSet ID="1012017" />
        <annoSet ID="1012025" />
        <annoSet ID="1012029" />
        <annoSet ID="1012071" />
        <annoSet ID="1012165" />
        <annoSet ID="1012167" />
        <annoSet ID="1012169" />
        <annoSet ID="1012177" />
        <annoSet ID="1012195" />
        <annoSet ID="1012197" />
        <annoSet ID="6526918" />
        <annoSet ID="6527274" />
      </pattern>
      <pattern total="1">
        <valenceUnit GF="Dep" PT="PP[of]" FE="Addressee" />
        <annoSet ID="1012207" />
      </pattern>
    </FERealization>
    <FERealization total="2">
      <FE name="Medium" />
      <pattern total="1">
        <valenceUnit GF="Dep" PT="PPing[in]" FE="Medium" />
        <annoSet ID="1012153" />
      </pattern>
      <pattern total="1">
        <valenceUnit GF="Obj" PT="NP" FE="Medium" />
        <annoSet ID="6527274" />
      </pattern>
    </FERealization>
    <FERealization total="67">
      <FE name="Message" />
      <pattern total="15">
        <valenceUnit GF="Dep" PT="Sfin" FE="Message" />
        <annoSet ID="1011983" />
        <annoSet ID="1011987" />
        <annoSet ID="1012153" />
        <annoSet ID="1012165" />
        <annoSet ID="1012247" />
        <annoSet ID="1012281" />
        <annoSet ID="1012329" />
        <annoSet ID="1012361" />
        <annoSet ID="1012373" />
        <annoSet ID="1012389" />
        <annoSet ID="1012393" />
        <annoSet ID="1012401" />
        <annoSet ID="1012411" />
        <annoSet ID="1012423" />
        <annoSet ID="1012427" />
      </pattern>
      <pattern total="2">
        <valenceUnit GF="Dep" PT="AVP" FE="Message" />
        <annoSet ID="1011951" />
        <annoSet ID="1012117" />
      </pattern>
      <pattern total="21">
        <valenceUnit GF="Obj" PT="NP" FE="Message" />
        <annoSet ID="1011945" />
        <annoSet ID="1011977" />
        <annoSet ID="1011989" />
        <annoSet ID="1011995" />
        <annoSet ID="1012007" />
        <annoSet ID="1012017" />
        <annoSet ID="1012025" />
        <annoSet ID="1012029" />
        <annoSet ID="1012069" />
        <annoSet ID="1012071" />
        <annoSet ID="1012117" />
        <annoSet ID="1012149" />
        <annoSet ID="1012169" />
        <annoSet ID="1012177" />
        <annoSet ID="1012195" />
        <annoSet ID="1012197" />
        <annoSet ID="1012279" />
        <annoSet ID="1038569" />
        <annoSet ID="6523542" />
        <annoSet ID="6526918" />
        <annoSet ID="6530163" />
      </pattern>
      <pattern total="8">
        <valenceUnit GF="Ext" PT="NP" FE="Message" />
        <annoSet ID="1011935" />
        <annoSet ID="1011937" />
        <annoSet ID="1011949" />
        <annoSet ID="1012167" />
        <annoSet ID="1012207" />
        <annoSet ID="1012345" />
        <annoSet ID="6524626" />
        <annoSet ID="6525772" />
      </pattern>
      <pattern total="1">
        <valenceUnit GF="Dep" PT="PP[for]" FE="Message" />
        <annoSet ID="6550566" />
      </pattern>
      <pattern total="8">
        <valenceUnit GF="Dep" PT="QUO" FE="Message" />
        <annoSet ID="1011963" />
        <annoSet ID="1011967" />
        <annoSet ID="1011971" />
        <annoSet ID="1012239" />
        <annoSet ID="1012247" />
        <annoSet ID="1012257" />
        <annoSet ID="1012261" />
        <annoSet ID="1012275" />
      </pattern>
      <pattern total="13">
        <valenceUnit GF="Dep" PT="VPto" FE="Message" />
        <annoSet ID="1012053" />
        <annoSet ID="1012079" />
        <annoSet ID="1012089" />
        <annoSet ID="1012091" />
        <annoSet ID="1012099" />
        <annoSet ID="1012111" />
        <annoSet ID="1012327" />
        <annoSet ID="1012331" />
        <annoSet ID="1012443" />
        <annoSet ID="1012451" />
        <annoSet ID="1012463" />
        <annoSet ID="1012477" />
        <annoSet ID="6526541" />
      </pattern>
      <pattern total="1">
        <valenceUnit GF="Dep" PT="PP[to]" FE="Message" />
        <annoSet ID="1012349" />
      </pattern>
    </FERealization>
    <FERealization total="68">
      <FE name="Speaker" />
      <pattern total="49">
        <valenceUnit GF="Ext" PT="NP" FE="Speaker" />
        <annoSet ID="1011945" />
        <annoSet ID="1011951" />
        <annoSet ID="1011963" />
        <annoSet ID="1011967" />
        <annoSet ID="1011971" />
        <annoSet ID="1011977" />
        <annoSet ID="1011983" />
        <annoSet ID="1011987" />
        <annoSet ID="1011989" />
        <annoSet ID="1011995" />
        <annoSet ID="1012007" />
        <annoSet ID="1012025" />
        <annoSet ID="1012029" />
        <annoSet ID="1012053" />
        <annoSet ID="1012069" />
        <annoSet ID="1012071" />
        <annoSet ID="1012079" />
        <annoSet ID="1012089" />
        <annoSet ID="1012091" />
        <annoSet ID="1012099" />
        <annoSet ID="1012111" />
        <annoSet ID="1012149" />
        <annoSet ID="1012153" />
        <annoSet ID="1012169" />
        <annoSet ID="1012177" />
        <annoSet ID="1012195" />
        <annoSet ID="1012197" />
        <annoSet ID="1012239" />
        <annoSet ID="1012247" />
        <annoSet ID="1012257" />
        <annoSet ID="1012261" />
        <annoSet ID="1012275" />
        <annoSet ID="1012279" />
        <annoSet ID="1012281" />
        <annoSet ID="1012373" />
        <annoSet ID="1012389" />
        <annoSet ID="1012393" />
        <annoSet ID="1012401" />
        <annoSet ID="1012411" />
        <annoSet ID="1012423" />
        <annoSet ID="1012427" />
        <annoSet ID="1012443" />
        <annoSet ID="1012463" />
        <annoSet ID="1038569" />
        <annoSet ID="6523542" />
        <annoSet ID="6526541" />
        <annoSet ID="6526918" />
        <annoSet ID="6527274" />
        <annoSet ID="6530163" />
      </pattern>
      <pattern total="15">
        <valenceUnit GF="" PT="CNI" FE="Speaker" />
        <annoSet ID="1011949" />
        <annoSet ID="1012017" />
        <annoSet ID="1012117" />
        <annoSet ID="1012165" />
        <annoSet ID="1012167" />
        <annoSet ID="1012207" />
        <annoSet ID="1012327" />
        <annoSet ID="1012329" />
        <annoSet ID="1012331" />
        <annoSet ID="1012345" />
        <annoSet ID="1012349" />
        <annoSet ID="1012361" />
        <annoSet ID="1012451" />
        <annoSet ID="1012477" />
        <annoSet ID="6524626" />
      </pattern>
      <pattern total="3">
        <valenceUnit GF="Dep" PT="PP[by]" FE="Speaker" />
        <annoSet ID="1011935" />
        <annoSet ID="1011937" />
        <annoSet ID="6525772" />
      </pattern>
      <pattern total="1">
        <valenceUnit GF="" PT="DNI" FE="Speaker" />
        <annoSet ID="6550566" />
      </pattern>
    </FERealization>
    <FERealization total="1">
      <FE name="Topic" />
      <pattern total="1">
        <valenceUnit GF="Dep" PT="PP[on]" FE="Topic" />
        <annoSet ID="1011937" />
      </pattern>
    </FERealization>
    <FEGroupRealization total="1">
      <FE name="Addressee" />
      <FE name="Medium" />
      <FE name="Message" />
      <FE name="Speaker" />
      <pattern total="1">
        <valenceUnit GF="" PT="DNI" FE="Addressee" />
        <valenceUnit GF="Dep" PT="PPing[in]" FE="Medium" />
        <valenceUnit GF="Dep" PT="Sfin" FE="Message" />
        <valenceUnit GF="Ext" PT="NP" FE="Speaker" />
        <annoSet ID="1012153" />
      </pattern>
    </FEGroupRealization>
    <FEGroupRealization total="1">
      <FE name="Addressee" />
      <FE name="Medium" />
      <FE name="Speaker" />
      <pattern total="1">
        <valenceUnit GF="Dep" PT="PP[from]" FE="Addressee" />
        <valenceUnit GF="Obj" PT="NP" FE="Medium" />
        <valenceUnit GF="Ext" PT="NP" FE="Speaker" />
        <annoSet ID="6527274" />
      </pattern>
    </FEGroupRealization>
    <FEGroupRealization total="4">
      <FE name="Addressee" />
      <FE name="Message" />
      <FE name="Message" />
      <FE name="Speaker" />
      <pattern total="1">
        <valenceUnit GF="" PT="DNI" FE="Addressee" />
        <valenceUnit GF="Dep" PT="AVP" FE="Message" />
        <valenceUnit GF="Obj" PT="NP" FE="Message" />
        <valenceUnit GF="" PT="CNI" FE="Speaker" />
        <annoSet ID="1012117" />
      </pattern>
      <pattern total="2">
        <valenceUnit GF="" PT="DNI" FE="Addressee" />
        <valenceUnit GF="Dep" PT="QUO" FE="Message" />
        <valenceUnit GF="Dep" PT="QUO" FE="Message" />
        <valenceUnit GF="Ext" PT="NP" FE="Speaker" />
        <annoSet ID="1011967" />
        <annoSet ID="1012275" />
      </pattern>
      <pattern total="1">
        <valenceUnit GF="" PT="DNI" FE="Addressee" />
        <valenceUnit GF="Dep" PT="QUO" FE="Message" />
        <valenceUnit GF="Dep" PT="Sfin" FE="Message" />
        <valenceUnit GF="Ext" PT="NP" FE="Speaker" />
        <annoSet ID="1012247" />
      </pattern>
    </FEGroupRealization>
    <FEGroupRealization total="58">
      <FE name="Addressee" />
      <FE name="Message" />
      <FE name="Speaker" />
      <pattern total="1">
        <valenceUnit GF="" PT="DNI" FE="Addressee" />
        <valenceUnit GF="Dep" PT="AVP" FE="Message" />
        <valenceUnit GF="Ext" PT="NP" FE="Speaker" />
        <annoSet ID="1011951" />
      </pattern>
      <pattern total="2">
        <valenceUnit GF="" PT="DNI" FE="Addressee" />
        <valenceUnit GF="Ext" PT="NP" FE="Message" />
        <valenceUnit GF="" PT="CNI" FE="Speaker" />
        <annoSet ID="1011949" />
        <annoSet ID="1012345" />
      </pattern>
      <pattern total="2">
        <valenceUnit GF="" PT="DNI" FE="Addressee" />
        <valenceUnit GF="Ext" PT="NP" FE="Message" />
        <valenceUnit GF="Dep" PT="PP[by]" FE="Speaker" />
        <annoSet ID="1011935" />
        <annoSet ID="6525772" />
      </pattern>
      <pattern total="6">
        <valenceUnit GF="" PT="DNI" FE="Addressee" />
        <valenceUnit GF="Obj" PT="NP" FE="Message" />
        <valenceUnit GF="Ext" PT="NP" FE="Speaker" />
        <annoSet ID="1011945" />
        <annoSet ID="1011977" />
        <annoSet ID="1012069" />
        <annoSet ID="1012149" />
        <annoSet ID="1012279" />
        <annoSet ID="1038569" />
      </pattern>
      <pattern total="1">
        <valenceUnit GF="" PT="DNI" FE="Addressee" />
        <valenceUnit GF="Dep" PT="PP[for]" FE="Message" />
        <valenceUnit GF="" PT="DNI" FE="Speaker" />
        <annoSet ID="6550566" />
      </pattern>
      <pattern total="5">
        <valenceUnit GF="" PT="DNI" FE="Addressee" />
        <valenceUnit GF="Dep" PT="QUO" FE="Message" />
        <valenceUnit GF="Ext" PT="NP" FE="Speaker" />
        <annoSet ID="1011963" />
        <annoSet ID="1011971" />
        <annoSet ID="1012239" />
        <annoSet ID="1012257" />
        <annoSet ID="1012261" />
      </pattern>
      <pattern total="2">
        <valenceUnit GF="" PT="DNI" FE="Addressee" />
        <valenceUnit GF="Dep" PT="Sfin" FE="Message" />
        <valenceUnit GF="" PT="CNI" FE="Speaker" />
        <annoSet ID="1012329" />
        <annoSet ID="1012361" />
      </pattern>
      <pattern total="10">
        <valenceUnit GF="" PT="DNI" FE="Addressee" />
        <valenceUnit GF="Dep" PT="Sfin" FE="Message" />
        <valenceUnit GF="Ext" PT="NP" FE="Speaker" />
        <annoSet ID="1011983" />
        <annoSet ID="1011987" />
        <annoSet ID="1012281" />
        <annoSet ID="1012373" />
        <annoSet ID="1012389" />
        <annoSet ID="1012393" />
        <annoSet ID="1012401" />
        <annoSet ID="1012411" />
        <annoSet ID="1012423" />
        <annoSet ID="1012427" />
      </pattern>
      <pattern total="1">
        <valenceUnit GF="" PT="DNI" FE="Addressee" />
        <valenceUnit GF="Dep" PT="VPto" FE="Message" />
        <valenceUnit GF="" PT="CNI" FE="Speaker" />
        <annoSet ID="1012451" />
      </pattern>
      <pattern total="2">
        <valenceUnit GF="" PT="DNI" FE="Addressee" />
        <valenceUnit GF="Dep" PT="VPto" FE="Message" />
        <valenceUnit GF="Ext" PT="NP" FE="Speaker" />
        <annoSet ID="1012443" />
        <annoSet ID="1012463" />
      </pattern>
      <pattern total="1">
        <valenceUnit GF="Ext" PT="NP" FE="Addressee" />
        <valenceUnit GF="Dep" PT="PP[to]" FE="Message" />
        <valenceUnit GF="" PT="CNI" FE="Speaker" />
        <annoSet ID="1012349" />
      </pattern>
      <pattern total="3">
        <valenceUnit GF="Ext" PT="NP" FE="Addressee" />
        <valenceUnit GF="Dep" PT="VPto" FE="Message" />
        <valenceUnit GF="" PT="CNI" FE="Speaker" />
        <annoSet ID="1012327" />
        <annoSet ID="1012331" />
        <annoSet ID="1012477" />
      </pattern>
      <pattern total="7">
        <valenceUnit GF="Obj" PT="NP" FE="Addressee" />
        <valenceUnit GF="Dep" PT="VPto" FE="Message" />
        <valenceUnit GF="Ext" PT="NP" FE="Speaker" />
        <annoSet ID="1012053" />
        <annoSet ID="1012079" />
        <annoSet ID="1012089" />
        <annoSet ID="1012091" />
        <annoSet ID="1012099" />
        <annoSet ID="1012111" />
        <annoSet ID="6526541" />
      </pattern>
      <pattern total="1">
        <valenceUnit GF="Dep" PT="PP[from]" FE="Addressee" />
        <valenceUnit GF="Ext" PT="NP" FE="Message" />
        <valenceUnit GF="" PT="CNI" FE="Speaker" />
        <annoSet ID="1012167" />
      </pattern>
      <pattern total="1">
        <valenceUnit GF="Dep" PT="PP[from]" FE="Addressee" />
        <valenceUnit GF="Obj" PT="NP" FE="Message" />
        <valenceUnit GF="" PT="CNI" FE="Speaker" />
        <annoSet ID="1012017" />
      </pattern>
      <pattern total="11">
        <valenceUnit GF="Dep" PT="PP[from]" FE="Addressee" />
        <valenceUnit GF="Obj" PT="NP" FE="Message" />
        <valenceUnit GF="Ext" PT="NP" FE="Speaker" />
        <annoSet ID="1011989" />
        <annoSet ID="1011995" />
        <annoSet ID="1012007" />
        <annoSet ID="1012025" />
        <annoSet ID="1012029" />
        <annoSet ID="1012071" />
        <annoSet ID="1012169" />
        <annoSet ID="1012177" />
        <annoSet ID="1012195" />
        <annoSet ID="1012197" />
        <annoSet ID="6526918" />
      </pattern>
      <pattern total="1">
        <valenceUnit GF="Dep" PT="PP[from]" FE="Addressee" />
        <valenceUnit GF="Dep" PT="Sfin" FE="Message" />
        <valenceUnit GF="" PT="CNI" FE="Speaker" />
        <annoSet ID="1012165" />
      </pattern>
      <pattern total="1">
        <valenceUnit GF="Dep" PT="PP[of]" FE="Addressee" />
        <valenceUnit GF="Ext" PT="NP" FE="Message" />
        <valenceUnit GF="" PT="CNI" FE="Speaker" />
        <annoSet ID="1012207" />
      </pattern>
    </FEGroupRealization>
    <FEGroupRealization total="1">
      <FE name="Addressee" />
      <FE name="Message" />
      <FE name="Speaker" />
      <FE name="Topic" />
      <pattern total="1">
        <valenceUnit GF="" PT="DNI" FE="Addressee" />
        <valenceUnit GF="Ext" PT="NP" FE="Message" />
        <valenceUnit GF="Dep" PT="PP[by]" FE="Speaker" />
        <valenceUnit GF="Dep" PT="PP[on]" FE="Topic" />
        <annoSet ID="1011937" />
      </pattern>
    </FEGroupRealization>
    <FEGroupRealization total="3">
      <FE name="Message" />
      <FE name="Speaker" />
      <pattern total="1">
        <valenceUnit GF="Ext" PT="NP" FE="Message" />
        <valenceUnit GF="" PT="CNI" FE="Speaker" />
        <annoSet ID="6524626" />
      </pattern>
      <pattern total="2">
        <valenceUnit GF="Obj" PT="NP" FE="Message" />
        <valenceUnit GF="Ext" PT="NP" FE="Speaker" />
        <annoSet ID="6523542" />
        <annoSet ID="6530163" />
      </pattern>
    </FEGroupRealization>
  </valences>
  <subCorpus name="V-augmented">
    <sentence sentNo="0" ID="776682n">
      <text>` Maverick limey has negotiated the hell-fire of the Brain and the almighty trail-boss Midwinter has requested Midwinter a copy of the report . " </text>
      <annotationSet cDate="08/08/2025 08:00:28 PST Fri" status="AUGMENTED" ID="0">
        <layer name="FE" rank="1">
          <label cBy="auto-aug" feID="172" start="63" end="95" name="Speaker" />
          <label cBy="auto-aug" feID="173" start="111" end="119" name="Addressee" />
          <label cBy="auto-aug" feID="174" start="121" end="140" name="Message" />
        </layer>
        <layer name="Target" rank="1">
          <label cBy="auto-aug" start="101" end="109" name="Target" />
        </layer>
      </annotationSet>
    </sentence>
    <sentence sentNo="0" ID="775299n">
      <text>The children began to clamber on to her , calling for games , requesting a story , begging that they could all be mounted police , even the baby . </text>
      <annotationSet cDate="08/08/2025 08:00:28 PST Fri" status="AUGMENTED" ID="0">
        <layer name="FE" rank="1">
          <label cBy="auto-aug" feID="172" start="0" end="11" name="Speaker" />
          <label cBy="auto-aug" feID="174" start="73" end="79" name="Message" />
        </layer>
        <layer name="Target" rank="1">
          <label cBy="auto-aug" start="62" end="71" name="Target" />
        </layer>
      </annotationSet>
    </sentence>
    <sentence sentNo="0" ID="776819n">
      <text>ALLAN McNISH received a late night boost to his Formula One hopes last night when the team was requested from his manager to make changes today . </text>
      <annotationSet cDate="08/08/2025 08:00:28 PST Fri" status="AUGMENTED" ID="0">
        <layer name="FE" rank="1">
          <label cBy="auto-aug" feID="173" start="82" end="89" name="Addressee" />
          <label cBy="auto-aug" feID="172" start="105" end="120" name="Speaker" />
          <label cBy="auto-aug" feID="174" start="122" end="136" name="Message" />
        </layer>
        <layer name="Target" rank="1">
          <label cBy="auto-aug" start="95" end="103" name="Target" />
        </layer>
      </annotationSet>
    </sentence>
  </subCorpus>
</lexUnit>