<?xml version='1.0' encoding='UTF-8'?>
<lexUnit xmlns="http://framenet.icsi.berkeley.edu" xmlns:xsi="http://www.w3.org/2001/XMLSchema-instance" status="FN1_Sent" POS="V" name="add.v" ID="673" frame="Statement" frameID="43" totalAnnotated="65" xsi:schemaLocation="../schema/lexUnit.xsd">
  <header>
    <corpus description="Wall Street Journal Texts from the PropBank Project" name="PropBank" ID="115">
      <document description="Bell Ringing" name="BellRinging" ID="23009" />
    </corpus>
    <corpus description="Texts from Nuclear Threat Initiative website, created by Center for Non-Proliferation Studies" name="NTI" ID="135">
      <document description="Libya Country 1" name="LibyaCountry1" ID="23477" />
      <document description="Iran Introduction" name="Iran_Introduction" ID="23521" />
      <document description="WMD News 06/26/2006" name="WMDNews_062606" ID="23621" />
      <document description="Work Advances" name="workAdvances" ID="23683" />
    </corpus>
    <corpus description="MASC" name="MASC" ID="150">
      <document description="Examples of the lemma add from the MASC project for FN annotation" name="add" ID="19953" />
    </corpus>
    <corpus description="Miscellaneous" name="Miscellaneous" ID="175">
      <document description="TigerOfSanPedro" name="Tiger_Of_San_Pedro" ID="25343" />
    </corpus>
    <corpus description="LUCorpus-v0.3" name="LUCorpus-v0.3" ID="205">
      <document description="20000416_xin_eng-NEW" name="20000416_xin_eng-NEW" ID="23702" />
      <document description="wsj_2465" name="wsj_2465" ID="23722" />
      <document description="wsj_1640.mrg-NEW" name="wsj_1640.mrg-NEW" ID="23727" />
      <document description="IZ-060316-01-Trans-1" name="IZ-060316-01-Trans-1" ID="23732" />
    </corpus>
    <corpus description="Texts from WikiMedia--WikiNews and Wikipedia" name="WikiTexts" ID="246">
      <document description="Fires_6" name="Fires_6" ID="25621" />
    </corpus>
    <frame>
      <FE fgColor="FFFFFF" bgColor="006400" type="Extra-Thematic" abbrev="Add" name="Addressee" />
      <FE fgColor="FFFFFF" bgColor="00008B" type="Extra-Thematic" abbrev="Cf" name="Communicative_force" />
      <FE fgColor="000000" bgColor="2E8B57" type="Extra-Thematic" abbrev="" name="Containing_event" />
      <FE fgColor="000000" bgColor="EEE8AA" type="Extra-Thematic" abbrev="Deg" name="Degree" />
      <FE fgColor="FFFFFF" bgColor="9400D3" type="Extra-Thematic" abbrev="Dep" name="Depictive" />
      <FE fgColor="00008B" bgColor="FFFF00" type="Extra-Thematic" abbrev="Eve" name="Event_description" />
      <FE fgColor="FFFFFF" bgColor="1E90FF" type="Extra-Thematic" abbrev="" name="Frequency" />
      <FE fgColor="000000" bgColor="d0d0d0" type="Extra-Thematic" abbrev="Gro" name="Group" />
      <FE fgColor="FFFFFF" bgColor="7CCD7C" type="Extra-Thematic" abbrev="ICause" name="Internal_cause" />
      <FE fgColor="FFFFFF" bgColor="2E8B57" type="Extra-Thematic" abbrev="Ite" name="Iterations" />
      <FE fgColor="FFFFFF" bgColor="FF00FF" type="Peripheral" abbrev="Manr" name="Manner" />
      <FE fgColor="FFFFFF" bgColor="A52A2A" type="Peripheral" abbrev="Mns" name="Means" />
      <FE fgColor="FFFFFF" bgColor="808080" type="Core" abbrev="Medium" name="Medium" />
      <FE fgColor="FFFFFF" bgColor="00BFFF" type="Core" abbrev="Msg" name="Message" />
      <FE fgColor="FFFFFF" bgColor="9F79EE" type="Extra-Thematic" abbrev="" name="Occasion" />
      <FE fgColor="FFFFFF" bgColor="90876C" type="Extra-Thematic" abbrev="par" name="Particular_iteration" />
      <FE fgColor="FFFFFF" bgColor="008000" type="Peripheral" abbrev="Pla" name="Place" />
      <FE fgColor="FFFFFF" bgColor="FF0000" type="Core" abbrev="Spkr" name="Speaker" />
      <FE fgColor="FFFFFF" bgColor="FFA500" type="Peripheral" abbrev="Time" name="Time" />
      <FE fgColor="FFFFFF" bgColor="0000FF" type="Core" abbrev="Top" name="Topic" />
    </frame>
  </header>
  <definition>COD: say as a further remark.</definition>
  <lexeme POS="V" name="add" />
  <valences>
    <FERealization total="1">
      <FE name="Addressee" />
      <pattern total="1">
        <valenceUnit GF="Dep" PT="PP[to]" FE="Addressee" />
        <annoSet ID="475482" />
      </pattern>
    </FERealization>
    <FERealization total="9">
      <FE name="Manner" />
      <pattern total="9">
        <valenceUnit GF="Dep" PT="AVP" FE="Manner" />
        <annoSet ID="474990" />
        <annoSet ID="474998" />
        <annoSet ID="475002" />
        <annoSet ID="475006" />
        <annoSet ID="475074" />
        <annoSet ID="475588" />
        <annoSet ID="475590" />
        <annoSet ID="475608" />
        <annoSet ID="475620" />
      </pattern>
    </FERealization>
    <FERealization total="1">
      <FE name="Medium" />
      <pattern total="1">
        <valenceUnit GF="Ext" PT="NP" FE="Medium" />
        <annoSet ID="6549604" />
      </pattern>
    </FERealization>
    <FERealization total="64">
      <FE name="Message" />
      <pattern total="20">
        <valenceUnit GF="Dep" PT="Sfin" FE="Message" />
        <annoSet ID="475070" />
        <annoSet ID="475072" />
        <annoSet ID="475074" />
        <annoSet ID="475078" />
        <annoSet ID="475080" />
        <annoSet ID="475092" />
        <annoSet ID="475094" />
        <annoSet ID="475102" />
        <annoSet ID="475104" />
        <annoSet ID="475110" />
        <annoSet ID="475118" />
        <annoSet ID="475120" />
        <annoSet ID="475124" />
        <annoSet ID="475148" />
        <annoSet ID="475482" />
        <annoSet ID="475518" />
        <annoSet ID="475620" />
        <annoSet ID="475690" />
        <annoSet ID="4528641" />
        <annoSet ID="6540442" />
      </pattern>
      <pattern total="26">
        <valenceUnit GF="Dep" PT="QUO" FE="Message" />
        <annoSet ID="474990" />
        <annoSet ID="474992" />
        <annoSet ID="474994" />
        <annoSet ID="474998" />
        <annoSet ID="475002" />
        <annoSet ID="475006" />
        <annoSet ID="475008" />
        <annoSet ID="475018" />
        <annoSet ID="475024" />
        <annoSet ID="475034" />
        <annoSet ID="475040" />
        <annoSet ID="475044" />
        <annoSet ID="475048" />
        <annoSet ID="475054" />
        <annoSet ID="475068" />
        <annoSet ID="475522" />
        <annoSet ID="475588" />
        <annoSet ID="475590" />
        <annoSet ID="475604" />
        <annoSet ID="475608" />
        <annoSet ID="475700" />
        <annoSet ID="2531125" />
        <annoSet ID="4530041" />
        <annoSet ID="6537120" />
        <annoSet ID="6541479" />
        <annoSet ID="6549604" />
      </pattern>
      <pattern total="2">
        <valenceUnit GF="" PT="INC" FE="Message" />
        <annoSet ID="2531114" />
        <annoSet ID="2531117" />
      </pattern>
      <pattern total="1">
        <valenceUnit GF="Ext" PT="NP" FE="Message" />
        <annoSet ID="2531132" />
      </pattern>
      <pattern total="7">
        <valenceUnit GF="Obj" PT="NP" FE="Message" />
        <annoSet ID="475152" />
        <annoSet ID="475154" />
        <annoSet ID="475160" />
        <annoSet ID="475162" />
        <annoSet ID="2531050" />
        <annoSet ID="2531051" />
        <annoSet ID="2531113" />
      </pattern>
      <pattern total="3">
        <valenceUnit GF="Obj" PT="QUO" FE="Message" />
        <annoSet ID="6545019" />
        <annoSet ID="6549085" />
        <annoSet ID="6646823" />
      </pattern>
      <pattern total="2">
        <valenceUnit GF="Obj" PT="Sfin" FE="Message" />
        <annoSet ID="6645896" />
        <annoSet ID="6646009" />
      </pattern>
      <pattern total="3">
        <valenceUnit GF="Dep" PT="Sub" FE="Message" />
        <annoSet ID="6521295" />
        <annoSet ID="6550996" />
        <annoSet ID="6669780" />
      </pattern>
    </FERealization>
    <FERealization total="64">
      <FE name="Speaker" />
      <pattern total="61">
        <valenceUnit GF="Ext" PT="NP" FE="Speaker" />
        <annoSet ID="474990" />
        <annoSet ID="474992" />
        <annoSet ID="474994" />
        <annoSet ID="474998" />
        <annoSet ID="475002" />
        <annoSet ID="475006" />
        <annoSet ID="475008" />
        <annoSet ID="475018" />
        <annoSet ID="475024" />
        <annoSet ID="475034" />
        <annoSet ID="475040" />
        <annoSet ID="475044" />
        <annoSet ID="475048" />
        <annoSet ID="475054" />
        <annoSet ID="475068" />
        <annoSet ID="475070" />
        <annoSet ID="475072" />
        <annoSet ID="475074" />
        <annoSet ID="475078" />
        <annoSet ID="475080" />
        <annoSet ID="475092" />
        <annoSet ID="475094" />
        <annoSet ID="475102" />
        <annoSet ID="475104" />
        <annoSet ID="475110" />
        <annoSet ID="475118" />
        <annoSet ID="475120" />
        <annoSet ID="475124" />
        <annoSet ID="475148" />
        <annoSet ID="475154" />
        <annoSet ID="475160" />
        <annoSet ID="475162" />
        <annoSet ID="475482" />
        <annoSet ID="475518" />
        <annoSet ID="475522" />
        <annoSet ID="475588" />
        <annoSet ID="475590" />
        <annoSet ID="475604" />
        <annoSet ID="475608" />
        <annoSet ID="475620" />
        <annoSet ID="475690" />
        <annoSet ID="475700" />
        <annoSet ID="2531051" />
        <annoSet ID="2531113" />
        <annoSet ID="2531114" />
        <annoSet ID="2531125" />
        <annoSet ID="2531132" />
        <annoSet ID="4528641" />
        <annoSet ID="4530041" />
        <annoSet ID="6521295" />
        <annoSet ID="6525603" />
        <annoSet ID="6537120" />
        <annoSet ID="6540442" />
        <annoSet ID="6541479" />
        <annoSet ID="6545019" />
        <annoSet ID="6549085" />
        <annoSet ID="6550996" />
        <annoSet ID="6645896" />
        <annoSet ID="6646009" />
        <annoSet ID="6646823" />
        <annoSet ID="6669780" />
      </pattern>
      <pattern total="2">
        <valenceUnit GF="" PT="CNI" FE="Speaker" />
        <annoSet ID="475152" />
        <annoSet ID="2531117" />
      </pattern>
      <pattern total="1">
        <valenceUnit GF="Ext" PT="N" FE="Speaker" />
        <annoSet ID="2531050" />
      </pattern>
    </FERealization>
    <FERealization total="1">
      <FE name="Time" />
      <pattern total="1">
        <valenceUnit GF="Dep" PT="PP[as]" FE="Time" />
        <annoSet ID="6646823" />
      </pattern>
    </FERealization>
    <FERealization total="4">
      <FE name="Topic" />
      <pattern total="4">
        <valenceUnit GF="Dep" PT="PP[about]" FE="Topic" />
        <annoSet ID="475152" />
        <annoSet ID="475154" />
        <annoSet ID="475160" />
        <annoSet ID="475162" />
      </pattern>
    </FERealization>
    <FEGroupRealization total="1">
      <FE name="Addressee" />
      <FE name="Message" />
      <FE name="Message" />
      <FE name="Speaker" />
      <pattern total="1">
        <valenceUnit GF="Dep" PT="PP[to]" FE="Addressee" />
        <valenceUnit GF="Dep" PT="Sfin" FE="Message" />
        <valenceUnit GF="Dep" PT="Sfin" FE="Message" />
        <valenceUnit GF="Ext" PT="NP" FE="Speaker" />
        <annoSet ID="475482" />
      </pattern>
    </FEGroupRealization>
    <FEGroupRealization total="9">
      <FE name="Manner" />
      <FE name="Message" />
      <FE name="Speaker" />
      <pattern total="7">
        <valenceUnit GF="Dep" PT="AVP" FE="Manner" />
        <valenceUnit GF="Dep" PT="QUO" FE="Message" />
        <valenceUnit GF="Ext" PT="NP" FE="Speaker" />
        <annoSet ID="474990" />
        <annoSet ID="474998" />
        <annoSet ID="475002" />
        <annoSet ID="475006" />
        <annoSet ID="475588" />
        <annoSet ID="475590" />
        <annoSet ID="475608" />
      </pattern>
      <pattern total="2">
        <valenceUnit GF="Dep" PT="AVP" FE="Manner" />
        <valenceUnit GF="Dep" PT="Sfin" FE="Message" />
        <valenceUnit GF="Ext" PT="NP" FE="Speaker" />
        <annoSet ID="475074" />
        <annoSet ID="475620" />
      </pattern>
    </FEGroupRealization>
    <FEGroupRealization total="1">
      <FE name="Medium" />
      <FE name="Message" />
      <pattern total="1">
        <valenceUnit GF="Ext" PT="NP" FE="Medium" />
        <valenceUnit GF="Dep" PT="QUO" FE="Message" />
        <annoSet ID="6549604" />
      </pattern>
    </FEGroupRealization>
    <FEGroupRealization total="3">
      <FE name="Message" />
      <FE name="Message" />
      <FE name="Speaker" />
      <pattern total="1">
        <valenceUnit GF="Dep" PT="QUO" FE="Message" />
        <valenceUnit GF="Dep" PT="QUO" FE="Message" />
        <valenceUnit GF="Ext" PT="NP" FE="Speaker" />
        <annoSet ID="475018" />
      </pattern>
      <pattern total="2">
        <valenceUnit GF="Dep" PT="Sfin" FE="Message" />
        <valenceUnit GF="Dep" PT="Sfin" FE="Message" />
        <valenceUnit GF="Ext" PT="NP" FE="Speaker" />
        <annoSet ID="475518" />
        <annoSet ID="4528641" />
      </pattern>
    </FEGroupRealization>
    <FEGroupRealization total="1">
      <FE name="Message" />
      <FE name="Message" />
      <FE name="Speaker" />
      <FE name="Time" />
      <pattern total="1">
        <valenceUnit GF="Obj" PT="QUO" FE="Message" />
        <valenceUnit GF="Obj" PT="QUO" FE="Message" />
        <valenceUnit GF="Ext" PT="NP" FE="Speaker" />
        <valenceUnit GF="Dep" PT="PP[as]" FE="Time" />
        <annoSet ID="6646823" />
      </pattern>
    </FEGroupRealization>
    <FEGroupRealization total="44">
      <FE name="Message" />
      <FE name="Speaker" />
      <pattern total="1">
        <valenceUnit GF="" PT="INC" FE="Message" />
        <valenceUnit GF="" PT="CNI" FE="Speaker" />
        <annoSet ID="2531117" />
      </pattern>
      <pattern total="1">
        <valenceUnit GF="" PT="INC" FE="Message" />
        <valenceUnit GF="Ext" PT="NP" FE="Speaker" />
        <annoSet ID="2531114" />
      </pattern>
      <pattern total="1">
        <valenceUnit GF="Ext" PT="NP" FE="Message" />
        <valenceUnit GF="Ext" PT="NP" FE="Speaker" />
        <annoSet ID="2531132" />
      </pattern>
      <pattern total="1">
        <valenceUnit GF="Obj" PT="NP" FE="Message" />
        <valenceUnit GF="Ext" PT="N" FE="Speaker" />
        <annoSet ID="2531050" />
      </pattern>
      <pattern total="2">
        <valenceUnit GF="Obj" PT="NP" FE="Message" />
        <valenceUnit GF="Ext" PT="NP" FE="Speaker" />
        <annoSet ID="2531051" />
        <annoSet ID="2531113" />
      </pattern>
      <pattern total="17">
        <valenceUnit GF="Dep" PT="QUO" FE="Message" />
        <valenceUnit GF="Ext" PT="NP" FE="Speaker" />
        <annoSet ID="474992" />
        <annoSet ID="474994" />
        <annoSet ID="475008" />
        <annoSet ID="475024" />
        <annoSet ID="475034" />
        <annoSet ID="475040" />
        <annoSet ID="475044" />
        <annoSet ID="475048" />
        <annoSet ID="475054" />
        <annoSet ID="475068" />
        <annoSet ID="475522" />
        <annoSet ID="475604" />
        <annoSet ID="475700" />
        <annoSet ID="2531125" />
        <annoSet ID="4530041" />
        <annoSet ID="6537120" />
        <annoSet ID="6541479" />
      </pattern>
      <pattern total="2">
        <valenceUnit GF="Obj" PT="QUO" FE="Message" />
        <valenceUnit GF="Ext" PT="NP" FE="Speaker" />
        <annoSet ID="6545019" />
        <annoSet ID="6549085" />
      </pattern>
      <pattern total="15">
        <valenceUnit GF="Dep" PT="Sfin" FE="Message" />
        <valenceUnit GF="Ext" PT="NP" FE="Speaker" />
        <annoSet ID="475070" />
        <annoSet ID="475072" />
        <annoSet ID="475078" />
        <annoSet ID="475080" />
        <annoSet ID="475092" />
        <annoSet ID="475094" />
        <annoSet ID="475102" />
        <annoSet ID="475104" />
        <annoSet ID="475110" />
        <annoSet ID="475118" />
        <annoSet ID="475120" />
        <annoSet ID="475124" />
        <annoSet ID="475148" />
        <annoSet ID="475690" />
        <annoSet ID="6540442" />
      </pattern>
      <pattern total="2">
        <valenceUnit GF="Obj" PT="Sfin" FE="Message" />
        <valenceUnit GF="Ext" PT="NP" FE="Speaker" />
        <annoSet ID="6645896" />
        <annoSet ID="6646009" />
      </pattern>
      <pattern total="2">
        <valenceUnit GF="Dep" PT="Sub" FE="Message" />
        <valenceUnit GF="Ext" PT="NP" FE="Speaker" />
        <annoSet ID="6521295" />
        <annoSet ID="6550996" />
      </pattern>
    </FEGroupRealization>
    <FEGroupRealization total="1">
      <FE name="Message" />
      <FE name="Speaker" />
      <FE name="Speaker" />
      <pattern total="1">
        <valenceUnit GF="Dep" PT="Sub" FE="Message" />
        <valenceUnit GF="Ext" PT="NP" FE="Speaker" />
        <valenceUnit GF="Ext" PT="NP" FE="Speaker" />
        <annoSet ID="6669780" />
      </pattern>
    </FEGroupRealization>
    <FEGroupRealization total="4">
      <FE name="Message" />
      <FE name="Speaker" />
      <FE name="Topic" />
      <pattern total="1">
        <valenceUnit GF="Obj" PT="NP" FE="Message" />
        <valenceUnit GF="" PT="CNI" FE="Speaker" />
        <valenceUnit GF="Dep" PT="PP[about]" FE="Topic" />
        <annoSet ID="475152" />
      </pattern>
      <pattern total="3">
        <valenceUnit GF="Obj" PT="NP" FE="Message" />
        <valenceUnit GF="Ext" PT="NP" FE="Speaker" />
        <valenceUnit GF="Dep" PT="PP[about]" FE="Topic" />
        <annoSet ID="475154" />
        <annoSet ID="475160" />
        <annoSet ID="475162" />
      </pattern>
    </FEGroupRealization>
    <FEGroupRealization total="1">
      <FE name="Speaker" />
      <pattern total="1">
        <valenceUnit GF="Ext" PT="NP" FE="Speaker" />
        <annoSet ID="6525603" />
      </pattern>
    </FEGroupRealization>
  </valences>
  <subCorpus name="V-augmented">
    <sentence sentNo="0" ID="1390923n">
      <text>The Scottish Council is pleased to add the new projects .</text>
      <annotationSet cDate="08/08/2025 07:59:10 PST Fri" status="AUGMENTED" ID="0">
        <layer name="FE" rank="1">
          <label cBy="auto-aug" feID="183" start="0" end="19" name="Speaker" />
          <label cBy="auto-aug" feID="186" start="39" end="54" name="Topic" />
        </layer>
        <layer name="Target" rank="1">
          <label cBy="auto-aug" start="35" end="37" name="Target" />
        </layer>
      </annotationSet>
    </sentence>
    <sentence sentNo="0" ID="419585n">
      <text>The prosecution added evidence . </text>
      <annotationSet cDate="08/08/2025 07:59:10 PST Fri" status="AUGMENTED" ID="0">
        <layer name="FE" rank="1">
          <label cBy="auto-aug" feID="183" start="0" end="14" name="Speaker" />
          <label cBy="auto-aug" feID="185" start="22" end="29" name="Message" />
        </layer>
        <layer name="Target" rank="1">
          <label cBy="auto-aug" start="16" end="20" name="Target" />
        </layer>
      </annotationSet>
    </sentence>
    <sentence sentNo="0" ID="4165025n">
      <text>A spokesman for the college , Scott Craig , added a new course : `` we are excited to launch it .</text>
      <annotationSet cDate="08/08/2025 07:59:10 PST Fri" status="AUGMENTED" ID="0">
        <layer name="FE" rank="1">
          <label cBy="auto-aug" feID="183" start="0" end="40" name="Speaker" />
          <label cBy="auto-aug" feID="186" start="50" end="61" name="Topic" />
          <label cBy="auto-aug" feID="185" start="68" end="94" name="Message" />
        </layer>
        <layer name="Target" rank="1">
          <label cBy="auto-aug" start="44" end="48" name="Target" />
        </layer>
      </annotationSet>
    </sentence>
    <sentence sentNo="0" ID="766901n">
      <text>a comment Fouchard added nervously . </text>
      <annotationSet cDate="08/08/2025 07:59:10 PST Fri" status="AUGMENTED" ID="0">
        <layer name="FE" rank="1">
          <label cBy="auto-aug" feID="185" start="0" end="8" name="Message" />
          <label cBy="auto-aug" feID="183" start="10" end="17" name="Speaker" />
          <label cBy="auto-aug" feID="1241" start="25" end="33" name="Manner" />
        </layer>
        <layer name="Target" rank="1">
          <label cBy="auto-aug" start="19" end="23" name="Target" />
        </layer>
      </annotationSet>
    </sentence>
    <sentence sentNo="0" ID="4098251n">
      <text>Furthermore , it is added further information .</text>
      <annotationSet cDate="08/08/2025 07:59:10 PST Fri" status="AUGMENTED" ID="0">
        <layer name="FE" rank="1">
          <label cBy="auto-aug" feID="185" start="26" end="44" name="Message" />
        </layer>
        <layer name="Target" rank="1">
          <label cBy="auto-aug" start="20" end="24" name="Target" />
        </layer>
      </annotationSet>
    </sentence>
    <sentence sentNo="0" ID="768511n">
      <text>He adds the report ; they want to talk to me . </text>
      <annotationSet cDate="08/08/2025 07:59:10 PST Fri" status="AUGMENTED" ID="0">
        <layer name="FE" rank="1">
          <label cBy="auto-aug" feID="183" start="0" end="1" name="Speaker" />
          <label cBy="auto-aug" feID="185" start="8" end="17" name="Message" />
        </layer>
        <layer name="Target" rank="1">
          <label cBy="auto-aug" start="3" end="6" name="Target" />
        </layer>
      </annotationSet>
    </sentence>
  </subCorpus>
</lexUnit>