<?xml version='1.0' encoding='UTF-8'?>
<lexUnit xmlns="http://framenet.icsi.berkeley.edu" xmlns:xsi="http://www.w3.org/2001/XMLSchema-instance" status="Finished_Initial" POS="V" name="move.v" ID="6" frame="Motion" frameID="7" totalAnnotated="68" xsi:schemaLocation="../schema/lexUnit.xsd">
  <header>
    <corpus description="Wall Street Journal Texts from the PropBank Project" name="PropBank" ID="115">
      <document description="Election Victory" name="ElectionVictory" ID="23010" />
      <document description="Polemic Progressive Education" name="PolemicProgressiveEducation" ID="23011" />
      <document description="Loma Prieta" name="LomaPrieta" ID="23013" />
    </corpus>
    <corpus description="BNC2_cxn" name="BNC2_cxn" ID="140">
      <document description="rate.speed_080313" name="rate.speed_080313" ID="16510" />
    </corpus>
    <corpus description="Miscellaneous" name="Miscellaneous" ID="175">
      <document description="Orwell_1984_p1" name="Orwell_1984_p1" ID="7" />
      <document description="TigerOfSanPedro" name="Tiger_Of_San_Pedro" ID="25343" />
    </corpus>
    <corpus description="AQUAINT Knowledge-Based Evaluation Texts" name="KBEval" ID="185">
      <document description="utd-icsi" name="utd-icsi" ID="23579" />
    </corpus>
    <corpus description="American National Corpus Texts" name="ANC" ID="195">
      <document description="Berlitz History of Jerusalem" name="HistoryOfJerusalem" ID="23647" />
      <document description="Berlitz History of Las Vegas" name="HistoryOfLasVegas" ID="23691" />
      <document description="Berlitz History of Greece" name="HistoryOfGreece" ID="23692" />
    </corpus>
    <frame>
      <FE fgColor="FFFFFF" bgColor="A52A2A" type="Core" abbrev="Area" name="Area" />
      <FE fgColor="FFFFFF" bgColor="00008B" type="Extra-Thematic" abbrev="Car" name="Carrier" />
      <FE fgColor="000000" bgColor="9F79EE" type="Extra-Thematic" abbrev="con" name="Containing_event" />
      <FE fgColor="FFFFFF" bgColor="FF69B4" type="Extra-Thematic" abbrev="Degr" name="Degree" />
      <FE fgColor="FFFFFF" bgColor="9400D3" type="Extra-Thematic" abbrev="Dep" name="Depictive" />
      <FE fgColor="FFFFFF" bgColor="A9A9A9" type="Core" abbrev="" name="Direction" />
      <FE fgColor="FFFFFF" bgColor="808080" type="Core" abbrev="Dist" name="Distance" />
      <FE fgColor="FFFFFF" bgColor="2E8B57" type="Peripheral" abbrev="Dur" name="Duration" />
      <FE fgColor="000000" bgColor="EEE8AA" type="Extra-Thematic" abbrev="" name="Frequency" />
      <FE fgColor="FFFFFF" bgColor="FF0000" type="Core" abbrev="Goal" name="Goal" />
      <FE fgColor="00008B" bgColor="FFFF00" type="Extra-Thematic" abbrev="Ite" name="Iterations" />
      <FE fgColor="FFFFFF" bgColor="FF00FF" type="Peripheral" abbrev="Manr" name="Manner" />
      <FE fgColor="FFFFFF" bgColor="0000FF" type="Core" abbrev="Path" name="Path" />
      <FE fgColor="000000" bgColor="00BFFF" type="Extra-Thematic" abbrev="sha" name="Path_shape" />
      <FE fgColor="FFFFFF" bgColor="008000" type="Peripheral" abbrev="" name="Place" />
      <FE fgColor="FFFFFF" bgColor="7CCD7C" type="Extra-Thematic" abbrev="pur" name="Purpose" />
      <FE fgColor="FFFFFF" bgColor="9F79EE" type="Extra-Thematic" abbrev="Result" name="Result" />
      <FE fgColor="FFFFFF" bgColor="1E90FF" type="Core" abbrev="Src" name="Source" />
      <FE fgColor="FFFFFF" bgColor="00BFFF" type="Peripheral" abbrev="Spd" name="Speed" />
      <FE fgColor="FFFFFF" bgColor="800080" type="Core" abbrev="Thm" name="Theme" />
      <FE fgColor="FFFFFF" bgColor="FFA500" type="Peripheral" abbrev="Time" name="Time" />
    </frame>
  </header>
  <definition>FN: go in a specified direction or manner</definition>
  <lexeme POS="V" name="move" />
  <valences>
    <FERealization total="2">
      <FE name="Area" />
      <pattern total="2">
        <valenceUnit GF="Dep" PT="PP[around]" FE="Area" />
        <annoSet ID="1626787" />
        <annoSet ID="1626917" />
      </pattern>
    </FERealization>
    <FERealization total="1">
      <FE name="Carrier" />
      <pattern total="1">
        <valenceUnit GF="Dep" PT="PP[in]" FE="Carrier" />
        <annoSet ID="1627533" />
      </pattern>
    </FERealization>
    <FERealization total="1">
      <FE name="Degree" />
      <pattern total="1">
        <valenceUnit GF="Dep" PT="AVP" FE="Degree" />
        <annoSet ID="6646643" />
      </pattern>
    </FERealization>
    <FERealization total="1">
      <FE name="Depictive" />
      <pattern total="1">
        <valenceUnit GF="Dep" PT="NP" FE="Depictive" />
        <annoSet ID="2600183" />
      </pattern>
    </FERealization>
    <FERealization total="1">
      <FE name="Direction" />
      <pattern total="1">
        <valenceUnit GF="Dep" PT="AVP" FE="Direction" />
        <annoSet ID="4529458" />
      </pattern>
    </FERealization>
    <FERealization total="1">
      <FE name="Distance" />
      <pattern total="1">
        <valenceUnit GF="Dep" PT="NP" FE="Distance" />
        <annoSet ID="1626801" />
      </pattern>
    </FERealization>
    <FERealization total="6">
      <FE name="Goal" />
      <pattern total="4">
        <valenceUnit GF="Dep" PT="PP[to]" FE="Goal" />
        <annoSet ID="1626935" />
        <annoSet ID="1626991" />
        <annoSet ID="1627753" />
        <annoSet ID="2600183" />
      </pattern>
      <pattern total="1">
        <valenceUnit GF="" PT="DNI" FE="Goal" />
        <annoSet ID="6542786" />
      </pattern>
      <pattern total="1">
        <valenceUnit GF="Dep" PT="PP[in]" FE="Goal" />
        <annoSet ID="6552035" />
      </pattern>
    </FERealization>
    <FERealization total="17">
      <FE name="Manner" />
      <pattern total="12">
        <valenceUnit GF="Dep" PT="AVP" FE="Manner" />
        <annoSet ID="1626837" />
        <annoSet ID="1626911" />
        <annoSet ID="1626917" />
        <annoSet ID="1626927" />
        <annoSet ID="1627005" />
        <annoSet ID="1627239" />
        <annoSet ID="1627251" />
        <annoSet ID="1627287" />
        <annoSet ID="1627405" />
        <annoSet ID="1627533" />
        <annoSet ID="1627647" />
        <annoSet ID="1627879" />
      </pattern>
      <pattern total="2">
        <valenceUnit GF="Dep" PT="PP[in]" FE="Manner" />
        <annoSet ID="1626923" />
        <annoSet ID="1627543" />
      </pattern>
      <pattern total="1">
        <valenceUnit GF="Dep" PT="PP[like]" FE="Manner" />
        <annoSet ID="1626961" />
      </pattern>
      <pattern total="1">
        <valenceUnit GF="Dep" PT="PP[to]" FE="Manner" />
        <annoSet ID="1627333" />
      </pattern>
      <pattern total="1">
        <valenceUnit GF="Dep" PT="Sub" FE="Manner" />
        <annoSet ID="1626969" />
      </pattern>
    </FERealization>
    <FERealization total="56">
      <FE name="Path" />
      <pattern total="21">
        <valenceUnit GF="" PT="INI" FE="Path" />
        <annoSet ID="1626745" />
        <annoSet ID="1626751" />
        <annoSet ID="1626795" />
        <annoSet ID="1626801" />
        <annoSet ID="1626887" />
        <annoSet ID="1626923" />
        <annoSet ID="1626957" />
        <annoSet ID="1626961" />
        <annoSet ID="1626969" />
        <annoSet ID="1626997" />
        <annoSet ID="1627051" />
        <annoSet ID="1627239" />
        <annoSet ID="1627251" />
        <annoSet ID="1627333" />
        <annoSet ID="1627533" />
        <annoSet ID="1627543" />
        <annoSet ID="1627835" />
        <annoSet ID="1627837" />
        <annoSet ID="1627879" />
        <annoSet ID="1627885" />
        <annoSet ID="1627919" />
      </pattern>
      <pattern total="3">
        <valenceUnit GF="Obj" PT="NP" FE="Path" />
        <annoSet ID="1626831" />
        <annoSet ID="1626837" />
        <annoSet ID="1626991" />
      </pattern>
      <pattern total="8">
        <valenceUnit GF="Dep" PT="PP[across]" FE="Path" />
        <annoSet ID="1626895" />
        <annoSet ID="1626911" />
        <annoSet ID="1627287" />
        <annoSet ID="1627301" />
        <annoSet ID="1627401" />
        <annoSet ID="1627405" />
        <annoSet ID="1627415" />
        <annoSet ID="1627753" />
      </pattern>
      <pattern total="4">
        <valenceUnit GF="Dep" PT="PP[through]" FE="Path" />
        <annoSet ID="1626927" />
        <annoSet ID="1627633" />
        <annoSet ID="1627647" />
        <annoSet ID="4528676" />
      </pattern>
      <pattern total="5">
        <valenceUnit GF="Dep" PT="PP[towards]" FE="Path" />
        <annoSet ID="1626783" />
        <annoSet ID="1626855" />
        <annoSet ID="1627005" />
        <annoSet ID="1627033" />
        <annoSet ID="1627723" />
      </pattern>
      <pattern total="5">
        <valenceUnit GF="Dep" PT="AVP" FE="Path" />
        <annoSet ID="1626821" />
        <annoSet ID="1627491" />
        <annoSet ID="1627633" />
        <annoSet ID="6533012" />
        <annoSet ID="6538869" />
      </pattern>
      <pattern total="1">
        <valenceUnit GF="Dep" PT="PP[against]" FE="Path" />
        <annoSet ID="1626769" />
      </pattern>
      <pattern total="1">
        <valenceUnit GF="Dep" PT="PP[along]" FE="Path" />
        <annoSet ID="1626855" />
      </pattern>
      <pattern total="2">
        <valenceUnit GF="Dep" PT="PP[around]" FE="Path" />
        <annoSet ID="1627521" />
        <annoSet ID="2508781" />
      </pattern>
      <pattern total="2">
        <valenceUnit GF="Dep" PT="PP[in]" FE="Path" />
        <annoSet ID="1626873" />
        <annoSet ID="1627521" />
      </pattern>
      <pattern total="2">
        <valenceUnit GF="Dep" PT="PP[down]" FE="Path" />
        <annoSet ID="1627027" />
        <annoSet ID="1806474" />
      </pattern>
      <pattern total="1">
        <valenceUnit GF="Dep" PT="PP[round]" FE="Path" />
        <annoSet ID="1626873" />
      </pattern>
      <pattern total="2">
        <valenceUnit GF="Dep" PT="PP[past]" FE="Path" />
        <annoSet ID="1627595" />
        <annoSet ID="1627765" />
      </pattern>
      <pattern total="1">
        <valenceUnit GF="Dep" PT="PP[toward]" FE="Path" />
        <annoSet ID="1627677" />
      </pattern>
      <pattern total="2">
        <valenceUnit GF="Dep" PT="PP[up]" FE="Path" />
        <annoSet ID="1627305" />
        <annoSet ID="4529401" />
      </pattern>
    </FERealization>
    <FERealization total="1">
      <FE name="Place" />
      <pattern total="1">
        <valenceUnit GF="Dep" PT="PP[on]" FE="Place" />
        <annoSet ID="1627765" />
      </pattern>
    </FERealization>
    <FERealization total="2">
      <FE name="Purpose" />
      <pattern total="2">
        <valenceUnit GF="Dep" PT="VPto" FE="Purpose" />
        <annoSet ID="6538869" />
        <annoSet ID="6542786" />
      </pattern>
    </FERealization>
    <FERealization total="7">
      <FE name="Source" />
      <pattern total="4">
        <valenceUnit GF="Dep" PT="PP[from]" FE="Source" />
        <annoSet ID="1626935" />
        <annoSet ID="1627085" />
        <annoSet ID="1627491" />
        <annoSet ID="6542786" />
      </pattern>
      <pattern total="2">
        <valenceUnit GF="Dep" PT="AVP" FE="Source" />
        <annoSet ID="1626859" />
        <annoSet ID="1627325" />
      </pattern>
      <pattern total="1">
        <valenceUnit GF="Dep" PT="PP[off]" FE="Source" />
        <annoSet ID="1626853" />
      </pattern>
    </FERealization>
    <FERealization total="8">
      <FE name="Speed" />
      <pattern total="5">
        <valenceUnit GF="Dep" PT="AVP" FE="Speed" />
        <annoSet ID="1627301" />
        <annoSet ID="1627305" />
        <annoSet ID="1627325" />
        <annoSet ID="1627333" />
        <annoSet ID="1627885" />
      </pattern>
      <pattern total="3">
        <valenceUnit GF="Dep" PT="PP[at]" FE="Speed" />
        <annoSet ID="1627491" />
        <annoSet ID="2508781" />
        <annoSet ID="6533012" />
      </pattern>
    </FERealization>
    <FERealization total="68">
      <FE name="Theme" />
      <pattern total="68">
        <valenceUnit GF="Ext" PT="NP" FE="Theme" />
        <annoSet ID="1626745" />
        <annoSet ID="1626751" />
        <annoSet ID="1626769" />
        <annoSet ID="1626783" />
        <annoSet ID="1626787" />
        <annoSet ID="1626795" />
        <annoSet ID="1626801" />
        <annoSet ID="1626821" />
        <annoSet ID="1626831" />
        <annoSet ID="1626837" />
        <annoSet ID="1626853" />
        <annoSet ID="1626855" />
        <annoSet ID="1626859" />
        <annoSet ID="1626873" />
        <annoSet ID="1626887" />
        <annoSet ID="1626895" />
        <annoSet ID="1626911" />
        <annoSet ID="1626917" />
        <annoSet ID="1626923" />
        <annoSet ID="1626927" />
        <annoSet ID="1626935" />
        <annoSet ID="1626957" />
        <annoSet ID="1626961" />
        <annoSet ID="1626969" />
        <annoSet ID="1626991" />
        <annoSet ID="1626997" />
        <annoSet ID="1627005" />
        <annoSet ID="1627027" />
        <annoSet ID="1627033" />
        <annoSet ID="1627051" />
        <annoSet ID="1627085" />
        <annoSet ID="1627239" />
        <annoSet ID="1627251" />
        <annoSet ID="1627287" />
        <annoSet ID="1627301" />
        <annoSet ID="1627305" />
        <annoSet ID="1627325" />
        <annoSet ID="1627333" />
        <annoSet ID="1627401" />
        <annoSet ID="1627405" />
        <annoSet ID="1627415" />
        <annoSet ID="1627491" />
        <annoSet ID="1627521" />
        <annoSet ID="1627533" />
        <annoSet ID="1627543" />
        <annoSet ID="1627595" />
        <annoSet ID="1627633" />
        <annoSet ID="1627647" />
        <annoSet ID="1627677" />
        <annoSet ID="1627723" />
        <annoSet ID="1627753" />
        <annoSet ID="1627765" />
        <annoSet ID="1627835" />
        <annoSet ID="1627837" />
        <annoSet ID="1627879" />
        <annoSet ID="1627885" />
        <annoSet ID="1627919" />
        <annoSet ID="1806474" />
        <annoSet ID="2508781" />
        <annoSet ID="2600183" />
        <annoSet ID="4528676" />
        <annoSet ID="4529401" />
        <annoSet ID="4529458" />
        <annoSet ID="6533012" />
        <annoSet ID="6538869" />
        <annoSet ID="6542786" />
        <annoSet ID="6552035" />
        <annoSet ID="6646643" />
      </pattern>
    </FERealization>
    <FERealization total="6">
      <FE name="Time" />
      <pattern total="1">
        <valenceUnit GF="Dep" PT="Sub" FE="Time" />
        <annoSet ID="1626923" />
      </pattern>
      <pattern total="3">
        <valenceUnit GF="Dep" PT="PP[in]" FE="Time" />
        <annoSet ID="1626795" />
        <annoSet ID="1627301" />
        <annoSet ID="6538869" />
      </pattern>
      <pattern total="2">
        <valenceUnit GF="Dep" PT="AVP" FE="Time" />
        <annoSet ID="1627677" />
        <annoSet ID="1627919" />
      </pattern>
    </FERealization>
    <FEGroupRealization total="1">
      <FE name="Area" />
      <FE name="Manner" />
      <FE name="Theme" />
      <pattern total="1">
        <valenceUnit GF="Dep" PT="PP[around]" FE="Area" />
        <valenceUnit GF="Dep" PT="AVP" FE="Manner" />
        <valenceUnit GF="Ext" PT="NP" FE="Theme" />
        <annoSet ID="1626917" />
      </pattern>
    </FEGroupRealization>
    <FEGroupRealization total="1">
      <FE name="Area" />
      <FE name="Theme" />
      <pattern total="1">
        <valenceUnit GF="Dep" PT="PP[around]" FE="Area" />
        <valenceUnit GF="Ext" PT="NP" FE="Theme" />
        <annoSet ID="1626787" />
      </pattern>
    </FEGroupRealization>
    <FEGroupRealization total="1">
      <FE name="Carrier" />
      <FE name="Manner" />
      <FE name="Path" />
      <FE name="Theme" />
      <pattern total="1">
        <valenceUnit GF="Dep" PT="PP[in]" FE="Carrier" />
        <valenceUnit GF="Dep" PT="AVP" FE="Manner" />
        <valenceUnit GF="" PT="INI" FE="Path" />
        <valenceUnit GF="Ext" PT="NP" FE="Theme" />
        <annoSet ID="1627533" />
      </pattern>
    </FEGroupRealization>
    <FEGroupRealization total="1">
      <FE name="Degree" />
      <FE name="Theme" />
      <pattern total="1">
        <valenceUnit GF="Dep" PT="AVP" FE="Degree" />
        <valenceUnit GF="Ext" PT="NP" FE="Theme" />
        <annoSet ID="6646643" />
      </pattern>
    </FEGroupRealization>
    <FEGroupRealization total="1">
      <FE name="Depictive" />
      <FE name="Goal" />
      <FE name="Theme" />
      <pattern total="1">
        <valenceUnit GF="Dep" PT="NP" FE="Depictive" />
        <valenceUnit GF="Dep" PT="PP[to]" FE="Goal" />
        <valenceUnit GF="Ext" PT="NP" FE="Theme" />
        <annoSet ID="2600183" />
      </pattern>
    </FEGroupRealization>
    <FEGroupRealization total="1">
      <FE name="Direction" />
      <FE name="Theme" />
      <pattern total="1">
        <valenceUnit GF="Dep" PT="AVP" FE="Direction" />
        <valenceUnit GF="Ext" PT="NP" FE="Theme" />
        <annoSet ID="4529458" />
      </pattern>
    </FEGroupRealization>
    <FEGroupRealization total="1">
      <FE name="Distance" />
      <FE name="Path" />
      <FE name="Theme" />
      <pattern total="1">
        <valenceUnit GF="Dep" PT="NP" FE="Distance" />
        <valenceUnit GF="" PT="INI" FE="Path" />
        <valenceUnit GF="Ext" PT="NP" FE="Theme" />
        <annoSet ID="1626801" />
      </pattern>
    </FEGroupRealization>
    <FEGroupRealization total="2">
      <FE name="Goal" />
      <FE name="Path" />
      <FE name="Theme" />
      <pattern total="1">
        <valenceUnit GF="Dep" PT="PP[to]" FE="Goal" />
        <valenceUnit GF="Obj" PT="NP" FE="Path" />
        <valenceUnit GF="Ext" PT="NP" FE="Theme" />
        <annoSet ID="1626991" />
      </pattern>
      <pattern total="1">
        <valenceUnit GF="Dep" PT="PP[to]" FE="Goal" />
        <valenceUnit GF="Dep" PT="PP[across]" FE="Path" />
        <valenceUnit GF="Ext" PT="NP" FE="Theme" />
        <annoSet ID="1627753" />
      </pattern>
    </FEGroupRealization>
    <FEGroupRealization total="1">
      <FE name="Goal" />
      <FE name="Purpose" />
      <FE name="Source" />
      <FE name="Theme" />
      <pattern total="1">
        <valenceUnit GF="" PT="DNI" FE="Goal" />
        <valenceUnit GF="Dep" PT="VPto" FE="Purpose" />
        <valenceUnit GF="Dep" PT="PP[from]" FE="Source" />
        <valenceUnit GF="Ext" PT="NP" FE="Theme" />
        <annoSet ID="6542786" />
      </pattern>
    </FEGroupRealization>
    <FEGroupRealization total="1">
      <FE name="Goal" />
      <FE name="Source" />
      <FE name="Theme" />
      <pattern total="1">
        <valenceUnit GF="Dep" PT="PP[to]" FE="Goal" />
        <valenceUnit GF="Dep" PT="PP[from]" FE="Source" />
        <valenceUnit GF="Ext" PT="NP" FE="Theme" />
        <annoSet ID="1626935" />
      </pattern>
    </FEGroupRealization>
    <FEGroupRealization total="1">
      <FE name="Goal" />
      <FE name="Theme" />
      <pattern total="1">
        <valenceUnit GF="Dep" PT="PP[in]" FE="Goal" />
        <valenceUnit GF="Ext" PT="NP" FE="Theme" />
        <annoSet ID="6552035" />
      </pattern>
    </FEGroupRealization>
    <FEGroupRealization total="1">
      <FE name="Manner" />
      <FE name="Path" />
      <FE name="Speed" />
      <FE name="Theme" />
      <pattern total="1">
        <valenceUnit GF="Dep" PT="PP[to]" FE="Manner" />
        <valenceUnit GF="" PT="INI" FE="Path" />
        <valenceUnit GF="Dep" PT="AVP" FE="Speed" />
        <valenceUnit GF="Ext" PT="NP" FE="Theme" />
        <annoSet ID="1627333" />
      </pattern>
    </FEGroupRealization>
    <FEGroupRealization total="12">
      <FE name="Manner" />
      <FE name="Path" />
      <FE name="Theme" />
      <pattern total="3">
        <valenceUnit GF="Dep" PT="AVP" FE="Manner" />
        <valenceUnit GF="" PT="INI" FE="Path" />
        <valenceUnit GF="Ext" PT="NP" FE="Theme" />
        <annoSet ID="1627239" />
        <annoSet ID="1627251" />
        <annoSet ID="1627879" />
      </pattern>
      <pattern total="1">
        <valenceUnit GF="Dep" PT="AVP" FE="Manner" />
        <valenceUnit GF="Obj" PT="NP" FE="Path" />
        <valenceUnit GF="Ext" PT="NP" FE="Theme" />
        <annoSet ID="1626837" />
      </pattern>
      <pattern total="2">
        <valenceUnit GF="Dep" PT="AVP" FE="Manner" />
        <valenceUnit GF="Dep" PT="PP[across]" FE="Path" />
        <valenceUnit GF="Ext" PT="NP" FE="Theme" />
        <annoSet ID="1626911" />
        <annoSet ID="1627405" />
      </pattern>
      <pattern total="2">
        <valenceUnit GF="Dep" PT="AVP" FE="Manner" />
        <valenceUnit GF="Dep" PT="PP[through]" FE="Path" />
        <valenceUnit GF="Ext" PT="NP" FE="Theme" />
        <annoSet ID="1626927" />
        <annoSet ID="1627647" />
      </pattern>
      <pattern total="1">
        <valenceUnit GF="Dep" PT="AVP" FE="Manner" />
        <valenceUnit GF="Dep" PT="PP[towards]" FE="Path" />
        <valenceUnit GF="Ext" PT="NP" FE="Theme" />
        <annoSet ID="1627005" />
      </pattern>
      <pattern total="1">
        <valenceUnit GF="Dep" PT="PP[in]" FE="Manner" />
        <valenceUnit GF="" PT="INI" FE="Path" />
        <valenceUnit GF="Ext" PT="NP" FE="Theme" />
        <annoSet ID="1627543" />
      </pattern>
      <pattern total="1">
        <valenceUnit GF="Dep" PT="PP[like]" FE="Manner" />
        <valenceUnit GF="" PT="INI" FE="Path" />
        <valenceUnit GF="Ext" PT="NP" FE="Theme" />
        <annoSet ID="1626961" />
      </pattern>
      <pattern total="1">
        <valenceUnit GF="Dep" PT="Sub" FE="Manner" />
        <valenceUnit GF="" PT="INI" FE="Path" />
        <valenceUnit GF="Ext" PT="NP" FE="Theme" />
        <annoSet ID="1626969" />
      </pattern>
    </FEGroupRealization>
    <FEGroupRealization total="1">
      <FE name="Manner" />
      <FE name="Path" />
      <FE name="Theme" />
      <FE name="Theme" />
      <pattern total="1">
        <valenceUnit GF="Dep" PT="AVP" FE="Manner" />
        <valenceUnit GF="Dep" PT="PP[across]" FE="Path" />
        <valenceUnit GF="Ext" PT="NP" FE="Theme" />
        <valenceUnit GF="Ext" PT="NP" FE="Theme" />
        <annoSet ID="1627287" />
      </pattern>
    </FEGroupRealization>
    <FEGroupRealization total="1">
      <FE name="Manner" />
      <FE name="Path" />
      <FE name="Theme" />
      <FE name="Time" />
      <pattern total="1">
        <valenceUnit GF="Dep" PT="PP[in]" FE="Manner" />
        <valenceUnit GF="" PT="INI" FE="Path" />
        <valenceUnit GF="Ext" PT="NP" FE="Theme" />
        <valenceUnit GF="Dep" PT="Sub" FE="Time" />
        <annoSet ID="1626923" />
      </pattern>
    </FEGroupRealization>
    <FEGroupRealization total="4">
      <FE name="Path" />
      <FE name="Path" />
      <FE name="Theme" />
      <pattern total="1">
        <valenceUnit GF="Dep" PT="AVP" FE="Path" />
        <valenceUnit GF="Dep" PT="PP[through]" FE="Path" />
        <valenceUnit GF="Ext" PT="NP" FE="Theme" />
        <annoSet ID="1627633" />
      </pattern>
      <pattern total="1">
        <valenceUnit GF="Dep" PT="PP[along]" FE="Path" />
        <valenceUnit GF="Dep" PT="PP[towards]" FE="Path" />
        <valenceUnit GF="Ext" PT="NP" FE="Theme" />
        <annoSet ID="1626855" />
      </pattern>
      <pattern total="1">
        <valenceUnit GF="Dep" PT="PP[around]" FE="Path" />
        <valenceUnit GF="Dep" PT="PP[in]" FE="Path" />
        <valenceUnit GF="Ext" PT="NP" FE="Theme" />
        <annoSet ID="1627521" />
      </pattern>
      <pattern total="1">
        <valenceUnit GF="Dep" PT="PP[in]" FE="Path" />
        <valenceUnit GF="Dep" PT="PP[round]" FE="Path" />
        <valenceUnit GF="Ext" PT="NP" FE="Theme" />
        <annoSet ID="1626873" />
      </pattern>
    </FEGroupRealization>
    <FEGroupRealization total="1">
      <FE name="Path" />
      <FE name="Place" />
      <FE name="Theme" />
      <pattern total="1">
        <valenceUnit GF="Dep" PT="PP[past]" FE="Path" />
        <valenceUnit GF="Dep" PT="PP[on]" FE="Place" />
        <valenceUnit GF="Ext" PT="NP" FE="Theme" />
        <annoSet ID="1627765" />
      </pattern>
    </FEGroupRealization>
    <FEGroupRealization total="1">
      <FE name="Path" />
      <FE name="Purpose" />
      <FE name="Theme" />
      <FE name="Time" />
      <pattern total="1">
        <valenceUnit GF="Dep" PT="AVP" FE="Path" />
        <valenceUnit GF="Dep" PT="VPto" FE="Purpose" />
        <valenceUnit GF="Ext" PT="NP" FE="Theme" />
        <valenceUnit GF="Dep" PT="PP[in]" FE="Time" />
        <annoSet ID="6538869" />
      </pattern>
    </FEGroupRealization>
    <FEGroupRealization total="1">
      <FE name="Path" />
      <FE name="Source" />
      <FE name="Speed" />
      <FE name="Theme" />
      <pattern total="1">
        <valenceUnit GF="Dep" PT="AVP" FE="Path" />
        <valenceUnit GF="Dep" PT="PP[from]" FE="Source" />
        <valenceUnit GF="Dep" PT="PP[at]" FE="Speed" />
        <valenceUnit GF="Ext" PT="NP" FE="Theme" />
        <annoSet ID="1627491" />
      </pattern>
    </FEGroupRealization>
    <FEGroupRealization total="4">
      <FE name="Path" />
      <FE name="Speed" />
      <FE name="Theme" />
      <pattern total="1">
        <valenceUnit GF="Dep" PT="AVP" FE="Path" />
        <valenceUnit GF="Dep" PT="PP[at]" FE="Speed" />
        <valenceUnit GF="Ext" PT="NP" FE="Theme" />
        <annoSet ID="6533012" />
      </pattern>
      <pattern total="1">
        <valenceUnit GF="" PT="INI" FE="Path" />
        <valenceUnit GF="Dep" PT="AVP" FE="Speed" />
        <valenceUnit GF="Ext" PT="NP" FE="Theme" />
        <annoSet ID="1627885" />
      </pattern>
      <pattern total="1">
        <valenceUnit GF="Dep" PT="PP[around]" FE="Path" />
        <valenceUnit GF="Dep" PT="PP[at]" FE="Speed" />
        <valenceUnit GF="Ext" PT="NP" FE="Theme" />
        <annoSet ID="2508781" />
      </pattern>
      <pattern total="1">
        <valenceUnit GF="Dep" PT="PP[up]" FE="Path" />
        <valenceUnit GF="Dep" PT="AVP" FE="Speed" />
        <valenceUnit GF="Ext" PT="NP" FE="Theme" />
        <annoSet ID="1627305" />
      </pattern>
    </FEGroupRealization>
    <FEGroupRealization total="1">
      <FE name="Path" />
      <FE name="Speed" />
      <FE name="Theme" />
      <FE name="Time" />
      <pattern total="1">
        <valenceUnit GF="Dep" PT="PP[across]" FE="Path" />
        <valenceUnit GF="Dep" PT="AVP" FE="Speed" />
        <valenceUnit GF="Ext" PT="NP" FE="Theme" />
        <valenceUnit GF="Dep" PT="PP[in]" FE="Time" />
        <annoSet ID="1627301" />
      </pattern>
    </FEGroupRealization>
    <FEGroupRealization total="22">
      <FE name="Path" />
      <FE name="Theme" />
      <pattern total="1">
        <valenceUnit GF="Dep" PT="AVP" FE="Path" />
        <valenceUnit GF="Ext" PT="NP" FE="Theme" />
        <annoSet ID="1626821" />
      </pattern>
      <pattern total="8">
        <valenceUnit GF="" PT="INI" FE="Path" />
        <valenceUnit GF="Ext" PT="NP" FE="Theme" />
        <annoSet ID="1626745" />
        <annoSet ID="1626751" />
        <annoSet ID="1626887" />
        <annoSet ID="1626957" />
        <annoSet ID="1626997" />
        <annoSet ID="1627051" />
        <annoSet ID="1627835" />
        <annoSet ID="1627837" />
      </pattern>
      <pattern total="1">
        <valenceUnit GF="Obj" PT="NP" FE="Path" />
        <valenceUnit GF="Ext" PT="NP" FE="Theme" />
        <annoSet ID="1626831" />
      </pattern>
      <pattern total="3">
        <valenceUnit GF="Dep" PT="PP[across]" FE="Path" />
        <valenceUnit GF="Ext" PT="NP" FE="Theme" />
        <annoSet ID="1626895" />
        <annoSet ID="1627401" />
        <annoSet ID="1627415" />
      </pattern>
      <pattern total="1">
        <valenceUnit GF="Dep" PT="PP[against]" FE="Path" />
        <valenceUnit GF="Ext" PT="NP" FE="Theme" />
        <annoSet ID="1626769" />
      </pattern>
      <pattern total="2">
        <valenceUnit GF="Dep" PT="PP[down]" FE="Path" />
        <valenceUnit GF="Ext" PT="NP" FE="Theme" />
        <annoSet ID="1627027" />
        <annoSet ID="1806474" />
      </pattern>
      <pattern total="1">
        <valenceUnit GF="Dep" PT="PP[past]" FE="Path" />
        <valenceUnit GF="Ext" PT="NP" FE="Theme" />
        <annoSet ID="1627595" />
      </pattern>
      <pattern total="1">
        <valenceUnit GF="Dep" PT="PP[through]" FE="Path" />
        <valenceUnit GF="Ext" PT="NP" FE="Theme" />
        <annoSet ID="4528676" />
      </pattern>
      <pattern total="3">
        <valenceUnit GF="Dep" PT="PP[towards]" FE="Path" />
        <valenceUnit GF="Ext" PT="NP" FE="Theme" />
        <annoSet ID="1626783" />
        <annoSet ID="1627033" />
        <annoSet ID="1627723" />
      </pattern>
      <pattern total="1">
        <valenceUnit GF="Dep" PT="PP[up]" FE="Path" />
        <valenceUnit GF="Ext" PT="NP" FE="Theme" />
        <annoSet ID="4529401" />
      </pattern>
    </FEGroupRealization>
    <FEGroupRealization total="3">
      <FE name="Path" />
      <FE name="Theme" />
      <FE name="Time" />
      <pattern total="1">
        <valenceUnit GF="" PT="INI" FE="Path" />
        <valenceUnit GF="Ext" PT="NP" FE="Theme" />
        <valenceUnit GF="Dep" PT="AVP" FE="Time" />
        <annoSet ID="1627919" />
      </pattern>
      <pattern total="1">
        <valenceUnit GF="" PT="INI" FE="Path" />
        <valenceUnit GF="Ext" PT="NP" FE="Theme" />
        <valenceUnit GF="Dep" PT="PP[in]" FE="Time" />
        <annoSet ID="1626795" />
      </pattern>
      <pattern total="1">
        <valenceUnit GF="Dep" PT="PP[toward]" FE="Path" />
        <valenceUnit GF="Ext" PT="NP" FE="Theme" />
        <valenceUnit GF="Dep" PT="AVP" FE="Time" />
        <annoSet ID="1627677" />
      </pattern>
    </FEGroupRealization>
    <FEGroupRealization total="1">
      <FE name="Source" />
      <FE name="Speed" />
      <FE name="Theme" />
      <pattern total="1">
        <valenceUnit GF="Dep" PT="AVP" FE="Source" />
        <valenceUnit GF="Dep" PT="AVP" FE="Speed" />
        <valenceUnit GF="Ext" PT="NP" FE="Theme" />
        <annoSet ID="1627325" />
      </pattern>
    </FEGroupRealization>
    <FEGroupRealization total="3">
      <FE name="Source" />
      <FE name="Theme" />
      <pattern total="1">
        <valenceUnit GF="Dep" PT="AVP" FE="Source" />
        <valenceUnit GF="Ext" PT="NP" FE="Theme" />
        <annoSet ID="1626859" />
      </pattern>
      <pattern total="1">
        <valenceUnit GF="Dep" PT="PP[from]" FE="Source" />
        <valenceUnit GF="Ext" PT="NP" FE="Theme" />
        <annoSet ID="1627085" />
      </pattern>
      <pattern total="1">
        <valenceUnit GF="Dep" PT="PP[off]" FE="Source" />
        <valenceUnit GF="Ext" PT="NP" FE="Theme" />
        <annoSet ID="1626853" />
      </pattern>
    </FEGroupRealization>
  </valences>
  <subCorpus name="V-augmented">
    <sentence sentNo="0" ID="1500178n">
      <text>the box move along the corridor .</text>
      <annotationSet cDate="08/08/2025 07:59:48 PST Fri" status="AUGMENTED" ID="0">
        <layer name="FE" rank="1">
          <label cBy="auto-aug" feID="26" start="0" end="6" name="Theme" />
          <label cBy="auto-aug" feID="28" start="13" end="30" name="Path" />
        </layer>
        <layer name="Target" rank="1">
          <label cBy="auto-aug" start="8" end="11" name="Target" />
        </layer>
      </annotationSet>
    </sentence>
    <sentence sentNo="0" ID="624584n">
      <text>I yelled at the top of my voice and Jean got such a fright she sent the books moving in the yard . </text>
      <annotationSet cDate="08/08/2025 07:59:48 PST Fri" status="AUGMENTED" ID="0">
        <layer name="FE" rank="1">
          <label cBy="auto-aug" feID="26" start="68" end="76" name="Theme" />
          <label cBy="auto-aug" feID="30" start="85" end="95" name="Area" />
        </layer>
        <layer name="Target" rank="1">
          <label cBy="auto-aug" start="78" end="83" name="Target" />
        </layer>
      </annotationSet>
    </sentence>
    <sentence sentNo="0" ID="935859n">
      <text>the statue moved through the garden , carrying with it the sound of water trickling softly from the old stone fountain they 'd painstakingly renovated in the inner courtyard . </text>
      <annotationSet cDate="08/08/2025 07:59:48 PST Fri" status="AUGMENTED" ID="0">
        <layer name="FE" rank="1">
          <label cBy="auto-aug" feID="26" start="0" end="9" name="Theme" />
          <label cBy="auto-aug" feID="28" start="17" end="34" name="Path" />
        </layer>
        <layer name="Target" rank="1">
          <label cBy="auto-aug" start="11" end="15" name="Target" />
        </layer>
      </annotationSet>
    </sentence>
  </subCorpus>
</lexUnit>