<?xml version='1.0' encoding='UTF-8'?>
<lexUnit xmlns="http://framenet.icsi.berkeley.edu" xmlns:xsi="http://www.w3.org/2001/XMLSchema-instance" status="Finished_Initial" incorporatedFE="Theme" POS="V" name="paint.v" ID="7108" frame="Filling" frameID="59" totalAnnotated="31" xsi:schemaLocation="../schema/lexUnit.xsd">
  <header>
    <corpus description="American National Corpus Texts" name="ANC" ID="195">
      <document description="Berlitz Where to Go in Hong Kong" name="WhereToHongKong" ID="23771" />
    </corpus>
    <frame>
      <FE fgColor="FFFFFF" bgColor="FF0000" type="Core" abbrev="Agt" name="Agent" />
      <FE fgColor="FFFFFF" bgColor="7CCD7C" type="Core" abbrev="cau" name="Cause" />
      <FE fgColor="FFFFFF" bgColor="FF69B4" type="Peripheral" abbrev="Degr" name="Degree" />
      <FE fgColor="FFFFFF" bgColor="9400D3" type="Extra-Thematic" abbrev="Dep" name="Depictive" />
      <FE fgColor="FFFFFF" bgColor="1E90FF" type="Extra-Thematic" abbrev="Exp" name="Explanation" />
      <FE fgColor="FFFFFF" bgColor="00BFFF" type="Core" abbrev="Goal" name="Goal" />
      <FE fgColor="FFFFFF" bgColor="808080" type="Peripheral" abbrev="Ins" name="Instrument" />
      <FE fgColor="FFFFFF" bgColor="FF00FF" type="Peripheral" abbrev="Manr" name="Manner" />
      <FE fgColor="FFFFFF" bgColor="0000FF" type="Peripheral" abbrev="Mns" name="Means" />
      <FE fgColor="FFFFFF" bgColor="A52A2A" type="Peripheral" abbrev="Path" name="Path" />
      <FE fgColor="FFFFFF" bgColor="008000" type="Peripheral" abbrev="Place" name="Place" />
      <FE fgColor="FFFFFF" bgColor="800080" type="Extra-Thematic" abbrev="Purp" name="Purpose" />
      <FE fgColor="FFFFFF" bgColor="9F79EE" type="Extra-Thematic" abbrev="Result" name="Result" />
      <FE fgColor="FFFFFF" bgColor="006400" type="Peripheral" abbrev="Src" name="Source" />
      <FE fgColor="FFFFFF" bgColor="90876C" type="Extra-Thematic" abbrev="Sub" name="Subregion" />
      <FE fgColor="FFFFFF" bgColor="00008B" type="Core" abbrev="Thm" name="Theme" />
      <FE fgColor="FFFFFF" bgColor="FFA500" type="Peripheral" abbrev="Time" name="Time" />
    </frame>
  </header>
  <definition>FN: apply a substance which is spread over a surface and dries to leave a thin decorative or protective coating. </definition>
  <lexeme POS="V" name="paint" />
  <valences>
    <FERealization total="31">
      <FE name="Agent" />
      <pattern total="16">
        <valenceUnit GF="" PT="CNI" FE="Agent" />
        <annoSet ID="1573367" />
        <annoSet ID="1573369" />
        <annoSet ID="1573383" />
        <annoSet ID="1573393" />
        <annoSet ID="1573405" />
        <annoSet ID="1573441" />
        <annoSet ID="1573467" />
        <annoSet ID="1573481" />
        <annoSet ID="1573651" />
        <annoSet ID="1573791" />
        <annoSet ID="1573957" />
        <annoSet ID="1573985" />
        <annoSet ID="1573987" />
        <annoSet ID="1574093" />
        <annoSet ID="1574153" />
        <annoSet ID="6561113" />
      </pattern>
      <pattern total="13">
        <valenceUnit GF="Ext" PT="NP" FE="Agent" />
        <annoSet ID="1573447" />
        <annoSet ID="1573505" />
        <annoSet ID="1573507" />
        <annoSet ID="1573539" />
        <annoSet ID="1573603" />
        <annoSet ID="1573609" />
        <annoSet ID="1573617" />
        <annoSet ID="1573655" />
        <annoSet ID="1573673" />
        <annoSet ID="1573683" />
        <annoSet ID="1573739" />
        <annoSet ID="1573777" />
        <annoSet ID="1573845" />
      </pattern>
      <pattern total="2">
        <valenceUnit GF="Dep" PT="PP[by]" FE="Agent" />
        <annoSet ID="1573379" />
        <annoSet ID="1574099" />
      </pattern>
    </FERealization>
    <FERealization total="31">
      <FE name="Goal" />
      <pattern total="16">
        <valenceUnit GF="Ext" PT="NP" FE="Goal" />
        <annoSet ID="1573367" />
        <annoSet ID="1573369" />
        <annoSet ID="1573379" />
        <annoSet ID="1573383" />
        <annoSet ID="1573393" />
        <annoSet ID="1573405" />
        <annoSet ID="1573441" />
        <annoSet ID="1573467" />
        <annoSet ID="1573481" />
        <annoSet ID="1573651" />
        <annoSet ID="1573957" />
        <annoSet ID="1573985" />
        <annoSet ID="1573987" />
        <annoSet ID="1574093" />
        <annoSet ID="1574099" />
        <annoSet ID="1574153" />
      </pattern>
      <pattern total="15">
        <valenceUnit GF="Obj" PT="NP" FE="Goal" />
        <annoSet ID="1573447" />
        <annoSet ID="1573505" />
        <annoSet ID="1573507" />
        <annoSet ID="1573539" />
        <annoSet ID="1573603" />
        <annoSet ID="1573609" />
        <annoSet ID="1573617" />
        <annoSet ID="1573655" />
        <annoSet ID="1573673" />
        <annoSet ID="1573683" />
        <annoSet ID="1573739" />
        <annoSet ID="1573777" />
        <annoSet ID="1573791" />
        <annoSet ID="1573845" />
        <annoSet ID="6561113" />
      </pattern>
    </FERealization>
    <FERealization total="3">
      <FE name="Manner" />
      <pattern total="3">
        <valenceUnit GF="Dep" PT="AVP" FE="Manner" />
        <annoSet ID="1573369" />
        <annoSet ID="1573505" />
        <annoSet ID="1573655" />
      </pattern>
    </FERealization>
    <FERealization total="1">
      <FE name="Path" />
      <pattern total="1">
        <valenceUnit GF="Dep" PT="PP[across]" FE="Path" />
        <annoSet ID="1573651" />
      </pattern>
    </FERealization>
    <FERealization total="15">
      <FE name="Result" />
      <pattern total="1">
        <valenceUnit GF="Dep" PT="PP[with]" FE="Result" />
        <annoSet ID="1573369" />
      </pattern>
      <pattern total="7">
        <valenceUnit GF="Dep" PT="AJP" FE="Result" />
        <annoSet ID="1573383" />
        <annoSet ID="1573405" />
        <annoSet ID="1573481" />
        <annoSet ID="1573609" />
        <annoSet ID="1573673" />
        <annoSet ID="1573683" />
        <annoSet ID="1573985" />
      </pattern>
      <pattern total="4">
        <valenceUnit GF="Dep" PT="NP" FE="Result" />
        <annoSet ID="1573367" />
        <annoSet ID="1573393" />
        <annoSet ID="1573467" />
        <annoSet ID="1573987" />
      </pattern>
      <pattern total="2">
        <valenceUnit GF="Dep" PT="PP[in]" FE="Result" />
        <annoSet ID="1573441" />
        <annoSet ID="1573603" />
      </pattern>
      <pattern total="1">
        <valenceUnit GF="Dep" PT="PPing[in]" FE="Result" />
        <annoSet ID="1574153" />
      </pattern>
    </FERealization>
    <FERealization total="31">
      <FE name="Theme" />
      <pattern total="26">
        <valenceUnit GF="" PT="INC" FE="Theme" />
        <annoSet ID="1573367" />
        <annoSet ID="1573369" />
        <annoSet ID="1573379" />
        <annoSet ID="1573383" />
        <annoSet ID="1573393" />
        <annoSet ID="1573405" />
        <annoSet ID="1573441" />
        <annoSet ID="1573447" />
        <annoSet ID="1573467" />
        <annoSet ID="1573481" />
        <annoSet ID="1573505" />
        <annoSet ID="1573507" />
        <annoSet ID="1573539" />
        <annoSet ID="1573603" />
        <annoSet ID="1573609" />
        <annoSet ID="1573617" />
        <annoSet ID="1573651" />
        <annoSet ID="1573655" />
        <annoSet ID="1573673" />
        <annoSet ID="1573683" />
        <annoSet ID="1573739" />
        <annoSet ID="1573845" />
        <annoSet ID="1573985" />
        <annoSet ID="1573987" />
        <annoSet ID="1574099" />
        <annoSet ID="1574153" />
      </pattern>
      <pattern total="3">
        <valenceUnit GF="Dep" PT="PP[with]" FE="Theme" />
        <annoSet ID="1573791" />
        <annoSet ID="1573957" />
        <annoSet ID="1574093" />
      </pattern>
      <pattern total="1">
        <valenceUnit GF="Ext" PT="NP" FE="Theme" />
        <annoSet ID="6561113" />
      </pattern>
      <pattern total="1">
        <valenceUnit GF="Dep" PT="PPing[with]" FE="Theme" />
        <annoSet ID="1573777" />
      </pattern>
    </FERealization>
    <FERealization total="5">
      <FE name="Time" />
      <pattern total="2">
        <valenceUnit GF="Dep" PT="AVP" FE="Time" />
        <annoSet ID="1573777" />
        <annoSet ID="1573957" />
      </pattern>
      <pattern total="1">
        <valenceUnit GF="Dep" PT="NP" FE="Time" />
        <annoSet ID="1573539" />
      </pattern>
      <pattern total="1">
        <valenceUnit GF="Dep" PT="PP[during]" FE="Time" />
        <annoSet ID="1573507" />
      </pattern>
      <pattern total="1">
        <valenceUnit GF="Dep" PT="PP[in]" FE="Time" />
        <annoSet ID="1573617" />
      </pattern>
    </FERealization>
    <FEGroupRealization total="1">
      <FE name="Agent" />
      <FE name="Agent" />
      <FE name="Goal" />
      <FE name="Theme" />
      <pattern total="1">
        <valenceUnit GF="Ext" PT="NP" FE="Agent" />
        <valenceUnit GF="Ext" PT="NP" FE="Agent" />
        <valenceUnit GF="Obj" PT="NP" FE="Goal" />
        <valenceUnit GF="" PT="INC" FE="Theme" />
        <annoSet ID="1573739" />
      </pattern>
    </FEGroupRealization>
    <FEGroupRealization total="1">
      <FE name="Agent" />
      <FE name="Goal" />
      <FE name="Manner" />
      <FE name="Result" />
      <FE name="Theme" />
      <pattern total="1">
        <valenceUnit GF="" PT="CNI" FE="Agent" />
        <valenceUnit GF="Ext" PT="NP" FE="Goal" />
        <valenceUnit GF="Dep" PT="AVP" FE="Manner" />
        <valenceUnit GF="Dep" PT="PP[with]" FE="Result" />
        <valenceUnit GF="" PT="INC" FE="Theme" />
        <annoSet ID="1573369" />
      </pattern>
    </FEGroupRealization>
    <FEGroupRealization total="2">
      <FE name="Agent" />
      <FE name="Goal" />
      <FE name="Manner" />
      <FE name="Theme" />
      <pattern total="2">
        <valenceUnit GF="Ext" PT="NP" FE="Agent" />
        <valenceUnit GF="Obj" PT="NP" FE="Goal" />
        <valenceUnit GF="Dep" PT="AVP" FE="Manner" />
        <valenceUnit GF="" PT="INC" FE="Theme" />
        <annoSet ID="1573505" />
        <annoSet ID="1573655" />
      </pattern>
    </FEGroupRealization>
    <FEGroupRealization total="1">
      <FE name="Agent" />
      <FE name="Goal" />
      <FE name="Path" />
      <FE name="Theme" />
      <pattern total="1">
        <valenceUnit GF="" PT="CNI" FE="Agent" />
        <valenceUnit GF="Ext" PT="NP" FE="Goal" />
        <valenceUnit GF="Dep" PT="PP[across]" FE="Path" />
        <valenceUnit GF="" PT="INC" FE="Theme" />
        <annoSet ID="1573651" />
      </pattern>
    </FEGroupRealization>
    <FEGroupRealization total="14">
      <FE name="Agent" />
      <FE name="Goal" />
      <FE name="Result" />
      <FE name="Theme" />
      <pattern total="4">
        <valenceUnit GF="" PT="CNI" FE="Agent" />
        <valenceUnit GF="Ext" PT="NP" FE="Goal" />
        <valenceUnit GF="Dep" PT="AJP" FE="Result" />
        <valenceUnit GF="" PT="INC" FE="Theme" />
        <annoSet ID="1573383" />
        <annoSet ID="1573405" />
        <annoSet ID="1573481" />
        <annoSet ID="1573985" />
      </pattern>
      <pattern total="4">
        <valenceUnit GF="" PT="CNI" FE="Agent" />
        <valenceUnit GF="Ext" PT="NP" FE="Goal" />
        <valenceUnit GF="Dep" PT="NP" FE="Result" />
        <valenceUnit GF="" PT="INC" FE="Theme" />
        <annoSet ID="1573367" />
        <annoSet ID="1573393" />
        <annoSet ID="1573467" />
        <annoSet ID="1573987" />
      </pattern>
      <pattern total="1">
        <valenceUnit GF="" PT="CNI" FE="Agent" />
        <valenceUnit GF="Ext" PT="NP" FE="Goal" />
        <valenceUnit GF="Dep" PT="PP[in]" FE="Result" />
        <valenceUnit GF="" PT="INC" FE="Theme" />
        <annoSet ID="1573441" />
      </pattern>
      <pattern total="1">
        <valenceUnit GF="" PT="CNI" FE="Agent" />
        <valenceUnit GF="Ext" PT="NP" FE="Goal" />
        <valenceUnit GF="Dep" PT="PPing[in]" FE="Result" />
        <valenceUnit GF="" PT="INC" FE="Theme" />
        <annoSet ID="1574153" />
      </pattern>
      <pattern total="3">
        <valenceUnit GF="Ext" PT="NP" FE="Agent" />
        <valenceUnit GF="Obj" PT="NP" FE="Goal" />
        <valenceUnit GF="Dep" PT="AJP" FE="Result" />
        <valenceUnit GF="" PT="INC" FE="Theme" />
        <annoSet ID="1573609" />
        <annoSet ID="1573673" />
        <annoSet ID="1573683" />
      </pattern>
      <pattern total="1">
        <valenceUnit GF="Ext" PT="NP" FE="Agent" />
        <valenceUnit GF="Obj" PT="NP" FE="Goal" />
        <valenceUnit GF="Dep" PT="PP[in]" FE="Result" />
        <valenceUnit GF="" PT="INC" FE="Theme" />
        <annoSet ID="1573603" />
      </pattern>
    </FEGroupRealization>
    <FEGroupRealization total="7">
      <FE name="Agent" />
      <FE name="Goal" />
      <FE name="Theme" />
      <pattern total="1">
        <valenceUnit GF="" PT="CNI" FE="Agent" />
        <valenceUnit GF="Ext" PT="NP" FE="Goal" />
        <valenceUnit GF="Dep" PT="PP[with]" FE="Theme" />
        <annoSet ID="1574093" />
      </pattern>
      <pattern total="1">
        <valenceUnit GF="" PT="CNI" FE="Agent" />
        <valenceUnit GF="Obj" PT="NP" FE="Goal" />
        <valenceUnit GF="Ext" PT="NP" FE="Theme" />
        <annoSet ID="6561113" />
      </pattern>
      <pattern total="1">
        <valenceUnit GF="" PT="CNI" FE="Agent" />
        <valenceUnit GF="Obj" PT="NP" FE="Goal" />
        <valenceUnit GF="Dep" PT="PP[with]" FE="Theme" />
        <annoSet ID="1573791" />
      </pattern>
      <pattern total="2">
        <valenceUnit GF="Ext" PT="NP" FE="Agent" />
        <valenceUnit GF="Obj" PT="NP" FE="Goal" />
        <valenceUnit GF="" PT="INC" FE="Theme" />
        <annoSet ID="1573447" />
        <annoSet ID="1573845" />
      </pattern>
      <pattern total="2">
        <valenceUnit GF="Dep" PT="PP[by]" FE="Agent" />
        <valenceUnit GF="Ext" PT="NP" FE="Goal" />
        <valenceUnit GF="" PT="INC" FE="Theme" />
        <annoSet ID="1573379" />
        <annoSet ID="1574099" />
      </pattern>
    </FEGroupRealization>
    <FEGroupRealization total="5">
      <FE name="Agent" />
      <FE name="Goal" />
      <FE name="Theme" />
      <FE name="Time" />
      <pattern total="1">
        <valenceUnit GF="" PT="CNI" FE="Agent" />
        <valenceUnit GF="Ext" PT="NP" FE="Goal" />
        <valenceUnit GF="Dep" PT="PP[with]" FE="Theme" />
        <valenceUnit GF="Dep" PT="AVP" FE="Time" />
        <annoSet ID="1573957" />
      </pattern>
      <pattern total="1">
        <valenceUnit GF="Ext" PT="NP" FE="Agent" />
        <valenceUnit GF="Obj" PT="NP" FE="Goal" />
        <valenceUnit GF="" PT="INC" FE="Theme" />
        <valenceUnit GF="Dep" PT="NP" FE="Time" />
        <annoSet ID="1573539" />
      </pattern>
      <pattern total="1">
        <valenceUnit GF="Ext" PT="NP" FE="Agent" />
        <valenceUnit GF="Obj" PT="NP" FE="Goal" />
        <valenceUnit GF="" PT="INC" FE="Theme" />
        <valenceUnit GF="Dep" PT="PP[during]" FE="Time" />
        <annoSet ID="1573507" />
      </pattern>
      <pattern total="1">
        <valenceUnit GF="Ext" PT="NP" FE="Agent" />
        <valenceUnit GF="Obj" PT="NP" FE="Goal" />
        <valenceUnit GF="" PT="INC" FE="Theme" />
        <valenceUnit GF="Dep" PT="PP[in]" FE="Time" />
        <annoSet ID="1573617" />
      </pattern>
      <pattern total="1">
        <valenceUnit GF="Ext" PT="NP" FE="Agent" />
        <valenceUnit GF="Obj" PT="NP" FE="Goal" />
        <valenceUnit GF="Dep" PT="PPing[with]" FE="Theme" />
        <valenceUnit GF="Dep" PT="AVP" FE="Time" />
        <annoSet ID="1573777" />
      </pattern>
    </FEGroupRealization>
  </valences>
  <subCorpus name="V-augmented">
    <sentence sentNo="0" ID="266628n">
      <text>Before it gets there a barricade of the protesters painted in bright colors " has been drawn across the street . </text>
      <annotationSet cDate="08/08/2025 07:59:46 PST Fri" status="AUGMENTED" ID="0">
        <layer name="FE" rank="1">
          <label cBy="auto-aug" feID="257" start="36" end="49" name="Goal" />
          <label cBy="auto-aug" feID="254" start="59" end="74" name="Theme" />
        </layer>
        <layer name="Target" rank="1">
          <label cBy="auto-aug" start="51" end="57" name="Target" />
        </layer>
      </annotationSet>
    </sentence>
    <sentence sentNo="0" ID="266863n">
      <text>the mural was painted in colors as well as copies of various scripts in loose folders . </text>
      <annotationSet cDate="08/08/2025 07:59:46 PST Fri" status="AUGMENTED" ID="0">
        <layer name="FE" rank="1">
          <label cBy="auto-aug" feID="257" start="0" end="8" name="Goal" />
          <label cBy="auto-aug" feID="254" start="22" end="30" name="Theme" />
        </layer>
        <layer name="Target" rank="1">
          <label cBy="auto-aug" start="14" end="20" name="Target" />
        </layer>
      </annotationSet>
    </sentence>
    <sentence sentNo="0" ID="268921n">
      <text>paint the pasta and top with flakes of fresh Parmesan for an elegant starter . </text>
      <annotationSet cDate="08/08/2025 07:59:46 PST Fri" status="AUGMENTED" ID="0">
        <layer name="FE" rank="1">
          <label cBy="auto-aug" feID="254" start="6" end="14" name="Theme" />
        </layer>
        <layer name="Target" rank="1">
          <label cBy="auto-aug" start="0" end="4" name="Target" />
        </layer>
      </annotationSet>
    </sentence>
  </subCorpus>
</lexUnit>