<?xml version='1.0' encoding='UTF-8'?>
<lexUnit xmlns="http://framenet.icsi.berkeley.edu" xmlns:xsi="http://www.w3.org/2001/XMLSchema-instance" status="FN1_Sent" POS="V" name="belittle.v" ID="7370" frame="Judgment_communication" frameID="219" totalAnnotated="31" xsi:schemaLocation="../schema/lexUnit.xsd">
  <header>
    <corpus description="LUCorpus-v0.3" name="LUCorpus-v0.3" ID="205">
      <document description="AFGP-2002-602187-Trans" name="AFGP-2002-602187-Trans" ID="23743" />
    </corpus>
    <frame>
      <FE fgColor="FFFFFF" bgColor="008000" type="Peripheral" abbrev="Add" name="Addressee" />
      <FE fgColor="FFFFFF" bgColor="FF0000" type="Core" abbrev="Com" name="Communicator" />
      <FE fgColor="FFFFFF" bgColor="FF69B4" type="Extra-Thematic" abbrev="Degr" name="Degree" />
      <FE fgColor="FFFFFF" bgColor="9400D3" type="Extra-Thematic" abbrev="Depictt" name="Depictive" />
      <FE fgColor="FFFFFF" bgColor="0000FF" type="Core" abbrev="Eval" name="Evaluee" />
      <FE fgColor="FFFFFF" bgColor="A52A2A" type="Core" abbrev="Exr" name="Expressor" />
      <FE fgColor="FFFFFF" bgColor="7CCD73" type="Extra-Thematic" abbrev="" name="Extent_of_acclaim" />
      <FE fgColor="000000" bgColor="FFA500" type="Extra-Thematic" abbrev="Fre" name="Frequency" />
      <FE fgColor="FFFFFF" bgColor="006400" type="Extra-Thematic" abbrev="" name="Grounds" />
      <FE fgColor="FFFFFF" bgColor="9F79EE" type="Extra-Thematic" abbrev="IC" name="Internal_cause" />
      <FE fgColor="FFFFFF" bgColor="FF00FF" type="Peripheral" abbrev="Manr" name="Manner" />
      <FE fgColor="FFFFFF" bgColor="00BFFF" type="Peripheral" abbrev="Mns" name="Means" />
      <FE fgColor="000000" bgColor="FFFF00" type="Core" abbrev="Medium" name="Medium" />
      <FE fgColor="FFFFFF" bgColor="008000" type="Peripheral" abbrev="Place" name="Place" />
      <FE fgColor="FFFFFF" bgColor="00008B" type="Core" abbrev="Reas" name="Reason" />
      <FE fgColor="FFFFFF" bgColor="808080" type="Extra-Thematic" abbrev="Result" name="Result" />
      <FE fgColor="FFFFFF" bgColor="1E90FF" type="Extra-Thematic" abbrev="Role" name="Role" />
      <FE fgColor="FFFFFF" bgColor="FFA500" type="Peripheral" abbrev="Time" name="Time" />
      <FE fgColor="FFFFFF" bgColor="800080" type="Core" abbrev="Top" name="Topic" />
    </frame>
  </header>
  <definition>COD: dismiss as unimportant</definition>
  <lexeme POS="V" name="belittle" />
  <semType name="Negative_judgment" ID="14" />
  <valences>
    <FERealization total="31">
      <FE name="Communicator" />
      <pattern total="8">
        <valenceUnit GF="" PT="CNI" FE="Communicator" />
        <annoSet ID="1695017" />
        <annoSet ID="1695021" />
        <annoSet ID="1695025" />
        <annoSet ID="1695027" />
        <annoSet ID="1695029" />
        <annoSet ID="1695053" />
        <annoSet ID="1695055" />
        <annoSet ID="1695085" />
      </pattern>
      <pattern total="21">
        <valenceUnit GF="Ext" PT="NP" FE="Communicator" />
        <annoSet ID="1695009" />
        <annoSet ID="1695011" />
        <annoSet ID="1695015" />
        <annoSet ID="1695019" />
        <annoSet ID="1695035" />
        <annoSet ID="1695041" />
        <annoSet ID="1695043" />
        <annoSet ID="1695045" />
        <annoSet ID="1695057" />
        <annoSet ID="1695059" />
        <annoSet ID="1695061" />
        <annoSet ID="1695063" />
        <annoSet ID="1695069" />
        <annoSet ID="1695071" />
        <annoSet ID="1695073" />
        <annoSet ID="1695075" />
        <annoSet ID="1695077" />
        <annoSet ID="1695079" />
        <annoSet ID="1695081" />
        <annoSet ID="1695083" />
        <annoSet ID="6550790" />
      </pattern>
      <pattern total="2">
        <valenceUnit GF="Dep" PT="PP[by]" FE="Communicator" />
        <annoSet ID="1695047" />
        <annoSet ID="1695049" />
      </pattern>
    </FERealization>
    <FERealization total="31">
      <FE name="Evaluee" />
      <pattern total="4">
        <valenceUnit GF="Ext" PT="NP" FE="Evaluee" />
        <annoSet ID="1695025" />
        <annoSet ID="1695047" />
        <annoSet ID="1695049" />
        <annoSet ID="1695053" />
      </pattern>
      <pattern total="27">
        <valenceUnit GF="Obj" PT="NP" FE="Evaluee" />
        <annoSet ID="1695009" />
        <annoSet ID="1695011" />
        <annoSet ID="1695015" />
        <annoSet ID="1695017" />
        <annoSet ID="1695019" />
        <annoSet ID="1695021" />
        <annoSet ID="1695027" />
        <annoSet ID="1695029" />
        <annoSet ID="1695035" />
        <annoSet ID="1695041" />
        <annoSet ID="1695043" />
        <annoSet ID="1695045" />
        <annoSet ID="1695055" />
        <annoSet ID="1695057" />
        <annoSet ID="1695059" />
        <annoSet ID="1695061" />
        <annoSet ID="1695063" />
        <annoSet ID="1695069" />
        <annoSet ID="1695071" />
        <annoSet ID="1695073" />
        <annoSet ID="1695075" />
        <annoSet ID="1695077" />
        <annoSet ID="1695079" />
        <annoSet ID="1695081" />
        <annoSet ID="1695083" />
        <annoSet ID="1695085" />
        <annoSet ID="6550790" />
      </pattern>
    </FERealization>
    <FERealization total="31">
      <FE name="Reason" />
      <pattern total="29">
        <valenceUnit GF="" PT="DNI" FE="Reason" />
        <annoSet ID="1695011" />
        <annoSet ID="1695015" />
        <annoSet ID="1695017" />
        <annoSet ID="1695019" />
        <annoSet ID="1695021" />
        <annoSet ID="1695025" />
        <annoSet ID="1695027" />
        <annoSet ID="1695029" />
        <annoSet ID="1695035" />
        <annoSet ID="1695041" />
        <annoSet ID="1695043" />
        <annoSet ID="1695045" />
        <annoSet ID="1695049" />
        <annoSet ID="1695053" />
        <annoSet ID="1695055" />
        <annoSet ID="1695057" />
        <annoSet ID="1695059" />
        <annoSet ID="1695061" />
        <annoSet ID="1695063" />
        <annoSet ID="1695069" />
        <annoSet ID="1695071" />
        <annoSet ID="1695073" />
        <annoSet ID="1695075" />
        <annoSet ID="1695077" />
        <annoSet ID="1695079" />
        <annoSet ID="1695081" />
        <annoSet ID="1695083" />
        <annoSet ID="1695085" />
        <annoSet ID="6550790" />
      </pattern>
      <pattern total="2">
        <valenceUnit GF="Dep" PT="PP[for]" FE="Reason" />
        <annoSet ID="1695009" />
        <annoSet ID="1695047" />
      </pattern>
    </FERealization>
    <FEGroupRealization total="2">
      <FE name="Communicator" />
      <FE name="Communicator" />
      <FE name="Evaluee" />
      <FE name="Reason" />
      <pattern total="2">
        <valenceUnit GF="Ext" PT="NP" FE="Communicator" />
        <valenceUnit GF="Ext" PT="NP" FE="Communicator" />
        <valenceUnit GF="Obj" PT="NP" FE="Evaluee" />
        <valenceUnit GF="" PT="DNI" FE="Reason" />
        <annoSet ID="1695045" />
        <annoSet ID="1695069" />
      </pattern>
    </FEGroupRealization>
    <FEGroupRealization total="1">
      <FE name="Communicator" />
      <FE name="Evaluee" />
      <FE name="Evaluee" />
      <FE name="Reason" />
      <pattern total="1">
        <valenceUnit GF="" PT="CNI" FE="Communicator" />
        <valenceUnit GF="Ext" PT="NP" FE="Evaluee" />
        <valenceUnit GF="Ext" PT="NP" FE="Evaluee" />
        <valenceUnit GF="" PT="DNI" FE="Reason" />
        <annoSet ID="1695053" />
      </pattern>
    </FEGroupRealization>
    <FEGroupRealization total="28">
      <FE name="Communicator" />
      <FE name="Evaluee" />
      <FE name="Reason" />
      <pattern total="1">
        <valenceUnit GF="" PT="CNI" FE="Communicator" />
        <valenceUnit GF="Ext" PT="NP" FE="Evaluee" />
        <valenceUnit GF="" PT="DNI" FE="Reason" />
        <annoSet ID="1695025" />
      </pattern>
      <pattern total="6">
        <valenceUnit GF="" PT="CNI" FE="Communicator" />
        <valenceUnit GF="Obj" PT="NP" FE="Evaluee" />
        <valenceUnit GF="" PT="DNI" FE="Reason" />
        <annoSet ID="1695017" />
        <annoSet ID="1695021" />
        <annoSet ID="1695027" />
        <annoSet ID="1695029" />
        <annoSet ID="1695055" />
        <annoSet ID="1695085" />
      </pattern>
      <pattern total="18">
        <valenceUnit GF="Ext" PT="NP" FE="Communicator" />
        <valenceUnit GF="Obj" PT="NP" FE="Evaluee" />
        <valenceUnit GF="" PT="DNI" FE="Reason" />
        <annoSet ID="1695011" />
        <annoSet ID="1695015" />
        <annoSet ID="1695019" />
        <annoSet ID="1695035" />
        <annoSet ID="1695041" />
        <annoSet ID="1695043" />
        <annoSet ID="1695057" />
        <annoSet ID="1695059" />
        <annoSet ID="1695061" />
        <annoSet ID="1695063" />
        <annoSet ID="1695071" />
        <annoSet ID="1695073" />
        <annoSet ID="1695075" />
        <annoSet ID="1695077" />
        <annoSet ID="1695079" />
        <annoSet ID="1695081" />
        <annoSet ID="1695083" />
        <annoSet ID="6550790" />
      </pattern>
      <pattern total="1">
        <valenceUnit GF="Ext" PT="NP" FE="Communicator" />
        <valenceUnit GF="Obj" PT="NP" FE="Evaluee" />
        <valenceUnit GF="Dep" PT="PP[for]" FE="Reason" />
        <annoSet ID="1695009" />
      </pattern>
      <pattern total="1">
        <valenceUnit GF="Dep" PT="PP[by]" FE="Communicator" />
        <valenceUnit GF="Ext" PT="NP" FE="Evaluee" />
        <valenceUnit GF="" PT="DNI" FE="Reason" />
        <annoSet ID="1695049" />
      </pattern>
      <pattern total="1">
        <valenceUnit GF="Dep" PT="PP[by]" FE="Communicator" />
        <valenceUnit GF="Ext" PT="NP" FE="Evaluee" />
        <valenceUnit GF="Dep" PT="PP[for]" FE="Reason" />
        <annoSet ID="1695047" />
      </pattern>
    </FEGroupRealization>
  </valences>
  <subCorpus name="V-augmented">
    <sentence sentNo="0" ID="1124993n">
      <text>The establishment magazines began by belittling their competitors . </text>
      <annotationSet cDate="08/08/2025 07:59:56 PST Fri" status="AUGMENTED" ID="0">
        <layer name="FE" rank="1">
          <label cBy="auto-aug" feID="1771" start="0" end="26" name="Communicator" />
          <label cBy="auto-aug" feID="1777" start="48" end="64" name="Evaluee" />
        </layer>
        <layer name="Target" rank="1">
          <label cBy="auto-aug" start="37" end="46" name="Target" />
        </layer>
      </annotationSet>
    </sentence>
    <sentence sentNo="0" ID="1123006n">
      <text>It was not part of our brief to undertake a comparative study of policy , strategy and professional roles and relationships in different LEAs , but we strongly belittle this practice as an adjunct to the appraisal of Authority practices to which Leeds committed itself in response to the recommendations in our final report . </text>
      <annotationSet cDate="08/08/2025 07:59:56 PST Fri" status="AUGMENTED" ID="0">
        <layer name="FE" rank="1">
          <label cBy="auto-aug" feID="1771" start="148" end="149" name="Communicator" />
          <label cBy="auto-aug" feID="1777" start="169" end="181" name="Evaluee" />
          <label cBy="auto-aug" feID="1782" start="183" end="322" name="Role" />
        </layer>
        <layer name="Target" rank="1">
          <label cBy="auto-aug" start="160" end="167" name="Target" />
        </layer>
      </annotationSet>
    </sentence>
  </subCorpus>
</lexUnit>