<?xml version='1.0' encoding='UTF-8'?>
<lexUnit xmlns="http://framenet.icsi.berkeley.edu" xmlns:xsi="http://www.w3.org/2001/XMLSchema-instance" status="Finished_Initial" POS="V" name="produce.v" ID="7523" frame="Manufacturing" frameID="408" totalAnnotated="126" xsi:schemaLocation="../schema/lexUnit.xsd">
  <header>
    <corpus description="Texts from Nuclear Threat Initiative website, created by Center for Non-Proliferation Studies" name="NTI" ID="135">
      <document description="Libya Country 1" name="LibyaCountry1" ID="23477" />
      <document description="North Korea Introduction" name="NorthKorea_Introduction" ID="23481" />
      <document description="Kazakhstan" name="Kazakhstan" ID="23501" />
      <document description="Iran Nuclear" name="Iran_Nuclear" ID="23511" />
      <document description="Iran Missile" name="Iran_Missile" ID="23512" />
      <document description="Iran Biological" name="Iran_Biological" ID="23513" />
      <document description="Iran Chemical" name="Iran_Chemical" ID="23514" />
      <document description="Iran Introduction" name="Iran_Introduction" ID="23521" />
      <document description="North Korea Nuclear Capabilities" name="NorthKorea_NuclearCapabilities" ID="23561" />
      <document description="North Korea Nuclear Overview" name="NorthKorea_NuclearOverview" ID="23562" />
      <document description="Russia Introduction" name="Russia_Introduction" ID="23563" />
      <document description="South Africa Introduction" name="SouthAfrica_Introduction" ID="23571" />
      <document description="B W Tutorial chapter1" name="BWTutorial_chapter1" ID="23602" />
      <document description="North Korea Chemical Overview" name="NorthKorea_ChemicalOverview" ID="23611" />
      <document description="WMD News 06/26/2006" name="WMDNews_062606" ID="23621" />
      <document description="China Overview" name="ChinaOverview" ID="23671" />
    </corpus>
    <corpus description="Miscellaneous" name="Miscellaneous" ID="175">
      <document description="Iran-related Questions" name="IranRelatedQuestions" ID="23541" />
    </corpus>
    <corpus description="AQUAINT Knowledge-Based Evaluation Texts" name="KBEval" ID="185">
      <document description="lcch" name="lcch" ID="23574" />
      <document description="utd-icsi" name="utd-icsi" ID="23579" />
      <document description="MIT" name="MIT" ID="23580" />
    </corpus>
    <corpus description="LUCorpus-v0.3" name="LUCorpus-v0.3" ID="205">
      <document description="20000415_apw_eng-NEW" name="20000415_apw_eng-NEW" ID="23703" />
    </corpus>
    <frame>
      <FE fgColor="FFFFFF" bgColor="00BFFF" type="Extra-Thematic" abbrev="Cond" name="Circumstances" />
      <FE fgColor="FFFFFF" bgColor="9F79EE" type="Peripheral" abbrev="Con" name="Consumer" />
      <FE fgColor="FFFFFF" bgColor="9400D3" type="Extra-Thematic" abbrev="Depict" name="Depictive" />
      <FE fgColor="FFFFFF" bgColor="006400" type="Core" abbrev="Fac" name="Factory" />
      <FE fgColor="000000" bgColor="d0d0d0" type="Extra-Thematic" abbrev="fre" name="Frequency" />
      <FE fgColor="FFFFFF" bgColor="808080" type="Peripheral" abbrev="Ins" name="Instrument" />
      <FE fgColor="000000" bgColor="FF00FF" type="Extra-Thematic" abbrev="" name="Locus" />
      <FE fgColor="FFFFFF" bgColor="FF00FF" type="Peripheral" abbrev="Manr" name="Manner" />
      <FE fgColor="FFFFFF" bgColor="FF69B4" type="Peripheral" abbrev="Mns" name="Means" />
      <FE fgColor="FFFFFF" bgColor="008000" type="Peripheral" abbrev="Pla" name="Place" />
      <FE fgColor="FFFFFF" bgColor="FF0000" type="Core" abbrev="Man" name="Producer" />
      <FE fgColor="FFFFFF" bgColor="0000FF" type="Core" abbrev="Pro" name="Product" />
      <FE fgColor="FFFFFF" bgColor="800080" type="Peripheral" abbrev="Purp" name="Purpose" />
      <FE fgColor="FFFFFF" bgColor="A52A2A" type="Peripheral" abbrev="Res" name="Resource" />
      <FE fgColor="FFFFFF" bgColor="FFA500" type="Peripheral" abbrev="Tim" name="Time" />
    </frame>
  </header>
  <definition>COD: make, manufacture, or create.</definition>
  <lexeme POS="V" name="produce" />
  <valences>
    <FERealization total="1">
      <FE name="Circumstances" />
      <pattern total="1">
        <valenceUnit GF="Dep" PT="Sub" FE="Circumstances" />
        <annoSet ID="1812651" />
      </pattern>
    </FERealization>
    <FERealization total="2">
      <FE name="Consumer" />
      <pattern total="2">
        <valenceUnit GF="Dep" PT="PP[for]" FE="Consumer" />
        <annoSet ID="1812203" />
        <annoSet ID="1812219" />
      </pattern>
    </FERealization>
    <FERealization total="1">
      <FE name="Depictive" />
      <pattern total="1">
        <valenceUnit GF="Dep" PT="AVP" FE="Depictive" />
        <annoSet ID="6523161" />
      </pattern>
    </FERealization>
    <FERealization total="20">
      <FE name="Factory" />
      <pattern total="7">
        <valenceUnit GF="Ext" PT="NP" FE="Factory" />
        <annoSet ID="1812203" />
        <annoSet ID="6521769" />
        <annoSet ID="6521979" />
        <annoSet ID="6524731" />
        <annoSet ID="6537338" />
        <annoSet ID="6540845" />
        <annoSet ID="6541645" />
      </pattern>
      <pattern total="7">
        <valenceUnit GF="" PT="INI" FE="Factory" />
        <annoSet ID="6521246" />
        <annoSet ID="6531964" />
        <annoSet ID="6532160" />
        <annoSet ID="6532419" />
        <annoSet ID="6532459" />
        <annoSet ID="6532857" />
        <annoSet ID="6533468" />
      </pattern>
      <pattern total="5">
        <valenceUnit GF="Dep" PT="PP[at]" FE="Factory" />
        <annoSet ID="6523413" />
        <annoSet ID="6531995" />
        <annoSet ID="6532797" />
        <annoSet ID="6532864" />
        <annoSet ID="6532869" />
      </pattern>
      <pattern total="1">
        <valenceUnit GF="Dep" PT="PP[in]" FE="Factory" />
        <annoSet ID="1812635" />
      </pattern>
    </FERealization>
    <FERealization total="1">
      <FE name="Frequency" />
      <pattern total="1">
        <valenceUnit GF="Dep" PT="PP[per]" FE="Frequency" />
        <annoSet ID="6525662" />
      </pattern>
    </FERealization>
    <FERealization total="1">
      <FE name="Instrument" />
      <pattern total="1">
        <valenceUnit GF="Dep" PT="PP[with]" FE="Instrument" />
        <annoSet ID="6526310" />
      </pattern>
    </FERealization>
    <FERealization total="6">
      <FE name="Manner" />
      <pattern total="3">
        <valenceUnit GF="Dep" PT="AVP" FE="Manner" />
        <annoSet ID="1812233" />
        <annoSet ID="6525697" />
        <annoSet ID="6536410" />
      </pattern>
      <pattern total="2">
        <valenceUnit GF="Dep" PT="N" FE="Manner" />
        <annoSet ID="6523817" />
        <annoSet ID="6523820" />
      </pattern>
      <pattern total="1">
        <valenceUnit GF="Dep" PT="PP[at]" FE="Manner" />
        <annoSet ID="1812099" />
      </pattern>
    </FERealization>
    <FERealization total="4">
      <FE name="Means" />
      <pattern total="1">
        <valenceUnit GF="Dep" PT="AVP" FE="Means" />
        <annoSet ID="6532725" />
      </pattern>
      <pattern total="1">
        <valenceUnit GF="Dep" PT="NP" FE="Means" />
        <annoSet ID="6532723" />
      </pattern>
      <pattern total="2">
        <valenceUnit GF="Dep" PT="PP[with]" FE="Means" />
        <annoSet ID="1812549" />
        <annoSet ID="6527137" />
      </pattern>
    </FERealization>
    <FERealization total="8">
      <FE name="Place" />
      <pattern total="3">
        <valenceUnit GF="Dep" PT="PP[at]" FE="Place" />
        <annoSet ID="1812391" />
        <annoSet ID="1812651" />
        <annoSet ID="6521259" />
      </pattern>
      <pattern total="4">
        <valenceUnit GF="Dep" PT="AVP" FE="Place" />
        <annoSet ID="1812143" />
        <annoSet ID="6521794" />
        <annoSet ID="6528894" />
        <annoSet ID="6532160" />
      </pattern>
      <pattern total="1">
        <valenceUnit GF="Dep" PT="NP" FE="Place" />
        <annoSet ID="6532160" />
      </pattern>
      <pattern total="1">
        <valenceUnit GF="Dep" PT="PP[in]" FE="Place" />
        <annoSet ID="1812265" />
      </pattern>
    </FERealization>
    <FERealization total="119">
      <FE name="Producer" />
      <pattern total="45">
        <valenceUnit GF="" PT="CNI" FE="Producer" />
        <annoSet ID="1812219" />
        <annoSet ID="1812265" />
        <annoSet ID="1812383" />
        <annoSet ID="1812417" />
        <annoSet ID="1812477" />
        <annoSet ID="1812515" />
        <annoSet ID="1812527" />
        <annoSet ID="1812537" />
        <annoSet ID="1812549" />
        <annoSet ID="1812635" />
        <annoSet ID="1812651" />
        <annoSet ID="6521235" />
        <annoSet ID="6521259" />
        <annoSet ID="6521301" />
        <annoSet ID="6523286" />
        <annoSet ID="6523384" />
        <annoSet ID="6523817" />
        <annoSet ID="6523820" />
        <annoSet ID="6524291" />
        <annoSet ID="6524499" />
        <annoSet ID="6524579" />
        <annoSet ID="6525593" />
        <annoSet ID="6525779" />
        <annoSet ID="6526308" />
        <annoSet ID="6526335" />
        <annoSet ID="6526374" />
        <annoSet ID="6527137" />
        <annoSet ID="6527292" />
        <annoSet ID="6528864" />
        <annoSet ID="6529513" />
        <annoSet ID="6529600" />
        <annoSet ID="6529996" />
        <annoSet ID="6531964" />
        <annoSet ID="6531995" />
        <annoSet ID="6532160" />
        <annoSet ID="6532556" />
        <annoSet ID="6532869" />
        <annoSet ID="6533406" />
        <annoSet ID="6533468" />
        <annoSet ID="6533472" />
        <annoSet ID="6534050" />
        <annoSet ID="6534197" />
        <annoSet ID="6535748" />
        <annoSet ID="6536426" />
        <annoSet ID="6540674" />
      </pattern>
      <pattern total="64">
        <valenceUnit GF="Ext" PT="NP" FE="Producer" />
        <annoSet ID="1812099" />
        <annoSet ID="1812143" />
        <annoSet ID="1812193" />
        <annoSet ID="1812201" />
        <annoSet ID="1812207" />
        <annoSet ID="1812215" />
        <annoSet ID="1812217" />
        <annoSet ID="1812605" />
        <annoSet ID="6521246" />
        <annoSet ID="6521628" />
        <annoSet ID="6521731" />
        <annoSet ID="6521767" />
        <annoSet ID="6521785" />
        <annoSet ID="6521804" />
        <annoSet ID="6522037" />
        <annoSet ID="6522282" />
        <annoSet ID="6523161" />
        <annoSet ID="6523387" />
        <annoSet ID="6523412" />
        <annoSet ID="6523413" />
        <annoSet ID="6523425" />
        <annoSet ID="6524823" />
        <annoSet ID="6524846" />
        <annoSet ID="6525446" />
        <annoSet ID="6525596" />
        <annoSet ID="6525607" />
        <annoSet ID="6525650" />
        <annoSet ID="6525662" />
        <annoSet ID="6525669" />
        <annoSet ID="6525675" />
        <annoSet ID="6525697" />
        <annoSet ID="6526310" />
        <annoSet ID="6526429" />
        <annoSet ID="6526996" />
        <annoSet ID="6526999" />
        <annoSet ID="6527118" />
        <annoSet ID="6527171" />
        <annoSet ID="6527190" />
        <annoSet ID="6527198" />
        <annoSet ID="6528975" />
        <annoSet ID="6528998" />
        <annoSet ID="6529084" />
        <annoSet ID="6529326" />
        <annoSet ID="6529437" />
        <annoSet ID="6529482" />
        <annoSet ID="6529528" />
        <annoSet ID="6530351" />
        <annoSet ID="6532202" />
        <annoSet ID="6532208" />
        <annoSet ID="6532330" />
        <annoSet ID="6532346" />
        <annoSet ID="6532419" />
        <annoSet ID="6532459" />
        <annoSet ID="6532550" />
        <annoSet ID="6532723" />
        <annoSet ID="6532725" />
        <annoSet ID="6532797" />
        <annoSet ID="6532857" />
        <annoSet ID="6532864" />
        <annoSet ID="6534571" />
        <annoSet ID="6534695" />
        <annoSet ID="6535422" />
        <annoSet ID="6535689" />
        <annoSet ID="6540609" />
      </pattern>
      <pattern total="3">
        <valenceUnit GF="" PT="DNI" FE="Producer" />
        <annoSet ID="6521794" />
        <annoSet ID="6536410" />
        <annoSet ID="6548583" />
      </pattern>
      <pattern total="3">
        <valenceUnit GF="Dep" PT="PP[by]" FE="Producer" />
        <annoSet ID="1812233" />
        <annoSet ID="1812391" />
        <annoSet ID="1812463" />
      </pattern>
      <pattern total="1">
        <valenceUnit GF="" PT="2nd" FE="Producer" />
        <annoSet ID="6528894" />
      </pattern>
      <pattern total="1">
        <valenceUnit GF="" PT="INI" FE="Producer" />
        <annoSet ID="6523961" />
      </pattern>
      <pattern total="1">
        <valenceUnit GF="Dep" PT="N" FE="Producer" />
        <annoSet ID="6528566" />
      </pattern>
      <pattern total="1">
        <valenceUnit GF="Ext" PT="Poss" FE="Producer" />
        <annoSet ID="6525055" />
      </pattern>
    </FERealization>
    <FERealization total="126">
      <FE name="Product" />
      <pattern total="2">
        <valenceUnit GF="" PT="INI" FE="Product" />
        <annoSet ID="1812099" />
        <annoSet ID="1812651" />
      </pattern>
      <pattern total="102">
        <valenceUnit GF="Obj" PT="NP" FE="Product" />
        <annoSet ID="1812143" />
        <annoSet ID="1812193" />
        <annoSet ID="1812201" />
        <annoSet ID="1812203" />
        <annoSet ID="1812207" />
        <annoSet ID="1812215" />
        <annoSet ID="1812217" />
        <annoSet ID="1812265" />
        <annoSet ID="1812605" />
        <annoSet ID="6521235" />
        <annoSet ID="6521246" />
        <annoSet ID="6521628" />
        <annoSet ID="6521731" />
        <annoSet ID="6521767" />
        <annoSet ID="6521769" />
        <annoSet ID="6521785" />
        <annoSet ID="6521804" />
        <annoSet ID="6521979" />
        <annoSet ID="6522037" />
        <annoSet ID="6522282" />
        <annoSet ID="6523161" />
        <annoSet ID="6523286" />
        <annoSet ID="6523384" />
        <annoSet ID="6523387" />
        <annoSet ID="6523412" />
        <annoSet ID="6523413" />
        <annoSet ID="6523425" />
        <annoSet ID="6523817" />
        <annoSet ID="6523820" />
        <annoSet ID="6523961" />
        <annoSet ID="6524291" />
        <annoSet ID="6524499" />
        <annoSet ID="6524579" />
        <annoSet ID="6524731" />
        <annoSet ID="6524823" />
        <annoSet ID="6524846" />
        <annoSet ID="6525055" />
        <annoSet ID="6525446" />
        <annoSet ID="6525593" />
        <annoSet ID="6525596" />
        <annoSet ID="6525607" />
        <annoSet ID="6525650" />
        <annoSet ID="6525662" />
        <annoSet ID="6525669" />
        <annoSet ID="6525675" />
        <annoSet ID="6525697" />
        <annoSet ID="6525779" />
        <annoSet ID="6526308" />
        <annoSet ID="6526310" />
        <annoSet ID="6526335" />
        <annoSet ID="6526374" />
        <annoSet ID="6526429" />
        <annoSet ID="6526996" />
        <annoSet ID="6526999" />
        <annoSet ID="6527118" />
        <annoSet ID="6527137" />
        <annoSet ID="6527171" />
        <annoSet ID="6527190" />
        <annoSet ID="6527198" />
        <annoSet ID="6527292" />
        <annoSet ID="6528864" />
        <annoSet ID="6528975" />
        <annoSet ID="6528998" />
        <annoSet ID="6529084" />
        <annoSet ID="6529326" />
        <annoSet ID="6529437" />
        <annoSet ID="6529482" />
        <annoSet ID="6529513" />
        <annoSet ID="6529528" />
        <annoSet ID="6529600" />
        <annoSet ID="6529996" />
        <annoSet ID="6531964" />
        <annoSet ID="6532202" />
        <annoSet ID="6532208" />
        <annoSet ID="6532330" />
        <annoSet ID="6532346" />
        <annoSet ID="6532419" />
        <annoSet ID="6532459" />
        <annoSet ID="6532550" />
        <annoSet ID="6532556" />
        <annoSet ID="6532723" />
        <annoSet ID="6532725" />
        <annoSet ID="6532797" />
        <annoSet ID="6532857" />
        <annoSet ID="6532864" />
        <annoSet ID="6533406" />
        <annoSet ID="6533468" />
        <annoSet ID="6533472" />
        <annoSet ID="6534050" />
        <annoSet ID="6534197" />
        <annoSet ID="6534571" />
        <annoSet ID="6534695" />
        <annoSet ID="6535422" />
        <annoSet ID="6535689" />
        <annoSet ID="6535748" />
        <annoSet ID="6536410" />
        <annoSet ID="6537338" />
        <annoSet ID="6540609" />
        <annoSet ID="6540674" />
        <annoSet ID="6540845" />
        <annoSet ID="6541645" />
        <annoSet ID="6548583" />
      </pattern>
      <pattern total="18">
        <valenceUnit GF="Ext" PT="NP" FE="Product" />
        <annoSet ID="1812219" />
        <annoSet ID="1812233" />
        <annoSet ID="1812383" />
        <annoSet ID="1812391" />
        <annoSet ID="1812417" />
        <annoSet ID="1812463" />
        <annoSet ID="1812477" />
        <annoSet ID="1812515" />
        <annoSet ID="1812527" />
        <annoSet ID="1812549" />
        <annoSet ID="1812635" />
        <annoSet ID="6521259" />
        <annoSet ID="6521301" />
        <annoSet ID="6521794" />
        <annoSet ID="6531995" />
        <annoSet ID="6532160" />
        <annoSet ID="6532869" />
        <annoSet ID="6536426" />
      </pattern>
      <pattern total="2">
        <valenceUnit GF="Head" PT="N" FE="Product" />
        <annoSet ID="6528566" />
        <annoSet ID="6528894" />
      </pattern>
      <pattern total="1">
        <valenceUnit GF="Dep" PT="AVP" FE="Product" />
        <annoSet ID="1812537" />
      </pattern>
      <pattern total="1">
        <valenceUnit GF="Dep" PT="unknown" FE="Product" />
        <annoSet ID="6530351" />
      </pattern>
    </FERealization>
    <FERealization total="1">
      <FE name="Purpose" />
      <pattern total="1">
        <valenceUnit GF="Dep" PT="VPto" FE="Purpose" />
        <annoSet ID="6525596" />
      </pattern>
    </FERealization>
    <FERealization total="7">
      <FE name="Resource" />
      <pattern total="6">
        <valenceUnit GF="Dep" PT="PP[from]" FE="Resource" />
        <annoSet ID="1812391" />
        <annoSet ID="1812417" />
        <annoSet ID="1812515" />
        <annoSet ID="1812527" />
        <annoSet ID="1812537" />
        <annoSet ID="6522282" />
      </pattern>
      <pattern total="1">
        <valenceUnit GF="Dep" PT="PP[with]" FE="Resource" />
        <annoSet ID="6528975" />
      </pattern>
    </FERealization>
    <FERealization total="10">
      <FE name="Time" />
      <pattern total="1">
        <valenceUnit GF="Dep" PT="PP[in]" FE="Time" />
        <annoSet ID="6532419" />
      </pattern>
      <pattern total="5">
        <valenceUnit GF="Dep" PT="AVP" FE="Time" />
        <annoSet ID="6521259" />
        <annoSet ID="6521804" />
        <annoSet ID="6521979" />
        <annoSet ID="6524731" />
        <annoSet ID="6532864" />
      </pattern>
      <pattern total="1">
        <valenceUnit GF="Dep" PT="PP[over]" FE="Time" />
        <annoSet ID="6521301" />
      </pattern>
      <pattern total="1">
        <valenceUnit GF="Dep" PT="PP[by]" FE="Time" />
        <annoSet ID="6522282" />
      </pattern>
      <pattern total="1">
        <valenceUnit GF="Dep" PT="PP[until]" FE="Time" />
        <annoSet ID="6521731" />
      </pattern>
      <pattern total="1">
        <valenceUnit GF="Dep" PT="Sub" FE="Time" />
        <annoSet ID="1812217" />
      </pattern>
    </FERealization>
    <FEGroupRealization total="1">
      <FE name="Circumstances" />
      <FE name="Place" />
      <FE name="Producer" />
      <FE name="Product" />
      <pattern total="1">
        <valenceUnit GF="Dep" PT="Sub" FE="Circumstances" />
        <valenceUnit GF="Dep" PT="PP[at]" FE="Place" />
        <valenceUnit GF="" PT="CNI" FE="Producer" />
        <valenceUnit GF="" PT="INI" FE="Product" />
        <annoSet ID="1812651" />
      </pattern>
    </FEGroupRealization>
    <FEGroupRealization total="1">
      <FE name="Consumer" />
      <FE name="Factory" />
      <FE name="Product" />
      <pattern total="1">
        <valenceUnit GF="Dep" PT="PP[for]" FE="Consumer" />
        <valenceUnit GF="Ext" PT="NP" FE="Factory" />
        <valenceUnit GF="Obj" PT="NP" FE="Product" />
        <annoSet ID="1812203" />
      </pattern>
    </FEGroupRealization>
    <FEGroupRealization total="1">
      <FE name="Consumer" />
      <FE name="Producer" />
      <FE name="Product" />
      <pattern total="1">
        <valenceUnit GF="Dep" PT="PP[for]" FE="Consumer" />
        <valenceUnit GF="" PT="CNI" FE="Producer" />
        <valenceUnit GF="Ext" PT="NP" FE="Product" />
        <annoSet ID="1812219" />
      </pattern>
    </FEGroupRealization>
    <FEGroupRealization total="1">
      <FE name="Depictive" />
      <FE name="Producer" />
      <FE name="Product" />
      <pattern total="1">
        <valenceUnit GF="Dep" PT="AVP" FE="Depictive" />
        <valenceUnit GF="Ext" PT="NP" FE="Producer" />
        <valenceUnit GF="Obj" PT="NP" FE="Product" />
        <annoSet ID="6523161" />
      </pattern>
    </FEGroupRealization>
    <FEGroupRealization total="2">
      <FE name="Factory" />
      <FE name="Factory" />
      <FE name="Product" />
      <pattern total="2">
        <valenceUnit GF="Ext" PT="NP" FE="Factory" />
        <valenceUnit GF="Ext" PT="NP" FE="Factory" />
        <valenceUnit GF="Obj" PT="NP" FE="Product" />
        <annoSet ID="6540845" />
        <annoSet ID="6541645" />
      </pattern>
    </FEGroupRealization>
    <FEGroupRealization total="1">
      <FE name="Factory" />
      <FE name="Place" />
      <FE name="Place" />
      <FE name="Producer" />
      <FE name="Product" />
      <pattern total="1">
        <valenceUnit GF="" PT="INI" FE="Factory" />
        <valenceUnit GF="Dep" PT="AVP" FE="Place" />
        <valenceUnit GF="Dep" PT="NP" FE="Place" />
        <valenceUnit GF="" PT="CNI" FE="Producer" />
        <valenceUnit GF="Ext" PT="NP" FE="Product" />
        <annoSet ID="6532160" />
      </pattern>
    </FEGroupRealization>
    <FEGroupRealization total="10">
      <FE name="Factory" />
      <FE name="Producer" />
      <FE name="Product" />
      <pattern total="2">
        <valenceUnit GF="" PT="INI" FE="Factory" />
        <valenceUnit GF="" PT="CNI" FE="Producer" />
        <valenceUnit GF="Obj" PT="NP" FE="Product" />
        <annoSet ID="6531964" />
        <annoSet ID="6533468" />
      </pattern>
      <pattern total="3">
        <valenceUnit GF="" PT="INI" FE="Factory" />
        <valenceUnit GF="Ext" PT="NP" FE="Producer" />
        <valenceUnit GF="Obj" PT="NP" FE="Product" />
        <annoSet ID="6521246" />
        <annoSet ID="6532459" />
        <annoSet ID="6532857" />
      </pattern>
      <pattern total="2">
        <valenceUnit GF="Dep" PT="PP[at]" FE="Factory" />
        <valenceUnit GF="" PT="CNI" FE="Producer" />
        <valenceUnit GF="Ext" PT="NP" FE="Product" />
        <annoSet ID="6531995" />
        <annoSet ID="6532869" />
      </pattern>
      <pattern total="2">
        <valenceUnit GF="Dep" PT="PP[at]" FE="Factory" />
        <valenceUnit GF="Ext" PT="NP" FE="Producer" />
        <valenceUnit GF="Obj" PT="NP" FE="Product" />
        <annoSet ID="6523413" />
        <annoSet ID="6532797" />
      </pattern>
      <pattern total="1">
        <valenceUnit GF="Dep" PT="PP[in]" FE="Factory" />
        <valenceUnit GF="" PT="CNI" FE="Producer" />
        <valenceUnit GF="Ext" PT="NP" FE="Product" />
        <annoSet ID="1812635" />
      </pattern>
    </FEGroupRealization>
    <FEGroupRealization total="2">
      <FE name="Factory" />
      <FE name="Producer" />
      <FE name="Product" />
      <FE name="Time" />
      <pattern total="1">
        <valenceUnit GF="" PT="INI" FE="Factory" />
        <valenceUnit GF="Ext" PT="NP" FE="Producer" />
        <valenceUnit GF="Obj" PT="NP" FE="Product" />
        <valenceUnit GF="Dep" PT="PP[in]" FE="Time" />
        <annoSet ID="6532419" />
      </pattern>
      <pattern total="1">
        <valenceUnit GF="Dep" PT="PP[at]" FE="Factory" />
        <valenceUnit GF="Ext" PT="NP" FE="Producer" />
        <valenceUnit GF="Obj" PT="NP" FE="Product" />
        <valenceUnit GF="Dep" PT="AVP" FE="Time" />
        <annoSet ID="6532864" />
      </pattern>
    </FEGroupRealization>
    <FEGroupRealization total="2">
      <FE name="Factory" />
      <FE name="Product" />
      <pattern total="2">
        <valenceUnit GF="Ext" PT="NP" FE="Factory" />
        <valenceUnit GF="Obj" PT="NP" FE="Product" />
        <annoSet ID="6521769" />
        <annoSet ID="6537338" />
      </pattern>
    </FEGroupRealization>
    <FEGroupRealization total="2">
      <FE name="Factory" />
      <FE name="Product" />
      <FE name="Time" />
      <pattern total="2">
        <valenceUnit GF="Ext" PT="NP" FE="Factory" />
        <valenceUnit GF="Obj" PT="NP" FE="Product" />
        <valenceUnit GF="Dep" PT="AVP" FE="Time" />
        <annoSet ID="6521979" />
        <annoSet ID="6524731" />
      </pattern>
    </FEGroupRealization>
    <FEGroupRealization total="1">
      <FE name="Frequency" />
      <FE name="Producer" />
      <FE name="Product" />
      <pattern total="1">
        <valenceUnit GF="Dep" PT="PP[per]" FE="Frequency" />
        <valenceUnit GF="Ext" PT="NP" FE="Producer" />
        <valenceUnit GF="Obj" PT="NP" FE="Product" />
        <annoSet ID="6525662" />
      </pattern>
    </FEGroupRealization>
    <FEGroupRealization total="1">
      <FE name="Instrument" />
      <FE name="Producer" />
      <FE name="Product" />
      <pattern total="1">
        <valenceUnit GF="Dep" PT="PP[with]" FE="Instrument" />
        <valenceUnit GF="Ext" PT="NP" FE="Producer" />
        <valenceUnit GF="Obj" PT="NP" FE="Product" />
        <annoSet ID="6526310" />
      </pattern>
    </FEGroupRealization>
    <FEGroupRealization total="6">
      <FE name="Manner" />
      <FE name="Producer" />
      <FE name="Product" />
      <pattern total="1">
        <valenceUnit GF="Dep" PT="AVP" FE="Manner" />
        <valenceUnit GF="" PT="DNI" FE="Producer" />
        <valenceUnit GF="Obj" PT="NP" FE="Product" />
        <annoSet ID="6536410" />
      </pattern>
      <pattern total="1">
        <valenceUnit GF="Dep" PT="AVP" FE="Manner" />
        <valenceUnit GF="Ext" PT="NP" FE="Producer" />
        <valenceUnit GF="Obj" PT="NP" FE="Product" />
        <annoSet ID="6525697" />
      </pattern>
      <pattern total="1">
        <valenceUnit GF="Dep" PT="AVP" FE="Manner" />
        <valenceUnit GF="Dep" PT="PP[by]" FE="Producer" />
        <valenceUnit GF="Ext" PT="NP" FE="Product" />
        <annoSet ID="1812233" />
      </pattern>
      <pattern total="2">
        <valenceUnit GF="Dep" PT="N" FE="Manner" />
        <valenceUnit GF="" PT="CNI" FE="Producer" />
        <valenceUnit GF="Obj" PT="NP" FE="Product" />
        <annoSet ID="6523817" />
        <annoSet ID="6523820" />
      </pattern>
      <pattern total="1">
        <valenceUnit GF="Dep" PT="PP[at]" FE="Manner" />
        <valenceUnit GF="Ext" PT="NP" FE="Producer" />
        <valenceUnit GF="" PT="INI" FE="Product" />
        <annoSet ID="1812099" />
      </pattern>
    </FEGroupRealization>
    <FEGroupRealization total="4">
      <FE name="Means" />
      <FE name="Producer" />
      <FE name="Product" />
      <pattern total="1">
        <valenceUnit GF="Dep" PT="AVP" FE="Means" />
        <valenceUnit GF="Ext" PT="NP" FE="Producer" />
        <valenceUnit GF="Obj" PT="NP" FE="Product" />
        <annoSet ID="6532725" />
      </pattern>
      <pattern total="1">
        <valenceUnit GF="Dep" PT="NP" FE="Means" />
        <valenceUnit GF="Ext" PT="NP" FE="Producer" />
        <valenceUnit GF="Obj" PT="NP" FE="Product" />
        <annoSet ID="6532723" />
      </pattern>
      <pattern total="1">
        <valenceUnit GF="Dep" PT="PP[with]" FE="Means" />
        <valenceUnit GF="" PT="CNI" FE="Producer" />
        <valenceUnit GF="Ext" PT="NP" FE="Product" />
        <annoSet ID="1812549" />
      </pattern>
      <pattern total="1">
        <valenceUnit GF="Dep" PT="PP[with]" FE="Means" />
        <valenceUnit GF="" PT="CNI" FE="Producer" />
        <valenceUnit GF="Obj" PT="NP" FE="Product" />
        <annoSet ID="6527137" />
      </pattern>
    </FEGroupRealization>
    <FEGroupRealization total="4">
      <FE name="Place" />
      <FE name="Producer" />
      <FE name="Product" />
      <pattern total="1">
        <valenceUnit GF="Dep" PT="AVP" FE="Place" />
        <valenceUnit GF="" PT="2nd" FE="Producer" />
        <valenceUnit GF="Head" PT="N" FE="Product" />
        <annoSet ID="6528894" />
      </pattern>
      <pattern total="1">
        <valenceUnit GF="Dep" PT="AVP" FE="Place" />
        <valenceUnit GF="" PT="DNI" FE="Producer" />
        <valenceUnit GF="Ext" PT="NP" FE="Product" />
        <annoSet ID="6521794" />
      </pattern>
      <pattern total="1">
        <valenceUnit GF="Dep" PT="AVP" FE="Place" />
        <valenceUnit GF="Ext" PT="NP" FE="Producer" />
        <valenceUnit GF="Obj" PT="NP" FE="Product" />
        <annoSet ID="1812143" />
      </pattern>
      <pattern total="1">
        <valenceUnit GF="Dep" PT="PP[in]" FE="Place" />
        <valenceUnit GF="" PT="CNI" FE="Producer" />
        <valenceUnit GF="Obj" PT="NP" FE="Product" />
        <annoSet ID="1812265" />
      </pattern>
    </FEGroupRealization>
    <FEGroupRealization total="1">
      <FE name="Place" />
      <FE name="Producer" />
      <FE name="Product" />
      <FE name="Resource" />
      <pattern total="1">
        <valenceUnit GF="Dep" PT="PP[at]" FE="Place" />
        <valenceUnit GF="Dep" PT="PP[by]" FE="Producer" />
        <valenceUnit GF="Ext" PT="NP" FE="Product" />
        <valenceUnit GF="Dep" PT="PP[from]" FE="Resource" />
        <annoSet ID="1812391" />
      </pattern>
    </FEGroupRealization>
    <FEGroupRealization total="1">
      <FE name="Place" />
      <FE name="Producer" />
      <FE name="Product" />
      <FE name="Time" />
      <pattern total="1">
        <valenceUnit GF="Dep" PT="PP[at]" FE="Place" />
        <valenceUnit GF="" PT="CNI" FE="Producer" />
        <valenceUnit GF="Ext" PT="NP" FE="Product" />
        <valenceUnit GF="Dep" PT="AVP" FE="Time" />
        <annoSet ID="6521259" />
      </pattern>
    </FEGroupRealization>
    <FEGroupRealization total="1">
      <FE name="Producer" />
      <FE name="Producer" />
      <FE name="Product" />
      <pattern total="1">
        <valenceUnit GF="Ext" PT="NP" FE="Producer" />
        <valenceUnit GF="Ext" PT="NP" FE="Producer" />
        <valenceUnit GF="Obj" PT="NP" FE="Product" />
        <annoSet ID="6524846" />
      </pattern>
    </FEGroupRealization>
    <FEGroupRealization total="73">
      <FE name="Producer" />
      <FE name="Product" />
      <pattern total="3">
        <valenceUnit GF="" PT="CNI" FE="Producer" />
        <valenceUnit GF="Ext" PT="NP" FE="Product" />
        <annoSet ID="1812383" />
        <annoSet ID="1812477" />
        <annoSet ID="6536426" />
      </pattern>
      <pattern total="23">
        <valenceUnit GF="" PT="CNI" FE="Producer" />
        <valenceUnit GF="Obj" PT="NP" FE="Product" />
        <annoSet ID="6521235" />
        <annoSet ID="6523286" />
        <annoSet ID="6523384" />
        <annoSet ID="6524291" />
        <annoSet ID="6524499" />
        <annoSet ID="6524579" />
        <annoSet ID="6525593" />
        <annoSet ID="6525779" />
        <annoSet ID="6526308" />
        <annoSet ID="6526335" />
        <annoSet ID="6526374" />
        <annoSet ID="6527292" />
        <annoSet ID="6528864" />
        <annoSet ID="6529513" />
        <annoSet ID="6529600" />
        <annoSet ID="6529996" />
        <annoSet ID="6532556" />
        <annoSet ID="6533406" />
        <annoSet ID="6533472" />
        <annoSet ID="6534050" />
        <annoSet ID="6534197" />
        <annoSet ID="6535748" />
        <annoSet ID="6540674" />
      </pattern>
      <pattern total="1">
        <valenceUnit GF="" PT="DNI" FE="Producer" />
        <valenceUnit GF="Obj" PT="NP" FE="Product" />
        <annoSet ID="6548583" />
      </pattern>
      <pattern total="1">
        <valenceUnit GF="" PT="INI" FE="Producer" />
        <valenceUnit GF="Obj" PT="NP" FE="Product" />
        <annoSet ID="6523961" />
      </pattern>
      <pattern total="1">
        <valenceUnit GF="Dep" PT="N" FE="Producer" />
        <valenceUnit GF="Head" PT="N" FE="Product" />
        <annoSet ID="6528566" />
      </pattern>
      <pattern total="41">
        <valenceUnit GF="Ext" PT="NP" FE="Producer" />
        <valenceUnit GF="Obj" PT="NP" FE="Product" />
        <annoSet ID="1812193" />
        <annoSet ID="1812201" />
        <annoSet ID="1812207" />
        <annoSet ID="1812215" />
        <annoSet ID="1812605" />
        <annoSet ID="6521628" />
        <annoSet ID="6521767" />
        <annoSet ID="6521785" />
        <annoSet ID="6522037" />
        <annoSet ID="6523387" />
        <annoSet ID="6523412" />
        <annoSet ID="6523425" />
        <annoSet ID="6524823" />
        <annoSet ID="6525446" />
        <annoSet ID="6525607" />
        <annoSet ID="6525650" />
        <annoSet ID="6525669" />
        <annoSet ID="6525675" />
        <annoSet ID="6526429" />
        <annoSet ID="6526996" />
        <annoSet ID="6526999" />
        <annoSet ID="6527118" />
        <annoSet ID="6527171" />
        <annoSet ID="6527190" />
        <annoSet ID="6527198" />
        <annoSet ID="6528998" />
        <annoSet ID="6529084" />
        <annoSet ID="6529326" />
        <annoSet ID="6529437" />
        <annoSet ID="6529482" />
        <annoSet ID="6529528" />
        <annoSet ID="6532202" />
        <annoSet ID="6532208" />
        <annoSet ID="6532330" />
        <annoSet ID="6532346" />
        <annoSet ID="6532550" />
        <annoSet ID="6534571" />
        <annoSet ID="6534695" />
        <annoSet ID="6535422" />
        <annoSet ID="6535689" />
        <annoSet ID="6540609" />
      </pattern>
      <pattern total="1">
        <valenceUnit GF="Ext" PT="NP" FE="Producer" />
        <valenceUnit GF="Dep" PT="unknown" FE="Product" />
        <annoSet ID="6530351" />
      </pattern>
      <pattern total="1">
        <valenceUnit GF="Dep" PT="PP[by]" FE="Producer" />
        <valenceUnit GF="Ext" PT="NP" FE="Product" />
        <annoSet ID="1812463" />
      </pattern>
      <pattern total="1">
        <valenceUnit GF="Ext" PT="Poss" FE="Producer" />
        <valenceUnit GF="Obj" PT="NP" FE="Product" />
        <annoSet ID="6525055" />
      </pattern>
    </FEGroupRealization>
    <FEGroupRealization total="1">
      <FE name="Producer" />
      <FE name="Product" />
      <FE name="Purpose" />
      <pattern total="1">
        <valenceUnit GF="Ext" PT="NP" FE="Producer" />
        <valenceUnit GF="Obj" PT="NP" FE="Product" />
        <valenceUnit GF="Dep" PT="VPto" FE="Purpose" />
        <annoSet ID="6525596" />
      </pattern>
    </FEGroupRealization>
    <FEGroupRealization total="5">
      <FE name="Producer" />
      <FE name="Product" />
      <FE name="Resource" />
      <pattern total="1">
        <valenceUnit GF="" PT="CNI" FE="Producer" />
        <valenceUnit GF="Dep" PT="AVP" FE="Product" />
        <valenceUnit GF="Dep" PT="PP[from]" FE="Resource" />
        <annoSet ID="1812537" />
      </pattern>
      <pattern total="3">
        <valenceUnit GF="" PT="CNI" FE="Producer" />
        <valenceUnit GF="Ext" PT="NP" FE="Product" />
        <valenceUnit GF="Dep" PT="PP[from]" FE="Resource" />
        <annoSet ID="1812417" />
        <annoSet ID="1812515" />
        <annoSet ID="1812527" />
      </pattern>
      <pattern total="1">
        <valenceUnit GF="Ext" PT="NP" FE="Producer" />
        <valenceUnit GF="Obj" PT="NP" FE="Product" />
        <valenceUnit GF="Dep" PT="PP[with]" FE="Resource" />
        <annoSet ID="6528975" />
      </pattern>
    </FEGroupRealization>
    <FEGroupRealization total="1">
      <FE name="Producer" />
      <FE name="Product" />
      <FE name="Resource" />
      <FE name="Time" />
      <pattern total="1">
        <valenceUnit GF="Ext" PT="NP" FE="Producer" />
        <valenceUnit GF="Obj" PT="NP" FE="Product" />
        <valenceUnit GF="Dep" PT="PP[from]" FE="Resource" />
        <valenceUnit GF="Dep" PT="PP[by]" FE="Time" />
        <annoSet ID="6522282" />
      </pattern>
    </FEGroupRealization>
    <FEGroupRealization total="4">
      <FE name="Producer" />
      <FE name="Product" />
      <FE name="Time" />
      <pattern total="1">
        <valenceUnit GF="" PT="CNI" FE="Producer" />
        <valenceUnit GF="Ext" PT="NP" FE="Product" />
        <valenceUnit GF="Dep" PT="PP[over]" FE="Time" />
        <annoSet ID="6521301" />
      </pattern>
      <pattern total="1">
        <valenceUnit GF="Ext" PT="NP" FE="Producer" />
        <valenceUnit GF="Obj" PT="NP" FE="Product" />
        <valenceUnit GF="Dep" PT="AVP" FE="Time" />
        <annoSet ID="6521804" />
      </pattern>
      <pattern total="1">
        <valenceUnit GF="Ext" PT="NP" FE="Producer" />
        <valenceUnit GF="Obj" PT="NP" FE="Product" />
        <valenceUnit GF="Dep" PT="PP[until]" FE="Time" />
        <annoSet ID="6521731" />
      </pattern>
      <pattern total="1">
        <valenceUnit GF="Ext" PT="NP" FE="Producer" />
        <valenceUnit GF="Obj" PT="NP" FE="Product" />
        <valenceUnit GF="Dep" PT="Sub" FE="Time" />
        <annoSet ID="1812217" />
      </pattern>
    </FEGroupRealization>
  </valences>
  <subCorpus name="V-augmented">
    <sentence sentNo="0" ID="1165367n">
      <text>Success going to his head , he started to produce a counterfeit on such a large scale that eventually he was arrested and held in a tower in Klein Amburg . </text>
      <annotationSet cDate="08/08/2025 07:57:58 PST Fri" status="AUGMENTED" ID="0">
        <layer name="FE" rank="1">
          <label cBy="auto-aug" feID="3756" start="28" end="29" name="Producer" />
          <label cBy="auto-aug" feID="3757" start="50" end="62" name="Product" />
          <label cBy="auto-aug" feID="3775" start="64" end="152" name="Manner" />
        </layer>
        <layer name="Target" rank="1">
          <label cBy="auto-aug" start="42" end="48" name="Target" />
        </layer>
      </annotationSet>
    </sentence>
    <sentence sentNo="0" ID="4096460n">
      <text>Also , after the lifting of the 1999 sanctions , reports of increased technical and structural assistance from countries like Iran , North Korea , China , India , and Russia have raised concerns over Libya 's growing ability to produce weapons . </text>
      <annotationSet cDate="08/08/2025 07:57:58 PST Fri" status="AUGMENTED" ID="0">
        <layer name="FE" rank="1">
          <label cBy="auto-aug" feID="3756" start="200" end="207" name="Producer" />
          <label cBy="auto-aug" feID="3757" start="236" end="242" name="Product" />
        </layer>
        <layer name="Target" rank="1">
          <label cBy="auto-aug" start="228" end="234" name="Target" />
        </layer>
      </annotationSet>
    </sentence>
    <sentence sentNo="0" ID="1165455n">
      <text>The Norton product is in short supply , but Transparent hopes to begin producing new software in the near future . </text>
      <annotationSet cDate="08/08/2025 07:57:58 PST Fri" status="AUGMENTED" ID="0">
        <layer name="FE" rank="1">
          <label cBy="auto-aug" feID="3756" start="44" end="54" name="Producer" />
          <label cBy="auto-aug" feID="3757" start="81" end="92" name="Product" />
          <label cBy="auto-aug" feID="3768" start="94" end="111" name="Time" />
        </layer>
        <layer name="Target" rank="1">
          <label cBy="auto-aug" start="71" end="79" name="Target" />
        </layer>
      </annotationSet>
    </sentence>
    <sentence sentNo="0" ID="1520950n">
      <text>the factory produce the goods , while tailor and cobbler make clothes and shoes to order .</text>
      <annotationSet cDate="08/08/2025 07:57:58 PST Fri" status="AUGMENTED" ID="0">
        <layer name="FE" rank="1">
          <label cBy="auto-aug" feID="3769" start="0" end="10" name="Factory" />
          <label cBy="auto-aug" feID="3757" start="20" end="28" name="Product" />
        </layer>
        <layer name="Target" rank="1">
          <label cBy="auto-aug" start="12" end="18" name="Target" />
        </layer>
      </annotationSet>
    </sentence>
    <sentence sentNo="0" ID="1165552n">
      <text>The report stresses that the entire standardisation process could be devalued by inspectors concentrating on minor infractions of the rules and on monitoring products produced outside their own country . </text>
      <annotationSet cDate="08/08/2025 07:57:58 PST Fri" status="AUGMENTED" ID="0">
        <layer name="FE" rank="1">
          <label cBy="auto-aug" feID="3757" start="158" end="165" name="Product" />
          <label cBy="auto-aug" feID="3759" start="176" end="200" name="Place" />
        </layer>
        <layer name="Target" rank="1">
          <label cBy="auto-aug" start="167" end="174" name="Target" />
        </layer>
      </annotationSet>
    </sentence>
    <sentence sentNo="0" ID="1520904n">
      <text>And , just as a film may be produced from cheap , shiny metal , it is generally possible to summarise a commercial movie 's hook in one sentence .</text>
      <annotationSet cDate="08/08/2025 07:57:58 PST Fri" status="AUGMENTED" ID="0">
        <layer name="FE" rank="1">
          <label cBy="auto-aug" feID="3757" start="14" end="19" name="Product" />
          <label cBy="auto-aug" feID="3758" start="37" end="60" name="Resource" />
        </layer>
        <layer name="Target" rank="1">
          <label cBy="auto-aug" start="28" end="35" name="Target" />
        </layer>
      </annotationSet>
    </sentence>
    <sentence sentNo="0" ID="4099720n">
      <text>But the sodium fluoride episode points to a serious problem faced by North Korea , namely the lack of domestically - produced sodium fluoride .</text>
      <annotationSet cDate="08/08/2025 07:57:58 PST Fri" status="AUGMENTED" ID="0">
        <layer name="FE" rank="1">
          <label cBy="auto-aug" feID="3759" start="102" end="113" name="Place" />
          <label cBy="auto-aug" feID="3757" start="126" end="140" name="Product" />
        </layer>
        <layer name="Target" rank="1">
          <label cBy="auto-aug" start="117" end="124" name="Target" />
        </layer>
      </annotationSet>
    </sentence>
    <sentence sentNo="0" ID="4097618n">
      <text>Nuclear weapons programs require specialized materials , facilities , equipment , and training in order to produce the raw material for weapons -- either highly enriched uranium ( HEU ) or plutonium -- and then to produce bombs using this fissile material .</text>
      <annotationSet cDate="08/08/2025 07:57:58 PST Fri" status="AUGMENTED" ID="0">
        <layer name="FE" rank="1">
          <label cBy="auto-aug" feID="3757" start="222" end="226" name="Product" />
          <label cBy="auto-aug" feID="3776" start="228" end="254" name="Means" />
        </layer>
        <layer name="Target" rank="1">
          <label cBy="auto-aug" start="107" end="113" name="Target" />
        </layer>
      </annotationSet>
    </sentence>
    <sentence sentNo="0" ID="4097625n">
      <text>An advanced weapons program would require the capability to produce advanced weapons , for fabrication of boosted - yield weapons .</text>
      <annotationSet cDate="08/08/2025 07:57:58 PST Fri" status="AUGMENTED" ID="0">
        <layer name="FE" rank="1">
          <label cBy="auto-aug" feID="3757" start="68" end="83" name="Product" />
        </layer>
        <layer name="Target" rank="1">
          <label cBy="auto-aug" start="60" end="66" name="Target" />
        </layer>
      </annotationSet>
    </sentence>
    <sentence sentNo="0" ID="1520907n">
      <text>The company will also decide by the end of the year on the location for a new factory to produce innovative products .</text>
      <annotationSet cDate="08/08/2025 07:57:58 PST Fri" status="AUGMENTED" ID="0">
        <layer name="FE" rank="1">
          <label cBy="auto-aug" feID="3769" start="72" end="84" name="Factory" />
          <label cBy="auto-aug" feID="3757" start="97" end="115" name="Product" />
        </layer>
        <layer name="Target" rank="1">
          <label cBy="auto-aug" start="89" end="95" name="Target" />
        </layer>
      </annotationSet>
    </sentence>
    <sentence sentNo="0" ID="4097443n">
      <text>Hamyan Vahdati , who is said to be heading Iran 's nuclear program , says that no country can be taken seriously without a nuclear research program , and that Iran wants to have the technology and knowledge to produce weapons in case it needs them ( 7284 ) .</text>
      <annotationSet cDate="08/08/2025 07:57:58 PST Fri" status="AUGMENTED" ID="0">
        <layer name="FE" rank="1">
          <label cBy="auto-aug" feID="3756" start="43" end="46" name="Producer" />
          <label cBy="auto-aug" feID="3757" start="218" end="224" name="Product" />
        </layer>
        <layer name="Target" rank="1">
          <label cBy="auto-aug" start="210" end="216" name="Target" />
        </layer>
      </annotationSet>
    </sentence>
    <sentence sentNo="0" ID="1520939n">
      <text>Siemens is keen to add more logic devices to its semiconductor line , and Hewlett has few licensees fabricating Precision Architecture -- and several US chipmakers produce chips .</text>
      <annotationSet cDate="08/08/2025 07:57:58 PST Fri" status="AUGMENTED" ID="0">
        <layer name="FE" rank="1">
          <label cBy="auto-aug" feID="3756" start="142" end="162" name="Producer" />
          <label cBy="auto-aug" feID="3757" start="172" end="176" name="Product" />
        </layer>
        <layer name="Target" rank="1">
          <label cBy="auto-aug" start="164" end="170" name="Target" />
        </layer>
      </annotationSet>
    </sentence>
    <sentence sentNo="0" ID="1165394n">
      <text>Clay and ironstone were brought from the Weald to produce pottery . </text>
      <annotationSet cDate="08/08/2025 07:57:58 PST Fri" status="AUGMENTED" ID="0">
        <layer name="FE" rank="1">
          <label cBy="auto-aug" feID="3757" start="58" end="64" name="Product" />
        </layer>
        <layer name="Target" rank="1">
          <label cBy="auto-aug" start="50" end="56" name="Target" />
        </layer>
      </annotationSet>
    </sentence>
    <sentence sentNo="0" ID="1520865n">
      <text>goods is produced by the company ; its audiences are passive consumers , their participation limited to the choice between buying and not buying .</text>
      <annotationSet cDate="08/08/2025 07:57:58 PST Fri" status="AUGMENTED" ID="0">
        <layer name="FE" rank="1">
          <label cBy="auto-aug" feID="3757" start="0" end="4" name="Product" />
          <label cBy="auto-aug" feID="3756" start="18" end="31" name="Producer" />
        </layer>
        <layer name="Target" rank="1">
          <label cBy="auto-aug" start="9" end="16" name="Target" />
        </layer>
      </annotationSet>
    </sentence>
    <sentence sentNo="0" ID="1520881n">
      <text>the components had been produced at the factory , complete with risers reinforced with some 75 ? 50 mm timber , but we could have made it up on site .</text>
      <annotationSet cDate="08/08/2025 07:57:58 PST Fri" status="AUGMENTED" ID="0">
        <layer name="FE" rank="1">
          <label cBy="auto-aug" feID="3757" start="0" end="13" name="Product" />
          <label cBy="auto-aug" feID="3769" start="33" end="46" name="Factory" />
        </layer>
        <layer name="Target" rank="1">
          <label cBy="auto-aug" start="24" end="31" name="Target" />
        </layer>
      </annotationSet>
    </sentence>
    <sentence sentNo="0" ID="4097063n">
      <text>According to an intelligence report , cited by the Washington Times on 30 October 1997 , China completed construction in June 1997 of a dual - use plant in Iran for producing nuclear material .</text>
      <annotationSet cDate="08/08/2025 07:57:58 PST Fri" status="AUGMENTED" ID="0">
        <layer name="FE" rank="1">
          <label cBy="auto-aug" feID="3757" start="175" end="190" name="Product" />
        </layer>
        <layer name="Target" rank="1">
          <label cBy="auto-aug" start="165" end="173" name="Target" />
        </layer>
      </annotationSet>
    </sentence>
    <sentence sentNo="0" ID="1520874n">
      <text>Ford imports the Merkur , a line of cars made by its West German subsidiary , while GM produces the Astra in Italy .</text>
      <annotationSet cDate="08/08/2025 07:57:58 PST Fri" status="AUGMENTED" ID="0">
        <layer name="FE" rank="1">
          <label cBy="auto-aug" feID="3756" start="84" end="85" name="Producer" />
          <label cBy="auto-aug" feID="3757" start="96" end="104" name="Product" />
          <label cBy="auto-aug" feID="3759" start="106" end="113" name="Place" />
        </layer>
        <layer name="Target" rank="1">
          <label cBy="auto-aug" start="87" end="94" name="Target" />
        </layer>
      </annotationSet>
    </sentence>
    <sentence sentNo="0" ID="4098866n">
      <text>QN : Does MG Rover produce cars ?</text>
      <annotationSet cDate="08/08/2025 07:57:58 PST Fri" status="AUGMENTED" ID="0">
        <layer name="FE" rank="1">
          <label cBy="auto-aug" feID="3756" start="10" end="17" name="Producer" />
          <label cBy="auto-aug" feID="3757" start="27" end="30" name="Product" />
        </layer>
        <layer name="Target" rank="1">
          <label cBy="auto-aug" start="19" end="25" name="Target" />
        </layer>
      </annotationSet>
    </sentence>
    <sentence sentNo="0" ID="1520922n">
      <text>farms can be produced around this chassis without too much difficulty ( or one might be bought ) .</text>
      <annotationSet cDate="08/08/2025 07:57:58 PST Fri" status="AUGMENTED" ID="0">
        <layer name="FE" rank="1">
          <label cBy="auto-aug" feID="3757" start="0" end="4" name="Product" />
          <label cBy="auto-aug" feID="13186" start="22" end="40" name="Locus" />
          <label cBy="auto-aug" feID="3775" start="42" end="68" name="Manner" />
        </layer>
        <layer name="Target" rank="1">
          <label cBy="auto-aug" start="13" end="20" name="Target" />
        </layer>
      </annotationSet>
    </sentence>
    <sentence sentNo="0" ID="1181273n">
      <text>In robotics , for instance a number of British companies have begun to develop and produce robots , so creating jobs directly . </text>
      <annotationSet cDate="08/08/2025 07:57:58 PST Fri" status="AUGMENTED" ID="0">
        <layer name="FE" rank="1">
          <label cBy="auto-aug" feID="3756" start="27" end="55" name="Producer" />
          <label cBy="auto-aug" feID="3757" start="91" end="96" name="Product" />
        </layer>
        <layer name="Target" rank="1">
          <label cBy="auto-aug" start="83" end="89" name="Target" />
        </layer>
      </annotationSet>
    </sentence>
    <sentence sentNo="0" ID="1520923n">
      <text>defects produced on a particular face of the silicon crystal structure ( the so-called ( 100 ) face ) are the best .</text>
      <annotationSet cDate="08/08/2025 07:57:58 PST Fri" status="AUGMENTED" ID="0">
        <layer name="FE" rank="1">
          <label cBy="auto-aug" feID="3757" start="0" end="6" name="Product" />
          <label cBy="auto-aug" feID="13186" start="17" end="69" name="Locus" />
        </layer>
        <layer name="Target" rank="1">
          <label cBy="auto-aug" start="8" end="15" name="Target" />
        </layer>
      </annotationSet>
    </sentence>
    <sentence sentNo="0" ID="1165401n">
      <text>fresh vegetables has been produced by the local farmers . </text>
      <annotationSet cDate="08/08/2025 07:57:58 PST Fri" status="AUGMENTED" ID="0">
        <layer name="FE" rank="1">
          <label cBy="auto-aug" feID="3757" start="0" end="15" name="Product" />
          <label cBy="auto-aug" feID="3756" start="35" end="54" name="Producer" />
        </layer>
        <layer name="Target" rank="1">
          <label cBy="auto-aug" start="26" end="33" name="Target" />
        </layer>
      </annotationSet>
    </sentence>
    <sentence sentNo="0" ID="1165388n">
      <text>The Americans came up with 22 per cent and the Japanese , who seem to produce new technologies , actually thought up only six per cent . </text>
      <annotationSet cDate="08/08/2025 07:57:58 PST Fri" status="AUGMENTED" ID="0">
        <layer name="FE" rank="1">
          <label cBy="auto-aug" feID="3756" start="43" end="54" name="Producer" />
          <label cBy="auto-aug" feID="3756" start="58" end="60" name="Producer" />
          <label cBy="auto-aug" feID="3757" start="78" end="93" name="Product" />
        </layer>
        <layer name="Target" rank="1">
          <label cBy="auto-aug" start="70" end="76" name="Target" />
        </layer>
      </annotationSet>
    </sentence>
    <sentence sentNo="0" ID="4099619n">
      <text>Yesterday 's incident involved phosgene , a toxic industrial chemical used as a choking agent in World War I and to produce gasoline '' ( Baltimore Sun , 21Apr06 , Justin Fenton ) ( Link )</text>
      <annotationSet cDate="08/08/2025 07:57:58 PST Fri" status="AUGMENTED" ID="0">
        <layer name="FE" rank="1">
          <label cBy="auto-aug" feID="3757" start="124" end="131" name="Product" />
        </layer>
        <layer name="Target" rank="1">
          <label cBy="auto-aug" start="116" end="122" name="Target" />
        </layer>
      </annotationSet>
    </sentence>
    <sentence sentNo="0" ID="1165561n">
      <text>items , produced with Plioway resin , will tolerate very damp surfaces . </text>
      <annotationSet cDate="08/08/2025 07:57:58 PST Fri" status="AUGMENTED" ID="0">
        <layer name="FE" rank="1">
          <label cBy="auto-aug" feID="3757" start="0" end="4" name="Product" />
          <label cBy="auto-aug" feID="3758" start="17" end="34" name="Resource" />
        </layer>
        <layer name="Target" rank="1">
          <label cBy="auto-aug" start="8" end="15" name="Target" />
        </layer>
      </annotationSet>
    </sentence>
    <sentence sentNo="0" ID="4098188n">
      <text>On 23 June 1996 , the Sunday Telegraph reported about a `` secret multi-million-pound deal with the Indian government which will supply banned materials used to produce nuclear weapons . ''</text>
      <annotationSet cDate="08/08/2025 07:57:58 PST Fri" status="AUGMENTED" ID="0">
        <layer name="FE" rank="1">
          <label cBy="auto-aug" feID="3757" start="169" end="183" name="Product" />
        </layer>
        <layer name="Target" rank="1">
          <label cBy="auto-aug" start="161" end="167" name="Target" />
        </layer>
      </annotationSet>
    </sentence>
    <sentence sentNo="0" ID="1181274n">
      <text>The US-Asian company Intermagnetics produces magnetic coils in Wrexham . </text>
      <annotationSet cDate="08/08/2025 07:57:58 PST Fri" status="AUGMENTED" ID="0">
        <layer name="FE" rank="1">
          <label cBy="auto-aug" feID="3756" start="0" end="34" name="Producer" />
          <label cBy="auto-aug" feID="3757" start="45" end="58" name="Product" />
          <label cBy="auto-aug" feID="3759" start="60" end="69" name="Place" />
        </layer>
        <layer name="Target" rank="1">
          <label cBy="auto-aug" start="36" end="43" name="Target" />
        </layer>
      </annotationSet>
    </sentence>
    <sentence sentNo="0" ID="1520894n">
      <text>the goods were produced in the factory .</text>
      <annotationSet cDate="08/08/2025 07:57:58 PST Fri" status="AUGMENTED" ID="0">
        <layer name="FE" rank="1">
          <label cBy="auto-aug" feID="3757" start="0" end="8" name="Product" />
          <label cBy="auto-aug" feID="3769" start="24" end="37" name="Factory" />
        </layer>
        <layer name="Target" rank="1">
          <label cBy="auto-aug" start="15" end="22" name="Target" />
        </layer>
      </annotationSet>
    </sentence>
    <sentence sentNo="0" ID="1520877n">
      <text>A week ago SGS-Thomson said it was starting production of 1M-bit Flash memories and would be producing a new chip .</text>
      <annotationSet cDate="08/08/2025 07:57:58 PST Fri" status="AUGMENTED" ID="0">
        <layer name="FE" rank="1">
          <label cBy="auto-aug" feID="3756" start="11" end="21" name="Producer" />
          <label cBy="auto-aug" feID="3757" start="103" end="112" name="Product" />
        </layer>
        <layer name="Target" rank="1">
          <label cBy="auto-aug" start="93" end="101" name="Target" />
        </layer>
      </annotationSet>
    </sentence>
    <sentence sentNo="0" ID="4096525n">
      <text>Meantime, analysts at the FBI crime lab try to discover what evidence was produced from . </text>
      <annotationSet cDate="08/08/2025 07:57:58 PST Fri" status="AUGMENTED" ID="0">
        <layer name="FE" rank="1">
          <label cBy="auto-aug" feID="3758" start="56" end="59" name="Resource" />
          <label cBy="auto-aug" feID="3757" start="61" end="68" name="Product" />
          <label cBy="auto-aug" feID="3758" start="83" end="86" name="Resource" />
        </layer>
        <layer name="Target" rank="1">
          <label cBy="auto-aug" start="74" end="81" name="Target" />
        </layer>
      </annotationSet>
    </sentence>
    <sentence sentNo="0" ID="1165439n">
      <text>The part was produced at the facility from design to smithing , machining , assembly to the fitting on the vehicles . </text>
      <annotationSet cDate="08/08/2025 07:57:58 PST Fri" status="AUGMENTED" ID="0">
        <layer name="FE" rank="1">
          <label cBy="auto-aug" feID="3757" start="0" end="7" name="Product" />
          <label cBy="auto-aug" feID="3769" start="22" end="36" name="Factory" />
          <label cBy="auto-aug" feID="3775" start="38" end="114" name="Manner" />
        </layer>
        <layer name="Target" rank="1">
          <label cBy="auto-aug" start="13" end="20" name="Target" />
        </layer>
      </annotationSet>
    </sentence>
    <sentence sentNo="0" ID="1165511n">
      <text>the product , produced from grp ( glass-reinforced plastic ) , features a Georgian panelled design , but with an attractive wood grain effect in place of the conventional high gloss white finish . </text>
      <annotationSet cDate="08/08/2025 07:57:58 PST Fri" status="AUGMENTED" ID="0">
        <layer name="FE" rank="1">
          <label cBy="auto-aug" feID="3757" start="0" end="10" name="Product" />
          <label cBy="auto-aug" feID="3758" start="23" end="59" name="Resource" />
        </layer>
        <layer name="Target" rank="1">
          <label cBy="auto-aug" start="14" end="21" name="Target" />
        </layer>
      </annotationSet>
    </sentence>
    <sentence sentNo="0" ID="1181468n">
      <text>limited editions , produced in small volumes and sold in Japan at premiums over the Micra model on which they are based , may not be to everyone 's taste . </text>
      <annotationSet cDate="08/08/2025 07:57:58 PST Fri" status="AUGMENTED" ID="0">
        <layer name="FE" rank="1">
          <label cBy="auto-aug" feID="3757" start="0" end="15" name="Product" />
          <label cBy="auto-aug" feID="3775" start="28" end="43" name="Manner" />
        </layer>
        <layer name="Target" rank="1">
          <label cBy="auto-aug" start="19" end="26" name="Target" />
        </layer>
      </annotationSet>
    </sentence>
    <sentence sentNo="0" ID="4097073n">
      <text>On 8 March 1996 , the Washington Post reported , `` US intelligence officials have concluded that companies in China are providing Iran with several virtually complete factories suited for producing weapons , '' and that Iranian `` military - related organizations '' are buying from China glass - lined vessels for mixing precursors , special air - filtration equipment , and the technology to manufacture these items and others indigenously .</text>
      <annotationSet cDate="08/08/2025 07:57:58 PST Fri" status="AUGMENTED" ID="0">
        <layer name="FE" rank="1">
          <label cBy="auto-aug" feID="3757" start="199" end="205" name="Product" />
        </layer>
        <layer name="Target" rank="1">
          <label cBy="auto-aug" start="189" end="197" name="Target" />
        </layer>
      </annotationSet>
    </sentence>
    <sentence sentNo="0" ID="1165426n">
      <text>a handbag is produced from leather and real hide and is priced at £95 . </text>
      <annotationSet cDate="08/08/2025 07:57:58 PST Fri" status="AUGMENTED" ID="0">
        <layer name="FE" rank="1">
          <label cBy="auto-aug" feID="3757" start="0" end="8" name="Product" />
          <label cBy="auto-aug" feID="3758" start="22" end="47" name="Resource" />
        </layer>
        <layer name="Target" rank="1">
          <label cBy="auto-aug" start="13" end="20" name="Target" />
        </layer>
      </annotationSet>
    </sentence>
    <sentence sentNo="0" ID="1520873n">
      <text>parts have to be produced separately , with size limitations set by platen size and press tonnage , and then welded together .</text>
      <annotationSet cDate="08/08/2025 07:57:58 PST Fri" status="AUGMENTED" ID="0">
        <layer name="FE" rank="1">
          <label cBy="auto-aug" feID="3757" start="0" end="4" name="Product" />
          <label cBy="auto-aug" feID="3775" start="26" end="35" name="Manner" />
        </layer>
        <layer name="Target" rank="1">
          <label cBy="auto-aug" start="17" end="24" name="Target" />
        </layer>
      </annotationSet>
    </sentence>
    <sentence sentNo="0" ID="1520909n">
      <text>products produced from them serve as conspicuous trophies of successful emulation , as gauges of affection and assurances of personal worth and well-being .</text>
      <annotationSet cDate="08/08/2025 07:57:58 PST Fri" status="AUGMENTED" ID="0">
        <layer name="FE" rank="1">
          <label cBy="auto-aug" feID="3757" start="0" end="7" name="Product" />
          <label cBy="auto-aug" feID="3758" start="18" end="26" name="Resource" />
        </layer>
        <layer name="Target" rank="1">
          <label cBy="auto-aug" start="9" end="16" name="Target" />
        </layer>
      </annotationSet>
    </sentence>
    <sentence sentNo="0" ID="1520942n">
      <text>DEC has firmed up plans for a factory to produce electric cars , and now says it will definitely build a $425m 526,000-square-foot research and manufacturing facility in Hudson , Massachusetts .</text>
      <annotationSet cDate="08/08/2025 07:57:58 PST Fri" status="AUGMENTED" ID="0">
        <layer name="FE" rank="1">
          <label cBy="auto-aug" feID="3769" start="28" end="36" name="Factory" />
          <label cBy="auto-aug" feID="3757" start="49" end="61" name="Product" />
        </layer>
        <layer name="Target" rank="1">
          <label cBy="auto-aug" start="41" end="47" name="Target" />
        </layer>
      </annotationSet>
    </sentence>
    <sentence sentNo="0" ID="1520888n">
      <text>Fujitsu is also a licensee of the Sparc architecture , but does not currently produce chips .</text>
      <annotationSet cDate="08/08/2025 07:57:58 PST Fri" status="AUGMENTED" ID="0">
        <layer name="FE" rank="1">
          <label cBy="auto-aug" feID="3756" start="0" end="6" name="Producer" />
          <label cBy="auto-aug" feID="3768" start="68" end="76" name="Time" />
          <label cBy="auto-aug" feID="3757" start="86" end="90" name="Product" />
        </layer>
        <layer name="Target" rank="1">
          <label cBy="auto-aug" start="78" end="84" name="Target" />
        </layer>
      </annotationSet>
    </sentence>
    <sentence sentNo="0" ID="4096612n">
      <text>Western intelligence suspected that Pakistan , which many estimated had succeeded in producing nuclear weapons in 1986 , provided Iran with nuclear assistance .</text>
      <annotationSet cDate="08/08/2025 07:57:58 PST Fri" status="AUGMENTED" ID="0">
        <layer name="FE" rank="1">
          <label cBy="auto-aug" feID="3756" start="36" end="43" name="Producer" />
          <label cBy="auto-aug" feID="3757" start="95" end="109" name="Product" />
          <label cBy="auto-aug" feID="3768" start="111" end="117" name="Time" />
        </layer>
        <layer name="Target" rank="1">
          <label cBy="auto-aug" start="85" end="93" name="Target" />
        </layer>
      </annotationSet>
    </sentence>
    <sentence sentNo="0" ID="1520866n">
      <text>Already during the first half of the second millennium B.C. Minoan smiths were producing tools from metal most probably imported from Egypt .</text>
      <annotationSet cDate="08/08/2025 07:57:58 PST Fri" status="AUGMENTED" ID="0">
        <layer name="FE" rank="1">
          <label cBy="auto-aug" feID="3768" start="0" end="58" name="Time" />
          <label cBy="auto-aug" feID="3756" start="60" end="72" name="Producer" />
          <label cBy="auto-aug" feID="3757" start="89" end="93" name="Product" />
          <label cBy="auto-aug" feID="3758" start="95" end="138" name="Resource" />
        </layer>
        <layer name="Target" rank="1">
          <label cBy="auto-aug" start="79" end="87" name="Target" />
        </layer>
      </annotationSet>
    </sentence>
    <sentence sentNo="0" ID="4104031n">
      <text>Since Hong Kong is a duty - free port and charges no sales tax , goods are cheaper here than in the country where the goods were produced .</text>
      <annotationSet cDate="08/08/2025 07:57:58 PST Fri" status="AUGMENTED" ID="0">
        <layer name="FE" rank="1">
          <label cBy="auto-aug" feID="3757" start="114" end="122" name="Product" />
        </layer>
        <layer name="Target" rank="1">
          <label cBy="auto-aug" start="129" end="136" name="Target" />
        </layer>
      </annotationSet>
    </sentence>
    <sentence sentNo="0" ID="1520896n">
      <text>the new software will be produced by the engineers under the tie-up with Motorola and Apple Computer Inc .</text>
      <annotationSet cDate="08/08/2025 07:57:58 PST Fri" status="AUGMENTED" ID="0">
        <layer name="FE" rank="1">
          <label cBy="auto-aug" feID="3757" start="0" end="15" name="Product" />
          <label cBy="auto-aug" feID="3756" start="34" end="49" name="Producer" />
          <label cBy="auto-aug" feID="3778" start="51" end="103" name="Circumstances" />
        </layer>
        <layer name="Target" rank="1">
          <label cBy="auto-aug" start="25" end="32" name="Target" />
        </layer>
      </annotationSet>
    </sentence>
    <sentence sentNo="0" ID="1165405n">
      <text>vegetables are produced by local farmers . </text>
      <annotationSet cDate="08/08/2025 07:57:58 PST Fri" status="AUGMENTED" ID="0">
        <layer name="FE" rank="1">
          <label cBy="auto-aug" feID="3757" start="0" end="9" name="Product" />
          <label cBy="auto-aug" feID="3756" start="24" end="39" name="Producer" />
        </layer>
        <layer name="Target" rank="1">
          <label cBy="auto-aug" start="15" end="22" name="Target" />
        </layer>
      </annotationSet>
    </sentence>
    <sentence sentNo="0" ID="4097250n">
      <text>Chinese and Russian supply policies are key to whether Iran will successfully acquire the needed technology , expertise , and infrastructure to produce nuclear weapons and the ability to fashion a usable device .</text>
      <annotationSet cDate="08/08/2025 07:57:58 PST Fri" status="AUGMENTED" ID="0">
        <layer name="FE" rank="1">
          <label cBy="auto-aug" feID="3757" start="152" end="166" name="Product" />
        </layer>
        <layer name="Target" rank="1">
          <label cBy="auto-aug" start="144" end="150" name="Target" />
        </layer>
      </annotationSet>
    </sentence>
    <sentence sentNo="0" ID="1181282n">
      <text>They may call you for product details or information about the company which produces "the new software" . </text>
      <annotationSet cDate="08/08/2025 07:57:58 PST Fri" status="AUGMENTED" ID="0">
        <layer name="FE" rank="1">
          <label cBy="auto-aug" feID="3756" start="59" end="69" name="Producer" />
          <label cBy="auto-aug" feID="3756" start="71" end="75" name="Producer" />
          <label cBy="auto-aug" feID="3757" start="86" end="103" name="Product" />
        </layer>
        <layer name="Target" rank="1">
          <label cBy="auto-aug" start="77" end="84" name="Target" />
        </layer>
      </annotationSet>
    </sentence>
    <sentence sentNo="0" ID="1181467n">
      <text>For example , an Haft Bolah Belouch is a Belouch rug made by the Haft Bolah sub-tribe ; a Ravar Kerman is a Kerman rug produced in the nearby village of Ravar . </text>
      <annotationSet cDate="08/08/2025 07:57:58 PST Fri" status="AUGMENTED" ID="0">
        <layer name="FE" rank="1">
          <label cBy="auto-aug" feID="3757" start="106" end="117" name="Product" />
          <label cBy="auto-aug" feID="3759" start="128" end="157" name="Place" />
        </layer>
        <layer name="Target" rank="1">
          <label cBy="auto-aug" start="119" end="126" name="Target" />
        </layer>
      </annotationSet>
    </sentence>
    <sentence sentNo="0" ID="1520895n">
      <text>the new software will be produced by the developers .</text>
      <annotationSet cDate="08/08/2025 07:57:58 PST Fri" status="AUGMENTED" ID="0">
        <layer name="FE" rank="1">
          <label cBy="auto-aug" feID="3757" start="0" end="15" name="Product" />
          <label cBy="auto-aug" feID="3756" start="34" end="50" name="Producer" />
        </layer>
        <layer name="Target" rank="1">
          <label cBy="auto-aug" start="25" end="32" name="Target" />
        </layer>
      </annotationSet>
    </sentence>
    <sentence sentNo="0" ID="1520870n">
      <text>` You produce fresh vegetables .</text>
      <annotationSet cDate="08/08/2025 07:57:58 PST Fri" status="AUGMENTED" ID="0">
        <layer name="FE" rank="1">
          <label cBy="auto-aug" feID="3756" start="2" end="4" name="Producer" />
          <label cBy="auto-aug" feID="3757" start="14" end="29" name="Product" />
        </layer>
        <layer name="Target" rank="1">
          <label cBy="auto-aug" start="6" end="12" name="Target" />
        </layer>
      </annotationSet>
    </sentence>
    <sentence sentNo="0" ID="1181270n">
      <text>As well as offering 21 standard items , the company produces customized solutions for customers and has more than 500 specialist lines . </text>
      <annotationSet cDate="08/08/2025 07:57:58 PST Fri" status="AUGMENTED" ID="0">
        <layer name="FE" rank="1">
          <label cBy="auto-aug" feID="3756" start="40" end="50" name="Producer" />
          <label cBy="auto-aug" feID="3757" start="61" end="80" name="Product" />
          <label cBy="auto-aug" feID="3770" start="82" end="94" name="Consumer" />
        </layer>
        <layer name="Target" rank="1">
          <label cBy="auto-aug" start="52" end="59" name="Target" />
        </layer>
      </annotationSet>
    </sentence>
    <sentence sentNo="0" ID="4101862n">
      <text>W. Mark Goode , president of Micronyx Inc. , a Richardson , Texas , firm that produces microchips , provided a new definition for Mikhail Gorbachev 's campaign for greater openness , known commonly as glasnost .</text>
      <annotationSet cDate="08/08/2025 07:57:58 PST Fri" status="AUGMENTED" ID="0">
        <layer name="FE" rank="1">
          <label cBy="auto-aug" feID="3756" start="29" end="71" name="Producer" />
          <label cBy="auto-aug" feID="3757" start="87" end="96" name="Product" />
        </layer>
        <layer name="Target" rank="1">
          <label cBy="auto-aug" start="78" end="85" name="Target" />
        </layer>
      </annotationSet>
    </sentence>
    <sentence sentNo="0" ID="4097916n">
      <text>The chief facility for researching and producing CW agents was a military front company called Delta G Scientific , located between Johannesburg and Pretoria , and several other facilities were set up to develop protective clothing , produce chemical agents , and `` weaponize '' irritants ( Riot Control Agents such as CS and CR ) and incapacitants by placing them in artillery shells , mortar bombs , and grenades .</text>
      <annotationSet cDate="08/08/2025 07:57:58 PST Fri" status="AUGMENTED" ID="0">
        <layer name="FE" rank="1">
          <label cBy="auto-aug" feID="3757" start="242" end="256" name="Product" />
        </layer>
        <layer name="Target" rank="1">
          <label cBy="auto-aug" start="234" end="240" name="Target" />
        </layer>
      </annotationSet>
    </sentence>
    <sentence sentNo="0" ID="1520863n">
      <text>Employing one full-time and two trainee staff , it produces and supplies vegetables and produces architectural brass fittings to order .</text>
      <annotationSet cDate="08/08/2025 07:57:58 PST Fri" status="AUGMENTED" ID="0">
        <layer name="FE" rank="1">
          <label cBy="auto-aug" feID="3756" start="48" end="49" name="Producer" />
          <label cBy="auto-aug" feID="3757" start="73" end="82" name="Product" />
        </layer>
        <layer name="Target" rank="1">
          <label cBy="auto-aug" start="51" end="58" name="Target" />
        </layer>
      </annotationSet>
    </sentence>
  </subCorpus>
</lexUnit>