<?xml version='1.0' encoding='UTF-8'?>
<lexUnit xmlns="http://framenet.icsi.berkeley.edu" xmlns:xsi="http://www.w3.org/2001/XMLSchema-instance" status="New" POS="V" name="attack.v" ID="7742" frame="Attack" frameID="424" totalAnnotated="35" xsi:schemaLocation="../schema/lexUnit.xsd">
  <header>
    <corpus description="BNC2" name="BNC2" ID="111">
      <document description="bncp" name="bncp" ID="421" />
    </corpus>
    <corpus description="Wall Street Journal Texts from the PropBank Project" name="PropBank" ID="115">
      <document description="Bell Ringing" name="BellRinging" ID="23009" />
    </corpus>
    <corpus description="Texts from Nuclear Threat Initiative website, created by Center for Non-Proliferation Studies" name="NTI" ID="135">
      <document description="Iran Missile" name="Iran_Missile" ID="23512" />
    </corpus>
    <corpus description="AQUAINT Knowledge-Based Evaluation Texts" name="KBEval" ID="185">
      <document description="lcch" name="lcch" ID="23574" />
      <document description="parc" name="parc" ID="23575" />
    </corpus>
    <corpus description="American National Corpus Texts" name="ANC" ID="195">
      <document description="Berlitz History of Jerusalem" name="HistoryOfJerusalem" ID="23647" />
    </corpus>
    <corpus description="LUCorpus-v0.3" name="LUCorpus-v0.3" ID="205">
      <document description="IZ-060316-01-Trans-1" name="IZ-060316-01-Trans-1" ID="23732" />
      <document description="AFGP-2002-600002-Trans" name="AFGP-2002-600002-Trans" ID="23736" />
      <document description="AFGP-2002-602187-Trans" name="AFGP-2002-602187-Trans" ID="23743" />
    </corpus>
    <frame>
      <FE fgColor="FFFFFF" bgColor="FF0000" type="Core" abbrev="Asl" name="Assailant" />
      <FE fgColor="000000" bgColor="7CCD73" type="Extra-Thematic" abbrev="" name="Circumstances" />
      <FE fgColor="FFFFFF" bgColor="1E90FF" type="Extra-Thematic" abbrev="" name="Containing_event" />
      <FE fgColor="FFFFFF" bgColor="800080" type="Extra-Thematic" abbrev="Dep" name="Depictive" />
      <FE fgColor="000000" bgColor="7FFF00" type="Peripheral" abbrev="dir" name="Direction" />
      <FE fgColor="000000" bgColor="1E90FF" type="Peripheral" abbrev="dur" name="Duration" />
      <FE fgColor="FFFFFF" bgColor="00008B" type="Extra-Thematic" abbrev="" name="Event_description" />
      <FE fgColor="FFFFFF" bgColor="9F79EE" type="Extra-Thematic" abbrev="Exp" name="Explanation" />
      <FE fgColor="000000" bgColor="FFA500" type="Extra-Thematic" abbrev="fre" name="Frequency" />
      <FE fgColor="FFFFFF" bgColor="90876C" type="Extra-Thematic" abbrev="Ite" name="Iterations" />
      <FE fgColor="FFFFFF" bgColor="FF69B4" type="Peripheral" abbrev="Mnr" name="Manner" />
      <FE fgColor="FFFFFF" bgColor="FF00FF" type="Peripheral" abbrev="Mns" name="Means" />
      <FE fgColor="000000" bgColor="FFD700" type="Extra-Thematic" abbrev="part" name="Particular_iteration" />
      <FE fgColor="FFFFFF" bgColor="A9A9A9" type="Peripheral" abbrev="" name="Path" />
      <FE fgColor="FFFFFF" bgColor="008000" type="Peripheral" abbrev="Place" name="Place" />
      <FE fgColor="FFFFFF" bgColor="800080" type="Peripheral" abbrev="Purp" name="Purpose" />
      <FE fgColor="000000" bgColor="EEE8AA" type="Extra-Thematic" abbrev="re-e" name="Re-encoding" />
      <FE fgColor="000000" bgColor="A9A9A9" type="Extra-Thematic" abbrev="" name="Result" />
      <FE fgColor="FFFFFF" bgColor="006400" type="Peripheral" abbrev="Src" name="Source" />
      <FE fgColor="FFFFFF" bgColor="FFA500" type="Peripheral" abbrev="Time" name="Time" />
      <FE fgColor="FFFFFF" bgColor="0000FF" type="Core" abbrev="Vic" name="Victim" />
      <FE fgColor="FFFFFF" bgColor="A52A2A" type="Peripheral" abbrev="Wep" name="Weapon" />
    </frame>
  </header>
  <definition>COD:  take aggressive action against.</definition>
  <lexeme POS="V" name="attack" />
  <valences>
    <FERealization total="35">
      <FE name="Assailant" />
      <pattern total="4">
        <valenceUnit GF="" PT="CNI" FE="Assailant" />
        <annoSet ID="1901467" />
        <annoSet ID="1901517" />
        <annoSet ID="1901599" />
        <annoSet ID="6549829" />
      </pattern>
      <pattern total="2">
        <valenceUnit GF="" PT="DNI" FE="Assailant" />
        <annoSet ID="6736473" />
        <annoSet ID="6736513" />
      </pattern>
      <pattern total="20">
        <valenceUnit GF="Ext" PT="NP" FE="Assailant" />
        <annoSet ID="1901443" />
        <annoSet ID="1901483" />
        <annoSet ID="1901491" />
        <annoSet ID="1901515" />
        <annoSet ID="1901519" />
        <annoSet ID="1901525" />
        <annoSet ID="1901553" />
        <annoSet ID="1901595" />
        <annoSet ID="1901653" />
        <annoSet ID="1901669" />
        <annoSet ID="1901691" />
        <annoSet ID="1901699" />
        <annoSet ID="4528866" />
        <annoSet ID="6524958" />
        <annoSet ID="6532817" />
        <annoSet ID="6533236" />
        <annoSet ID="6539054" />
        <annoSet ID="6547834" />
        <annoSet ID="6550969" />
        <annoSet ID="6736491" />
      </pattern>
      <pattern total="9">
        <valenceUnit GF="Dep" PT="PP[by]" FE="Assailant" />
        <annoSet ID="1901453" />
        <annoSet ID="1901459" />
        <annoSet ID="1901469" />
        <annoSet ID="1901473" />
        <annoSet ID="1901499" />
        <annoSet ID="1901507" />
        <annoSet ID="1901539" />
        <annoSet ID="1901565" />
        <annoSet ID="1901587" />
      </pattern>
    </FERealization>
    <FERealization total="2">
      <FE name="Depictive" />
      <pattern total="2">
        <valenceUnit GF="Dep" PT="PP[in]" FE="Depictive" />
        <annoSet ID="1901483" />
        <annoSet ID="1901507" />
      </pattern>
    </FERealization>
    <FERealization total="3">
      <FE name="Direction" />
      <pattern total="3">
        <valenceUnit GF="Dep" PT="PP[from]" FE="Direction" />
        <annoSet ID="6736473" />
        <annoSet ID="6736491" />
        <annoSet ID="6736513" />
      </pattern>
    </FERealization>
    <FERealization total="2">
      <FE name="Event_description" />
      <pattern total="2">
        <valenceUnit GF="Dep" PT="AVP" FE="Event_description" />
        <annoSet ID="1901459" />
        <annoSet ID="6539054" />
      </pattern>
    </FERealization>
    <FERealization total="1">
      <FE name="Manner" />
      <pattern total="1">
        <valenceUnit GF="Dep" PT="PP[with]" FE="Manner" />
        <annoSet ID="1901483" />
      </pattern>
    </FERealization>
    <FERealization total="1">
      <FE name="Means" />
      <pattern total="1">
        <valenceUnit GF="Dep" PT="PPing[by]" FE="Means" />
        <annoSet ID="6532817" />
      </pattern>
    </FERealization>
    <FERealization total="11">
      <FE name="Place" />
      <pattern total="2">
        <valenceUnit GF="Dep" PT="PP[at]" FE="Place" />
        <annoSet ID="1901443" />
        <annoSet ID="1901517" />
      </pattern>
      <pattern total="2">
        <valenceUnit GF="Dep" PT="PP[in]" FE="Place" />
        <annoSet ID="1901467" />
        <annoSet ID="1901519" />
      </pattern>
      <pattern total="5">
        <valenceUnit GF="" PT="2nd" FE="Place" />
        <annoSet ID="1901453" />
        <annoSet ID="1901515" />
        <annoSet ID="1901587" />
        <annoSet ID="1901653" />
        <annoSet ID="1901699" />
      </pattern>
      <pattern total="1">
        <valenceUnit GF="Dep" PT="AVP" FE="Place" />
        <annoSet ID="1901669" />
      </pattern>
      <pattern total="1">
        <valenceUnit GF="Dep" PT="PP[on]" FE="Place" />
        <annoSet ID="1901565" />
      </pattern>
    </FERealization>
    <FERealization total="1">
      <FE name="Source" />
      <pattern total="1">
        <valenceUnit GF="Dep" PT="PP[from]" FE="Source" />
        <annoSet ID="1901599" />
      </pattern>
    </FERealization>
    <FERealization total="7">
      <FE name="Time" />
      <pattern total="1">
        <valenceUnit GF="Dep" PT="NP" FE="Time" />
        <annoSet ID="1901517" />
      </pattern>
      <pattern total="1">
        <valenceUnit GF="Dep" PT="PP[on]" FE="Time" />
        <annoSet ID="1901699" />
      </pattern>
      <pattern total="1">
        <valenceUnit GF="Dep" PT="Sub" FE="Time" />
        <annoSet ID="1901519" />
      </pattern>
      <pattern total="1">
        <valenceUnit GF="Dep" PT="AVP" FE="Time" />
        <annoSet ID="1901691" />
      </pattern>
      <pattern total="1">
        <valenceUnit GF="Dep" PT="PP[ago]" FE="Time" />
        <annoSet ID="6524958" />
      </pattern>
      <pattern total="1">
        <valenceUnit GF="Dep" PT="PP[during]" FE="Time" />
        <annoSet ID="1901491" />
      </pattern>
      <pattern total="1">
        <valenceUnit GF="Dep" PT="PP[in]" FE="Time" />
        <annoSet ID="6533236" />
      </pattern>
    </FERealization>
    <FERealization total="35">
      <FE name="Victim" />
      <pattern total="12">
        <valenceUnit GF="Ext" PT="NP" FE="Victim" />
        <annoSet ID="1901453" />
        <annoSet ID="1901459" />
        <annoSet ID="1901467" />
        <annoSet ID="1901469" />
        <annoSet ID="1901473" />
        <annoSet ID="1901499" />
        <annoSet ID="1901507" />
        <annoSet ID="1901517" />
        <annoSet ID="1901539" />
        <annoSet ID="1901565" />
        <annoSet ID="1901587" />
        <annoSet ID="1901599" />
      </pattern>
      <pattern total="1">
        <valenceUnit GF="" PT="INI" FE="Victim" />
        <annoSet ID="6549829" />
      </pattern>
      <pattern total="2">
        <valenceUnit GF="" PT="DNI" FE="Victim" />
        <annoSet ID="1901483" />
        <annoSet ID="6736473" />
      </pattern>
      <pattern total="20">
        <valenceUnit GF="Obj" PT="NP" FE="Victim" />
        <annoSet ID="1901443" />
        <annoSet ID="1901491" />
        <annoSet ID="1901515" />
        <annoSet ID="1901519" />
        <annoSet ID="1901525" />
        <annoSet ID="1901553" />
        <annoSet ID="1901595" />
        <annoSet ID="1901653" />
        <annoSet ID="1901669" />
        <annoSet ID="1901691" />
        <annoSet ID="1901699" />
        <annoSet ID="4528866" />
        <annoSet ID="6524958" />
        <annoSet ID="6532817" />
        <annoSet ID="6533236" />
        <annoSet ID="6539054" />
        <annoSet ID="6547834" />
        <annoSet ID="6550969" />
        <annoSet ID="6736491" />
        <annoSet ID="6736513" />
      </pattern>
    </FERealization>
    <FERealization total="3">
      <FE name="Weapon" />
      <pattern total="3">
        <valenceUnit GF="Dep" PT="PP[with]" FE="Weapon" />
        <annoSet ID="1901473" />
        <annoSet ID="1901517" />
        <annoSet ID="1901553" />
      </pattern>
    </FERealization>
    <FEGroupRealization total="3">
      <FE name="Assailant" />
      <FE name="Assailant" />
      <FE name="Place" />
      <FE name="Victim" />
      <pattern total="2">
        <valenceUnit GF="Ext" PT="NP" FE="Assailant" />
        <valenceUnit GF="Ext" PT="NP" FE="Assailant" />
        <valenceUnit GF="" PT="2nd" FE="Place" />
        <valenceUnit GF="Obj" PT="NP" FE="Victim" />
        <annoSet ID="1901515" />
        <annoSet ID="1901653" />
      </pattern>
      <pattern total="1">
        <valenceUnit GF="Ext" PT="NP" FE="Assailant" />
        <valenceUnit GF="Ext" PT="NP" FE="Assailant" />
        <valenceUnit GF="Dep" PT="PP[at]" FE="Place" />
        <valenceUnit GF="Obj" PT="NP" FE="Victim" />
        <annoSet ID="1901443" />
      </pattern>
    </FEGroupRealization>
    <FEGroupRealization total="1">
      <FE name="Assailant" />
      <FE name="Assailant" />
      <FE name="Victim" />
      <pattern total="1">
        <valenceUnit GF="Ext" PT="NP" FE="Assailant" />
        <valenceUnit GF="Ext" PT="NP" FE="Assailant" />
        <valenceUnit GF="Obj" PT="NP" FE="Victim" />
        <annoSet ID="1901525" />
      </pattern>
    </FEGroupRealization>
    <FEGroupRealization total="1">
      <FE name="Assailant" />
      <FE name="Depictive" />
      <FE name="Manner" />
      <FE name="Victim" />
      <pattern total="1">
        <valenceUnit GF="Ext" PT="NP" FE="Assailant" />
        <valenceUnit GF="Dep" PT="PP[in]" FE="Depictive" />
        <valenceUnit GF="Dep" PT="PP[with]" FE="Manner" />
        <valenceUnit GF="" PT="DNI" FE="Victim" />
        <annoSet ID="1901483" />
      </pattern>
    </FEGroupRealization>
    <FEGroupRealization total="1">
      <FE name="Assailant" />
      <FE name="Depictive" />
      <FE name="Victim" />
      <pattern total="1">
        <valenceUnit GF="Dep" PT="PP[by]" FE="Assailant" />
        <valenceUnit GF="Dep" PT="PP[in]" FE="Depictive" />
        <valenceUnit GF="Ext" PT="NP" FE="Victim" />
        <annoSet ID="1901507" />
      </pattern>
    </FEGroupRealization>
    <FEGroupRealization total="3">
      <FE name="Assailant" />
      <FE name="Direction" />
      <FE name="Victim" />
      <pattern total="1">
        <valenceUnit GF="" PT="DNI" FE="Assailant" />
        <valenceUnit GF="Dep" PT="PP[from]" FE="Direction" />
        <valenceUnit GF="" PT="DNI" FE="Victim" />
        <annoSet ID="6736473" />
      </pattern>
      <pattern total="1">
        <valenceUnit GF="" PT="DNI" FE="Assailant" />
        <valenceUnit GF="Dep" PT="PP[from]" FE="Direction" />
        <valenceUnit GF="Obj" PT="NP" FE="Victim" />
        <annoSet ID="6736513" />
      </pattern>
      <pattern total="1">
        <valenceUnit GF="Ext" PT="NP" FE="Assailant" />
        <valenceUnit GF="Dep" PT="PP[from]" FE="Direction" />
        <valenceUnit GF="Obj" PT="NP" FE="Victim" />
        <annoSet ID="6736491" />
      </pattern>
    </FEGroupRealization>
    <FEGroupRealization total="2">
      <FE name="Assailant" />
      <FE name="Event_description" />
      <FE name="Victim" />
      <pattern total="1">
        <valenceUnit GF="Ext" PT="NP" FE="Assailant" />
        <valenceUnit GF="Dep" PT="AVP" FE="Event_description" />
        <valenceUnit GF="Obj" PT="NP" FE="Victim" />
        <annoSet ID="6539054" />
      </pattern>
      <pattern total="1">
        <valenceUnit GF="Dep" PT="PP[by]" FE="Assailant" />
        <valenceUnit GF="Dep" PT="AVP" FE="Event_description" />
        <valenceUnit GF="Ext" PT="NP" FE="Victim" />
        <annoSet ID="1901459" />
      </pattern>
    </FEGroupRealization>
    <FEGroupRealization total="1">
      <FE name="Assailant" />
      <FE name="Means" />
      <FE name="Victim" />
      <pattern total="1">
        <valenceUnit GF="Ext" PT="NP" FE="Assailant" />
        <valenceUnit GF="Dep" PT="PPing[by]" FE="Means" />
        <valenceUnit GF="Obj" PT="NP" FE="Victim" />
        <annoSet ID="6532817" />
      </pattern>
    </FEGroupRealization>
    <FEGroupRealization total="2">
      <FE name="Assailant" />
      <FE name="Place" />
      <FE name="Time" />
      <FE name="Victim" />
      <pattern total="1">
        <valenceUnit GF="Ext" PT="NP" FE="Assailant" />
        <valenceUnit GF="" PT="2nd" FE="Place" />
        <valenceUnit GF="Dep" PT="PP[on]" FE="Time" />
        <valenceUnit GF="Obj" PT="NP" FE="Victim" />
        <annoSet ID="1901699" />
      </pattern>
      <pattern total="1">
        <valenceUnit GF="Ext" PT="NP" FE="Assailant" />
        <valenceUnit GF="Dep" PT="PP[in]" FE="Place" />
        <valenceUnit GF="Dep" PT="Sub" FE="Time" />
        <valenceUnit GF="Obj" PT="NP" FE="Victim" />
        <annoSet ID="1901519" />
      </pattern>
    </FEGroupRealization>
    <FEGroupRealization total="1">
      <FE name="Assailant" />
      <FE name="Place" />
      <FE name="Time" />
      <FE name="Victim" />
      <FE name="Weapon" />
      <pattern total="1">
        <valenceUnit GF="" PT="CNI" FE="Assailant" />
        <valenceUnit GF="Dep" PT="PP[at]" FE="Place" />
        <valenceUnit GF="Dep" PT="NP" FE="Time" />
        <valenceUnit GF="Ext" PT="NP" FE="Victim" />
        <valenceUnit GF="Dep" PT="PP[with]" FE="Weapon" />
        <annoSet ID="1901517" />
      </pattern>
    </FEGroupRealization>
    <FEGroupRealization total="5">
      <FE name="Assailant" />
      <FE name="Place" />
      <FE name="Victim" />
      <pattern total="1">
        <valenceUnit GF="" PT="CNI" FE="Assailant" />
        <valenceUnit GF="Dep" PT="PP[in]" FE="Place" />
        <valenceUnit GF="Ext" PT="NP" FE="Victim" />
        <annoSet ID="1901467" />
      </pattern>
      <pattern total="1">
        <valenceUnit GF="Ext" PT="NP" FE="Assailant" />
        <valenceUnit GF="Dep" PT="AVP" FE="Place" />
        <valenceUnit GF="Obj" PT="NP" FE="Victim" />
        <annoSet ID="1901669" />
      </pattern>
      <pattern total="2">
        <valenceUnit GF="Dep" PT="PP[by]" FE="Assailant" />
        <valenceUnit GF="" PT="2nd" FE="Place" />
        <valenceUnit GF="Ext" PT="NP" FE="Victim" />
        <annoSet ID="1901453" />
        <annoSet ID="1901587" />
      </pattern>
      <pattern total="1">
        <valenceUnit GF="Dep" PT="PP[by]" FE="Assailant" />
        <valenceUnit GF="Dep" PT="PP[on]" FE="Place" />
        <valenceUnit GF="Ext" PT="NP" FE="Victim" />
        <annoSet ID="1901565" />
      </pattern>
    </FEGroupRealization>
    <FEGroupRealization total="1">
      <FE name="Assailant" />
      <FE name="Source" />
      <FE name="Victim" />
      <pattern total="1">
        <valenceUnit GF="" PT="CNI" FE="Assailant" />
        <valenceUnit GF="Dep" PT="PP[from]" FE="Source" />
        <valenceUnit GF="Ext" PT="NP" FE="Victim" />
        <annoSet ID="1901599" />
      </pattern>
    </FEGroupRealization>
    <FEGroupRealization total="4">
      <FE name="Assailant" />
      <FE name="Time" />
      <FE name="Victim" />
      <pattern total="1">
        <valenceUnit GF="Ext" PT="NP" FE="Assailant" />
        <valenceUnit GF="Dep" PT="AVP" FE="Time" />
        <valenceUnit GF="Obj" PT="NP" FE="Victim" />
        <annoSet ID="1901691" />
      </pattern>
      <pattern total="1">
        <valenceUnit GF="Ext" PT="NP" FE="Assailant" />
        <valenceUnit GF="Dep" PT="PP[ago]" FE="Time" />
        <valenceUnit GF="Obj" PT="NP" FE="Victim" />
        <annoSet ID="6524958" />
      </pattern>
      <pattern total="1">
        <valenceUnit GF="Ext" PT="NP" FE="Assailant" />
        <valenceUnit GF="Dep" PT="PP[during]" FE="Time" />
        <valenceUnit GF="Obj" PT="NP" FE="Victim" />
        <annoSet ID="1901491" />
      </pattern>
      <pattern total="1">
        <valenceUnit GF="Ext" PT="NP" FE="Assailant" />
        <valenceUnit GF="Dep" PT="PP[in]" FE="Time" />
        <valenceUnit GF="Obj" PT="NP" FE="Victim" />
        <annoSet ID="6533236" />
      </pattern>
    </FEGroupRealization>
    <FEGroupRealization total="8">
      <FE name="Assailant" />
      <FE name="Victim" />
      <pattern total="1">
        <valenceUnit GF="" PT="CNI" FE="Assailant" />
        <valenceUnit GF="" PT="INI" FE="Victim" />
        <annoSet ID="6549829" />
      </pattern>
      <pattern total="4">
        <valenceUnit GF="Ext" PT="NP" FE="Assailant" />
        <valenceUnit GF="Obj" PT="NP" FE="Victim" />
        <annoSet ID="1901595" />
        <annoSet ID="4528866" />
        <annoSet ID="6547834" />
        <annoSet ID="6550969" />
      </pattern>
      <pattern total="3">
        <valenceUnit GF="Dep" PT="PP[by]" FE="Assailant" />
        <valenceUnit GF="Ext" PT="NP" FE="Victim" />
        <annoSet ID="1901469" />
        <annoSet ID="1901499" />
        <annoSet ID="1901539" />
      </pattern>
    </FEGroupRealization>
    <FEGroupRealization total="2">
      <FE name="Assailant" />
      <FE name="Victim" />
      <FE name="Weapon" />
      <pattern total="1">
        <valenceUnit GF="Ext" PT="NP" FE="Assailant" />
        <valenceUnit GF="Obj" PT="NP" FE="Victim" />
        <valenceUnit GF="Dep" PT="PP[with]" FE="Weapon" />
        <annoSet ID="1901553" />
      </pattern>
      <pattern total="1">
        <valenceUnit GF="Dep" PT="PP[by]" FE="Assailant" />
        <valenceUnit GF="Ext" PT="NP" FE="Victim" />
        <valenceUnit GF="Dep" PT="PP[with]" FE="Weapon" />
        <annoSet ID="1901473" />
      </pattern>
    </FEGroupRealization>
  </valences>
  <subCorpus name="V-augmented">
    <sentence sentNo="0" ID="1364449n">
      <text>Sivarasan ( also known as Raja Arumainayagam or " One-Eyed Jack " ) shot himself through the head as police attacked Sivarasan .</text>
      <annotationSet cDate="08/08/2025 07:59:04 PST Fri" status="AUGMENTED" ID="0">
        <layer name="FE" rank="1">
          <label cBy="auto-aug" feID="3907" start="101" end="106" name="Assailant" />
          <label cBy="auto-aug" feID="3905" start="117" end="125" name="Victim" />
        </layer>
        <layer name="Target" rank="1">
          <label cBy="auto-aug" start="108" end="115" name="Target" />
        </layer>
      </annotationSet>
    </sentence>
    <sentence sentNo="0" ID="1363575n">
      <text>POLICE in south Belfast are hunting a sex attacker who attacked the woman .</text>
      <annotationSet cDate="08/08/2025 07:59:04 PST Fri" status="AUGMENTED" ID="0">
        <layer name="FE" rank="1">
          <label cBy="auto-aug" feID="3907" start="36" end="49" name="Assailant" />
          <label cBy="auto-aug" feID="3907" start="51" end="53" name="Assailant" />
          <label cBy="auto-aug" feID="3905" start="64" end="72" name="Victim" />
        </layer>
        <layer name="Target" rank="1">
          <label cBy="auto-aug" start="55" end="62" name="Target" />
        </layer>
      </annotationSet>
    </sentence>
    <sentence sentNo="0" ID="4139702n">
      <text>Fighters burst out of the nearby refugee camp and attacked the enemy .</text>
      <annotationSet cDate="08/08/2025 07:59:04 PST Fri" status="AUGMENTED" ID="0">
        <layer name="FE" rank="1">
          <label cBy="auto-aug" feID="3907" start="0" end="7" name="Assailant" />
          <label cBy="auto-aug" feID="3905" start="59" end="67" name="Victim" />
        </layer>
        <layer name="Target" rank="1">
          <label cBy="auto-aug" start="50" end="57" name="Target" />
        </layer>
      </annotationSet>
    </sentence>
    <sentence sentNo="0" ID="1364464n">
      <text>Indian soldiers attacked the enemy .</text>
      <annotationSet cDate="08/08/2025 07:59:04 PST Fri" status="AUGMENTED" ID="0">
        <layer name="FE" rank="1">
          <label cBy="auto-aug" feID="3907" start="0" end="14" name="Assailant" />
          <label cBy="auto-aug" feID="3905" start="25" end="33" name="Victim" />
        </layer>
        <layer name="Target" rank="1">
          <label cBy="auto-aug" start="16" end="23" name="Target" />
        </layer>
      </annotationSet>
    </sentence>
    <sentence sentNo="0" ID="1363525n">
      <text>The gang attacked him during the drive to Rickmansworth in Hertfordshire , then threw him out of the car .</text>
      <annotationSet cDate="08/08/2025 07:59:04 PST Fri" status="AUGMENTED" ID="0">
        <layer name="FE" rank="1">
          <label cBy="auto-aug" feID="3907" start="0" end="7" name="Assailant" />
          <label cBy="auto-aug" feID="3905" start="18" end="20" name="Victim" />
          <label cBy="auto-aug" feID="3913" start="22" end="54" name="Time" />
          <label cBy="auto-aug" feID="3910" start="56" end="71" name="Place" />
        </layer>
        <layer name="Target" rank="1">
          <label cBy="auto-aug" start="9" end="16" name="Target" />
        </layer>
      </annotationSet>
    </sentence>
    <sentence sentNo="0" ID="1364407n">
      <text>Four months after the People 's Liberation Army attacked the civilians with the loss of hundreds of lives , few can have any doubt about the party 's determination to enforce this Maoist maxim .</text>
      <annotationSet cDate="08/08/2025 07:59:04 PST Fri" status="AUGMENTED" ID="0">
        <layer name="FE" rank="1">
          <label cBy="auto-aug" feID="3907" start="18" end="46" name="Assailant" />
          <label cBy="auto-aug" feID="3905" start="57" end="69" name="Victim" />
          <label cBy="auto-aug" feID="10166" start="71" end="104" name="Result" />
        </layer>
        <layer name="Target" rank="1">
          <label cBy="auto-aug" start="48" end="55" name="Target" />
        </layer>
      </annotationSet>
    </sentence>
    <sentence sentNo="0" ID="4139693n">
      <text>In Baqubah , northeast of Baghdad , gunmen attacked the soldiers , killing 12.</text>
      <annotationSet cDate="08/08/2025 07:59:04 PST Fri" status="AUGMENTED" ID="0">
        <layer name="FE" rank="1">
          <label cBy="auto-aug" feID="3910" start="0" end="32" name="Place" />
          <label cBy="auto-aug" feID="3907" start="36" end="41" name="Assailant" />
          <label cBy="auto-aug" feID="3905" start="52" end="63" name="Victim" />
        </layer>
        <layer name="Target" rank="1">
          <label cBy="auto-aug" start="43" end="50" name="Target" />
        </layer>
      </annotationSet>
    </sentence>
  </subCorpus>
</lexUnit>