<?xml version='1.0' encoding='UTF-8'?>
<lexUnit xmlns="http://framenet.icsi.berkeley.edu" xmlns:xsi="http://www.w3.org/2001/XMLSchema-instance" status="Finished_Initial" POS="V" name="contradict.v" ID="7800" frame="Evidence" frameID="25" totalAnnotated="21" xsi:schemaLocation="../schema/lexUnit.xsd">
  <header>
    <corpus description="LUCorpus-v0.3" name="LUCorpus-v0.3" ID="205">
      <document description="AFGP-2002-602187-Trans" name="AFGP-2002-602187-Trans" ID="23743" />
    </corpus>
    <frame>
      <FE fgColor="FFFFFF" bgColor="008000" type="Peripheral" abbrev="cog" name="Cognizer" />
      <FE fgColor="FFFFFF" bgColor="FF69B4" type="Peripheral" abbrev="Degr" name="Degree" />
      <FE fgColor="FFFFFF" bgColor="9400D3" type="Extra-Thematic" abbrev="Depict" name="Depictive" />
      <FE fgColor="FFFFFF" bgColor="00BFFF" type="Extra-Thematic" abbrev="doma" name="Domain_of_relevance" />
      <FE fgColor="FFFFFF" bgColor="FF00FF" type="Peripheral" abbrev="Manr" name="Manner" />
      <FE fgColor="FFFFFF" bgColor="A52A2A" type="Peripheral" abbrev="Mns" name="Means" />
      <FE fgColor="FFFFFF" bgColor="0000FF" type="Core" abbrev="Prp" name="Proposition" />
      <FE fgColor="FFFFFF" bgColor="9F79EE" type="Extra-Thematic" abbrev="Result" name="Result" />
      <FE fgColor="FFFFFF" bgColor="FF0000" type="Core" abbrev="Sup" name="Support" />
    </frame>
  </header>
  <definition>FN: the truth of (a statement) by asserting the opposite</definition>
  <lexeme POS="V" name="contradict" />
  <valences>
    <FERealization total="1">
      <FE name="Manner" />
      <pattern total="1">
        <valenceUnit GF="Dep" PT="AVP" FE="Manner" />
        <annoSet ID="1821826" />
      </pattern>
    </FERealization>
    <FERealization total="21">
      <FE name="Proposition" />
      <pattern total="15">
        <valenceUnit GF="Obj" PT="NP" FE="Proposition" />
        <annoSet ID="1821804" />
        <annoSet ID="1821808" />
        <annoSet ID="1821810" />
        <annoSet ID="1821812" />
        <annoSet ID="1821816" />
        <annoSet ID="1821824" />
        <annoSet ID="1821826" />
        <annoSet ID="1821828" />
        <annoSet ID="1821830" />
        <annoSet ID="1821836" />
        <annoSet ID="1821862" />
        <annoSet ID="1821868" />
        <annoSet ID="1821872" />
        <annoSet ID="1821878" />
        <annoSet ID="6547793" />
      </pattern>
      <pattern total="2">
        <valenceUnit GF="Ext" PT="NP" FE="Proposition" />
        <annoSet ID="1821956" />
        <annoSet ID="1821964" />
      </pattern>
      <pattern total="1">
        <valenceUnit GF="Ext" PT="Sfin" FE="Proposition" />
        <annoSet ID="1822084" />
      </pattern>
      <pattern total="3">
        <valenceUnit GF="Dep" PT="Sinterrog" FE="Proposition" />
        <annoSet ID="1821820" />
        <annoSet ID="1821894" />
        <annoSet ID="1821896" />
      </pattern>
    </FERealization>
    <FERealization total="21">
      <FE name="Support" />
      <pattern total="18">
        <valenceUnit GF="Ext" PT="NP" FE="Support" />
        <annoSet ID="1821804" />
        <annoSet ID="1821808" />
        <annoSet ID="1821810" />
        <annoSet ID="1821812" />
        <annoSet ID="1821816" />
        <annoSet ID="1821820" />
        <annoSet ID="1821824" />
        <annoSet ID="1821826" />
        <annoSet ID="1821828" />
        <annoSet ID="1821830" />
        <annoSet ID="1821836" />
        <annoSet ID="1821862" />
        <annoSet ID="1821868" />
        <annoSet ID="1821872" />
        <annoSet ID="1821878" />
        <annoSet ID="1821894" />
        <annoSet ID="1821896" />
        <annoSet ID="6547793" />
      </pattern>
      <pattern total="3">
        <valenceUnit GF="Dep" PT="PP[by]" FE="Support" />
        <annoSet ID="1821956" />
        <annoSet ID="1821964" />
        <annoSet ID="1822084" />
      </pattern>
    </FERealization>
    <FEGroupRealization total="1">
      <FE name="Manner" />
      <FE name="Proposition" />
      <FE name="Support" />
      <pattern total="1">
        <valenceUnit GF="Dep" PT="AVP" FE="Manner" />
        <valenceUnit GF="Obj" PT="NP" FE="Proposition" />
        <valenceUnit GF="Ext" PT="NP" FE="Support" />
        <annoSet ID="1821826" />
      </pattern>
    </FEGroupRealization>
    <FEGroupRealization total="1">
      <FE name="Proposition" />
      <FE name="Proposition" />
      <FE name="Support" />
      <pattern total="1">
        <valenceUnit GF="Ext" PT="NP" FE="Proposition" />
        <valenceUnit GF="Ext" PT="NP" FE="Proposition" />
        <valenceUnit GF="Dep" PT="PP[by]" FE="Support" />
        <annoSet ID="1821956" />
      </pattern>
    </FEGroupRealization>
    <FEGroupRealization total="17">
      <FE name="Proposition" />
      <FE name="Support" />
      <pattern total="1">
        <valenceUnit GF="Ext" PT="NP" FE="Proposition" />
        <valenceUnit GF="Dep" PT="PP[by]" FE="Support" />
        <annoSet ID="1821964" />
      </pattern>
      <pattern total="13">
        <valenceUnit GF="Obj" PT="NP" FE="Proposition" />
        <valenceUnit GF="Ext" PT="NP" FE="Support" />
        <annoSet ID="1821804" />
        <annoSet ID="1821808" />
        <annoSet ID="1821810" />
        <annoSet ID="1821812" />
        <annoSet ID="1821816" />
        <annoSet ID="1821824" />
        <annoSet ID="1821828" />
        <annoSet ID="1821830" />
        <annoSet ID="1821836" />
        <annoSet ID="1821862" />
        <annoSet ID="1821868" />
        <annoSet ID="1821872" />
        <annoSet ID="1821878" />
      </pattern>
      <pattern total="1">
        <valenceUnit GF="Ext" PT="Sfin" FE="Proposition" />
        <valenceUnit GF="Dep" PT="PP[by]" FE="Support" />
        <annoSet ID="1822084" />
      </pattern>
      <pattern total="2">
        <valenceUnit GF="Dep" PT="Sinterrog" FE="Proposition" />
        <valenceUnit GF="Ext" PT="NP" FE="Support" />
        <annoSet ID="1821894" />
        <annoSet ID="1821896" />
      </pattern>
    </FEGroupRealization>
    <FEGroupRealization total="2">
      <FE name="Proposition" />
      <FE name="Support" />
      <FE name="Support" />
      <pattern total="1">
        <valenceUnit GF="Obj" PT="NP" FE="Proposition" />
        <valenceUnit GF="Ext" PT="NP" FE="Support" />
        <valenceUnit GF="Ext" PT="NP" FE="Support" />
        <annoSet ID="6547793" />
      </pattern>
      <pattern total="1">
        <valenceUnit GF="Dep" PT="Sinterrog" FE="Proposition" />
        <valenceUnit GF="Ext" PT="NP" FE="Support" />
        <valenceUnit GF="Ext" PT="NP" FE="Support" />
        <annoSet ID="1821820" />
      </pattern>
    </FEGroupRealization>
  </valences>
  <subCorpus name="V-augmented">
    <sentence sentNo="0" ID="1196124n">
      <text>Although the study contradicts the theory , these calcium spikes might control associated events such as cytoplasmic maturation .</text>
      <annotationSet cDate="08/08/2025 07:59:53 PST Fri" status="AUGMENTED" ID="0">
        <layer name="FE" rank="1">
          <label cBy="auto-aug" feID="107" start="9" end="17" name="Support" />
          <label cBy="auto-aug" feID="108" start="31" end="40" name="Proposition" />
        </layer>
        <layer name="Target" rank="1">
          <label cBy="auto-aug" start="19" end="29" name="Target" />
        </layer>
      </annotationSet>
    </sentence>
    <sentence sentNo="0" ID="4098280n">
      <text>While the Scuds fell short of Lampedusa , the evidence clearly contradict the statement .</text>
      <annotationSet cDate="08/08/2025 07:59:53 PST Fri" status="AUGMENTED" ID="0">
        <layer name="FE" rank="1">
          <label cBy="auto-aug" feID="107" start="42" end="53" name="Support" />
          <label cBy="auto-aug" feID="1016" start="55" end="61" name="Degree" />
          <label cBy="auto-aug" feID="108" start="74" end="86" name="Proposition" />
        </layer>
        <layer name="Target" rank="1">
          <label cBy="auto-aug" start="63" end="72" name="Target" />
        </layer>
      </annotationSet>
    </sentence>
    <sentence sentNo="0" ID="1156366n">
      <text>It is tempting for any regime to claim that the evidence contradicts their ideology . </text>
      <annotationSet cDate="08/08/2025 07:59:53 PST Fri" status="AUGMENTED" ID="0">
        <layer name="FE" rank="1">
          <label cBy="auto-aug" feID="107" start="44" end="55" name="Support" />
          <label cBy="auto-aug" feID="108" start="69" end="82" name="Proposition" />
        </layer>
        <layer name="Target" rank="1">
          <label cBy="auto-aug" start="57" end="67" name="Target" />
        </layer>
      </annotationSet>
    </sentence>
  </subCorpus>
</lexUnit>