<?xml version='1.0' encoding='UTF-8'?>
<lexUnit xmlns="http://framenet.icsi.berkeley.edu" xmlns:xsi="http://www.w3.org/2001/XMLSchema-instance" status="Finished_Initial" POS="V" name="justify.v" ID="8034" frame="Justifying" frameID="512" totalAnnotated="77" xsi:schemaLocation="../schema/lexUnit.xsd">
  <header>
    <corpus description="BNC2" name="BNC2" ID="111">
      <document description="bncp" name="bncp" ID="421" />
    </corpus>
    <corpus description="MASC" name="MASC" ID="150">
      <document description="Examples of the lemma justify from the MASC project for FN annotation" name="justify" ID="22070" />
    </corpus>
    <corpus description="Miscellaneous" name="Miscellaneous" ID="175">
      <document description="Sadat Assassination" name="SadatAssassination" ID="23551" />
    </corpus>
    <corpus description="LUCorpus-v0.3" name="LUCorpus-v0.3" ID="205">
      <document description="CNN_AARONBROWN_ENG_20051101_215800.partial-NEW" name="CNN_AARONBROWN_ENG_20051101_215800.partial-NEW" ID="23733" />
    </corpus>
    <frame>
      <FE fgColor="FFFFFF" bgColor="008000" type="Core" abbrev="" name="Act" />
      <FE fgColor="FFFFFF" bgColor="FF0000" type="Core" abbrev="" name="Agent" />
      <FE fgColor="000000" bgColor="FFFF00" type="Peripheral" abbrev="" name="Degree" />
      <FE fgColor="FFFFFF" bgColor="7FFF00" type="Peripheral" abbrev="" name="Domain" />
      <FE fgColor="FFFFFF" bgColor="90876C" type="Extra-Thematic" abbrev="exp" name="Explanation" />
      <FE fgColor="000000" bgColor="FFA500" type="Extra-Thematic" abbrev="" name="Frequency" />
      <FE fgColor="FFFFFF" bgColor="800080" type="Peripheral" abbrev="" name="Judge" />
      <FE fgColor="FFFFFF" bgColor="A52A2A" type="Peripheral" abbrev="" name="Means" />
      <FE fgColor="FFFFFF" bgColor="00BFFF" type="Core" abbrev="" name="State_of_affairs" />
      <FE fgColor="FFFFFF" bgColor="808080" type="Peripheral" abbrev="" name="Time" />
    </frame>
  </header>
  <definition>COD: prove to be right or reasonable</definition>
  <lexeme POS="V" name="justify" />
  <valences>
    <FERealization total="54">
      <FE name="Act" />
      <pattern total="1">
        <valenceUnit GF="Ext" PT="NP" FE="Act" />
        <annoSet ID="2576911" />
      </pattern>
      <pattern total="42">
        <valenceUnit GF="Obj" PT="NP" FE="Act" />
        <annoSet ID="2404506" />
        <annoSet ID="2404514" />
        <annoSet ID="2404528" />
        <annoSet ID="2404592" />
        <annoSet ID="2404604" />
        <annoSet ID="2404684" />
        <annoSet ID="2404712" />
        <annoSet ID="2404738" />
        <annoSet ID="2404818" />
        <annoSet ID="2576909" />
        <annoSet ID="2577425" />
        <annoSet ID="2577430" />
        <annoSet ID="2577432" />
        <annoSet ID="2577435" />
        <annoSet ID="2577439" />
        <annoSet ID="2577440" />
        <annoSet ID="2577445" />
        <annoSet ID="2577448" />
        <annoSet ID="2577451" />
        <annoSet ID="2577460" />
        <annoSet ID="2577604" />
        <annoSet ID="2577606" />
        <annoSet ID="2577613" />
        <annoSet ID="2577623" />
        <annoSet ID="2577624" />
        <annoSet ID="2577626" />
        <annoSet ID="2577628" />
        <annoSet ID="2577633" />
        <annoSet ID="2577639" />
        <annoSet ID="2598401" />
        <annoSet ID="2598413" />
        <annoSet ID="2599738" />
        <annoSet ID="2599760" />
        <annoSet ID="2599782" />
        <annoSet ID="2599851" />
        <annoSet ID="2599939" />
        <annoSet ID="2600175" />
        <annoSet ID="2600251" />
        <annoSet ID="2600356" />
        <annoSet ID="2600358" />
        <annoSet ID="2600359" />
        <annoSet ID="6528528" />
      </pattern>
      <pattern total="2">
        <valenceUnit GF="Dep" PT="Sfin" FE="Act" />
        <annoSet ID="6638426" />
        <annoSet ID="6638427" />
      </pattern>
      <pattern total="1">
        <valenceUnit GF="Dep" PT="VPbrst" FE="Act" />
        <annoSet ID="6638425" />
      </pattern>
      <pattern total="7">
        <valenceUnit GF="Dep" PT="VPing" FE="Act" />
        <annoSet ID="2577428" />
        <annoSet ID="2577452" />
        <annoSet ID="2577627" />
        <annoSet ID="2577631" />
        <annoSet ID="2577632" />
        <annoSet ID="2577634" />
        <annoSet ID="2600360" />
      </pattern>
      <pattern total="1">
        <valenceUnit GF="Obj" PT="VPing" FE="Act" />
        <annoSet ID="2404794" />
      </pattern>
    </FERealization>
    <FERealization total="77">
      <FE name="Agent" />
      <pattern total="17">
        <valenceUnit GF="" PT="CNI" FE="Agent" />
        <annoSet ID="2576911" />
        <annoSet ID="2577424" />
        <annoSet ID="2577435" />
        <annoSet ID="2577445" />
        <annoSet ID="2577458" />
        <annoSet ID="2577613" />
        <annoSet ID="2577625" />
        <annoSet ID="2577627" />
        <annoSet ID="2598406" />
        <annoSet ID="2599851" />
        <annoSet ID="2599939" />
        <annoSet ID="2600175" />
        <annoSet ID="2600251" />
        <annoSet ID="2600359" />
        <annoSet ID="6528528" />
        <annoSet ID="6638426" />
        <annoSet ID="6638427" />
      </pattern>
      <pattern total="59">
        <valenceUnit GF="Ext" PT="NP" FE="Agent" />
        <annoSet ID="2404506" />
        <annoSet ID="2404514" />
        <annoSet ID="2404528" />
        <annoSet ID="2404592" />
        <annoSet ID="2404598" />
        <annoSet ID="2404604" />
        <annoSet ID="2404684" />
        <annoSet ID="2404712" />
        <annoSet ID="2404738" />
        <annoSet ID="2404768" />
        <annoSet ID="2404794" />
        <annoSet ID="2404818" />
        <annoSet ID="2576505" />
        <annoSet ID="2576909" />
        <annoSet ID="2576910" />
        <annoSet ID="2577414" />
        <annoSet ID="2577421" />
        <annoSet ID="2577425" />
        <annoSet ID="2577428" />
        <annoSet ID="2577430" />
        <annoSet ID="2577432" />
        <annoSet ID="2577439" />
        <annoSet ID="2577440" />
        <annoSet ID="2577441" />
        <annoSet ID="2577442" />
        <annoSet ID="2577448" />
        <annoSet ID="2577451" />
        <annoSet ID="2577452" />
        <annoSet ID="2577456" />
        <annoSet ID="2577459" />
        <annoSet ID="2577460" />
        <annoSet ID="2577603" />
        <annoSet ID="2577604" />
        <annoSet ID="2577606" />
        <annoSet ID="2577610" />
        <annoSet ID="2577612" />
        <annoSet ID="2577618" />
        <annoSet ID="2577619" />
        <annoSet ID="2577620" />
        <annoSet ID="2577622" />
        <annoSet ID="2577623" />
        <annoSet ID="2577624" />
        <annoSet ID="2577626" />
        <annoSet ID="2577628" />
        <annoSet ID="2577631" />
        <annoSet ID="2577632" />
        <annoSet ID="2577633" />
        <annoSet ID="2577634" />
        <annoSet ID="2577639" />
        <annoSet ID="2598401" />
        <annoSet ID="2598413" />
        <annoSet ID="2599738" />
        <annoSet ID="2599743" />
        <annoSet ID="2599760" />
        <annoSet ID="2599782" />
        <annoSet ID="2600356" />
        <annoSet ID="2600358" />
        <annoSet ID="2600360" />
        <annoSet ID="6548024" />
      </pattern>
      <pattern total="1">
        <valenceUnit GF="" PT="DNI" FE="Agent" />
        <annoSet ID="6638425" />
      </pattern>
    </FERealization>
    <FERealization total="3">
      <FE name="Domain" />
      <pattern total="2">
        <valenceUnit GF="Dep" PT="PP[in]" FE="Domain" />
        <annoSet ID="2577430" />
        <annoSet ID="2600251" />
      </pattern>
      <pattern total="1">
        <valenceUnit GF="Dep" PT="AVP" FE="Domain" />
        <annoSet ID="2577627" />
      </pattern>
    </FERealization>
    <FERealization total="9">
      <FE name="Explanation" />
      <pattern total="1">
        <valenceUnit GF="" PT="2nd" FE="Explanation" />
        <annoSet ID="2599851" />
      </pattern>
      <pattern total="3">
        <valenceUnit GF="Dep" PT="PP[as]" FE="Explanation" />
        <annoSet ID="2404592" />
        <annoSet ID="2404712" />
        <annoSet ID="2404738" />
      </pattern>
      <pattern total="3">
        <valenceUnit GF="Dep" PT="PP[on]" FE="Explanation" />
        <annoSet ID="2404604" />
        <annoSet ID="2404684" />
        <annoSet ID="2404768" />
      </pattern>
      <pattern total="1">
        <valenceUnit GF="Dep" PT="PP[with]" FE="Explanation" />
        <annoSet ID="2577451" />
      </pattern>
      <pattern total="1">
        <valenceUnit GF="Dep" PT="Sub" FE="Explanation" />
        <annoSet ID="2577627" />
      </pattern>
    </FERealization>
    <FERealization total="2">
      <FE name="Frequency" />
      <pattern total="2">
        <valenceUnit GF="Dep" PT="AVP" FE="Frequency" />
        <annoSet ID="2404604" />
        <annoSet ID="2600356" />
      </pattern>
    </FERealization>
    <FERealization total="4">
      <FE name="Judge" />
      <pattern total="4">
        <valenceUnit GF="Dep" PT="PP[to]" FE="Judge" />
        <annoSet ID="2576505" />
        <annoSet ID="2576909" />
        <annoSet ID="2577620" />
        <annoSet ID="2577623" />
      </pattern>
    </FERealization>
    <FERealization total="6">
      <FE name="Means" />
      <pattern total="2">
        <valenceUnit GF="Dep" PT="PP[with]" FE="Means" />
        <annoSet ID="2404514" />
        <annoSet ID="2600359" />
      </pattern>
      <pattern total="4">
        <valenceUnit GF="Dep" PT="PP[by]" FE="Means" />
        <annoSet ID="2404794" />
        <annoSet ID="2404818" />
        <annoSet ID="2577603" />
        <annoSet ID="2599760" />
      </pattern>
    </FERealization>
    <FERealization total="26">
      <FE name="State_of_affairs" />
      <pattern total="24">
        <valenceUnit GF="Obj" PT="NP" FE="State_of_affairs" />
        <annoSet ID="2404598" />
        <annoSet ID="2404768" />
        <annoSet ID="2576505" />
        <annoSet ID="2576910" />
        <annoSet ID="2577414" />
        <annoSet ID="2577421" />
        <annoSet ID="2577441" />
        <annoSet ID="2577442" />
        <annoSet ID="2577456" />
        <annoSet ID="2577458" />
        <annoSet ID="2577459" />
        <annoSet ID="2577603" />
        <annoSet ID="2577610" />
        <annoSet ID="2577612" />
        <annoSet ID="2577618" />
        <annoSet ID="2577619" />
        <annoSet ID="2577620" />
        <annoSet ID="2577622" />
        <annoSet ID="2577625" />
        <annoSet ID="2598406" />
        <annoSet ID="2599743" />
        <annoSet ID="6548024" />
        <annoSet ID="6638425" />
        <annoSet ID="6638426" />
      </pattern>
      <pattern total="1">
        <valenceUnit GF="Dep" PT="VPing" FE="State_of_affairs" />
        <annoSet ID="6638427" />
      </pattern>
      <pattern total="1">
        <valenceUnit GF="Ext" PT="Sinterrog" FE="State_of_affairs" />
        <annoSet ID="2577424" />
      </pattern>
    </FERealization>
    <FERealization total="1">
      <FE name="Time" />
      <pattern total="1">
        <valenceUnit GF="Dep" PT="Sub" FE="Time" />
        <annoSet ID="2599851" />
      </pattern>
    </FERealization>
    <FEGroupRealization total="30">
      <FE name="Act" />
      <FE name="Agent" />
      <pattern total="1">
        <valenceUnit GF="Ext" PT="NP" FE="Act" />
        <valenceUnit GF="" PT="CNI" FE="Agent" />
        <annoSet ID="2576911" />
      </pattern>
      <pattern total="6">
        <valenceUnit GF="Obj" PT="NP" FE="Act" />
        <valenceUnit GF="" PT="CNI" FE="Agent" />
        <annoSet ID="2577435" />
        <annoSet ID="2577445" />
        <annoSet ID="2577613" />
        <annoSet ID="2599939" />
        <annoSet ID="2600175" />
        <annoSet ID="6528528" />
      </pattern>
      <pattern total="18">
        <valenceUnit GF="Obj" PT="NP" FE="Act" />
        <valenceUnit GF="Ext" PT="NP" FE="Agent" />
        <annoSet ID="2404506" />
        <annoSet ID="2404528" />
        <annoSet ID="2577432" />
        <annoSet ID="2577439" />
        <annoSet ID="2577440" />
        <annoSet ID="2577448" />
        <annoSet ID="2577460" />
        <annoSet ID="2577606" />
        <annoSet ID="2577624" />
        <annoSet ID="2577626" />
        <annoSet ID="2577628" />
        <annoSet ID="2577633" />
        <annoSet ID="2577639" />
        <annoSet ID="2598401" />
        <annoSet ID="2598413" />
        <annoSet ID="2599738" />
        <annoSet ID="2599782" />
        <annoSet ID="2600358" />
      </pattern>
      <pattern total="5">
        <valenceUnit GF="Dep" PT="VPing" FE="Act" />
        <valenceUnit GF="Ext" PT="NP" FE="Agent" />
        <annoSet ID="2577452" />
        <annoSet ID="2577631" />
        <annoSet ID="2577632" />
        <annoSet ID="2577634" />
        <annoSet ID="2600360" />
      </pattern>
    </FEGroupRealization>
    <FEGroupRealization total="3">
      <FE name="Act" />
      <FE name="Agent" />
      <FE name="Agent" />
      <pattern total="2">
        <valenceUnit GF="Obj" PT="NP" FE="Act" />
        <valenceUnit GF="Ext" PT="NP" FE="Agent" />
        <valenceUnit GF="Ext" PT="NP" FE="Agent" />
        <annoSet ID="2577425" />
        <annoSet ID="2577604" />
      </pattern>
      <pattern total="1">
        <valenceUnit GF="Dep" PT="VPing" FE="Act" />
        <valenceUnit GF="Ext" PT="NP" FE="Agent" />
        <valenceUnit GF="Ext" PT="NP" FE="Agent" />
        <annoSet ID="2577428" />
      </pattern>
    </FEGroupRealization>
    <FEGroupRealization total="2">
      <FE name="Act" />
      <FE name="Agent" />
      <FE name="Domain" />
      <pattern total="1">
        <valenceUnit GF="Obj" PT="NP" FE="Act" />
        <valenceUnit GF="" PT="CNI" FE="Agent" />
        <valenceUnit GF="Dep" PT="PP[in]" FE="Domain" />
        <annoSet ID="2600251" />
      </pattern>
      <pattern total="1">
        <valenceUnit GF="Obj" PT="NP" FE="Act" />
        <valenceUnit GF="Ext" PT="NP" FE="Agent" />
        <valenceUnit GF="Dep" PT="PP[in]" FE="Domain" />
        <annoSet ID="2577430" />
      </pattern>
    </FEGroupRealization>
    <FEGroupRealization total="1">
      <FE name="Act" />
      <FE name="Agent" />
      <FE name="Domain" />
      <FE name="Explanation" />
      <pattern total="1">
        <valenceUnit GF="Dep" PT="VPing" FE="Act" />
        <valenceUnit GF="" PT="CNI" FE="Agent" />
        <valenceUnit GF="Dep" PT="AVP" FE="Domain" />
        <valenceUnit GF="Dep" PT="Sub" FE="Explanation" />
        <annoSet ID="2577627" />
      </pattern>
    </FEGroupRealization>
    <FEGroupRealization total="5">
      <FE name="Act" />
      <FE name="Agent" />
      <FE name="Explanation" />
      <pattern total="3">
        <valenceUnit GF="Obj" PT="NP" FE="Act" />
        <valenceUnit GF="Ext" PT="NP" FE="Agent" />
        <valenceUnit GF="Dep" PT="PP[as]" FE="Explanation" />
        <annoSet ID="2404592" />
        <annoSet ID="2404712" />
        <annoSet ID="2404738" />
      </pattern>
      <pattern total="1">
        <valenceUnit GF="Obj" PT="NP" FE="Act" />
        <valenceUnit GF="Ext" PT="NP" FE="Agent" />
        <valenceUnit GF="Dep" PT="PP[on]" FE="Explanation" />
        <annoSet ID="2404684" />
      </pattern>
      <pattern total="1">
        <valenceUnit GF="Obj" PT="NP" FE="Act" />
        <valenceUnit GF="Ext" PT="NP" FE="Agent" />
        <valenceUnit GF="Dep" PT="PP[with]" FE="Explanation" />
        <annoSet ID="2577451" />
      </pattern>
    </FEGroupRealization>
    <FEGroupRealization total="1">
      <FE name="Act" />
      <FE name="Agent" />
      <FE name="Explanation" />
      <FE name="Frequency" />
      <pattern total="1">
        <valenceUnit GF="Obj" PT="NP" FE="Act" />
        <valenceUnit GF="Ext" PT="NP" FE="Agent" />
        <valenceUnit GF="Dep" PT="PP[on]" FE="Explanation" />
        <valenceUnit GF="Dep" PT="AVP" FE="Frequency" />
        <annoSet ID="2404604" />
      </pattern>
    </FEGroupRealization>
    <FEGroupRealization total="1">
      <FE name="Act" />
      <FE name="Agent" />
      <FE name="Explanation" />
      <FE name="Time" />
      <pattern total="1">
        <valenceUnit GF="Obj" PT="NP" FE="Act" />
        <valenceUnit GF="" PT="CNI" FE="Agent" />
        <valenceUnit GF="" PT="2nd" FE="Explanation" />
        <valenceUnit GF="Dep" PT="Sub" FE="Time" />
        <annoSet ID="2599851" />
      </pattern>
    </FEGroupRealization>
    <FEGroupRealization total="1">
      <FE name="Act" />
      <FE name="Agent" />
      <FE name="Frequency" />
      <pattern total="1">
        <valenceUnit GF="Obj" PT="NP" FE="Act" />
        <valenceUnit GF="Ext" PT="NP" FE="Agent" />
        <valenceUnit GF="Dep" PT="AVP" FE="Frequency" />
        <annoSet ID="2600356" />
      </pattern>
    </FEGroupRealization>
    <FEGroupRealization total="2">
      <FE name="Act" />
      <FE name="Agent" />
      <FE name="Judge" />
      <pattern total="2">
        <valenceUnit GF="Obj" PT="NP" FE="Act" />
        <valenceUnit GF="Ext" PT="NP" FE="Agent" />
        <valenceUnit GF="Dep" PT="PP[to]" FE="Judge" />
        <annoSet ID="2576909" />
        <annoSet ID="2577623" />
      </pattern>
    </FEGroupRealization>
    <FEGroupRealization total="5">
      <FE name="Act" />
      <FE name="Agent" />
      <FE name="Means" />
      <pattern total="1">
        <valenceUnit GF="Obj" PT="NP" FE="Act" />
        <valenceUnit GF="" PT="CNI" FE="Agent" />
        <valenceUnit GF="Dep" PT="PP[with]" FE="Means" />
        <annoSet ID="2600359" />
      </pattern>
      <pattern total="2">
        <valenceUnit GF="Obj" PT="NP" FE="Act" />
        <valenceUnit GF="Ext" PT="NP" FE="Agent" />
        <valenceUnit GF="Dep" PT="PP[by]" FE="Means" />
        <annoSet ID="2404818" />
        <annoSet ID="2599760" />
      </pattern>
      <pattern total="1">
        <valenceUnit GF="Obj" PT="NP" FE="Act" />
        <valenceUnit GF="Ext" PT="NP" FE="Agent" />
        <valenceUnit GF="Dep" PT="PP[with]" FE="Means" />
        <annoSet ID="2404514" />
      </pattern>
      <pattern total="1">
        <valenceUnit GF="Obj" PT="VPing" FE="Act" />
        <valenceUnit GF="Ext" PT="NP" FE="Agent" />
        <valenceUnit GF="Dep" PT="PP[by]" FE="Means" />
        <annoSet ID="2404794" />
      </pattern>
    </FEGroupRealization>
    <FEGroupRealization total="3">
      <FE name="Act" />
      <FE name="Agent" />
      <FE name="State_of_affairs" />
      <pattern total="1">
        <valenceUnit GF="Dep" PT="Sfin" FE="Act" />
        <valenceUnit GF="" PT="CNI" FE="Agent" />
        <valenceUnit GF="Obj" PT="NP" FE="State_of_affairs" />
        <annoSet ID="6638426" />
      </pattern>
      <pattern total="1">
        <valenceUnit GF="Dep" PT="Sfin" FE="Act" />
        <valenceUnit GF="" PT="CNI" FE="Agent" />
        <valenceUnit GF="Dep" PT="VPing" FE="State_of_affairs" />
        <annoSet ID="6638427" />
      </pattern>
      <pattern total="1">
        <valenceUnit GF="Dep" PT="VPbrst" FE="Act" />
        <valenceUnit GF="" PT="DNI" FE="Agent" />
        <valenceUnit GF="Obj" PT="NP" FE="State_of_affairs" />
        <annoSet ID="6638425" />
      </pattern>
    </FEGroupRealization>
    <FEGroupRealization total="1">
      <FE name="Agent" />
      <FE name="Explanation" />
      <FE name="State_of_affairs" />
      <pattern total="1">
        <valenceUnit GF="Ext" PT="NP" FE="Agent" />
        <valenceUnit GF="Dep" PT="PP[on]" FE="Explanation" />
        <valenceUnit GF="Obj" PT="NP" FE="State_of_affairs" />
        <annoSet ID="2404768" />
      </pattern>
    </FEGroupRealization>
    <FEGroupRealization total="2">
      <FE name="Agent" />
      <FE name="Judge" />
      <FE name="State_of_affairs" />
      <pattern total="2">
        <valenceUnit GF="Ext" PT="NP" FE="Agent" />
        <valenceUnit GF="Dep" PT="PP[to]" FE="Judge" />
        <valenceUnit GF="Obj" PT="NP" FE="State_of_affairs" />
        <annoSet ID="2576505" />
        <annoSet ID="2577620" />
      </pattern>
    </FEGroupRealization>
    <FEGroupRealization total="1">
      <FE name="Agent" />
      <FE name="Means" />
      <FE name="State_of_affairs" />
      <pattern total="1">
        <valenceUnit GF="Ext" PT="NP" FE="Agent" />
        <valenceUnit GF="Dep" PT="PP[by]" FE="Means" />
        <valenceUnit GF="Obj" PT="NP" FE="State_of_affairs" />
        <annoSet ID="2577603" />
      </pattern>
    </FEGroupRealization>
    <FEGroupRealization total="19">
      <FE name="Agent" />
      <FE name="State_of_affairs" />
      <pattern total="3">
        <valenceUnit GF="" PT="CNI" FE="Agent" />
        <valenceUnit GF="Obj" PT="NP" FE="State_of_affairs" />
        <annoSet ID="2577458" />
        <annoSet ID="2577625" />
        <annoSet ID="2598406" />
      </pattern>
      <pattern total="1">
        <valenceUnit GF="" PT="CNI" FE="Agent" />
        <valenceUnit GF="Ext" PT="Sinterrog" FE="State_of_affairs" />
        <annoSet ID="2577424" />
      </pattern>
      <pattern total="15">
        <valenceUnit GF="Ext" PT="NP" FE="Agent" />
        <valenceUnit GF="Obj" PT="NP" FE="State_of_affairs" />
        <annoSet ID="2404598" />
        <annoSet ID="2576910" />
        <annoSet ID="2577414" />
        <annoSet ID="2577421" />
        <annoSet ID="2577441" />
        <annoSet ID="2577442" />
        <annoSet ID="2577456" />
        <annoSet ID="2577459" />
        <annoSet ID="2577610" />
        <annoSet ID="2577612" />
        <annoSet ID="2577618" />
        <annoSet ID="2577619" />
        <annoSet ID="2577622" />
        <annoSet ID="2599743" />
        <annoSet ID="6548024" />
      </pattern>
    </FEGroupRealization>
  </valences>
  <subCorpus name="V-augmented">
    <sentence sentNo="0" ID="1249322n">
      <text>They always justify and justify their actions .</text>
      <annotationSet cDate="08/08/2025 07:59:16 PST Fri" status="AUGMENTED" ID="0">
        <layer name="FE" rank="1">
          <label cBy="auto-aug" feID="5480" start="0" end="3" name="Agent" />
          <label cBy="auto-aug" feID="5482" start="32" end="44" name="Act" />
        </layer>
        <layer name="Target" rank="1">
          <label cBy="auto-aug" start="12" end="18" name="Target" />
        </layer>
      </annotationSet>
    </sentence>
    <sentence sentNo="0" ID="4096838n">
      <text>Iranian Defense and Foreign Ministry officials continue to justify their actions , while denying any ill intent towards countries such as the United States .</text>
      <annotationSet cDate="08/08/2025 07:59:16 PST Fri" status="AUGMENTED" ID="0">
        <layer name="FE" rank="1">
          <label cBy="auto-aug" feID="5480" start="0" end="45" name="Agent" />
          <label cBy="auto-aug" feID="5482" start="67" end="79" name="Act" />
        </layer>
        <layer name="Target" rank="1">
          <label cBy="auto-aug" start="59" end="65" name="Target" />
        </layer>
      </annotationSet>
    </sentence>
    <sentence sentNo="0" ID="4097561n">
      <text>We need additional confidence that China 's statements and actions will be sufficient for us to justify our actions ... we want to be sure that we 've done all we can to obtain the maximum level of cooperation from China on this subject. [ US Department of State , Daily Press Briefing , 14 October 1997 . ]</text>
      <annotationSet cDate="08/08/2025 07:59:16 PST Fri" status="AUGMENTED" ID="0">
        <layer name="FE" rank="1">
          <label cBy="auto-aug" feID="5480" start="90" end="91" name="Agent" />
          <label cBy="auto-aug" feID="5482" start="104" end="114" name="Act" />
        </layer>
        <layer name="Target" rank="1">
          <label cBy="auto-aug" start="96" end="102" name="Target" />
        </layer>
      </annotationSet>
    </sentence>
  </subCorpus>
</lexUnit>