<?xml version='1.0' encoding='UTF-8'?>
<lexUnit xmlns="http://framenet.icsi.berkeley.edu" xmlns:xsi="http://www.w3.org/2001/XMLSchema-instance" status="Finished_Initial" POS="V" name="stain.v" ID="8530" frame="Processing_materials" frameID="620" totalAnnotated="8" xsi:schemaLocation="../schema/lexUnit.xsd">
  <header>
    <corpus description="BNC2" name="BNC2" ID="111">
      <document description="bncp" name="bncp" ID="421" />
    </corpus>
    <corpus description="American National Corpus Texts" name="ANC" ID="195">
      <document description="Berlitz Where to Go in Hong Kong" name="WhereToHongKong" ID="23771" />
    </corpus>
    <frame>
      <FE fgColor="FFFFFF" bgColor="FF0000" type="Core" abbrev="" name="Agent" />
      <FE fgColor="FFFFFF" bgColor="FF00FF" type="Core" abbrev="Alt" name="Alterant" />
      <FE fgColor="000000" bgColor="d0d0d0" type="Extra-Thematic" abbrev="dim" name="Dimension" />
      <FE fgColor="000000" bgColor="FFFF00" type="Extra-Thematic" abbrev="" name="Duration" />
      <FE fgColor="FFFFFF" bgColor="1E90FF" type="Extra-Thematic" abbrev="Exp" name="Explanation" />
      <FE fgColor="FFFFFF" bgColor="00BFFF" type="Peripheral" abbrev="" name="Manner" />
      <FE fgColor="FFFFFF" bgColor="0000FF" type="Core" abbrev="Mat" name="Material" />
      <FE fgColor="FFFFFF" bgColor="008000" type="Peripheral" abbrev="pla" name="Place" />
      <FE fgColor="FFFFFF" bgColor="800080" type="Peripheral" abbrev="Pur" name="Purpose" />
      <FE fgColor="FFFFFF" bgColor="9400D3" type="Extra-Thematic" abbrev="" name="Result" />
      <FE fgColor="FFFFFF" bgColor="FF69B4" type="Extra-Thematic" abbrev="" name="Subregion" />
      <FE fgColor="FFFFFF" bgColor="FFA500" type="Peripheral" abbrev="" name="Time" />
    </frame>
  </header>
  <definition>FN: apply a colorant to a solid for the purpose of coloring it (darker than it originally was).</definition>
  <lexeme POS="V" name="stain" />
  <valences>
    <FERealization total="8">
      <FE name="Agent" />
      <pattern total="7">
        <valenceUnit GF="" PT="CNI" FE="Agent" />
        <annoSet ID="2011485" />
        <annoSet ID="2011607" />
        <annoSet ID="2011613" />
        <annoSet ID="2011707" />
        <annoSet ID="2011721" />
        <annoSet ID="2011775" />
        <annoSet ID="6555649" />
      </pattern>
      <pattern total="1">
        <valenceUnit GF="Ext" PT="NP" FE="Agent" />
        <annoSet ID="2011571" />
      </pattern>
    </FERealization>
    <FERealization total="8">
      <FE name="Alterant" />
      <pattern total="4">
        <valenceUnit GF="" PT="INI" FE="Alterant" />
        <annoSet ID="2011485" />
        <annoSet ID="2011613" />
        <annoSet ID="2011707" />
        <annoSet ID="6555649" />
      </pattern>
      <pattern total="4">
        <valenceUnit GF="Dep" PT="PP[with]" FE="Alterant" />
        <annoSet ID="2011571" />
        <annoSet ID="2011607" />
        <annoSet ID="2011721" />
        <annoSet ID="2011775" />
      </pattern>
    </FERealization>
    <FERealization total="8">
      <FE name="Material" />
      <pattern total="5">
        <valenceUnit GF="Ext" PT="NP" FE="Material" />
        <annoSet ID="2011607" />
        <annoSet ID="2011613" />
        <annoSet ID="2011707" />
        <annoSet ID="2011721" />
        <annoSet ID="2011775" />
      </pattern>
      <pattern total="3">
        <valenceUnit GF="Obj" PT="NP" FE="Material" />
        <annoSet ID="2011485" />
        <annoSet ID="2011571" />
        <annoSet ID="6555649" />
      </pattern>
    </FERealization>
    <FERealization total="2">
      <FE name="Purpose" />
      <pattern total="2">
        <valenceUnit GF="Dep" PT="PP[for]" FE="Purpose" />
        <annoSet ID="2011613" />
        <annoSet ID="2011775" />
      </pattern>
    </FERealization>
    <FEGroupRealization total="6">
      <FE name="Agent" />
      <FE name="Alterant" />
      <FE name="Material" />
      <pattern total="1">
        <valenceUnit GF="" PT="CNI" FE="Agent" />
        <valenceUnit GF="" PT="INI" FE="Alterant" />
        <valenceUnit GF="Ext" PT="NP" FE="Material" />
        <annoSet ID="2011707" />
      </pattern>
      <pattern total="2">
        <valenceUnit GF="" PT="CNI" FE="Agent" />
        <valenceUnit GF="" PT="INI" FE="Alterant" />
        <valenceUnit GF="Obj" PT="NP" FE="Material" />
        <annoSet ID="2011485" />
        <annoSet ID="6555649" />
      </pattern>
      <pattern total="2">
        <valenceUnit GF="" PT="CNI" FE="Agent" />
        <valenceUnit GF="Dep" PT="PP[with]" FE="Alterant" />
        <valenceUnit GF="Ext" PT="NP" FE="Material" />
        <annoSet ID="2011607" />
        <annoSet ID="2011721" />
      </pattern>
      <pattern total="1">
        <valenceUnit GF="Ext" PT="NP" FE="Agent" />
        <valenceUnit GF="Dep" PT="PP[with]" FE="Alterant" />
        <valenceUnit GF="Obj" PT="NP" FE="Material" />
        <annoSet ID="2011571" />
      </pattern>
    </FEGroupRealization>
    <FEGroupRealization total="2">
      <FE name="Agent" />
      <FE name="Alterant" />
      <FE name="Material" />
      <FE name="Purpose" />
      <pattern total="1">
        <valenceUnit GF="" PT="CNI" FE="Agent" />
        <valenceUnit GF="" PT="INI" FE="Alterant" />
        <valenceUnit GF="Ext" PT="NP" FE="Material" />
        <valenceUnit GF="Dep" PT="PP[for]" FE="Purpose" />
        <annoSet ID="2011613" />
      </pattern>
      <pattern total="1">
        <valenceUnit GF="" PT="CNI" FE="Agent" />
        <valenceUnit GF="Dep" PT="PP[with]" FE="Alterant" />
        <valenceUnit GF="Ext" PT="NP" FE="Material" />
        <valenceUnit GF="Dep" PT="PP[for]" FE="Purpose" />
        <annoSet ID="2011775" />
      </pattern>
    </FEGroupRealization>
  </valences>
  <subCorpus name="V-augmented">
    <sentence sentNo="0" ID="1545786n">
      <text>blood was stained an incredible brutal red .</text>
      <annotationSet cDate="08/08/2025 07:59:02 PST Fri" status="AUGMENTED" ID="0">
        <layer name="FE" rank="1">
          <label cBy="auto-aug" feID="4343" start="0" end="4" name="Material" />
          <label cBy="auto-aug" feID="4350" start="18" end="41" name="Result" />
        </layer>
        <layer name="Target" rank="1">
          <label cBy="auto-aug" start="10" end="16" name="Target" />
        </layer>
      </annotationSet>
    </sentence>
    <sentence sentNo="0" ID="4125485n">
      <text>the materials have to be stained and printed to a suitable quality for the media and you will need enlargements , possibly in some quantity .</text>
      <annotationSet cDate="08/08/2025 07:59:02 PST Fri" status="AUGMENTED" ID="0">
        <layer name="FE" rank="1">
          <label cBy="auto-aug" feID="4343" start="0" end="12" name="Material" />
        </layer>
        <layer name="Target" rank="1">
          <label cBy="auto-aug" start="25" end="31" name="Target" />
        </layer>
      </annotationSet>
    </sentence>
    <sentence sentNo="0" ID="1300427n">
      <text>We are told that Dounreay has held preliminary discussions with the Australian Nuclear Science and Technology Organisation about staining the surface .</text>
      <annotationSet cDate="08/08/2025 07:59:02 PST Fri" status="AUGMENTED" ID="0">
        <layer name="FE" rank="1">
          <label cBy="auto-aug" feID="4343" start="138" end="148" name="Material" />
        </layer>
        <layer name="Target" rank="1">
          <label cBy="auto-aug" start="129" end="136" name="Target" />
        </layer>
      </annotationSet>
    </sentence>
  </subCorpus>
</lexUnit>