<?xml version='1.0' encoding='UTF-8'?>
<lexUnit xmlns="http://framenet.icsi.berkeley.edu" xmlns:xsi="http://www.w3.org/2001/XMLSchema-instance" status="Finished_Initial" POS="V" name="endanger.v" ID="8504" frame="Endangering" frameID="631" totalAnnotated="21" xsi:schemaLocation="../schema/lexUnit.xsd">
  <header>
    <corpus description="BNC2" name="BNC2" ID="111">
      <document description="bncp" name="bncp" ID="421" />
    </corpus>
    <corpus description="Texts from Nuclear Threat Initiative website, created by Center for Non-Proliferation Studies" name="NTI" ID="135">
      <document description="WMD News 06/26/2006" name="WMDNews_062606" ID="23621" />
    </corpus>
    <corpus description="Texts from WikiMedia--WikiNews and Wikipedia" name="WikiTexts" ID="246">
      <document description="Fires_7" name="Fires_7" ID="25622" />
    </corpus>
    <frame>
      <FE fgColor="FFFFFF" bgColor="FF0000" type="Core" abbrev="Agent" name="Agent" />
      <FE fgColor="FFFFFF" bgColor="006400" type="Core" abbrev="" name="Cause" />
      <FE fgColor="FFFFFF" bgColor="A52A2A" type="Peripheral" abbrev="Mns" name="Endangering_act" />
      <FE fgColor="FFFFFF" bgColor="FF69B4" type="Peripheral" abbrev="Mnr" name="Manner" />
      <FE fgColor="FFFFFF" bgColor="7CCD73" type="Peripheral" abbrev="Place" name="Place" />
      <FE fgColor="FFFFFF" bgColor="FFA500" type="Peripheral" abbrev="Time" name="Time" />
      <FE fgColor="FFFFFF" bgColor="0000FF" type="Core" abbrev="Valued" name="Valued_entity" />
    </frame>
  </header>
  <definition>COD:  put at risk or in danger.</definition>
  <lexeme POS="V" name="endanger" />
  <valences>
    <FERealization total="9">
      <FE name="Agent" />
      <pattern total="2">
        <valenceUnit GF="" PT="CNI" FE="Agent" />
        <annoSet ID="1848393" />
        <annoSet ID="1848431" />
      </pattern>
      <pattern total="7">
        <valenceUnit GF="Ext" PT="NP" FE="Agent" />
        <annoSet ID="1848231" />
        <annoSet ID="1848325" />
        <annoSet ID="1848339" />
        <annoSet ID="1848347" />
        <annoSet ID="1848377" />
        <annoSet ID="1848389" />
        <annoSet ID="1848415" />
      </pattern>
    </FERealization>
    <FERealization total="12">
      <FE name="Cause" />
      <pattern total="1">
        <valenceUnit GF="" PT="CNI" FE="Cause" />
        <annoSet ID="1848515" />
      </pattern>
      <pattern total="9">
        <valenceUnit GF="Ext" PT="NP" FE="Cause" />
        <annoSet ID="1848283" />
        <annoSet ID="1848305" />
        <annoSet ID="1848345" />
        <annoSet ID="1848357" />
        <annoSet ID="1848363" />
        <annoSet ID="1848453" />
        <annoSet ID="1848465" />
        <annoSet ID="6537196" />
        <annoSet ID="6669419" />
      </pattern>
      <pattern total="2">
        <valenceUnit GF="Dep" PT="PP[by]" FE="Cause" />
        <annoSet ID="1848237" />
        <annoSet ID="1848255" />
      </pattern>
    </FERealization>
    <FERealization total="9">
      <FE name="Endangering_act" />
      <pattern total="6">
        <valenceUnit GF="" PT="INI" FE="Endangering_act" />
        <annoSet ID="1848339" />
        <annoSet ID="1848347" />
        <annoSet ID="1848377" />
        <annoSet ID="1848389" />
        <annoSet ID="1848415" />
        <annoSet ID="1848431" />
      </pattern>
      <pattern total="2">
        <valenceUnit GF="Dep" PT="PP[by]" FE="Endangering_act" />
        <annoSet ID="1848231" />
        <annoSet ID="1848393" />
      </pattern>
      <pattern total="1">
        <valenceUnit GF="Dep" PT="PPing[by]" FE="Endangering_act" />
        <annoSet ID="1848325" />
      </pattern>
    </FERealization>
    <FERealization total="1">
      <FE name="Manner" />
      <pattern total="1">
        <valenceUnit GF="Dep" PT="AVP" FE="Manner" />
        <annoSet ID="1848389" />
      </pattern>
    </FERealization>
    <FERealization total="1">
      <FE name="Time" />
      <pattern total="1">
        <valenceUnit GF="Dep" PT="AVP" FE="Time" />
        <annoSet ID="6537196" />
      </pattern>
    </FERealization>
    <FERealization total="21">
      <FE name="Valued_entity" />
      <pattern total="18">
        <valenceUnit GF="Obj" PT="NP" FE="Valued_entity" />
        <annoSet ID="1848231" />
        <annoSet ID="1848283" />
        <annoSet ID="1848305" />
        <annoSet ID="1848325" />
        <annoSet ID="1848339" />
        <annoSet ID="1848345" />
        <annoSet ID="1848347" />
        <annoSet ID="1848357" />
        <annoSet ID="1848363" />
        <annoSet ID="1848377" />
        <annoSet ID="1848389" />
        <annoSet ID="1848393" />
        <annoSet ID="1848415" />
        <annoSet ID="1848431" />
        <annoSet ID="1848453" />
        <annoSet ID="1848465" />
        <annoSet ID="6537196" />
        <annoSet ID="6669419" />
      </pattern>
      <pattern total="3">
        <valenceUnit GF="Ext" PT="NP" FE="Valued_entity" />
        <annoSet ID="1848237" />
        <annoSet ID="1848255" />
        <annoSet ID="1848515" />
      </pattern>
    </FERealization>
    <FEGroupRealization total="1">
      <FE name="Agent" />
      <FE name="Agent" />
      <FE name="Endangering_act" />
      <FE name="Valued_entity" />
      <pattern total="1">
        <valenceUnit GF="Ext" PT="NP" FE="Agent" />
        <valenceUnit GF="Ext" PT="NP" FE="Agent" />
        <valenceUnit GF="" PT="INI" FE="Endangering_act" />
        <valenceUnit GF="Obj" PT="NP" FE="Valued_entity" />
        <annoSet ID="1848377" />
      </pattern>
    </FEGroupRealization>
    <FEGroupRealization total="1">
      <FE name="Agent" />
      <FE name="Endangering_act" />
      <FE name="Manner" />
      <FE name="Valued_entity" />
      <pattern total="1">
        <valenceUnit GF="Ext" PT="NP" FE="Agent" />
        <valenceUnit GF="" PT="INI" FE="Endangering_act" />
        <valenceUnit GF="Dep" PT="AVP" FE="Manner" />
        <valenceUnit GF="Obj" PT="NP" FE="Valued_entity" />
        <annoSet ID="1848389" />
      </pattern>
    </FEGroupRealization>
    <FEGroupRealization total="7">
      <FE name="Agent" />
      <FE name="Endangering_act" />
      <FE name="Valued_entity" />
      <pattern total="1">
        <valenceUnit GF="" PT="CNI" FE="Agent" />
        <valenceUnit GF="" PT="INI" FE="Endangering_act" />
        <valenceUnit GF="Obj" PT="NP" FE="Valued_entity" />
        <annoSet ID="1848431" />
      </pattern>
      <pattern total="1">
        <valenceUnit GF="" PT="CNI" FE="Agent" />
        <valenceUnit GF="Dep" PT="PP[by]" FE="Endangering_act" />
        <valenceUnit GF="Obj" PT="NP" FE="Valued_entity" />
        <annoSet ID="1848393" />
      </pattern>
      <pattern total="3">
        <valenceUnit GF="Ext" PT="NP" FE="Agent" />
        <valenceUnit GF="" PT="INI" FE="Endangering_act" />
        <valenceUnit GF="Obj" PT="NP" FE="Valued_entity" />
        <annoSet ID="1848339" />
        <annoSet ID="1848347" />
        <annoSet ID="1848415" />
      </pattern>
      <pattern total="1">
        <valenceUnit GF="Ext" PT="NP" FE="Agent" />
        <valenceUnit GF="Dep" PT="PP[by]" FE="Endangering_act" />
        <valenceUnit GF="Obj" PT="NP" FE="Valued_entity" />
        <annoSet ID="1848231" />
      </pattern>
      <pattern total="1">
        <valenceUnit GF="Ext" PT="NP" FE="Agent" />
        <valenceUnit GF="Dep" PT="PPing[by]" FE="Endangering_act" />
        <valenceUnit GF="Obj" PT="NP" FE="Valued_entity" />
        <annoSet ID="1848325" />
      </pattern>
    </FEGroupRealization>
    <FEGroupRealization total="1">
      <FE name="Cause" />
      <FE name="Cause" />
      <FE name="Valued_entity" />
      <pattern total="1">
        <valenceUnit GF="Ext" PT="NP" FE="Cause" />
        <valenceUnit GF="Ext" PT="NP" FE="Cause" />
        <valenceUnit GF="Obj" PT="NP" FE="Valued_entity" />
        <annoSet ID="1848363" />
      </pattern>
    </FEGroupRealization>
    <FEGroupRealization total="1">
      <FE name="Cause" />
      <FE name="Time" />
      <FE name="Valued_entity" />
      <pattern total="1">
        <valenceUnit GF="Ext" PT="NP" FE="Cause" />
        <valenceUnit GF="Dep" PT="AVP" FE="Time" />
        <valenceUnit GF="Obj" PT="NP" FE="Valued_entity" />
        <annoSet ID="6537196" />
      </pattern>
    </FEGroupRealization>
    <FEGroupRealization total="10">
      <FE name="Cause" />
      <FE name="Valued_entity" />
      <pattern total="1">
        <valenceUnit GF="" PT="CNI" FE="Cause" />
        <valenceUnit GF="Ext" PT="NP" FE="Valued_entity" />
        <annoSet ID="1848515" />
      </pattern>
      <pattern total="7">
        <valenceUnit GF="Ext" PT="NP" FE="Cause" />
        <valenceUnit GF="Obj" PT="NP" FE="Valued_entity" />
        <annoSet ID="1848283" />
        <annoSet ID="1848305" />
        <annoSet ID="1848345" />
        <annoSet ID="1848357" />
        <annoSet ID="1848453" />
        <annoSet ID="1848465" />
        <annoSet ID="6669419" />
      </pattern>
      <pattern total="2">
        <valenceUnit GF="Dep" PT="PP[by]" FE="Cause" />
        <valenceUnit GF="Ext" PT="NP" FE="Valued_entity" />
        <annoSet ID="1848237" />
        <annoSet ID="1848255" />
      </pattern>
    </FEGroupRealization>
  </valences>
  <subCorpus name="V-augmented">
    <sentence sentNo="0" ID="1200729n">
      <text>It goes without saying that human activity will endanger endangered species .</text>
      <annotationSet cDate="08/08/2025 07:59:43 PST Fri" status="AUGMENTED" ID="0">
        <layer name="FE" rank="1">
          <label cBy="auto-aug" feID="4340" start="28" end="41" name="Cause" />
          <label cBy="auto-aug" feID="4341" start="57" end="74" name="Valued_entity" />
        </layer>
        <layer name="Target" rank="1">
          <label cBy="auto-aug" start="48" end="55" name="Target" />
        </layer>
      </annotationSet>
    </sentence>
    <sentence sentNo="0" ID="4096933n">
      <text>If covert activities had in fact been taking place at this location , these operations would have significantly endangered national security .</text>
      <annotationSet cDate="08/08/2025 07:59:43 PST Fri" status="AUGMENTED" ID="0">
        <layer name="FE" rank="1">
          <label cBy="auto-aug" feID="4340" start="70" end="85" name="Cause" />
          <label cBy="auto-aug" feID="4341" start="123" end="139" name="Valued_entity" />
        </layer>
        <layer name="Target" rank="1">
          <label cBy="auto-aug" start="112" end="121" name="Target" />
        </layer>
      </annotationSet>
    </sentence>
    <sentence sentNo="0" ID="1200735n">
      <text>In the days when contraception was still a rarity , every husband knew , if he chose to think of it , that by sleeping with his wife he might endanger her health .</text>
      <annotationSet cDate="08/08/2025 07:59:43 PST Fri" status="AUGMENTED" ID="0">
        <layer name="FE" rank="1">
          <label cBy="auto-aug" feID="4342" start="76" end="77" name="Agent" />
          <label cBy="auto-aug" feID="4341" start="151" end="160" name="Valued_entity" />
        </layer>
        <layer name="Target" rank="1">
          <label cBy="auto-aug" start="142" end="149" name="Target" />
        </layer>
      </annotationSet>
    </sentence>
  </subCorpus>
</lexUnit>