<?xml version='1.0' encoding='UTF-8'?>
<lexUnit xmlns="http://framenet.icsi.berkeley.edu" xmlns:xsi="http://www.w3.org/2001/XMLSchema-instance" status="Finished_Initial" POS="V" name="kill.v" ID="8630" frame="Killing" frameID="590" totalAnnotated="158" xsi:schemaLocation="../schema/lexUnit.xsd">
  <header>
    <corpus description="Texts from Nuclear Threat Initiative website, created by Center for Non-Proliferation Studies" name="NTI" ID="135">
      <document description="Iran Biological" name="Iran_Biological" ID="23513" />
      <document description="B W Tutorial chapter1" name="BWTutorial_chapter1" ID="23602" />
      <document description="WMD News 06/26/2006" name="WMDNews_062606" ID="23621" />
    </corpus>
    <corpus description="MASC" name="MASC" ID="150">
      <document description="Examples of the lemma kill from the MASC project for FN annotation" name="kill" ID="24111" />
    </corpus>
    <corpus description="Miscellaneous" name="Miscellaneous" ID="175">
      <document description="Sadat Assassination" name="SadatAssassination" ID="23551" />
      <document description="TigerOfSanPedro" name="Tiger_Of_San_Pedro" ID="25343" />
    </corpus>
    <corpus description="AQUAINT Knowledge-Based Evaluation Texts" name="KBEval" ID="185">
      <document description="parc" name="parc" ID="23575" />
      <document description="Stanford" name="Stanford" ID="23576" />
      <document description="LCC-M" name="LCC-M" ID="23578" />
    </corpus>
    <corpus description="LUCorpus-v0.3" name="LUCorpus-v0.3" ID="205">
      <document description="wsj_2465" name="wsj_2465" ID="23722" />
      <document description="CNN_ENG_20030614_173123.4-NEW-1" name="CNN_ENG_20030614_173123.4-NEW-1" ID="23726" />
      <document description="sw2025-ms98-a-trans.ascii-1-NEW" name="sw2025-ms98-a-trans.ascii-1-NEW" ID="23731" />
      <document description="IZ-060316-01-Trans-1" name="IZ-060316-01-Trans-1" ID="23732" />
      <document description="CNN_AARONBROWN_ENG_20051101_215800.partial-NEW" name="CNN_AARONBROWN_ENG_20051101_215800.partial-NEW" ID="23733" />
    </corpus>
    <corpus description="Texts from WikiMedia--WikiNews and Wikipedia" name="WikiTexts" ID="246">
      <document description="Fires_3" name="Fires_3" ID="25618" />
      <document description="Fires_8" name="Fires_8" ID="25623" />
    </corpus>
    <frame>
      <FE fgColor="FFFFFF" bgColor="00008B" type="Extra-Thematic" abbrev="ben" name="Beneficiary" />
      <FE fgColor="FFFFFF" bgColor="808080" type="Core" abbrev="" name="Cause" />
      <FE fgColor="FFFFFF" bgColor="006400" type="Extra-Thematic" abbrev="" name="Circumstances" />
      <FE fgColor="000000" bgColor="EEE8AA" type="Extra-Thematic" abbrev="" name="Containing_event" />
      <FE fgColor="FFFFFF" bgColor="A52A2A" type="Peripheral" abbrev="" name="Degree" />
      <FE fgColor="FFFFFF" bgColor="FF00FF" type="Extra-Thematic" abbrev="Dep" name="Depictive" />
      <FE fgColor="FFFFFF" bgColor="90876C" type="Extra-Thematic" abbrev="Exp" name="Explanation" />
      <FE fgColor="000000" bgColor="FFA500" type="Extra-Thematic" abbrev="" name="Frequency" />
      <FE fgColor="FFFFFF" bgColor="00BFFF" type="Core" abbrev="Instr" name="Instrument" />
      <FE fgColor="FFFFFF" bgColor="FF0000" type="Core" abbrev="Kill" name="Killer" />
      <FE fgColor="FFFFFF" bgColor="1E90FF" type="Peripheral" abbrev="Man" name="Manner" />
      <FE fgColor="FFFFFF" bgColor="FF69B4" type="Core" abbrev="" name="Means" />
      <FE fgColor="000000" bgColor="7CCD73" type="Extra-Thematic" abbrev="" name="Period_of_iterations" />
      <FE fgColor="FFFFFF" bgColor="008000" type="Peripheral" abbrev="Loc" name="Place" />
      <FE fgColor="FFFFFF" bgColor="800080" type="Extra-Thematic" abbrev="Purp" name="Purpose" />
      <FE fgColor="FFFFFF" bgColor="9400D3" type="Extra-Thematic" abbrev="" name="Result" />
      <FE fgColor="FFFFFF" bgColor="FFA500" type="Peripheral" abbrev="" name="Time" />
      <FE fgColor="FFFFFF" bgColor="0000FF" type="Core" abbrev="" name="Victim" />
    </frame>
  </header>
  <definition>COD:  cause the death of.</definition>
  <lexeme POS="V" name="kill" />
  <valences>
    <FERealization total="1">
      <FE name="Beneficiary" />
      <pattern total="1">
        <valenceUnit GF="Dep" PT="PP[for]" FE="Beneficiary" />
        <annoSet ID="618134" />
      </pattern>
    </FERealization>
    <FERealization total="30">
      <FE name="Cause" />
      <pattern total="6">
        <valenceUnit GF="" PT="2nd" FE="Cause" />
        <annoSet ID="618492" />
        <annoSet ID="618498" />
        <annoSet ID="618506" />
        <annoSet ID="618676" />
        <annoSet ID="6575075" />
        <annoSet ID="6669565" />
      </pattern>
      <pattern total="7">
        <valenceUnit GF="" PT="CNI" FE="Cause" />
        <annoSet ID="618648" />
        <annoSet ID="6533269" />
        <annoSet ID="6575050" />
        <annoSet ID="6575080" />
        <annoSet ID="6575091" />
        <annoSet ID="6575221" />
        <annoSet ID="6575222" />
      </pattern>
      <pattern total="14">
        <valenceUnit GF="Ext" PT="NP" FE="Cause" />
        <annoSet ID="618240" />
        <annoSet ID="618242" />
        <annoSet ID="6523545" />
        <annoSet ID="6533332" />
        <annoSet ID="6535406" />
        <annoSet ID="6548416" />
        <annoSet ID="6549155" />
        <annoSet ID="6575058" />
        <annoSet ID="6575067" />
        <annoSet ID="6575093" />
        <annoSet ID="6575208" />
        <annoSet ID="6575213" />
        <annoSet ID="6575216" />
        <annoSet ID="6671447" />
      </pattern>
      <pattern total="2">
        <valenceUnit GF="Dep" PT="PP[by]" FE="Cause" />
        <annoSet ID="618342" />
        <annoSet ID="6575071" />
      </pattern>
      <pattern total="1">
        <valenceUnit GF="Ext" PT="VPing" FE="Cause" />
        <annoSet ID="6575214" />
      </pattern>
    </FERealization>
    <FERealization total="3">
      <FE name="Circumstances" />
      <pattern total="1">
        <valenceUnit GF="Dep" PT="PP[in]" FE="Circumstances" />
        <annoSet ID="6575221" />
      </pattern>
      <pattern total="1">
        <valenceUnit GF="" PT="2nd" FE="Circumstances" />
        <annoSet ID="618218" />
      </pattern>
      <pattern total="1">
        <valenceUnit GF="Dep" PT="Swhether" FE="Circumstances" />
        <annoSet ID="6575092" />
      </pattern>
    </FERealization>
    <FERealization total="12">
      <FE name="Containing_event" />
      <pattern total="10">
        <valenceUnit GF="Dep" PT="PP[in]" FE="Containing_event" />
        <annoSet ID="618218" />
        <annoSet ID="618492" />
        <annoSet ID="618498" />
        <annoSet ID="618506" />
        <annoSet ID="618676" />
        <annoSet ID="6533243" />
        <annoSet ID="6533244" />
        <annoSet ID="6575062" />
        <annoSet ID="6575075" />
        <annoSet ID="6669565" />
      </pattern>
      <pattern total="2">
        <valenceUnit GF="Dep" PT="PP[while]" FE="Containing_event" />
        <annoSet ID="6535468" />
        <annoSet ID="6551144" />
      </pattern>
    </FERealization>
    <FERealization total="1">
      <FE name="Degree" />
      <pattern total="1">
        <valenceUnit GF="Dep" PT="AVP" FE="Degree" />
        <annoSet ID="6575098" />
      </pattern>
    </FERealization>
    <FERealization total="11">
      <FE name="Explanation" />
      <pattern total="2">
        <valenceUnit GF="" PT="2nd" FE="Explanation" />
        <annoSet ID="618244" />
        <annoSet ID="6669565" />
      </pattern>
      <pattern total="1">
        <valenceUnit GF="Dep" PT="PP[as]" FE="Explanation" />
        <annoSet ID="6646586" />
      </pattern>
      <pattern total="1">
        <valenceUnit GF="Dep" PT="PP[because of]" FE="Explanation" />
        <annoSet ID="6575087" />
      </pattern>
      <pattern total="3">
        <valenceUnit GF="Dep" PT="PP[for]" FE="Explanation" />
        <annoSet ID="618124" />
        <annoSet ID="618150" />
        <annoSet ID="618158" />
      </pattern>
      <pattern total="1">
        <valenceUnit GF="Dep" PT="PP[since]" FE="Explanation" />
        <annoSet ID="6575854" />
      </pattern>
      <pattern total="1">
        <valenceUnit GF="Dep" PT="PPing[for]" FE="Explanation" />
        <annoSet ID="618272" />
      </pattern>
      <pattern total="2">
        <valenceUnit GF="Dep" PT="Sub" FE="Explanation" />
        <annoSet ID="618450" />
        <annoSet ID="6575045" />
      </pattern>
    </FERealization>
    <FERealization total="16">
      <FE name="Instrument" />
      <pattern total="11">
        <valenceUnit GF="Dep" PT="PP[with]" FE="Instrument" />
        <annoSet ID="618164" />
        <annoSet ID="618172" />
        <annoSet ID="618174" />
        <annoSet ID="618182" />
        <annoSet ID="618306" />
        <annoSet ID="618444" />
        <annoSet ID="618450" />
        <annoSet ID="6532775" />
        <annoSet ID="6575061" />
        <annoSet ID="6575212" />
        <annoSet ID="6575220" />
      </pattern>
      <pattern total="1">
        <valenceUnit GF="" PT="DNI" FE="Instrument" />
        <annoSet ID="6549470" />
      </pattern>
      <pattern total="3">
        <valenceUnit GF="Ext" PT="NP" FE="Instrument" />
        <annoSet ID="6547464" />
        <annoSet ID="6575043" />
        <annoSet ID="6575083" />
      </pattern>
      <pattern total="1">
        <valenceUnit GF="Dep" PT="PP[by]" FE="Instrument" />
        <annoSet ID="6575207" />
      </pattern>
    </FERealization>
    <FERealization total="123">
      <FE name="Killer" />
      <pattern total="77">
        <valenceUnit GF="Ext" PT="NP" FE="Killer" />
        <annoSet ID="618124" />
        <annoSet ID="618128" />
        <annoSet ID="618134" />
        <annoSet ID="618150" />
        <annoSet ID="618158" />
        <annoSet ID="618164" />
        <annoSet ID="618172" />
        <annoSet ID="618174" />
        <annoSet ID="618182" />
        <annoSet ID="618212" />
        <annoSet ID="618218" />
        <annoSet ID="618230" />
        <annoSet ID="618244" />
        <annoSet ID="618262" />
        <annoSet ID="618272" />
        <annoSet ID="618294" />
        <annoSet ID="618306" />
        <annoSet ID="618322" />
        <annoSet ID="618406" />
        <annoSet ID="618418" />
        <annoSet ID="618428" />
        <annoSet ID="618444" />
        <annoSet ID="618450" />
        <annoSet ID="618630" />
        <annoSet ID="6532775" />
        <annoSet ID="6532779" />
        <annoSet ID="6535468" />
        <annoSet ID="6550986" />
        <annoSet ID="6551019" />
        <annoSet ID="6551049" />
        <annoSet ID="6551144" />
        <annoSet ID="6551293" />
        <annoSet ID="6574932" />
        <annoSet ID="6575041" />
        <annoSet ID="6575044" />
        <annoSet ID="6575047" />
        <annoSet ID="6575048" />
        <annoSet ID="6575049" />
        <annoSet ID="6575051" />
        <annoSet ID="6575054" />
        <annoSet ID="6575055" />
        <annoSet ID="6575056" />
        <annoSet ID="6575057" />
        <annoSet ID="6575059" />
        <annoSet ID="6575060" />
        <annoSet ID="6575061" />
        <annoSet ID="6575062" />
        <annoSet ID="6575063" />
        <annoSet ID="6575064" />
        <annoSet ID="6575066" />
        <annoSet ID="6575068" />
        <annoSet ID="6575073" />
        <annoSet ID="6575084" />
        <annoSet ID="6575085" />
        <annoSet ID="6575088" />
        <annoSet ID="6575092" />
        <annoSet ID="6575094" />
        <annoSet ID="6575096" />
        <annoSet ID="6575097" />
        <annoSet ID="6575098" />
        <annoSet ID="6575100" />
        <annoSet ID="6575203" />
        <annoSet ID="6575205" />
        <annoSet ID="6575206" />
        <annoSet ID="6575211" />
        <annoSet ID="6575215" />
        <annoSet ID="6575217" />
        <annoSet ID="6575225" />
        <annoSet ID="6575227" />
        <annoSet ID="6575228" />
        <annoSet ID="6575232" />
        <annoSet ID="6575853" />
        <annoSet ID="6575854" />
        <annoSet ID="6576205" />
        <annoSet ID="6645376" />
        <annoSet ID="6646033" />
        <annoSet ID="6646586" />
      </pattern>
      <pattern total="36">
        <valenceUnit GF="" PT="CNI" FE="Killer" />
        <annoSet ID="618250" />
        <annoSet ID="618380" />
        <annoSet ID="618382" />
        <annoSet ID="6528538" />
        <annoSet ID="6533243" />
        <annoSet ID="6533244" />
        <annoSet ID="6535521" />
        <annoSet ID="6547473" />
        <annoSet ID="6549470" />
        <annoSet ID="6551040" />
        <annoSet ID="6575040" />
        <annoSet ID="6575045" />
        <annoSet ID="6575052" />
        <annoSet ID="6575053" />
        <annoSet ID="6575065" />
        <annoSet ID="6575069" />
        <annoSet ID="6575070" />
        <annoSet ID="6575072" />
        <annoSet ID="6575074" />
        <annoSet ID="6575081" />
        <annoSet ID="6575086" />
        <annoSet ID="6575087" />
        <annoSet ID="6575090" />
        <annoSet ID="6575095" />
        <annoSet ID="6575099" />
        <annoSet ID="6575209" />
        <annoSet ID="6575210" />
        <annoSet ID="6575212" />
        <annoSet ID="6575219" />
        <annoSet ID="6575220" />
        <annoSet ID="6575223" />
        <annoSet ID="6575224" />
        <annoSet ID="6575226" />
        <annoSet ID="6575231" />
        <annoSet ID="6575852" />
        <annoSet ID="6645322" />
      </pattern>
      <pattern total="10">
        <valenceUnit GF="Dep" PT="PP[by]" FE="Killer" />
        <annoSet ID="618084" />
        <annoSet ID="618328" />
        <annoSet ID="618340" />
        <annoSet ID="618348" />
        <annoSet ID="618352" />
        <annoSet ID="618534" />
        <annoSet ID="6575042" />
        <annoSet ID="6575101" />
        <annoSet ID="6575218" />
        <annoSet ID="6575229" />
      </pattern>
    </FERealization>
    <FERealization total="8">
      <FE name="Manner" />
      <pattern total="6">
        <valenceUnit GF="Dep" PT="AVP" FE="Manner" />
        <annoSet ID="618240" />
        <annoSet ID="6523545" />
        <annoSet ID="6575086" />
        <annoSet ID="6575090" />
        <annoSet ID="6575207" />
        <annoSet ID="6575216" />
      </pattern>
      <pattern total="1">
        <valenceUnit GF="" PT="2nd" FE="Manner" />
        <annoSet ID="6575062" />
      </pattern>
      <pattern total="1">
        <valenceUnit GF="Dep" PT="PP[in]" FE="Manner" />
        <annoSet ID="618230" />
      </pattern>
    </FERealization>
    <FERealization total="5">
      <FE name="Means" />
      <pattern total="2">
        <valenceUnit GF="" PT="2nd" FE="Means" />
        <annoSet ID="6533243" />
        <annoSet ID="6533244" />
      </pattern>
      <pattern total="2">
        <valenceUnit GF="Dep" PT="PPing[by]" FE="Means" />
        <annoSet ID="618250" />
        <annoSet ID="618262" />
      </pattern>
      <pattern total="1">
        <valenceUnit GF="Dep" PT="PP[by]" FE="Means" />
        <annoSet ID="6575094" />
      </pattern>
    </FERealization>
    <FERealization total="6">
      <FE name="Period_of_iterations" />
      <pattern total="1">
        <valenceUnit GF="Dep" PT="PP[between]" FE="Period_of_iterations" />
        <annoSet ID="6575075" />
      </pattern>
      <pattern total="1">
        <valenceUnit GF="Dep" PT="PP[in]" FE="Period_of_iterations" />
        <annoSet ID="6549155" />
      </pattern>
      <pattern total="1">
        <valenceUnit GF="Dep" PT="NP" FE="Period_of_iterations" />
        <annoSet ID="6575087" />
      </pattern>
      <pattern total="1">
        <valenceUnit GF="Dep" PT="PP[over]" FE="Period_of_iterations" />
        <annoSet ID="6575086" />
      </pattern>
      <pattern total="2">
        <valenceUnit GF="Dep" PT="PP[since]" FE="Period_of_iterations" />
        <annoSet ID="618630" />
        <annoSet ID="6547473" />
      </pattern>
    </FERealization>
    <FERealization total="13">
      <FE name="Place" />
      <pattern total="1">
        <valenceUnit GF="Dep" PT="PP[outside]" FE="Place" />
        <annoSet ID="6533269" />
      </pattern>
      <pattern total="9">
        <valenceUnit GF="Dep" PT="PP[in]" FE="Place" />
        <annoSet ID="618164" />
        <annoSet ID="618212" />
        <annoSet ID="618348" />
        <annoSet ID="6551019" />
        <annoSet ID="6575045" />
        <annoSet ID="6575049" />
        <annoSet ID="6575072" />
        <annoSet ID="6575087" />
        <annoSet ID="6575208" />
      </pattern>
      <pattern total="1">
        <valenceUnit GF="Dep" PT="PP[around]" FE="Place" />
        <annoSet ID="6575213" />
      </pattern>
      <pattern total="1">
        <valenceUnit GF="Dep" PT="PP[near]" FE="Place" />
        <annoSet ID="6549470" />
      </pattern>
      <pattern total="1">
        <valenceUnit GF="Dep" PT="AVP" FE="Place" />
        <annoSet ID="6575070" />
      </pattern>
    </FERealization>
    <FERealization total="4">
      <FE name="Purpose" />
      <pattern total="2">
        <valenceUnit GF="Dep" PT="PP[for]" FE="Purpose" />
        <annoSet ID="6575090" />
        <annoSet ID="6575096" />
      </pattern>
      <pattern total="1">
        <valenceUnit GF="Dep" PT="PP[in]" FE="Purpose" />
        <annoSet ID="6575073" />
      </pattern>
      <pattern total="1">
        <valenceUnit GF="Dep" PT="VPto" FE="Purpose" />
        <annoSet ID="618406" />
      </pattern>
    </FERealization>
    <FERealization total="27">
      <FE name="Time" />
      <pattern total="3">
        <valenceUnit GF="Dep" PT="PP[after]" FE="Time" />
        <annoSet ID="618244" />
        <annoSet ID="6551049" />
        <annoSet ID="6669565" />
      </pattern>
      <pattern total="2">
        <valenceUnit GF="Dep" PT="PP[on]" FE="Time" />
        <annoSet ID="6575208" />
        <annoSet ID="6669565" />
      </pattern>
      <pattern total="2">
        <valenceUnit GF="Dep" PT="Sub" FE="Time" />
        <annoSet ID="618648" />
        <annoSet ID="6533269" />
      </pattern>
      <pattern total="4">
        <valenceUnit GF="Dep" PT="NP" FE="Time" />
        <annoSet ID="618352" />
        <annoSet ID="6575081" />
        <annoSet ID="6575084" />
        <annoSet ID="6575208" />
      </pattern>
      <pattern total="7">
        <valenceUnit GF="Dep" PT="AVP" FE="Time" />
        <annoSet ID="618218" />
        <annoSet ID="618418" />
        <annoSet ID="6575053" />
        <annoSet ID="6575058" />
        <annoSet ID="6575066" />
        <annoSet ID="6575210" />
        <annoSet ID="6575853" />
      </pattern>
      <pattern total="2">
        <valenceUnit GF="Dep" PT="PP[in]" FE="Time" />
        <annoSet ID="6575203" />
        <annoSet ID="6575854" />
      </pattern>
      <pattern total="2">
        <valenceUnit GF="Dep" PT="PP[before]" FE="Time" />
        <annoSet ID="618306" />
        <annoSet ID="6575224" />
      </pattern>
      <pattern total="2">
        <valenceUnit GF="Dep" PT="PP[while]" FE="Time" />
        <annoSet ID="6575101" />
        <annoSet ID="6575231" />
      </pattern>
      <pattern total="1">
        <valenceUnit GF="Dep" PT="PP[around]" FE="Time" />
        <annoSet ID="6551019" />
      </pattern>
      <pattern total="1">
        <valenceUnit GF="Dep" PT="PP[during]" FE="Time" />
        <annoSet ID="6575063" />
      </pattern>
      <pattern total="1">
        <valenceUnit GF="Dep" PT="Sfin" FE="Time" />
        <annoSet ID="6575064" />
      </pattern>
      <pattern total="1">
        <valenceUnit GF="Dep" PT="PP[ago]" FE="Time" />
        <annoSet ID="618084" />
      </pattern>
      <pattern total="1">
        <valenceUnit GF="Dep" PT="PP[by]" FE="Time" />
        <annoSet ID="618340" />
      </pattern>
    </FERealization>
    <FERealization total="158">
      <FE name="Victim" />
      <pattern total="103">
        <valenceUnit GF="Obj" PT="NP" FE="Victim" />
        <annoSet ID="618124" />
        <annoSet ID="618128" />
        <annoSet ID="618134" />
        <annoSet ID="618150" />
        <annoSet ID="618158" />
        <annoSet ID="618164" />
        <annoSet ID="618172" />
        <annoSet ID="618174" />
        <annoSet ID="618182" />
        <annoSet ID="618212" />
        <annoSet ID="618218" />
        <annoSet ID="618230" />
        <annoSet ID="618240" />
        <annoSet ID="618242" />
        <annoSet ID="618244" />
        <annoSet ID="618250" />
        <annoSet ID="618262" />
        <annoSet ID="618272" />
        <annoSet ID="618294" />
        <annoSet ID="618306" />
        <annoSet ID="618322" />
        <annoSet ID="618406" />
        <annoSet ID="618418" />
        <annoSet ID="618428" />
        <annoSet ID="618444" />
        <annoSet ID="618450" />
        <annoSet ID="618630" />
        <annoSet ID="6528538" />
        <annoSet ID="6532775" />
        <annoSet ID="6532779" />
        <annoSet ID="6535406" />
        <annoSet ID="6547464" />
        <annoSet ID="6550986" />
        <annoSet ID="6551019" />
        <annoSet ID="6551049" />
        <annoSet ID="6551144" />
        <annoSet ID="6551293" />
        <annoSet ID="6574932" />
        <annoSet ID="6575044" />
        <annoSet ID="6575047" />
        <annoSet ID="6575048" />
        <annoSet ID="6575049" />
        <annoSet ID="6575050" />
        <annoSet ID="6575051" />
        <annoSet ID="6575052" />
        <annoSet ID="6575053" />
        <annoSet ID="6575054" />
        <annoSet ID="6575055" />
        <annoSet ID="6575056" />
        <annoSet ID="6575057" />
        <annoSet ID="6575058" />
        <annoSet ID="6575059" />
        <annoSet ID="6575060" />
        <annoSet ID="6575061" />
        <annoSet ID="6575062" />
        <annoSet ID="6575063" />
        <annoSet ID="6575064" />
        <annoSet ID="6575066" />
        <annoSet ID="6575067" />
        <annoSet ID="6575073" />
        <annoSet ID="6575074" />
        <annoSet ID="6575080" />
        <annoSet ID="6575081" />
        <annoSet ID="6575084" />
        <annoSet ID="6575088" />
        <annoSet ID="6575091" />
        <annoSet ID="6575092" />
        <annoSet ID="6575093" />
        <annoSet ID="6575094" />
        <annoSet ID="6575095" />
        <annoSet ID="6575097" />
        <annoSet ID="6575098" />
        <annoSet ID="6575100" />
        <annoSet ID="6575203" />
        <annoSet ID="6575205" />
        <annoSet ID="6575206" />
        <annoSet ID="6575208" />
        <annoSet ID="6575209" />
        <annoSet ID="6575210" />
        <annoSet ID="6575211" />
        <annoSet ID="6575212" />
        <annoSet ID="6575213" />
        <annoSet ID="6575214" />
        <annoSet ID="6575215" />
        <annoSet ID="6575216" />
        <annoSet ID="6575217" />
        <annoSet ID="6575220" />
        <annoSet ID="6575221" />
        <annoSet ID="6575222" />
        <annoSet ID="6575223" />
        <annoSet ID="6575225" />
        <annoSet ID="6575226" />
        <annoSet ID="6575227" />
        <annoSet ID="6575228" />
        <annoSet ID="6575231" />
        <annoSet ID="6575232" />
        <annoSet ID="6575853" />
        <annoSet ID="6575854" />
        <annoSet ID="6576205" />
        <annoSet ID="6645376" />
        <annoSet ID="6646033" />
        <annoSet ID="6646586" />
        <annoSet ID="6671447" />
      </pattern>
      <pattern total="41">
        <valenceUnit GF="Ext" PT="NP" FE="Victim" />
        <annoSet ID="618084" />
        <annoSet ID="618328" />
        <annoSet ID="618340" />
        <annoSet ID="618342" />
        <annoSet ID="618348" />
        <annoSet ID="618352" />
        <annoSet ID="618380" />
        <annoSet ID="618382" />
        <annoSet ID="618492" />
        <annoSet ID="618498" />
        <annoSet ID="618506" />
        <annoSet ID="618534" />
        <annoSet ID="618648" />
        <annoSet ID="618676" />
        <annoSet ID="6533243" />
        <annoSet ID="6533244" />
        <annoSet ID="6535521" />
        <annoSet ID="6547473" />
        <annoSet ID="6549271" />
        <annoSet ID="6549470" />
        <annoSet ID="6551040" />
        <annoSet ID="6575042" />
        <annoSet ID="6575045" />
        <annoSet ID="6575065" />
        <annoSet ID="6575069" />
        <annoSet ID="6575070" />
        <annoSet ID="6575071" />
        <annoSet ID="6575072" />
        <annoSet ID="6575075" />
        <annoSet ID="6575086" />
        <annoSet ID="6575087" />
        <annoSet ID="6575090" />
        <annoSet ID="6575099" />
        <annoSet ID="6575101" />
        <annoSet ID="6575207" />
        <annoSet ID="6575218" />
        <annoSet ID="6575224" />
        <annoSet ID="6575229" />
        <annoSet ID="6575852" />
        <annoSet ID="6645322" />
        <annoSet ID="6669565" />
      </pattern>
      <pattern total="2">
        <valenceUnit GF="Dep" PT="PP[at]" FE="Victim" />
        <annoSet ID="6533269" />
        <annoSet ID="6549155" />
      </pattern>
      <pattern total="1">
        <valenceUnit GF="" PT="INI" FE="Victim" />
        <annoSet ID="6523545" />
      </pattern>
      <pattern total="2">
        <valenceUnit GF="" PT="DNI" FE="Victim" />
        <annoSet ID="6533332" />
        <annoSet ID="6575085" />
      </pattern>
      <pattern total="1">
        <valenceUnit GF="Dep" PT="VPbrst" FE="Victim" />
        <annoSet ID="6548416" />
      </pattern>
      <pattern total="1">
        <valenceUnit GF="Dep" PT="PP[as]" FE="Victim" />
        <annoSet ID="6535468" />
      </pattern>
      <pattern total="6">
        <valenceUnit GF="" PT="CNI" FE="Victim" />
        <annoSet ID="6575040" />
        <annoSet ID="6575043" />
        <annoSet ID="6575068" />
        <annoSet ID="6575083" />
        <annoSet ID="6575096" />
        <annoSet ID="6575219" />
      </pattern>
      <pattern total="1">
        <valenceUnit GF="Dep" PT="PP[about]" FE="Victim" />
        <annoSet ID="6575041" />
      </pattern>
    </FERealization>
    <FEGroupRealization total="1">
      <FE name="Beneficiary" />
      <FE name="Killer" />
      <FE name="Victim" />
      <pattern total="1">
        <valenceUnit GF="Dep" PT="PP[for]" FE="Beneficiary" />
        <valenceUnit GF="Ext" PT="NP" FE="Killer" />
        <valenceUnit GF="Obj" PT="NP" FE="Victim" />
        <annoSet ID="618134" />
      </pattern>
    </FEGroupRealization>
    <FEGroupRealization total="1">
      <FE name="Cause" />
      <FE name="Cause" />
      <FE name="Place" />
      <FE name="Place" />
      <FE name="Time" />
      <FE name="Time" />
      <FE name="Victim" />
      <FE name="Victim" />
      <pattern total="1">
        <valenceUnit GF="Ext" PT="NP" FE="Cause" />
        <valenceUnit GF="Ext" PT="NP" FE="Cause" />
        <valenceUnit GF="Dep" PT="PP[in]" FE="Place" />
        <valenceUnit GF="Dep" PT="PP[in]" FE="Place" />
        <valenceUnit GF="Dep" PT="NP" FE="Time" />
        <valenceUnit GF="Dep" PT="PP[on]" FE="Time" />
        <valenceUnit GF="Obj" PT="NP" FE="Victim" />
        <valenceUnit GF="Obj" PT="NP" FE="Victim" />
        <annoSet ID="6575208" />
      </pattern>
    </FEGroupRealization>
    <FEGroupRealization total="3">
      <FE name="Cause" />
      <FE name="Cause" />
      <FE name="Victim" />
      <pattern total="2">
        <valenceUnit GF="Ext" PT="NP" FE="Cause" />
        <valenceUnit GF="Ext" PT="NP" FE="Cause" />
        <valenceUnit GF="Obj" PT="NP" FE="Victim" />
        <annoSet ID="6535406" />
        <annoSet ID="6575067" />
      </pattern>
      <pattern total="1">
        <valenceUnit GF="Ext" PT="VPing" FE="Cause" />
        <valenceUnit GF="Ext" PT="VPing" FE="Cause" />
        <valenceUnit GF="Obj" PT="NP" FE="Victim" />
        <annoSet ID="6575214" />
      </pattern>
    </FEGroupRealization>
    <FEGroupRealization total="1">
      <FE name="Cause" />
      <FE name="Circumstances" />
      <FE name="Victim" />
      <pattern total="1">
        <valenceUnit GF="" PT="CNI" FE="Cause" />
        <valenceUnit GF="Dep" PT="PP[in]" FE="Circumstances" />
        <valenceUnit GF="Obj" PT="NP" FE="Victim" />
        <annoSet ID="6575221" />
      </pattern>
    </FEGroupRealization>
    <FEGroupRealization total="1">
      <FE name="Cause" />
      <FE name="Containing_event" />
      <FE name="Explanation" />
      <FE name="Time" />
      <FE name="Time" />
      <FE name="Victim" />
      <pattern total="1">
        <valenceUnit GF="" PT="2nd" FE="Cause" />
        <valenceUnit GF="Dep" PT="PP[in]" FE="Containing_event" />
        <valenceUnit GF="" PT="2nd" FE="Explanation" />
        <valenceUnit GF="Dep" PT="PP[after]" FE="Time" />
        <valenceUnit GF="Dep" PT="PP[on]" FE="Time" />
        <valenceUnit GF="Ext" PT="NP" FE="Victim" />
        <annoSet ID="6669565" />
      </pattern>
    </FEGroupRealization>
    <FEGroupRealization total="1">
      <FE name="Cause" />
      <FE name="Containing_event" />
      <FE name="Period_of_iterations" />
      <FE name="Victim" />
      <pattern total="1">
        <valenceUnit GF="" PT="2nd" FE="Cause" />
        <valenceUnit GF="Dep" PT="PP[in]" FE="Containing_event" />
        <valenceUnit GF="Dep" PT="PP[between]" FE="Period_of_iterations" />
        <valenceUnit GF="Ext" PT="NP" FE="Victim" />
        <annoSet ID="6575075" />
      </pattern>
    </FEGroupRealization>
    <FEGroupRealization total="4">
      <FE name="Cause" />
      <FE name="Containing_event" />
      <FE name="Victim" />
      <pattern total="4">
        <valenceUnit GF="" PT="2nd" FE="Cause" />
        <valenceUnit GF="Dep" PT="PP[in]" FE="Containing_event" />
        <valenceUnit GF="Ext" PT="NP" FE="Victim" />
        <annoSet ID="618492" />
        <annoSet ID="618498" />
        <annoSet ID="618506" />
        <annoSet ID="618676" />
      </pattern>
    </FEGroupRealization>
    <FEGroupRealization total="3">
      <FE name="Cause" />
      <FE name="Manner" />
      <FE name="Victim" />
      <pattern total="1">
        <valenceUnit GF="Ext" PT="NP" FE="Cause" />
        <valenceUnit GF="Dep" PT="AVP" FE="Manner" />
        <valenceUnit GF="" PT="INI" FE="Victim" />
        <annoSet ID="6523545" />
      </pattern>
      <pattern total="2">
        <valenceUnit GF="Ext" PT="NP" FE="Cause" />
        <valenceUnit GF="Dep" PT="AVP" FE="Manner" />
        <valenceUnit GF="Obj" PT="NP" FE="Victim" />
        <annoSet ID="618240" />
        <annoSet ID="6575216" />
      </pattern>
    </FEGroupRealization>
    <FEGroupRealization total="1">
      <FE name="Cause" />
      <FE name="Period_of_iterations" />
      <FE name="Victim" />
      <pattern total="1">
        <valenceUnit GF="Ext" PT="NP" FE="Cause" />
        <valenceUnit GF="Dep" PT="PP[in]" FE="Period_of_iterations" />
        <valenceUnit GF="Dep" PT="PP[at]" FE="Victim" />
        <annoSet ID="6549155" />
      </pattern>
    </FEGroupRealization>
    <FEGroupRealization total="1">
      <FE name="Cause" />
      <FE name="Place" />
      <FE name="Time" />
      <FE name="Victim" />
      <pattern total="1">
        <valenceUnit GF="" PT="CNI" FE="Cause" />
        <valenceUnit GF="Dep" PT="PP[outside]" FE="Place" />
        <valenceUnit GF="Dep" PT="Sub" FE="Time" />
        <valenceUnit GF="Dep" PT="PP[at]" FE="Victim" />
        <annoSet ID="6533269" />
      </pattern>
    </FEGroupRealization>
    <FEGroupRealization total="1">
      <FE name="Cause" />
      <FE name="Place" />
      <FE name="Victim" />
      <pattern total="1">
        <valenceUnit GF="Ext" PT="NP" FE="Cause" />
        <valenceUnit GF="Dep" PT="PP[around]" FE="Place" />
        <valenceUnit GF="Obj" PT="NP" FE="Victim" />
        <annoSet ID="6575213" />
      </pattern>
    </FEGroupRealization>
    <FEGroupRealization total="2">
      <FE name="Cause" />
      <FE name="Time" />
      <FE name="Victim" />
      <pattern total="1">
        <valenceUnit GF="" PT="CNI" FE="Cause" />
        <valenceUnit GF="Dep" PT="Sub" FE="Time" />
        <valenceUnit GF="Ext" PT="NP" FE="Victim" />
        <annoSet ID="618648" />
      </pattern>
      <pattern total="1">
        <valenceUnit GF="Ext" PT="NP" FE="Cause" />
        <valenceUnit GF="Dep" PT="AVP" FE="Time" />
        <valenceUnit GF="Obj" PT="NP" FE="Victim" />
        <annoSet ID="6575058" />
      </pattern>
    </FEGroupRealization>
    <FEGroupRealization total="11">
      <FE name="Cause" />
      <FE name="Victim" />
      <pattern total="4">
        <valenceUnit GF="" PT="CNI" FE="Cause" />
        <valenceUnit GF="Obj" PT="NP" FE="Victim" />
        <annoSet ID="6575050" />
        <annoSet ID="6575080" />
        <annoSet ID="6575091" />
        <annoSet ID="6575222" />
      </pattern>
      <pattern total="1">
        <valenceUnit GF="Ext" PT="NP" FE="Cause" />
        <valenceUnit GF="" PT="DNI" FE="Victim" />
        <annoSet ID="6533332" />
      </pattern>
      <pattern total="3">
        <valenceUnit GF="Ext" PT="NP" FE="Cause" />
        <valenceUnit GF="Obj" PT="NP" FE="Victim" />
        <annoSet ID="618242" />
        <annoSet ID="6575093" />
        <annoSet ID="6671447" />
      </pattern>
      <pattern total="1">
        <valenceUnit GF="Ext" PT="NP" FE="Cause" />
        <valenceUnit GF="Dep" PT="VPbrst" FE="Victim" />
        <annoSet ID="6548416" />
      </pattern>
      <pattern total="2">
        <valenceUnit GF="Dep" PT="PP[by]" FE="Cause" />
        <valenceUnit GF="Ext" PT="NP" FE="Victim" />
        <annoSet ID="618342" />
        <annoSet ID="6575071" />
      </pattern>
    </FEGroupRealization>
    <FEGroupRealization total="1">
      <FE name="Circumstances" />
      <FE name="Containing_event" />
      <FE name="Killer" />
      <FE name="Time" />
      <FE name="Victim" />
      <pattern total="1">
        <valenceUnit GF="" PT="2nd" FE="Circumstances" />
        <valenceUnit GF="Dep" PT="PP[in]" FE="Containing_event" />
        <valenceUnit GF="Ext" PT="NP" FE="Killer" />
        <valenceUnit GF="Dep" PT="AVP" FE="Time" />
        <valenceUnit GF="Obj" PT="NP" FE="Victim" />
        <annoSet ID="618218" />
      </pattern>
    </FEGroupRealization>
    <FEGroupRealization total="1">
      <FE name="Circumstances" />
      <FE name="Killer" />
      <FE name="Victim" />
      <pattern total="1">
        <valenceUnit GF="Dep" PT="Swhether" FE="Circumstances" />
        <valenceUnit GF="Ext" PT="NP" FE="Killer" />
        <valenceUnit GF="Obj" PT="NP" FE="Victim" />
        <annoSet ID="6575092" />
      </pattern>
    </FEGroupRealization>
    <FEGroupRealization total="1">
      <FE name="Containing_event" />
      <FE name="Killer" />
      <FE name="Manner" />
      <FE name="Victim" />
      <pattern total="1">
        <valenceUnit GF="Dep" PT="PP[in]" FE="Containing_event" />
        <valenceUnit GF="Ext" PT="NP" FE="Killer" />
        <valenceUnit GF="" PT="2nd" FE="Manner" />
        <valenceUnit GF="Obj" PT="NP" FE="Victim" />
        <annoSet ID="6575062" />
      </pattern>
    </FEGroupRealization>
    <FEGroupRealization total="2">
      <FE name="Containing_event" />
      <FE name="Killer" />
      <FE name="Means" />
      <FE name="Victim" />
      <pattern total="2">
        <valenceUnit GF="Dep" PT="PP[in]" FE="Containing_event" />
        <valenceUnit GF="" PT="CNI" FE="Killer" />
        <valenceUnit GF="" PT="2nd" FE="Means" />
        <valenceUnit GF="Ext" PT="NP" FE="Victim" />
        <annoSet ID="6533243" />
        <annoSet ID="6533244" />
      </pattern>
    </FEGroupRealization>
    <FEGroupRealization total="2">
      <FE name="Containing_event" />
      <FE name="Killer" />
      <FE name="Victim" />
      <pattern total="1">
        <valenceUnit GF="Dep" PT="PP[while]" FE="Containing_event" />
        <valenceUnit GF="Ext" PT="NP" FE="Killer" />
        <valenceUnit GF="Obj" PT="NP" FE="Victim" />
        <annoSet ID="6551144" />
      </pattern>
      <pattern total="1">
        <valenceUnit GF="Dep" PT="PP[while]" FE="Containing_event" />
        <valenceUnit GF="Ext" PT="NP" FE="Killer" />
        <valenceUnit GF="Dep" PT="PP[as]" FE="Victim" />
        <annoSet ID="6535468" />
      </pattern>
    </FEGroupRealization>
    <FEGroupRealization total="1">
      <FE name="Degree" />
      <FE name="Killer" />
      <FE name="Killer" />
      <FE name="Victim" />
      <pattern total="1">
        <valenceUnit GF="Dep" PT="AVP" FE="Degree" />
        <valenceUnit GF="Ext" PT="NP" FE="Killer" />
        <valenceUnit GF="Ext" PT="NP" FE="Killer" />
        <valenceUnit GF="Obj" PT="NP" FE="Victim" />
        <annoSet ID="6575098" />
      </pattern>
    </FEGroupRealization>
    <FEGroupRealization total="1">
      <FE name="Explanation" />
      <FE name="Instrument" />
      <FE name="Killer" />
      <FE name="Victim" />
      <pattern total="1">
        <valenceUnit GF="Dep" PT="Sub" FE="Explanation" />
        <valenceUnit GF="Dep" PT="PP[with]" FE="Instrument" />
        <valenceUnit GF="Ext" PT="NP" FE="Killer" />
        <valenceUnit GF="Obj" PT="NP" FE="Victim" />
        <annoSet ID="618450" />
      </pattern>
    </FEGroupRealization>
    <FEGroupRealization total="1">
      <FE name="Explanation" />
      <FE name="Killer" />
      <FE name="Period_of_iterations" />
      <FE name="Place" />
      <FE name="Victim" />
      <pattern total="1">
        <valenceUnit GF="Dep" PT="PP[because of]" FE="Explanation" />
        <valenceUnit GF="" PT="CNI" FE="Killer" />
        <valenceUnit GF="Dep" PT="NP" FE="Period_of_iterations" />
        <valenceUnit GF="Dep" PT="PP[in]" FE="Place" />
        <valenceUnit GF="Ext" PT="NP" FE="Victim" />
        <annoSet ID="6575087" />
      </pattern>
    </FEGroupRealization>
    <FEGroupRealization total="1">
      <FE name="Explanation" />
      <FE name="Killer" />
      <FE name="Place" />
      <FE name="Victim" />
      <pattern total="1">
        <valenceUnit GF="Dep" PT="Sub" FE="Explanation" />
        <valenceUnit GF="" PT="CNI" FE="Killer" />
        <valenceUnit GF="Dep" PT="PP[in]" FE="Place" />
        <valenceUnit GF="Ext" PT="NP" FE="Victim" />
        <annoSet ID="6575045" />
      </pattern>
    </FEGroupRealization>
    <FEGroupRealization total="2">
      <FE name="Explanation" />
      <FE name="Killer" />
      <FE name="Time" />
      <FE name="Victim" />
      <pattern total="1">
        <valenceUnit GF="" PT="2nd" FE="Explanation" />
        <valenceUnit GF="Ext" PT="NP" FE="Killer" />
        <valenceUnit GF="Dep" PT="PP[after]" FE="Time" />
        <valenceUnit GF="Obj" PT="NP" FE="Victim" />
        <annoSet ID="618244" />
      </pattern>
      <pattern total="1">
        <valenceUnit GF="Dep" PT="PP[since]" FE="Explanation" />
        <valenceUnit GF="Ext" PT="NP" FE="Killer" />
        <valenceUnit GF="Dep" PT="PP[in]" FE="Time" />
        <valenceUnit GF="Obj" PT="NP" FE="Victim" />
        <annoSet ID="6575854" />
      </pattern>
    </FEGroupRealization>
    <FEGroupRealization total="5">
      <FE name="Explanation" />
      <FE name="Killer" />
      <FE name="Victim" />
      <pattern total="1">
        <valenceUnit GF="Dep" PT="PP[as]" FE="Explanation" />
        <valenceUnit GF="Ext" PT="NP" FE="Killer" />
        <valenceUnit GF="Obj" PT="NP" FE="Victim" />
        <annoSet ID="6646586" />
      </pattern>
      <pattern total="3">
        <valenceUnit GF="Dep" PT="PP[for]" FE="Explanation" />
        <valenceUnit GF="Ext" PT="NP" FE="Killer" />
        <valenceUnit GF="Obj" PT="NP" FE="Victim" />
        <annoSet ID="618124" />
        <annoSet ID="618150" />
        <annoSet ID="618158" />
      </pattern>
      <pattern total="1">
        <valenceUnit GF="Dep" PT="PPing[for]" FE="Explanation" />
        <valenceUnit GF="Ext" PT="NP" FE="Killer" />
        <valenceUnit GF="Obj" PT="NP" FE="Victim" />
        <annoSet ID="618272" />
      </pattern>
    </FEGroupRealization>
    <FEGroupRealization total="1">
      <FE name="Instrument" />
      <FE name="Killer" />
      <FE name="Killer" />
      <FE name="Victim" />
      <pattern total="1">
        <valenceUnit GF="Dep" PT="PP[with]" FE="Instrument" />
        <valenceUnit GF="Ext" PT="NP" FE="Killer" />
        <valenceUnit GF="Ext" PT="NP" FE="Killer" />
        <valenceUnit GF="Obj" PT="NP" FE="Victim" />
        <annoSet ID="6575061" />
      </pattern>
    </FEGroupRealization>
    <FEGroupRealization total="2">
      <FE name="Instrument" />
      <FE name="Killer" />
      <FE name="Place" />
      <FE name="Victim" />
      <pattern total="1">
        <valenceUnit GF="" PT="DNI" FE="Instrument" />
        <valenceUnit GF="" PT="CNI" FE="Killer" />
        <valenceUnit GF="Dep" PT="PP[near]" FE="Place" />
        <valenceUnit GF="Ext" PT="NP" FE="Victim" />
        <annoSet ID="6549470" />
      </pattern>
      <pattern total="1">
        <valenceUnit GF="Dep" PT="PP[with]" FE="Instrument" />
        <valenceUnit GF="Ext" PT="NP" FE="Killer" />
        <valenceUnit GF="Dep" PT="PP[in]" FE="Place" />
        <valenceUnit GF="Obj" PT="NP" FE="Victim" />
        <annoSet ID="618164" />
      </pattern>
    </FEGroupRealization>
    <FEGroupRealization total="1">
      <FE name="Instrument" />
      <FE name="Killer" />
      <FE name="Time" />
      <FE name="Victim" />
      <pattern total="1">
        <valenceUnit GF="Dep" PT="PP[with]" FE="Instrument" />
        <valenceUnit GF="Ext" PT="NP" FE="Killer" />
        <valenceUnit GF="Dep" PT="PP[before]" FE="Time" />
        <valenceUnit GF="Obj" PT="NP" FE="Victim" />
        <annoSet ID="618306" />
      </pattern>
    </FEGroupRealization>
    <FEGroupRealization total="6">
      <FE name="Instrument" />
      <FE name="Killer" />
      <FE name="Victim" />
      <pattern total="2">
        <valenceUnit GF="Dep" PT="PP[with]" FE="Instrument" />
        <valenceUnit GF="" PT="CNI" FE="Killer" />
        <valenceUnit GF="Obj" PT="NP" FE="Victim" />
        <annoSet ID="6575212" />
        <annoSet ID="6575220" />
      </pattern>
      <pattern total="4">
        <valenceUnit GF="Dep" PT="PP[with]" FE="Instrument" />
        <valenceUnit GF="Ext" PT="NP" FE="Killer" />
        <valenceUnit GF="Obj" PT="NP" FE="Victim" />
        <annoSet ID="618172" />
        <annoSet ID="618174" />
        <annoSet ID="618182" />
        <annoSet ID="6532775" />
      </pattern>
    </FEGroupRealization>
    <FEGroupRealization total="1">
      <FE name="Instrument" />
      <FE name="Killer" />
      <FE name="Victim" />
      <FE name="Victim" />
      <pattern total="1">
        <valenceUnit GF="Dep" PT="PP[with]" FE="Instrument" />
        <valenceUnit GF="Ext" PT="NP" FE="Killer" />
        <valenceUnit GF="Obj" PT="NP" FE="Victim" />
        <valenceUnit GF="Obj" PT="NP" FE="Victim" />
        <annoSet ID="618444" />
      </pattern>
    </FEGroupRealization>
    <FEGroupRealization total="1">
      <FE name="Instrument" />
      <FE name="Manner" />
      <FE name="Victim" />
      <pattern total="1">
        <valenceUnit GF="Dep" PT="PP[by]" FE="Instrument" />
        <valenceUnit GF="Dep" PT="AVP" FE="Manner" />
        <valenceUnit GF="Ext" PT="NP" FE="Victim" />
        <annoSet ID="6575207" />
      </pattern>
    </FEGroupRealization>
    <FEGroupRealization total="3">
      <FE name="Instrument" />
      <FE name="Victim" />
      <pattern total="2">
        <valenceUnit GF="Ext" PT="NP" FE="Instrument" />
        <valenceUnit GF="" PT="CNI" FE="Victim" />
        <annoSet ID="6575043" />
        <annoSet ID="6575083" />
      </pattern>
      <pattern total="1">
        <valenceUnit GF="Ext" PT="NP" FE="Instrument" />
        <valenceUnit GF="Obj" PT="NP" FE="Victim" />
        <annoSet ID="6547464" />
      </pattern>
    </FEGroupRealization>
    <FEGroupRealization total="1">
      <FE name="Killer" />
      <FE name="Killer" />
      <FE name="Manner" />
      <FE name="Victim" />
      <pattern total="1">
        <valenceUnit GF="Ext" PT="NP" FE="Killer" />
        <valenceUnit GF="Ext" PT="NP" FE="Killer" />
        <valenceUnit GF="Dep" PT="PP[in]" FE="Manner" />
        <valenceUnit GF="Obj" PT="NP" FE="Victim" />
        <annoSet ID="618230" />
      </pattern>
    </FEGroupRealization>
    <FEGroupRealization total="1">
      <FE name="Killer" />
      <FE name="Killer" />
      <FE name="Means" />
      <FE name="Victim" />
      <pattern total="1">
        <valenceUnit GF="Ext" PT="NP" FE="Killer" />
        <valenceUnit GF="Ext" PT="NP" FE="Killer" />
        <valenceUnit GF="Dep" PT="PPing[by]" FE="Means" />
        <valenceUnit GF="Obj" PT="NP" FE="Victim" />
        <annoSet ID="618262" />
      </pattern>
    </FEGroupRealization>
    <FEGroupRealization total="2">
      <FE name="Killer" />
      <FE name="Killer" />
      <FE name="Victim" />
      <pattern total="2">
        <valenceUnit GF="Ext" PT="NP" FE="Killer" />
        <valenceUnit GF="Ext" PT="NP" FE="Killer" />
        <valenceUnit GF="Obj" PT="NP" FE="Victim" />
        <annoSet ID="6575044" />
        <annoSet ID="6575057" />
      </pattern>
    </FEGroupRealization>
    <FEGroupRealization total="1">
      <FE name="Killer" />
      <FE name="Manner" />
      <FE name="Period_of_iterations" />
      <FE name="Victim" />
      <pattern total="1">
        <valenceUnit GF="" PT="CNI" FE="Killer" />
        <valenceUnit GF="Dep" PT="AVP" FE="Manner" />
        <valenceUnit GF="Dep" PT="PP[over]" FE="Period_of_iterations" />
        <valenceUnit GF="Ext" PT="NP" FE="Victim" />
        <annoSet ID="6575086" />
      </pattern>
    </FEGroupRealization>
    <FEGroupRealization total="1">
      <FE name="Killer" />
      <FE name="Manner" />
      <FE name="Purpose" />
      <FE name="Victim" />
      <pattern total="1">
        <valenceUnit GF="" PT="CNI" FE="Killer" />
        <valenceUnit GF="Dep" PT="AVP" FE="Manner" />
        <valenceUnit GF="Dep" PT="PP[for]" FE="Purpose" />
        <valenceUnit GF="Ext" PT="NP" FE="Victim" />
        <annoSet ID="6575090" />
      </pattern>
    </FEGroupRealization>
    <FEGroupRealization total="2">
      <FE name="Killer" />
      <FE name="Means" />
      <FE name="Victim" />
      <pattern total="1">
        <valenceUnit GF="" PT="CNI" FE="Killer" />
        <valenceUnit GF="Dep" PT="PPing[by]" FE="Means" />
        <valenceUnit GF="Obj" PT="NP" FE="Victim" />
        <annoSet ID="618250" />
      </pattern>
      <pattern total="1">
        <valenceUnit GF="Ext" PT="NP" FE="Killer" />
        <valenceUnit GF="Dep" PT="PP[by]" FE="Means" />
        <valenceUnit GF="Obj" PT="NP" FE="Victim" />
        <annoSet ID="6575094" />
      </pattern>
    </FEGroupRealization>
    <FEGroupRealization total="2">
      <FE name="Killer" />
      <FE name="Period_of_iterations" />
      <FE name="Victim" />
      <pattern total="1">
        <valenceUnit GF="" PT="CNI" FE="Killer" />
        <valenceUnit GF="Dep" PT="PP[since]" FE="Period_of_iterations" />
        <valenceUnit GF="Ext" PT="NP" FE="Victim" />
        <annoSet ID="6547473" />
      </pattern>
      <pattern total="1">
        <valenceUnit GF="Ext" PT="NP" FE="Killer" />
        <valenceUnit GF="Dep" PT="PP[since]" FE="Period_of_iterations" />
        <valenceUnit GF="Obj" PT="NP" FE="Victim" />
        <annoSet ID="618630" />
      </pattern>
    </FEGroupRealization>
    <FEGroupRealization total="1">
      <FE name="Killer" />
      <FE name="Place" />
      <FE name="Time" />
      <FE name="Victim" />
      <pattern total="1">
        <valenceUnit GF="Ext" PT="NP" FE="Killer" />
        <valenceUnit GF="Dep" PT="PP[in]" FE="Place" />
        <valenceUnit GF="Dep" PT="PP[around]" FE="Time" />
        <valenceUnit GF="Obj" PT="NP" FE="Victim" />
        <annoSet ID="6551019" />
      </pattern>
    </FEGroupRealization>
    <FEGroupRealization total="5">
      <FE name="Killer" />
      <FE name="Place" />
      <FE name="Victim" />
      <pattern total="1">
        <valenceUnit GF="" PT="CNI" FE="Killer" />
        <valenceUnit GF="Dep" PT="AVP" FE="Place" />
        <valenceUnit GF="Ext" PT="NP" FE="Victim" />
        <annoSet ID="6575070" />
      </pattern>
      <pattern total="1">
        <valenceUnit GF="" PT="CNI" FE="Killer" />
        <valenceUnit GF="Dep" PT="PP[in]" FE="Place" />
        <valenceUnit GF="Ext" PT="NP" FE="Victim" />
        <annoSet ID="6575072" />
      </pattern>
      <pattern total="2">
        <valenceUnit GF="Ext" PT="NP" FE="Killer" />
        <valenceUnit GF="Dep" PT="PP[in]" FE="Place" />
        <valenceUnit GF="Obj" PT="NP" FE="Victim" />
        <annoSet ID="618212" />
        <annoSet ID="6575049" />
      </pattern>
      <pattern total="1">
        <valenceUnit GF="Dep" PT="PP[by]" FE="Killer" />
        <valenceUnit GF="Dep" PT="PP[in]" FE="Place" />
        <valenceUnit GF="Ext" PT="NP" FE="Victim" />
        <annoSet ID="618348" />
      </pattern>
    </FEGroupRealization>
    <FEGroupRealization total="3">
      <FE name="Killer" />
      <FE name="Purpose" />
      <FE name="Victim" />
      <pattern total="1">
        <valenceUnit GF="Ext" PT="NP" FE="Killer" />
        <valenceUnit GF="Dep" PT="PP[for]" FE="Purpose" />
        <valenceUnit GF="" PT="CNI" FE="Victim" />
        <annoSet ID="6575096" />
      </pattern>
      <pattern total="1">
        <valenceUnit GF="Ext" PT="NP" FE="Killer" />
        <valenceUnit GF="Dep" PT="PP[in]" FE="Purpose" />
        <valenceUnit GF="Obj" PT="NP" FE="Victim" />
        <annoSet ID="6575073" />
      </pattern>
      <pattern total="1">
        <valenceUnit GF="Ext" PT="NP" FE="Killer" />
        <valenceUnit GF="Dep" PT="VPto" FE="Purpose" />
        <valenceUnit GF="Obj" PT="NP" FE="Victim" />
        <annoSet ID="618406" />
      </pattern>
    </FEGroupRealization>
    <FEGroupRealization total="17">
      <FE name="Killer" />
      <FE name="Time" />
      <FE name="Victim" />
      <pattern total="2">
        <valenceUnit GF="" PT="CNI" FE="Killer" />
        <valenceUnit GF="Dep" PT="AVP" FE="Time" />
        <valenceUnit GF="Obj" PT="NP" FE="Victim" />
        <annoSet ID="6575053" />
        <annoSet ID="6575210" />
      </pattern>
      <pattern total="1">
        <valenceUnit GF="" PT="CNI" FE="Killer" />
        <valenceUnit GF="Dep" PT="NP" FE="Time" />
        <valenceUnit GF="Obj" PT="NP" FE="Victim" />
        <annoSet ID="6575081" />
      </pattern>
      <pattern total="1">
        <valenceUnit GF="" PT="CNI" FE="Killer" />
        <valenceUnit GF="Dep" PT="PP[before]" FE="Time" />
        <valenceUnit GF="Ext" PT="NP" FE="Victim" />
        <annoSet ID="6575224" />
      </pattern>
      <pattern total="1">
        <valenceUnit GF="" PT="CNI" FE="Killer" />
        <valenceUnit GF="Dep" PT="PP[while]" FE="Time" />
        <valenceUnit GF="Obj" PT="NP" FE="Victim" />
        <annoSet ID="6575231" />
      </pattern>
      <pattern total="3">
        <valenceUnit GF="Ext" PT="NP" FE="Killer" />
        <valenceUnit GF="Dep" PT="AVP" FE="Time" />
        <valenceUnit GF="Obj" PT="NP" FE="Victim" />
        <annoSet ID="618418" />
        <annoSet ID="6575066" />
        <annoSet ID="6575853" />
      </pattern>
      <pattern total="1">
        <valenceUnit GF="Ext" PT="NP" FE="Killer" />
        <valenceUnit GF="Dep" PT="NP" FE="Time" />
        <valenceUnit GF="Obj" PT="NP" FE="Victim" />
        <annoSet ID="6575084" />
      </pattern>
      <pattern total="1">
        <valenceUnit GF="Ext" PT="NP" FE="Killer" />
        <valenceUnit GF="Dep" PT="PP[after]" FE="Time" />
        <valenceUnit GF="Obj" PT="NP" FE="Victim" />
        <annoSet ID="6551049" />
      </pattern>
      <pattern total="1">
        <valenceUnit GF="Ext" PT="NP" FE="Killer" />
        <valenceUnit GF="Dep" PT="PP[during]" FE="Time" />
        <valenceUnit GF="Obj" PT="NP" FE="Victim" />
        <annoSet ID="6575063" />
      </pattern>
      <pattern total="1">
        <valenceUnit GF="Ext" PT="NP" FE="Killer" />
        <valenceUnit GF="Dep" PT="PP[in]" FE="Time" />
        <valenceUnit GF="Obj" PT="NP" FE="Victim" />
        <annoSet ID="6575203" />
      </pattern>
      <pattern total="1">
        <valenceUnit GF="Ext" PT="NP" FE="Killer" />
        <valenceUnit GF="Dep" PT="Sfin" FE="Time" />
        <valenceUnit GF="Obj" PT="NP" FE="Victim" />
        <annoSet ID="6575064" />
      </pattern>
      <pattern total="1">
        <valenceUnit GF="Dep" PT="PP[by]" FE="Killer" />
        <valenceUnit GF="Dep" PT="NP" FE="Time" />
        <valenceUnit GF="Ext" PT="NP" FE="Victim" />
        <annoSet ID="618352" />
      </pattern>
      <pattern total="1">
        <valenceUnit GF="Dep" PT="PP[by]" FE="Killer" />
        <valenceUnit GF="Dep" PT="PP[ago]" FE="Time" />
        <valenceUnit GF="Ext" PT="NP" FE="Victim" />
        <annoSet ID="618084" />
      </pattern>
      <pattern total="1">
        <valenceUnit GF="Dep" PT="PP[by]" FE="Killer" />
        <valenceUnit GF="Dep" PT="PP[by]" FE="Time" />
        <valenceUnit GF="Ext" PT="NP" FE="Victim" />
        <annoSet ID="618340" />
      </pattern>
      <pattern total="1">
        <valenceUnit GF="Dep" PT="PP[by]" FE="Killer" />
        <valenceUnit GF="Dep" PT="PP[while]" FE="Time" />
        <valenceUnit GF="Ext" PT="NP" FE="Victim" />
        <annoSet ID="6575101" />
      </pattern>
    </FEGroupRealization>
    <FEGroupRealization total="57">
      <FE name="Killer" />
      <FE name="Victim" />
      <pattern total="2">
        <valenceUnit GF="" PT="CNI" FE="Killer" />
        <valenceUnit GF="" PT="CNI" FE="Victim" />
        <annoSet ID="6575040" />
        <annoSet ID="6575219" />
      </pattern>
      <pattern total="9">
        <valenceUnit GF="" PT="CNI" FE="Killer" />
        <valenceUnit GF="Ext" PT="NP" FE="Victim" />
        <annoSet ID="618380" />
        <annoSet ID="618382" />
        <annoSet ID="6535521" />
        <annoSet ID="6551040" />
        <annoSet ID="6575065" />
        <annoSet ID="6575069" />
        <annoSet ID="6575099" />
        <annoSet ID="6575852" />
        <annoSet ID="6645322" />
      </pattern>
      <pattern total="7">
        <valenceUnit GF="" PT="CNI" FE="Killer" />
        <valenceUnit GF="Obj" PT="NP" FE="Victim" />
        <annoSet ID="6528538" />
        <annoSet ID="6575052" />
        <annoSet ID="6575074" />
        <annoSet ID="6575095" />
        <annoSet ID="6575209" />
        <annoSet ID="6575223" />
        <annoSet ID="6575226" />
      </pattern>
      <pattern total="1">
        <valenceUnit GF="Ext" PT="NP" FE="Killer" />
        <valenceUnit GF="" PT="CNI" FE="Victim" />
        <annoSet ID="6575068" />
      </pattern>
      <pattern total="1">
        <valenceUnit GF="Ext" PT="NP" FE="Killer" />
        <valenceUnit GF="" PT="DNI" FE="Victim" />
        <annoSet ID="6575085" />
      </pattern>
      <pattern total="31">
        <valenceUnit GF="Ext" PT="NP" FE="Killer" />
        <valenceUnit GF="Obj" PT="NP" FE="Victim" />
        <annoSet ID="618128" />
        <annoSet ID="618294" />
        <annoSet ID="618322" />
        <annoSet ID="618428" />
        <annoSet ID="6532779" />
        <annoSet ID="6550986" />
        <annoSet ID="6551293" />
        <annoSet ID="6574932" />
        <annoSet ID="6575047" />
        <annoSet ID="6575048" />
        <annoSet ID="6575051" />
        <annoSet ID="6575054" />
        <annoSet ID="6575055" />
        <annoSet ID="6575056" />
        <annoSet ID="6575059" />
        <annoSet ID="6575060" />
        <annoSet ID="6575088" />
        <annoSet ID="6575097" />
        <annoSet ID="6575100" />
        <annoSet ID="6575205" />
        <annoSet ID="6575206" />
        <annoSet ID="6575211" />
        <annoSet ID="6575215" />
        <annoSet ID="6575217" />
        <annoSet ID="6575225" />
        <annoSet ID="6575227" />
        <annoSet ID="6575228" />
        <annoSet ID="6575232" />
        <annoSet ID="6576205" />
        <annoSet ID="6645376" />
        <annoSet ID="6646033" />
      </pattern>
      <pattern total="1">
        <valenceUnit GF="Ext" PT="NP" FE="Killer" />
        <valenceUnit GF="Dep" PT="PP[about]" FE="Victim" />
        <annoSet ID="6575041" />
      </pattern>
      <pattern total="5">
        <valenceUnit GF="Dep" PT="PP[by]" FE="Killer" />
        <valenceUnit GF="Ext" PT="NP" FE="Victim" />
        <annoSet ID="618328" />
        <annoSet ID="618534" />
        <annoSet ID="6575042" />
        <annoSet ID="6575218" />
        <annoSet ID="6575229" />
      </pattern>
    </FEGroupRealization>
    <FEGroupRealization total="1">
      <FE name="Victim" />
      <pattern total="1">
        <valenceUnit GF="Ext" PT="NP" FE="Victim" />
        <annoSet ID="6549271" />
      </pattern>
    </FEGroupRealization>
  </valences>
  <subCorpus name="V-augmented">
    <sentence sentNo="0" ID="201362n">
      <text>If the crew are kill then the remaining crew will be unable to cope , so when it shoots the cannon must miss a whole turn before it can shoot again . </text>
      <annotationSet cDate="08/08/2025 07:58:03 PST Fri" status="AUGMENTED" ID="0">
        <layer name="FE" rank="1">
          <label cBy="auto-aug" feID="4451" start="3" end="10" name="Victim" />
        </layer>
        <layer name="Target" rank="1">
          <label cBy="auto-aug" start="16" end="19" name="Target" />
        </layer>
      </annotationSet>
    </sentence>
    <sentence sentNo="0" ID="185414n">
      <text>` They 'll kill them . "  </text>
      <annotationSet cDate="08/08/2025 07:58:03 PST Fri" status="AUGMENTED" ID="0">
        <layer name="FE" rank="1">
          <label cBy="auto-aug" feID="4450" start="2" end="5" name="Killer" />
          <label cBy="auto-aug" feID="4451" start="16" end="19" name="Victim" />
        </layer>
        <layer name="Target" rank="1">
          <label cBy="auto-aug" start="11" end="14" name="Target" />
        </layer>
      </annotationSet>
    </sentence>
    <sentence sentNo="0" ID="202258n">
      <text>` In El Salvador , death squads kill the innocent violently " , says Neighbor to Neighbor director Fred Ross . </text>
      <annotationSet cDate="08/08/2025 07:58:03 PST Fri" status="AUGMENTED" ID="0">
        <layer name="FE" rank="1">
          <label cBy="auto-aug" feID="4450" start="19" end="30" name="Killer" />
          <label cBy="auto-aug" feID="4451" start="37" end="48" name="Victim" />
          <label cBy="auto-aug" feID="4482" start="50" end="58" name="Manner" />
        </layer>
        <layer name="Target" rank="1">
          <label cBy="auto-aug" start="32" end="35" name="Target" />
        </layer>
      </annotationSet>
    </sentence>
    <sentence sentNo="0" ID="1408079n">
      <text>And as we look over these next few minutes , we 'll consider that it was Pilate who rejected and who killed Jesus .</text>
      <annotationSet cDate="08/08/2025 07:58:03 PST Fri" status="AUGMENTED" ID="0">
        <layer name="FE" rank="1">
          <label cBy="auto-aug" feID="4450" start="73" end="78" name="Killer" />
          <label cBy="auto-aug" feID="4450" start="80" end="82" name="Killer" />
          <label cBy="auto-aug" feID="4451" start="108" end="112" name="Victim" />
        </layer>
        <layer name="Target" rank="1">
          <label cBy="auto-aug" start="101" end="106" name="Target" />
        </layer>
      </annotationSet>
    </sentence>
    <sentence sentNo="0" ID="201455n">
      <text>Scientists believe remains dug up in a Siberian forest could be those of the victims who were killed by the regime after the 1917 communist revolution . </text>
      <annotationSet cDate="08/08/2025 07:58:03 PST Fri" status="AUGMENTED" ID="0">
        <layer name="FE" rank="1">
          <label cBy="auto-aug" feID="4451" start="73" end="83" name="Victim" />
          <label cBy="auto-aug" feID="4450" start="101" end="113" name="Killer" />
        </layer>
        <layer name="Target" rank="1">
          <label cBy="auto-aug" start="94" end="99" name="Target" />
        </layer>
      </annotationSet>
    </sentence>
    <sentence sentNo="0" ID="201477n">
      <text>I suppose he hopes the pathologist who kills the victim will find skin tissue under her nails . </text>
      <annotationSet cDate="08/08/2025 07:58:03 PST Fri" status="AUGMENTED" ID="0">
        <layer name="FE" rank="1">
          <label cBy="auto-aug" feID="4450" start="19" end="33" name="Killer" />
          <label cBy="auto-aug" feID="4450" start="35" end="37" name="Killer" />
          <label cBy="auto-aug" feID="4451" start="45" end="54" name="Victim" />
        </layer>
        <layer name="Target" rank="1">
          <label cBy="auto-aug" start="39" end="43" name="Target" />
        </layer>
      </annotationSet>
    </sentence>
    <sentence sentNo="0" ID="201985n">
      <text>He pushes her on to the floor and lies on top of her , nearly killing her . </text>
      <annotationSet cDate="08/08/2025 07:58:03 PST Fri" status="AUGMENTED" ID="0">
        <layer name="FE" rank="1">
          <label cBy="auto-aug" feID="4450" start="0" end="1" name="Killer" />
          <label cBy="auto-aug" feID="4451" start="70" end="72" name="Victim" />
        </layer>
        <layer name="Target" rank="1">
          <label cBy="auto-aug" start="62" end="68" name="Target" />
        </layer>
      </annotationSet>
    </sentence>
    <sentence sentNo="0" ID="569993n">
      <text>the man was killed by a wolf as he lay down on the hill to sleep after a large meal of local sheep . </text>
      <annotationSet cDate="08/08/2025 07:58:03 PST Fri" status="AUGMENTED" ID="0">
        <layer name="FE" rank="1">
          <label cBy="auto-aug" feID="4451" start="0" end="6" name="Victim" />
          <label cBy="auto-aug" feID="4450" start="19" end="27" name="Killer" />
        </layer>
        <layer name="Target" rank="1">
          <label cBy="auto-aug" start="12" end="17" name="Target" />
        </layer>
      </annotationSet>
    </sentence>
    <sentence sentNo="0" ID="1160110n">
      <text>several protesters were said to have been killed on a squatter site at Swaniesville near Johannesburg on May 12 by unknown assailants . </text>
      <annotationSet cDate="08/08/2025 07:58:03 PST Fri" status="AUGMENTED" ID="0">
        <layer name="FE" rank="1">
          <label cBy="auto-aug" feID="4451" start="0" end="17" name="Victim" />
          <label cBy="auto-aug" feID="4456" start="49" end="100" name="Place" />
          <label cBy="auto-aug" feID="4457" start="102" end="110" name="Time" />
          <label cBy="auto-aug" feID="4450" start="112" end="132" name="Killer" />
        </layer>
        <layer name="Target" rank="1">
          <label cBy="auto-aug" start="42" end="47" name="Target" />
        </layer>
      </annotationSet>
    </sentence>
    <sentence sentNo="0" ID="93510n">
      <text>With offal mounting up from offal killed in Britain each year , the developing countries are an obvious target for the rendering companies in desperate need of new markets . </text>
      <annotationSet cDate="08/08/2025 07:58:03 PST Fri" status="AUGMENTED" ID="0">
        <layer name="FE" rank="1">
          <label cBy="auto-aug" feID="4451" start="28" end="32" name="Victim" />
        </layer>
        <layer name="Target" rank="1">
          <label cBy="auto-aug" start="34" end="39" name="Target" />
        </layer>
      </annotationSet>
    </sentence>
    <sentence sentNo="0" ID="1514914n">
      <text>Maybe she was hoping to kill the enemy with a dagger .</text>
      <annotationSet cDate="08/08/2025 07:58:03 PST Fri" status="AUGMENTED" ID="0">
        <layer name="FE" rank="1">
          <label cBy="auto-aug" feID="4450" start="6" end="8" name="Killer" />
          <label cBy="auto-aug" feID="4451" start="29" end="37" name="Victim" />
          <label cBy="auto-aug" feID="4480" start="39" end="51" name="Instrument" />
        </layer>
        <layer name="Target" rank="1">
          <label cBy="auto-aug" start="24" end="27" name="Target" />
        </layer>
      </annotationSet>
    </sentence>
    <sentence sentNo="0" ID="1160094n">
      <text>many people have been killed at a squatter camp near Johannesburg . </text>
      <annotationSet cDate="08/08/2025 07:58:03 PST Fri" status="AUGMENTED" ID="0">
        <layer name="FE" rank="1">
          <label cBy="auto-aug" feID="4451" start="0" end="10" name="Victim" />
          <label cBy="auto-aug" feID="4456" start="29" end="64" name="Place" />
        </layer>
        <layer name="Target" rank="1">
          <label cBy="auto-aug" start="22" end="27" name="Target" />
        </layer>
      </annotationSet>
    </sentence>
    <sentence sentNo="0" ID="201481n">
      <text>the drivers were dragged out of their cars and killed by the gang in the street . </text>
      <annotationSet cDate="08/08/2025 07:58:03 PST Fri" status="AUGMENTED" ID="0">
        <layer name="FE" rank="1">
          <label cBy="auto-aug" feID="4451" start="0" end="10" name="Victim" />
          <label cBy="auto-aug" feID="4450" start="54" end="64" name="Killer" />
          <label cBy="auto-aug" feID="4456" start="66" end="78" name="Place" />
        </layer>
        <layer name="Target" rank="1">
          <label cBy="auto-aug" start="47" end="52" name="Target" />
        </layer>
      </annotationSet>
    </sentence>
    <sentence sentNo="0" ID="1160113n">
      <text>She killed the monster . </text>
      <annotationSet cDate="08/08/2025 07:58:03 PST Fri" status="AUGMENTED" ID="0">
        <layer name="FE" rank="1">
          <label cBy="auto-aug" feID="4450" start="0" end="2" name="Killer" />
          <label cBy="auto-aug" feID="4451" start="11" end="21" name="Victim" />
        </layer>
        <layer name="Target" rank="1">
          <label cBy="auto-aug" start="4" end="9" name="Target" />
        </layer>
      </annotationSet>
    </sentence>
    <sentence sentNo="0" ID="1514915n">
      <text>a virus literally kills the host .</text>
      <annotationSet cDate="08/08/2025 07:58:03 PST Fri" status="AUGMENTED" ID="0">
        <layer name="FE" rank="1">
          <label cBy="auto-aug" feID="4452" start="0" end="6" name="Cause" />
          <label cBy="auto-aug" feID="4482" start="8" end="16" name="Manner" />
          <label cBy="auto-aug" feID="4451" start="24" end="31" name="Victim" />
        </layer>
        <layer name="Target" rank="1">
          <label cBy="auto-aug" start="18" end="22" name="Target" />
        </layer>
      </annotationSet>
    </sentence>
    <sentence sentNo="0" ID="201410n">
      <text>And this Thiercelin who was persecuting him , now he came to think about it , much resembled the fox , the rabbit he had kill in sport all those years ago . </text>
      <annotationSet cDate="08/08/2025 07:58:03 PST Fri" status="AUGMENTED" ID="0">
        <layer name="FE" rank="1">
          <label cBy="auto-aug" feID="4451" start="93" end="99" name="Victim" />
          <label cBy="auto-aug" feID="4451" start="103" end="112" name="Victim" />
          <label cBy="auto-aug" feID="4450" start="50" end="51" name="Killer" />
        </layer>
        <layer name="Target" rank="1">
          <label cBy="auto-aug" start="121" end="124" name="Target" />
        </layer>
      </annotationSet>
    </sentence>
    <sentence sentNo="0" ID="508541n">
      <text>First Tupac Amaru had to watch the torture of his son and uncle and other associates before his wife 's tongue was cut out and his wife was slowly killed . </text>
      <annotationSet cDate="08/08/2025 07:58:03 PST Fri" status="AUGMENTED" ID="0">
        <layer name="FE" rank="1">
          <label cBy="auto-aug" feID="4451" start="127" end="134" name="Victim" />
          <label cBy="auto-aug" feID="4482" start="140" end="145" name="Manner" />
        </layer>
        <layer name="Target" rank="1">
          <label cBy="auto-aug" start="147" end="152" name="Target" />
        </layer>
      </annotationSet>
    </sentence>
    <sentence sentNo="0" ID="201734n">
      <text>They 'll kill the prey to death ! " </text>
      <annotationSet cDate="08/08/2025 07:58:03 PST Fri" status="AUGMENTED" ID="0">
        <layer name="FE" rank="1">
          <label cBy="auto-aug" feID="4450" start="0" end="3" name="Killer" />
          <label cBy="auto-aug" feID="4451" start="14" end="21" name="Victim" />
          <label cBy="auto-aug" feID="4460" start="23" end="30" name="Result" />
        </layer>
        <layer name="Target" rank="1">
          <label cBy="auto-aug" start="9" end="12" name="Target" />
        </layer>
      </annotationSet>
    </sentence>
    <sentence sentNo="0" ID="185411n">
      <text>From its windows a crowd , led by John , threw the anti-Hus councillors to the crowd below , who promptly killed the councillors . </text>
      <annotationSet cDate="08/08/2025 07:58:03 PST Fri" status="AUGMENTED" ID="0">
        <layer name="FE" rank="1">
          <label cBy="auto-aug" feID="4450" start="75" end="89" name="Killer" />
          <label cBy="auto-aug" feID="4450" start="93" end="95" name="Killer" />
          <label cBy="auto-aug" feID="4451" start="113" end="127" name="Victim" />
        </layer>
        <layer name="Target" rank="1">
          <label cBy="auto-aug" start="106" end="111" name="Target" />
        </layer>
      </annotationSet>
    </sentence>
    <sentence sentNo="0" ID="201919n">
      <text>HORRIFIED health workers watched as a teenage mum tried to kill her baby THREE times in hospital , a court heard yesterday . </text>
      <annotationSet cDate="08/08/2025 07:58:03 PST Fri" status="AUGMENTED" ID="0">
        <layer name="FE" rank="1">
          <label cBy="auto-aug" feID="4450" start="36" end="48" name="Killer" />
          <label cBy="auto-aug" feID="4451" start="64" end="71" name="Victim" />
          <label cBy="auto-aug" feID="4456" start="85" end="95" name="Place" />
        </layer>
        <layer name="Target" rank="1">
          <label cBy="auto-aug" start="59" end="62" name="Target" />
        </layer>
      </annotationSet>
    </sentence>
    <sentence sentNo="0" ID="91587n">
      <text>The Executive Committee pronounced a sentence of death on the Tsar himself and , after repeated attempts , succeeded in killing the Tsar on a St Petersburg street on 1 March 1881 . </text>
      <annotationSet cDate="08/08/2025 07:58:03 PST Fri" status="AUGMENTED" ID="0">
        <layer name="FE" rank="1">
          <label cBy="auto-aug" feID="4450" start="0" end="22" name="Killer" />
          <label cBy="auto-aug" feID="4451" start="128" end="135" name="Victim" />
          <label cBy="auto-aug" feID="4456" start="137" end="161" name="Place" />
          <label cBy="auto-aug" feID="4457" start="163" end="177" name="Time" />
        </layer>
        <layer name="Target" rank="1">
          <label cBy="auto-aug" start="120" end="126" name="Target" />
        </layer>
      </annotationSet>
    </sentence>
    <sentence sentNo="0" ID="91576n">
      <text>Allow myself to be spirited off to Germany where I kill a target at the first opportunity ? "  </text>
      <annotationSet cDate="08/08/2025 07:58:03 PST Fri" status="AUGMENTED" ID="0">
        <layer name="FE" rank="1">
          <label cBy="auto-aug" feID="4450" start="49" end="49" name="Killer" />
          <label cBy="auto-aug" feID="4451" start="56" end="63" name="Victim" />
        </layer>
        <layer name="Target" rank="1">
          <label cBy="auto-aug" start="51" end="54" name="Target" />
        </layer>
      </annotationSet>
    </sentence>
    <sentence sentNo="0" ID="193878n">
      <text>The French line was destroyed and the soldiers nearly killed , but a few remained and , farther back , still more . </text>
      <annotationSet cDate="08/08/2025 07:58:03 PST Fri" status="AUGMENTED" ID="0">
        <layer name="FE" rank="1">
          <label cBy="auto-aug" feID="4451" start="34" end="45" name="Victim" />
        </layer>
        <layer name="Target" rank="1">
          <label cBy="auto-aug" start="54" end="59" name="Target" />
        </layer>
      </annotationSet>
    </sentence>
    <sentence sentNo="0" ID="93467n">
      <text>her was killed at the wheel of her boyfriend 's four-wheel-drive truck as she desperately tried to escape . </text>
      <annotationSet cDate="08/08/2025 07:58:03 PST Fri" status="AUGMENTED" ID="0">
        <layer name="FE" rank="1">
          <label cBy="auto-aug" feID="4451" start="0" end="2" name="Victim" />
        </layer>
        <layer name="Target" rank="1">
          <label cBy="auto-aug" start="8" end="13" name="Target" />
        </layer>
      </annotationSet>
    </sentence>
    <sentence sentNo="0" ID="202260n">
      <text>Murder was committed in order to kill the victim , and out of jealousy and revenge and anger , and simply for its own sake . </text>
      <annotationSet cDate="08/08/2025 07:58:03 PST Fri" status="AUGMENTED" ID="0">
        <layer name="FE" rank="1">
          <label cBy="auto-aug" feID="4451" start="38" end="47" name="Victim" />
        </layer>
        <layer name="Target" rank="1">
          <label cBy="auto-aug" start="33" end="36" name="Target" />
        </layer>
      </annotationSet>
    </sentence>
    <sentence sentNo="0" ID="201437n">
      <text>` No , but perhaps in this spot I might find a rat to kill . " </text>
      <annotationSet cDate="08/08/2025 07:58:03 PST Fri" status="AUGMENTED" ID="0">
        <layer name="FE" rank="1">
          <label cBy="auto-aug" feID="4450" start="32" end="32" name="Killer" />
          <label cBy="auto-aug" feID="4451" start="45" end="49" name="Victim" />
        </layer>
        <layer name="Target" rank="1">
          <label cBy="auto-aug" start="54" end="57" name="Target" />
        </layer>
      </annotationSet>
    </sentence>
    <sentence sentNo="0" ID="93423n">
      <text>This is how they are currently treated when we use them as research tools or kill animals for consumption at our tables . </text>
      <annotationSet cDate="08/08/2025 07:58:03 PST Fri" status="AUGMENTED" ID="0">
        <layer name="FE" rank="1">
          <label cBy="auto-aug" feID="4450" start="44" end="45" name="Killer" />
          <label cBy="auto-aug" feID="4451" start="82" end="88" name="Victim" />
        </layer>
        <layer name="Target" rank="1">
          <label cBy="auto-aug" start="77" end="80" name="Target" />
        </layer>
      </annotationSet>
    </sentence>
    <sentence sentNo="0" ID="1160101n">
      <text>THREE years after the suppression of peaceful pro-democracy protests , during which protesters were killed in Beijing on 4 June 1989 , human rights violations continue unabated in China . </text>
      <annotationSet cDate="08/08/2025 07:58:03 PST Fri" status="AUGMENTED" ID="0">
        <layer name="FE" rank="1">
          <label cBy="auto-aug" feID="4451" start="84" end="93" name="Victim" />
          <label cBy="auto-aug" feID="4456" start="107" end="116" name="Place" />
          <label cBy="auto-aug" feID="4457" start="118" end="131" name="Time" />
        </layer>
        <layer name="Target" rank="1">
          <label cBy="auto-aug" start="100" end="105" name="Target" />
        </layer>
      </annotationSet>
    </sentence>
    <sentence sentNo="0" ID="1071690n">
      <text>` The senator obviously just wants us to kill the opposition so they ca n't embarrass him when the time comes to run for President , " she told me next morning . </text>
      <annotationSet cDate="08/08/2025 07:58:03 PST Fri" status="AUGMENTED" ID="0">
        <layer name="FE" rank="1">
          <label cBy="auto-aug" feID="4450" start="35" end="36" name="Killer" />
          <label cBy="auto-aug" feID="4451" start="46" end="59" name="Victim" />
          <label cBy="auto-aug" feID="4453" start="61" end="129" name="Purpose" />
        </layer>
        <layer name="Target" rank="1">
          <label cBy="auto-aug" start="41" end="44" name="Target" />
        </layer>
      </annotationSet>
    </sentence>
    <sentence sentNo="0" ID="193823n">
      <text>the deer had been systematically killed for sport . </text>
      <annotationSet cDate="08/08/2025 07:58:03 PST Fri" status="AUGMENTED" ID="0">
        <layer name="FE" rank="1">
          <label cBy="auto-aug" feID="4451" start="0" end="7" name="Victim" />
          <label cBy="auto-aug" feID="4452" start="40" end="48" name="Cause" />
        </layer>
        <layer name="Target" rank="1">
          <label cBy="auto-aug" start="33" end="38" name="Target" />
        </layer>
      </annotationSet>
    </sentence>
    <sentence sentNo="0" ID="1160086n">
      <text>To do this they then sent their terrorists ( now called an army ) out to kill the enemy . </text>
      <annotationSet cDate="08/08/2025 07:58:03 PST Fri" status="AUGMENTED" ID="0">
        <layer name="FE" rank="1">
          <label cBy="auto-aug" feID="4450" start="26" end="41" name="Killer" />
          <label cBy="auto-aug" feID="4451" start="78" end="86" name="Victim" />
        </layer>
        <layer name="Target" rank="1">
          <label cBy="auto-aug" start="73" end="76" name="Target" />
        </layer>
      </annotationSet>
    </sentence>
  </subCorpus>
</lexUnit>