<?xml version='1.0' encoding='UTF-8'?>
<lexUnit xmlns="http://framenet.icsi.berkeley.edu" xmlns:xsi="http://www.w3.org/2001/XMLSchema-instance" status="Created" incorporatedFE="Sound" POS="V" name="laugh.v" ID="8720" frame="Make_noise" frameID="69" totalAnnotated="6" xsi:schemaLocation="../schema/lexUnit.xsd">
  <header>
    <corpus description="BNC2" name="BNC2" ID="111">
      <document description="bncp" name="bncp" ID="421" />
    </corpus>
    <corpus description="Miscellaneous" name="Miscellaneous" ID="175">
      <document description="TigerOfSanPedro" name="Tiger_Of_San_Pedro" ID="25343" />
    </corpus>
    <corpus description="American National Corpus Texts" name="ANC" ID="195">
      <document description="Slate magazine article: Stephanopoulos Crimes" name="StephanopoulosCrimes" ID="23642" />
      <document description="Slate magazine article: Entrepreneur as Madonna" name="EntrepreneurAsMadonna" ID="23646" />
    </corpus>
    <corpus description="LUCorpus-v0.3" name="LUCorpus-v0.3" ID="205">
      <document description="SNO-525" name="SNO-525" ID="23728" />
    </corpus>
    <frame>
      <FE fgColor="FFFFFF" bgColor="9F79EE" type="Extra-Thematic" abbrev="" name="Addressee" />
      <FE fgColor="00008B" bgColor="d0d0d0" type="Extra-Thematic" abbrev="cir" name="Circumstances" />
      <FE fgColor="FFFFFF" bgColor="FF69B4" type="Peripheral" abbrev="Degr" name="Degree" />
      <FE fgColor="FFFFFF" bgColor="9400D3" type="Extra-Thematic" abbrev="Dep" name="Depictive" />
      <FE fgColor="FFFFFF" bgColor="90876C" type="Extra-Thematic" abbrev="exp" name="Explanation" />
      <FE fgColor="FFFFFF" bgColor="FFA500" type="Extra-Thematic" abbrev="ICause" name="Internal_cause" />
      <FE fgColor="000000" bgColor="FFFF00" type="Extra-Thematic" abbrev="ite" name="Iterations" />
      <FE fgColor="FFFFFF" bgColor="00008B" type="Extra-Thematic" abbrev="Loc" name="Location_of_protagonist" />
      <FE fgColor="FFFFFF" bgColor="FF00FF" type="Peripheral" abbrev="Manr" name="Manner" />
      <FE fgColor="FFFFFF" bgColor="0000FF" type="Core" abbrev="" name="Noisy_event" />
      <FE fgColor="000000" bgColor="FFD700" type="Extra-Thematic" abbrev="par" name="Particular_iteration" />
      <FE fgColor="FFFFFF" bgColor="00BFFF" type="Extra-Thematic" abbrev="" name="Path" />
      <FE fgColor="000000" bgColor="FFA500" type="Peripheral" abbrev="" name="Place" />
      <FE fgColor="FFFFFF" bgColor="FF0000" type="Core" abbrev="Sound" name="Sound" />
      <FE fgColor="FFFFFF" bgColor="006400" type="Core" abbrev="Src-p" name="Sound_source" />
      <FE fgColor="FFFFFF" bgColor="1E90FF" type="Extra-Thematic" abbrev="Sub" name="Subregion" />
      <FE fgColor="FFFFFF" bgColor="2E8B57" type="Peripheral" abbrev="" name="Time" />
    </frame>
  </header>
  <definition>COD: make the sounds and movements that express lively amusement and sometimes also derision. </definition>
  <lexeme POS="V" name="laugh" />
  <valences>
    <FERealization total="1">
      <FE name="Addressee" />
      <pattern total="1">
        <valenceUnit GF="Dep" PT="PP[at]" FE="Addressee" />
        <annoSet ID="6538344" />
      </pattern>
    </FERealization>
    <FERealization total="1">
      <FE name="Depictive" />
      <pattern total="1">
        <valenceUnit GF="Dep" PT="PP[at]" FE="Depictive" />
        <annoSet ID="6674422" />
      </pattern>
    </FERealization>
    <FERealization total="1">
      <FE name="Manner" />
      <pattern total="1">
        <valenceUnit GF="Dep" PT="AVP" FE="Manner" />
        <annoSet ID="6645398" />
      </pattern>
    </FERealization>
    <FERealization total="1">
      <FE name="Noisy_event" />
      <pattern total="1">
        <valenceUnit GF="" PT="INC" FE="Noisy_event" />
        <annoSet ID="6674422" />
      </pattern>
    </FERealization>
    <FERealization total="6">
      <FE name="Sound_source" />
      <pattern total="2">
        <valenceUnit GF="" PT="CNI" FE="Sound_source" />
        <annoSet ID="6538344" />
        <annoSet ID="6538611" />
      </pattern>
      <pattern total="3">
        <valenceUnit GF="Ext" PT="NP" FE="Sound_source" />
        <annoSet ID="6547926" />
        <annoSet ID="6645398" />
        <annoSet ID="6674422" />
      </pattern>
      <pattern total="1">
        <valenceUnit GF="" PT="DNI" FE="Sound_source" />
        <annoSet ID="6547939" />
      </pattern>
    </FERealization>
    <FEGroupRealization total="1">
      <FE name="Addressee" />
      <FE name="Sound_source" />
      <pattern total="1">
        <valenceUnit GF="Dep" PT="PP[at]" FE="Addressee" />
        <valenceUnit GF="" PT="CNI" FE="Sound_source" />
        <annoSet ID="6538344" />
      </pattern>
    </FEGroupRealization>
    <FEGroupRealization total="1">
      <FE name="Depictive" />
      <FE name="Noisy_event" />
      <FE name="Sound_source" />
      <pattern total="1">
        <valenceUnit GF="Dep" PT="PP[at]" FE="Depictive" />
        <valenceUnit GF="" PT="INC" FE="Noisy_event" />
        <valenceUnit GF="Ext" PT="NP" FE="Sound_source" />
        <annoSet ID="6674422" />
      </pattern>
    </FEGroupRealization>
    <FEGroupRealization total="1">
      <FE name="Manner" />
      <FE name="Sound_source" />
      <pattern total="1">
        <valenceUnit GF="Dep" PT="AVP" FE="Manner" />
        <valenceUnit GF="Ext" PT="NP" FE="Sound_source" />
        <annoSet ID="6645398" />
      </pattern>
    </FEGroupRealization>
    <FEGroupRealization total="3">
      <FE name="Sound_source" />
      <pattern total="1">
        <valenceUnit GF="" PT="CNI" FE="Sound_source" />
        <annoSet ID="6538611" />
      </pattern>
      <pattern total="1">
        <valenceUnit GF="" PT="DNI" FE="Sound_source" />
        <annoSet ID="6547939" />
      </pattern>
      <pattern total="1">
        <valenceUnit GF="Ext" PT="NP" FE="Sound_source" />
        <annoSet ID="6547926" />
      </pattern>
    </FEGroupRealization>
  </valences>
  <subCorpus name="V-augmented">
    <sentence sentNo="0" ID="1133387n">
      <text>In Pest-Buda , the people laughed and the whole city celebrated . " </text>
      <annotationSet cDate="08/08/2025 07:59:22 PST Fri" status="AUGMENTED" ID="0">
        <layer name="FE" rank="1">
          <label cBy="auto-aug" feID="323" start="15" end="24" name="Sound_source" />
        </layer>
        <layer name="Target" rank="1">
          <label cBy="auto-aug" start="26" end="32" name="Target" />
        </layer>
      </annotationSet>
    </sentence>
    <sentence sentNo="0" ID="414427n">
      <text>Overhead , the children laughed . </text>
      <annotationSet cDate="08/08/2025 07:59:22 PST Fri" status="AUGMENTED" ID="0">
        <layer name="FE" rank="1">
          <label cBy="auto-aug" feID="323" start="11" end="22" name="Sound_source" />
        </layer>
        <layer name="Target" rank="1">
          <label cBy="auto-aug" start="24" end="30" name="Target" />
        </layer>
      </annotationSet>
    </sentence>
    <sentence sentNo="0" ID="1131962n">
      <text>As she laughed in terror , the sadist bundled her into the machine . </text>
      <annotationSet cDate="08/08/2025 07:59:22 PST Fri" status="AUGMENTED" ID="0">
        <layer name="FE" rank="1">
          <label cBy="auto-aug" feID="323" start="3" end="5" name="Sound_source" />
          <label cBy="auto-aug" feID="1505" start="15" end="23" name="Internal_cause" />
        </layer>
        <layer name="Target" rank="1">
          <label cBy="auto-aug" start="7" end="13" name="Target" />
        </layer>
      </annotationSet>
    </sentence>
    <sentence sentNo="0" ID="1132065n">
      <text>the crowd screamed and laughed , and Jack 's face , usually so impassive , twisted with pain . </text>
      <annotationSet cDate="08/08/2025 07:59:22 PST Fri" status="AUGMENTED" ID="0">
        <layer name="FE" rank="1">
          <label cBy="auto-aug" feID="323" start="0" end="8" name="Sound_source" />
        </layer>
        <layer name="Target" rank="1">
          <label cBy="auto-aug" start="23" end="29" name="Target" />
        </layer>
      </annotationSet>
    </sentence>
    <sentence sentNo="0" ID="412231n">
      <text>Certainly , the illness would have given me plenty of opportunities to make my friends laugh and explode in bright , whirling wheels of sulphurous pain in and behind Miller 's word-jellied eyeballs . </text>
      <annotationSet cDate="08/08/2025 07:59:22 PST Fri" status="AUGMENTED" ID="0">
        <layer name="FE" rank="1">
          <label cBy="auto-aug" feID="323" start="76" end="85" name="Sound_source" />
        </layer>
        <layer name="Target" rank="1">
          <label cBy="auto-aug" start="87" end="91" name="Target" />
        </layer>
      </annotationSet>
    </sentence>
    <sentence sentNo="0" ID="414850n">
      <text>He laughs impatiently at the barrier ; the security man 's face appears at the window and flashes an ingratiating smile . </text>
      <annotationSet cDate="08/08/2025 07:59:22 PST Fri" status="AUGMENTED" ID="0">
        <layer name="FE" rank="1">
          <label cBy="auto-aug" feID="323" start="0" end="1" name="Sound_source" />
        </layer>
        <layer name="Target" rank="1">
          <label cBy="auto-aug" start="3" end="8" name="Target" />
        </layer>
      </annotationSet>
    </sentence>
    <sentence sentNo="0" ID="1249412n">
      <text>She looked out to sea , as far as she could through the mist , and thought of the dolphins laugh under the waves .</text>
      <annotationSet cDate="08/08/2025 07:59:22 PST Fri" status="AUGMENTED" ID="0">
        <layer name="FE" rank="1">
          <label cBy="auto-aug" feID="323" start="78" end="89" name="Sound_source" />
          <label cBy="auto-aug" feID="5080" start="97" end="111" name="Place" />
        </layer>
        <layer name="Target" rank="1">
          <label cBy="auto-aug" start="91" end="95" name="Target" />
        </layer>
      </annotationSet>
    </sentence>
    <sentence sentNo="0" ID="1134810n">
      <text>someone, laughed somewhere . </text>
      <annotationSet cDate="08/08/2025 07:59:22 PST Fri" status="AUGMENTED" ID="0">
        <layer name="FE" rank="1">
          <label cBy="auto-aug" feID="323" start="0" end="7" name="Sound_source" />
          <label cBy="auto-aug" feID="5080" start="17" end="25" name="Place" />
        </layer>
        <layer name="Target" rank="1">
          <label cBy="auto-aug" start="9" end="15" name="Target" />
        </layer>
      </annotationSet>
    </sentence>
  </subCorpus>
</lexUnit>