<?xml version='1.0' encoding='UTF-8'?>
<lexUnit xmlns="http://framenet.icsi.berkeley.edu" xmlns:xsi="http://www.w3.org/2001/XMLSchema-instance" status="Finished_Initial" POS="V" name="ferry.v" ID="8755" frame="Bringing" frameID="240" totalAnnotated="55" xsi:schemaLocation="../schema/lexUnit.xsd">
  <header>
    <corpus description="American National Corpus Texts" name="ANC" ID="195">
      <document description="Berlitz Where to Go in Hong Kong" name="WhereToHongKong" ID="23771" />
    </corpus>
    <frame>
      <FE fgColor="FFFFFF" bgColor="FF0000" type="Core" abbrev="Agt" name="Agent" />
      <FE fgColor="FFFFFF" bgColor="808080" type="Core" abbrev="Area" name="Area" />
      <FE fgColor="000000" bgColor="EEE8AA" type="Extra-Thematic" abbrev="" name="Beneficiary" />
      <FE fgColor="FFFFFF" bgColor="9F79EE" type="Core" abbrev="Car" name="Carrier" />
      <FE fgColor="000000" bgColor="FFFF00" type="Extra-Thematic" abbrev="co-p" name="Co-participant" />
      <FE fgColor="FFFFFF" bgColor="800080" type="Peripheral" abbrev="CL" name="Constant_location" />
      <FE fgColor="000000" bgColor="7CCD73" type="Extra-Thematic" abbrev="" name="Degree" />
      <FE fgColor="FFFFFF" bgColor="9400D3" type="Extra-Thematic" abbrev="Dep" name="Depictive" />
      <FE fgColor="FFFFFF" bgColor="1E90FF" type="Peripheral" abbrev="Dist" name="Distance" />
      <FE fgColor="000000" bgColor="7FFF00" type="Extra-Thematic" abbrev="" name="Duration" />
      <FE fgColor="FFFFFF" bgColor="90876C" type="Extra-Thematic" abbrev="" name="Explanation" />
      <FE fgColor="FFFFFF" bgColor="2E8B57" type="Extra-Thematic" abbrev="" name="Frequency" />
      <FE fgColor="FFFFFF" bgColor="A52A2A" type="Core" abbrev="goa" name="Goal" />
      <FE fgColor="FFFFFF" bgColor="FF00FF" type="Peripheral" abbrev="Manr" name="Manner" />
      <FE fgColor="FFFFFF" bgColor="FF69B4" type="Peripheral" abbrev="Mns" name="Means" />
      <FE fgColor="000000" bgColor="90876C" type="Extra-Thematic" abbrev="" name="Particular_iteration" />
      <FE fgColor="FFFFFF" bgColor="FFA500" type="Core" abbrev="Path" name="Path" />
      <FE fgColor="FFFFFF" bgColor="7CCD7C" type="Extra-Thematic" abbrev="" name="Period_of_iterations" />
      <FE fgColor="FFFFFF" bgColor="008000" type="Peripheral" abbrev="Place" name="Place" />
      <FE fgColor="FFFFFF" bgColor="00BFFF" type="Peripheral" abbrev="Pps" name="Purpose" />
      <FE fgColor="FFFFFF" bgColor="008000" type="Core" abbrev="sou" name="Source" />
      <FE fgColor="FFFFFF" bgColor="00008B" type="Peripheral" abbrev="" name="Speed" />
      <FE fgColor="FFFFFF" bgColor="0000FF" type="Core" abbrev="Theme" name="Theme" />
      <FE fgColor="FFFFFF" bgColor="FFA500" type="Peripheral" abbrev="Time" name="Time" />
    </frame>
  </header>
  <definition>COD: convey by ferry or other transport, especially on short, regular trips. </definition>
  <lexeme POS="V" name="ferry" />
  <valences>
    <FERealization total="45">
      <FE name="Agent" />
      <pattern total="15">
        <valenceUnit GF="" PT="CNI" FE="Agent" />
        <annoSet ID="767058" />
        <annoSet ID="767082" />
        <annoSet ID="767090" />
        <annoSet ID="767144" />
        <annoSet ID="767216" />
        <annoSet ID="767218" />
        <annoSet ID="767220" />
        <annoSet ID="767224" />
        <annoSet ID="767226" />
        <annoSet ID="767242" />
        <annoSet ID="767278" />
        <annoSet ID="767338" />
        <annoSet ID="767418" />
        <annoSet ID="767420" />
        <annoSet ID="6561561" />
      </pattern>
      <pattern total="29">
        <valenceUnit GF="Ext" PT="NP" FE="Agent" />
        <annoSet ID="767020" />
        <annoSet ID="767022" />
        <annoSet ID="767040" />
        <annoSet ID="767042" />
        <annoSet ID="767046" />
        <annoSet ID="767048" />
        <annoSet ID="767052" />
        <annoSet ID="767054" />
        <annoSet ID="767056" />
        <annoSet ID="767060" />
        <annoSet ID="767070" />
        <annoSet ID="767074" />
        <annoSet ID="767086" />
        <annoSet ID="767096" />
        <annoSet ID="767102" />
        <annoSet ID="767106" />
        <annoSet ID="767114" />
        <annoSet ID="767132" />
        <annoSet ID="767136" />
        <annoSet ID="767140" />
        <annoSet ID="767148" />
        <annoSet ID="767150" />
        <annoSet ID="767160" />
        <annoSet ID="767256" />
        <annoSet ID="767268" />
        <annoSet ID="767284" />
        <annoSet ID="767408" />
        <annoSet ID="767412" />
        <annoSet ID="767416" />
      </pattern>
      <pattern total="1">
        <valenceUnit GF="Ext" PT="PP[of]" FE="Agent" />
        <annoSet ID="767086" />
      </pattern>
      <pattern total="1">
        <valenceUnit GF="Dep" PT="PP[by]" FE="Agent" />
        <annoSet ID="767208" />
      </pattern>
    </FERealization>
    <FERealization total="6">
      <FE name="Area" />
      <pattern total="2">
        <valenceUnit GF="Dep" PT="PP[around]" FE="Area" />
        <annoSet ID="767224" />
        <annoSet ID="767408" />
      </pattern>
      <pattern total="1">
        <valenceUnit GF="Dep" PT="PP[over]" FE="Area" />
        <annoSet ID="767090" />
      </pattern>
      <pattern total="1">
        <valenceUnit GF="Dep" PT="PP[about]" FE="Area" />
        <annoSet ID="767042" />
      </pattern>
      <pattern total="1">
        <valenceUnit GF="Dep" PT="PP[round]" FE="Area" />
        <annoSet ID="767416" />
      </pattern>
      <pattern total="1">
        <valenceUnit GF="Dep" PT="AVP" FE="Area" />
        <annoSet ID="767018" />
      </pattern>
    </FERealization>
    <FERealization total="11">
      <FE name="Carrier" />
      <pattern total="1">
        <valenceUnit GF="Dep" PT="PP[by]" FE="Carrier" />
        <annoSet ID="767056" />
      </pattern>
      <pattern total="10">
        <valenceUnit GF="Ext" PT="NP" FE="Carrier" />
        <annoSet ID="767016" />
        <annoSet ID="767018" />
        <annoSet ID="767064" />
        <annoSet ID="767092" />
        <annoSet ID="767122" />
        <annoSet ID="767192" />
        <annoSet ID="767346" />
        <annoSet ID="767410" />
        <annoSet ID="767414" />
        <annoSet ID="6555490" />
      </pattern>
    </FERealization>
    <FERealization total="6">
      <FE name="Constant_location" />
      <pattern total="3">
        <valenceUnit GF="Dep" PT="PP[in]" FE="Constant_location" />
        <annoSet ID="767052" />
        <annoSet ID="767224" />
        <annoSet ID="767278" />
      </pattern>
      <pattern total="3">
        <valenceUnit GF="Dep" PT="PP[on]" FE="Constant_location" />
        <annoSet ID="767048" />
        <annoSet ID="767086" />
        <annoSet ID="767338" />
      </pattern>
    </FERealization>
    <FERealization total="2">
      <FE name="Distance" />
      <pattern total="2">
        <valenceUnit GF="Dep" PT="NP" FE="Distance" />
        <annoSet ID="767058" />
        <annoSet ID="767144" />
      </pattern>
    </FERealization>
    <FERealization total="26">
      <FE name="Goal" />
      <pattern total="16">
        <valenceUnit GF="Dep" PT="PP[to]" FE="Goal" />
        <annoSet ID="767058" />
        <annoSet ID="767064" />
        <annoSet ID="767096" />
        <annoSet ID="767102" />
        <annoSet ID="767106" />
        <annoSet ID="767114" />
        <annoSet ID="767122" />
        <annoSet ID="767132" />
        <annoSet ID="767208" />
        <annoSet ID="767242" />
        <annoSet ID="767256" />
        <annoSet ID="767268" />
        <annoSet ID="767278" />
        <annoSet ID="767284" />
        <annoSet ID="767420" />
        <annoSet ID="6561561" />
      </pattern>
      <pattern total="4">
        <valenceUnit GF="Dep" PT="AVP" FE="Goal" />
        <annoSet ID="767192" />
        <annoSet ID="767216" />
        <annoSet ID="767226" />
        <annoSet ID="767412" />
      </pattern>
      <pattern total="2">
        <valenceUnit GF="Dep" PT="PP[in]" FE="Goal" />
        <annoSet ID="767218" />
        <annoSet ID="767418" />
      </pattern>
      <pattern total="2">
        <valenceUnit GF="Dep" PT="PP[into]" FE="Goal" />
        <annoSet ID="767082" />
        <annoSet ID="767092" />
      </pattern>
      <pattern total="1">
        <valenceUnit GF="Dep" PT="NP" FE="Goal" />
        <annoSet ID="767086" />
      </pattern>
      <pattern total="1">
        <valenceUnit GF="Dep" PT="PP[up]" FE="Goal" />
        <annoSet ID="767150" />
      </pattern>
    </FERealization>
    <FERealization total="1">
      <FE name="Means" />
      <pattern total="1">
        <valenceUnit GF="Dep" PT="PP[by]" FE="Means" />
        <annoSet ID="767218" />
      </pattern>
    </FERealization>
    <FERealization total="21">
      <FE name="Path" />
      <pattern total="4">
        <valenceUnit GF="" PT="INI" FE="Path" />
        <annoSet ID="767020" />
        <annoSet ID="767056" />
        <annoSet ID="767144" />
        <annoSet ID="767338" />
      </pattern>
      <pattern total="1">
        <valenceUnit GF="Dep" PT="PP[by]" FE="Path" />
        <annoSet ID="767418" />
      </pattern>
      <pattern total="3">
        <valenceUnit GF="Dep" PT="AVP" FE="Path" />
        <annoSet ID="767096" />
        <annoSet ID="6555490" />
        <annoSet ID="6561561" />
      </pattern>
      <pattern total="1">
        <valenceUnit GF="Dep" PT="PP[on]" FE="Path" />
        <annoSet ID="767420" />
      </pattern>
      <pattern total="2">
        <valenceUnit GF="Dep" PT="PP[to]" FE="Path" />
        <annoSet ID="767040" />
        <annoSet ID="767160" />
      </pattern>
      <pattern total="4">
        <valenceUnit GF="Dep" PT="PP[across]" FE="Path" />
        <annoSet ID="767046" />
        <annoSet ID="767048" />
        <annoSet ID="767052" />
        <annoSet ID="767054" />
      </pattern>
      <pattern total="2">
        <valenceUnit GF="Dep" PT="PP[from]" FE="Path" />
        <annoSet ID="767060" />
        <annoSet ID="767074" />
      </pattern>
      <pattern total="1">
        <valenceUnit GF="Dep" PT="PP[up]" FE="Path" />
        <annoSet ID="767136" />
      </pattern>
      <pattern total="2">
        <valenceUnit GF="Dep" PT="PP[through]" FE="Path" />
        <annoSet ID="767092" />
        <annoSet ID="767346" />
      </pattern>
      <pattern total="1">
        <valenceUnit GF="Obj" PT="NP" FE="Path" />
        <annoSet ID="767346" />
      </pattern>
      <pattern total="1">
        <valenceUnit GF="Dep" PT="PP[along]" FE="Path" />
        <annoSet ID="767016" />
      </pattern>
    </FERealization>
    <FERealization total="1">
      <FE name="Period_of_iterations" />
      <pattern total="1">
        <valenceUnit GF="Dep" PT="PP[from]" FE="Period_of_iterations" />
        <annoSet ID="6555490" />
      </pattern>
    </FERealization>
    <FERealization total="1">
      <FE name="Purpose" />
      <pattern total="1">
        <valenceUnit GF="Dep" PT="PP[for]" FE="Purpose" />
        <annoSet ID="767144" />
      </pattern>
    </FERealization>
    <FERealization total="11">
      <FE name="Source" />
      <pattern total="6">
        <valenceUnit GF="Dep" PT="PP[from]" FE="Source" />
        <annoSet ID="767058" />
        <annoSet ID="767064" />
        <annoSet ID="767070" />
        <annoSet ID="767106" />
        <annoSet ID="767220" />
        <annoSet ID="6555490" />
      </pattern>
      <pattern total="1">
        <valenceUnit GF="" PT="INI" FE="Source" />
        <annoSet ID="767022" />
      </pattern>
      <pattern total="1">
        <valenceUnit GF="Dep" PT="PP[away]" FE="Source" />
        <annoSet ID="767140" />
      </pattern>
      <pattern total="2">
        <valenceUnit GF="Dep" PT="PP[out]" FE="Source" />
        <annoSet ID="767148" />
        <annoSet ID="767414" />
      </pattern>
      <pattern total="1">
        <valenceUnit GF="Dep" PT="AVP" FE="Source" />
        <annoSet ID="767410" />
      </pattern>
    </FERealization>
    <FERealization total="55">
      <FE name="Theme" />
      <pattern total="13">
        <valenceUnit GF="Ext" PT="NP" FE="Theme" />
        <annoSet ID="767058" />
        <annoSet ID="767144" />
        <annoSet ID="767208" />
        <annoSet ID="767216" />
        <annoSet ID="767218" />
        <annoSet ID="767220" />
        <annoSet ID="767224" />
        <annoSet ID="767226" />
        <annoSet ID="767242" />
        <annoSet ID="767338" />
        <annoSet ID="767418" />
        <annoSet ID="767420" />
        <annoSet ID="6561561" />
      </pattern>
      <pattern total="41">
        <valenceUnit GF="Obj" PT="NP" FE="Theme" />
        <annoSet ID="767016" />
        <annoSet ID="767018" />
        <annoSet ID="767020" />
        <annoSet ID="767022" />
        <annoSet ID="767040" />
        <annoSet ID="767042" />
        <annoSet ID="767046" />
        <annoSet ID="767048" />
        <annoSet ID="767052" />
        <annoSet ID="767054" />
        <annoSet ID="767056" />
        <annoSet ID="767060" />
        <annoSet ID="767064" />
        <annoSet ID="767070" />
        <annoSet ID="767074" />
        <annoSet ID="767082" />
        <annoSet ID="767086" />
        <annoSet ID="767090" />
        <annoSet ID="767092" />
        <annoSet ID="767096" />
        <annoSet ID="767102" />
        <annoSet ID="767106" />
        <annoSet ID="767114" />
        <annoSet ID="767122" />
        <annoSet ID="767132" />
        <annoSet ID="767136" />
        <annoSet ID="767140" />
        <annoSet ID="767148" />
        <annoSet ID="767150" />
        <annoSet ID="767160" />
        <annoSet ID="767192" />
        <annoSet ID="767256" />
        <annoSet ID="767268" />
        <annoSet ID="767278" />
        <annoSet ID="767284" />
        <annoSet ID="767408" />
        <annoSet ID="767410" />
        <annoSet ID="767412" />
        <annoSet ID="767414" />
        <annoSet ID="767416" />
        <annoSet ID="6555490" />
      </pattern>
      <pattern total="1">
        <valenceUnit GF="" PT="DNI" FE="Theme" />
        <annoSet ID="767346" />
      </pattern>
    </FERealization>
    <FEGroupRealization total="1">
      <FE name="Agent" />
      <FE name="Agent" />
      <FE name="Area" />
      <FE name="Theme" />
      <pattern total="1">
        <valenceUnit GF="Ext" PT="NP" FE="Agent" />
        <valenceUnit GF="Ext" PT="NP" FE="Agent" />
        <valenceUnit GF="Dep" PT="PP[about]" FE="Area" />
        <valenceUnit GF="Obj" PT="NP" FE="Theme" />
        <annoSet ID="767042" />
      </pattern>
    </FEGroupRealization>
    <FEGroupRealization total="1">
      <FE name="Agent" />
      <FE name="Agent" />
      <FE name="Constant_location" />
      <FE name="Goal" />
      <FE name="Theme" />
      <pattern total="1">
        <valenceUnit GF="Ext" PT="NP" FE="Agent" />
        <valenceUnit GF="Ext" PT="PP[of]" FE="Agent" />
        <valenceUnit GF="Dep" PT="PP[on]" FE="Constant_location" />
        <valenceUnit GF="Dep" PT="NP" FE="Goal" />
        <valenceUnit GF="Obj" PT="NP" FE="Theme" />
        <annoSet ID="767086" />
      </pattern>
    </FEGroupRealization>
    <FEGroupRealization total="1">
      <FE name="Agent" />
      <FE name="Agent" />
      <FE name="Goal" />
      <FE name="Source" />
      <FE name="Theme" />
      <pattern total="1">
        <valenceUnit GF="Ext" PT="NP" FE="Agent" />
        <valenceUnit GF="Ext" PT="NP" FE="Agent" />
        <valenceUnit GF="Dep" PT="PP[to]" FE="Goal" />
        <valenceUnit GF="Dep" PT="PP[from]" FE="Source" />
        <valenceUnit GF="Obj" PT="NP" FE="Theme" />
        <annoSet ID="767106" />
      </pattern>
    </FEGroupRealization>
    <FEGroupRealization total="1">
      <FE name="Agent" />
      <FE name="Agent" />
      <FE name="Goal" />
      <FE name="Theme" />
      <pattern total="1">
        <valenceUnit GF="Ext" PT="NP" FE="Agent" />
        <valenceUnit GF="Ext" PT="NP" FE="Agent" />
        <valenceUnit GF="Dep" PT="PP[to]" FE="Goal" />
        <valenceUnit GF="Obj" PT="NP" FE="Theme" />
        <annoSet ID="767114" />
      </pattern>
    </FEGroupRealization>
    <FEGroupRealization total="1">
      <FE name="Agent" />
      <FE name="Agent" />
      <FE name="Path" />
      <FE name="Theme" />
      <pattern total="1">
        <valenceUnit GF="Ext" PT="NP" FE="Agent" />
        <valenceUnit GF="Ext" PT="NP" FE="Agent" />
        <valenceUnit GF="Dep" PT="PP[to]" FE="Path" />
        <valenceUnit GF="Obj" PT="NP" FE="Theme" />
        <annoSet ID="767160" />
      </pattern>
    </FEGroupRealization>
    <FEGroupRealization total="1">
      <FE name="Agent" />
      <FE name="Area" />
      <FE name="Constant_location" />
      <FE name="Theme" />
      <pattern total="1">
        <valenceUnit GF="" PT="CNI" FE="Agent" />
        <valenceUnit GF="Dep" PT="PP[around]" FE="Area" />
        <valenceUnit GF="Dep" PT="PP[in]" FE="Constant_location" />
        <valenceUnit GF="Ext" PT="NP" FE="Theme" />
        <annoSet ID="767224" />
      </pattern>
    </FEGroupRealization>
    <FEGroupRealization total="3">
      <FE name="Agent" />
      <FE name="Area" />
      <FE name="Theme" />
      <pattern total="1">
        <valenceUnit GF="" PT="CNI" FE="Agent" />
        <valenceUnit GF="Dep" PT="PP[over]" FE="Area" />
        <valenceUnit GF="Obj" PT="NP" FE="Theme" />
        <annoSet ID="767090" />
      </pattern>
      <pattern total="1">
        <valenceUnit GF="Ext" PT="NP" FE="Agent" />
        <valenceUnit GF="Dep" PT="PP[around]" FE="Area" />
        <valenceUnit GF="Obj" PT="NP" FE="Theme" />
        <annoSet ID="767408" />
      </pattern>
      <pattern total="1">
        <valenceUnit GF="Ext" PT="NP" FE="Agent" />
        <valenceUnit GF="Dep" PT="PP[round]" FE="Area" />
        <valenceUnit GF="Obj" PT="NP" FE="Theme" />
        <annoSet ID="767416" />
      </pattern>
    </FEGroupRealization>
    <FEGroupRealization total="1">
      <FE name="Agent" />
      <FE name="Carrier" />
      <FE name="Path" />
      <FE name="Theme" />
      <pattern total="1">
        <valenceUnit GF="Ext" PT="NP" FE="Agent" />
        <valenceUnit GF="Dep" PT="PP[by]" FE="Carrier" />
        <valenceUnit GF="" PT="INI" FE="Path" />
        <valenceUnit GF="Obj" PT="NP" FE="Theme" />
        <annoSet ID="767056" />
      </pattern>
    </FEGroupRealization>
    <FEGroupRealization total="1">
      <FE name="Agent" />
      <FE name="Constant_location" />
      <FE name="Goal" />
      <FE name="Theme" />
      <pattern total="1">
        <valenceUnit GF="" PT="CNI" FE="Agent" />
        <valenceUnit GF="Dep" PT="PP[in]" FE="Constant_location" />
        <valenceUnit GF="Dep" PT="PP[to]" FE="Goal" />
        <valenceUnit GF="Obj" PT="NP" FE="Theme" />
        <annoSet ID="767278" />
      </pattern>
    </FEGroupRealization>
    <FEGroupRealization total="3">
      <FE name="Agent" />
      <FE name="Constant_location" />
      <FE name="Path" />
      <FE name="Theme" />
      <pattern total="1">
        <valenceUnit GF="" PT="CNI" FE="Agent" />
        <valenceUnit GF="Dep" PT="PP[on]" FE="Constant_location" />
        <valenceUnit GF="" PT="INI" FE="Path" />
        <valenceUnit GF="Ext" PT="NP" FE="Theme" />
        <annoSet ID="767338" />
      </pattern>
      <pattern total="1">
        <valenceUnit GF="Ext" PT="NP" FE="Agent" />
        <valenceUnit GF="Dep" PT="PP[in]" FE="Constant_location" />
        <valenceUnit GF="Dep" PT="PP[across]" FE="Path" />
        <valenceUnit GF="Obj" PT="NP" FE="Theme" />
        <annoSet ID="767052" />
      </pattern>
      <pattern total="1">
        <valenceUnit GF="Ext" PT="NP" FE="Agent" />
        <valenceUnit GF="Dep" PT="PP[on]" FE="Constant_location" />
        <valenceUnit GF="Dep" PT="PP[across]" FE="Path" />
        <valenceUnit GF="Obj" PT="NP" FE="Theme" />
        <annoSet ID="767048" />
      </pattern>
    </FEGroupRealization>
    <FEGroupRealization total="1">
      <FE name="Agent" />
      <FE name="Distance" />
      <FE name="Goal" />
      <FE name="Source" />
      <FE name="Theme" />
      <pattern total="1">
        <valenceUnit GF="" PT="CNI" FE="Agent" />
        <valenceUnit GF="Dep" PT="NP" FE="Distance" />
        <valenceUnit GF="Dep" PT="PP[to]" FE="Goal" />
        <valenceUnit GF="Dep" PT="PP[from]" FE="Source" />
        <valenceUnit GF="Ext" PT="NP" FE="Theme" />
        <annoSet ID="767058" />
      </pattern>
    </FEGroupRealization>
    <FEGroupRealization total="1">
      <FE name="Agent" />
      <FE name="Distance" />
      <FE name="Path" />
      <FE name="Purpose" />
      <FE name="Theme" />
      <pattern total="1">
        <valenceUnit GF="" PT="CNI" FE="Agent" />
        <valenceUnit GF="Dep" PT="NP" FE="Distance" />
        <valenceUnit GF="" PT="INI" FE="Path" />
        <valenceUnit GF="Dep" PT="PP[for]" FE="Purpose" />
        <valenceUnit GF="Ext" PT="NP" FE="Theme" />
        <annoSet ID="767144" />
      </pattern>
    </FEGroupRealization>
    <FEGroupRealization total="1">
      <FE name="Agent" />
      <FE name="Goal" />
      <FE name="Means" />
      <FE name="Theme" />
      <pattern total="1">
        <valenceUnit GF="" PT="CNI" FE="Agent" />
        <valenceUnit GF="Dep" PT="PP[in]" FE="Goal" />
        <valenceUnit GF="Dep" PT="PP[by]" FE="Means" />
        <valenceUnit GF="Ext" PT="NP" FE="Theme" />
        <annoSet ID="767218" />
      </pattern>
    </FEGroupRealization>
    <FEGroupRealization total="4">
      <FE name="Agent" />
      <FE name="Goal" />
      <FE name="Path" />
      <FE name="Theme" />
      <pattern total="1">
        <valenceUnit GF="" PT="CNI" FE="Agent" />
        <valenceUnit GF="Dep" PT="PP[in]" FE="Goal" />
        <valenceUnit GF="Dep" PT="PP[by]" FE="Path" />
        <valenceUnit GF="Ext" PT="NP" FE="Theme" />
        <annoSet ID="767418" />
      </pattern>
      <pattern total="1">
        <valenceUnit GF="" PT="CNI" FE="Agent" />
        <valenceUnit GF="Dep" PT="PP[to]" FE="Goal" />
        <valenceUnit GF="Dep" PT="AVP" FE="Path" />
        <valenceUnit GF="Ext" PT="NP" FE="Theme" />
        <annoSet ID="6561561" />
      </pattern>
      <pattern total="1">
        <valenceUnit GF="" PT="CNI" FE="Agent" />
        <valenceUnit GF="Dep" PT="PP[to]" FE="Goal" />
        <valenceUnit GF="Dep" PT="PP[on]" FE="Path" />
        <valenceUnit GF="Ext" PT="NP" FE="Theme" />
        <annoSet ID="767420" />
      </pattern>
      <pattern total="1">
        <valenceUnit GF="Ext" PT="NP" FE="Agent" />
        <valenceUnit GF="Dep" PT="PP[to]" FE="Goal" />
        <valenceUnit GF="Dep" PT="AVP" FE="Path" />
        <valenceUnit GF="Obj" PT="NP" FE="Theme" />
        <annoSet ID="767096" />
      </pattern>
    </FEGroupRealization>
    <FEGroupRealization total="12">
      <FE name="Agent" />
      <FE name="Goal" />
      <FE name="Theme" />
      <pattern total="2">
        <valenceUnit GF="" PT="CNI" FE="Agent" />
        <valenceUnit GF="Dep" PT="AVP" FE="Goal" />
        <valenceUnit GF="Ext" PT="NP" FE="Theme" />
        <annoSet ID="767216" />
        <annoSet ID="767226" />
      </pattern>
      <pattern total="1">
        <valenceUnit GF="" PT="CNI" FE="Agent" />
        <valenceUnit GF="Dep" PT="PP[into]" FE="Goal" />
        <valenceUnit GF="Obj" PT="NP" FE="Theme" />
        <annoSet ID="767082" />
      </pattern>
      <pattern total="1">
        <valenceUnit GF="" PT="CNI" FE="Agent" />
        <valenceUnit GF="Dep" PT="PP[to]" FE="Goal" />
        <valenceUnit GF="Ext" PT="NP" FE="Theme" />
        <annoSet ID="767242" />
      </pattern>
      <pattern total="1">
        <valenceUnit GF="Ext" PT="NP" FE="Agent" />
        <valenceUnit GF="Dep" PT="AVP" FE="Goal" />
        <valenceUnit GF="Obj" PT="NP" FE="Theme" />
        <annoSet ID="767412" />
      </pattern>
      <pattern total="5">
        <valenceUnit GF="Ext" PT="NP" FE="Agent" />
        <valenceUnit GF="Dep" PT="PP[to]" FE="Goal" />
        <valenceUnit GF="Obj" PT="NP" FE="Theme" />
        <annoSet ID="767102" />
        <annoSet ID="767132" />
        <annoSet ID="767256" />
        <annoSet ID="767268" />
        <annoSet ID="767284" />
      </pattern>
      <pattern total="1">
        <valenceUnit GF="Ext" PT="NP" FE="Agent" />
        <valenceUnit GF="Dep" PT="PP[up]" FE="Goal" />
        <valenceUnit GF="Obj" PT="NP" FE="Theme" />
        <annoSet ID="767150" />
      </pattern>
      <pattern total="1">
        <valenceUnit GF="Dep" PT="PP[by]" FE="Agent" />
        <valenceUnit GF="Dep" PT="PP[to]" FE="Goal" />
        <valenceUnit GF="Ext" PT="NP" FE="Theme" />
        <annoSet ID="767208" />
      </pattern>
    </FEGroupRealization>
    <FEGroupRealization total="7">
      <FE name="Agent" />
      <FE name="Path" />
      <FE name="Theme" />
      <pattern total="1">
        <valenceUnit GF="Ext" PT="NP" FE="Agent" />
        <valenceUnit GF="" PT="INI" FE="Path" />
        <valenceUnit GF="Obj" PT="NP" FE="Theme" />
        <annoSet ID="767020" />
      </pattern>
      <pattern total="2">
        <valenceUnit GF="Ext" PT="NP" FE="Agent" />
        <valenceUnit GF="Dep" PT="PP[across]" FE="Path" />
        <valenceUnit GF="Obj" PT="NP" FE="Theme" />
        <annoSet ID="767046" />
        <annoSet ID="767054" />
      </pattern>
      <pattern total="2">
        <valenceUnit GF="Ext" PT="NP" FE="Agent" />
        <valenceUnit GF="Dep" PT="PP[from]" FE="Path" />
        <valenceUnit GF="Obj" PT="NP" FE="Theme" />
        <annoSet ID="767060" />
        <annoSet ID="767074" />
      </pattern>
      <pattern total="1">
        <valenceUnit GF="Ext" PT="NP" FE="Agent" />
        <valenceUnit GF="Dep" PT="PP[to]" FE="Path" />
        <valenceUnit GF="Obj" PT="NP" FE="Theme" />
        <annoSet ID="767040" />
      </pattern>
      <pattern total="1">
        <valenceUnit GF="Ext" PT="NP" FE="Agent" />
        <valenceUnit GF="Dep" PT="PP[up]" FE="Path" />
        <valenceUnit GF="Obj" PT="NP" FE="Theme" />
        <annoSet ID="767136" />
      </pattern>
    </FEGroupRealization>
    <FEGroupRealization total="5">
      <FE name="Agent" />
      <FE name="Source" />
      <FE name="Theme" />
      <pattern total="1">
        <valenceUnit GF="" PT="CNI" FE="Agent" />
        <valenceUnit GF="Dep" PT="PP[from]" FE="Source" />
        <valenceUnit GF="Ext" PT="NP" FE="Theme" />
        <annoSet ID="767220" />
      </pattern>
      <pattern total="1">
        <valenceUnit GF="Ext" PT="NP" FE="Agent" />
        <valenceUnit GF="" PT="INI" FE="Source" />
        <valenceUnit GF="Obj" PT="NP" FE="Theme" />
        <annoSet ID="767022" />
      </pattern>
      <pattern total="1">
        <valenceUnit GF="Ext" PT="NP" FE="Agent" />
        <valenceUnit GF="Dep" PT="PP[away]" FE="Source" />
        <valenceUnit GF="Obj" PT="NP" FE="Theme" />
        <annoSet ID="767140" />
      </pattern>
      <pattern total="1">
        <valenceUnit GF="Ext" PT="NP" FE="Agent" />
        <valenceUnit GF="Dep" PT="PP[from]" FE="Source" />
        <valenceUnit GF="Obj" PT="NP" FE="Theme" />
        <annoSet ID="767070" />
      </pattern>
      <pattern total="1">
        <valenceUnit GF="Ext" PT="NP" FE="Agent" />
        <valenceUnit GF="Dep" PT="PP[out]" FE="Source" />
        <valenceUnit GF="Obj" PT="NP" FE="Theme" />
        <annoSet ID="767148" />
      </pattern>
    </FEGroupRealization>
    <FEGroupRealization total="1">
      <FE name="Area" />
      <FE name="Carrier" />
      <FE name="Theme" />
      <pattern total="1">
        <valenceUnit GF="Dep" PT="AVP" FE="Area" />
        <valenceUnit GF="Ext" PT="NP" FE="Carrier" />
        <valenceUnit GF="Obj" PT="NP" FE="Theme" />
        <annoSet ID="767018" />
      </pattern>
    </FEGroupRealization>
    <FEGroupRealization total="1">
      <FE name="Carrier" />
      <FE name="Carrier" />
      <FE name="Goal" />
      <FE name="Path" />
      <FE name="Theme" />
      <pattern total="1">
        <valenceUnit GF="Ext" PT="NP" FE="Carrier" />
        <valenceUnit GF="Ext" PT="NP" FE="Carrier" />
        <valenceUnit GF="Dep" PT="PP[into]" FE="Goal" />
        <valenceUnit GF="Dep" PT="PP[through]" FE="Path" />
        <valenceUnit GF="Obj" PT="NP" FE="Theme" />
        <annoSet ID="767092" />
      </pattern>
    </FEGroupRealization>
    <FEGroupRealization total="1">
      <FE name="Carrier" />
      <FE name="Goal" />
      <FE name="Goal" />
      <FE name="Theme" />
      <pattern total="1">
        <valenceUnit GF="Ext" PT="NP" FE="Carrier" />
        <valenceUnit GF="Dep" PT="AVP" FE="Goal" />
        <valenceUnit GF="Dep" PT="AVP" FE="Goal" />
        <valenceUnit GF="Obj" PT="NP" FE="Theme" />
        <annoSet ID="767192" />
      </pattern>
    </FEGroupRealization>
    <FEGroupRealization total="1">
      <FE name="Carrier" />
      <FE name="Goal" />
      <FE name="Source" />
      <FE name="Theme" />
      <pattern total="1">
        <valenceUnit GF="Ext" PT="NP" FE="Carrier" />
        <valenceUnit GF="Dep" PT="PP[to]" FE="Goal" />
        <valenceUnit GF="Dep" PT="PP[from]" FE="Source" />
        <valenceUnit GF="Obj" PT="NP" FE="Theme" />
        <annoSet ID="767064" />
      </pattern>
    </FEGroupRealization>
    <FEGroupRealization total="1">
      <FE name="Carrier" />
      <FE name="Goal" />
      <FE name="Theme" />
      <pattern total="1">
        <valenceUnit GF="Ext" PT="NP" FE="Carrier" />
        <valenceUnit GF="Dep" PT="PP[to]" FE="Goal" />
        <valenceUnit GF="Obj" PT="NP" FE="Theme" />
        <annoSet ID="767122" />
      </pattern>
    </FEGroupRealization>
    <FEGroupRealization total="1">
      <FE name="Carrier" />
      <FE name="Path" />
      <FE name="Path" />
      <FE name="Period_of_iterations" />
      <FE name="Period_of_iterations" />
      <FE name="Source" />
      <FE name="Theme" />
      <pattern total="1">
        <valenceUnit GF="Ext" PT="NP" FE="Carrier" />
        <valenceUnit GF="Dep" PT="AVP" FE="Path" />
        <valenceUnit GF="Dep" PT="AVP" FE="Path" />
        <valenceUnit GF="Dep" PT="PP[from]" FE="Period_of_iterations" />
        <valenceUnit GF="Dep" PT="PP[from]" FE="Period_of_iterations" />
        <valenceUnit GF="Dep" PT="PP[from]" FE="Source" />
        <valenceUnit GF="Obj" PT="NP" FE="Theme" />
        <annoSet ID="6555490" />
      </pattern>
    </FEGroupRealization>
    <FEGroupRealization total="1">
      <FE name="Carrier" />
      <FE name="Path" />
      <FE name="Path" />
      <FE name="Theme" />
      <pattern total="1">
        <valenceUnit GF="Ext" PT="NP" FE="Carrier" />
        <valenceUnit GF="Obj" PT="NP" FE="Path" />
        <valenceUnit GF="Dep" PT="PP[through]" FE="Path" />
        <valenceUnit GF="" PT="DNI" FE="Theme" />
        <annoSet ID="767346" />
      </pattern>
    </FEGroupRealization>
    <FEGroupRealization total="1">
      <FE name="Carrier" />
      <FE name="Path" />
      <FE name="Theme" />
      <pattern total="1">
        <valenceUnit GF="Ext" PT="NP" FE="Carrier" />
        <valenceUnit GF="Dep" PT="PP[along]" FE="Path" />
        <valenceUnit GF="Obj" PT="NP" FE="Theme" />
        <annoSet ID="767016" />
      </pattern>
    </FEGroupRealization>
    <FEGroupRealization total="2">
      <FE name="Carrier" />
      <FE name="Source" />
      <FE name="Theme" />
      <pattern total="1">
        <valenceUnit GF="Ext" PT="NP" FE="Carrier" />
        <valenceUnit GF="Dep" PT="AVP" FE="Source" />
        <valenceUnit GF="Obj" PT="NP" FE="Theme" />
        <annoSet ID="767410" />
      </pattern>
      <pattern total="1">
        <valenceUnit GF="Ext" PT="NP" FE="Carrier" />
        <valenceUnit GF="Dep" PT="PP[out]" FE="Source" />
        <valenceUnit GF="Obj" PT="NP" FE="Theme" />
        <annoSet ID="767414" />
      </pattern>
    </FEGroupRealization>
  </valences>
  <subCorpus name="V-augmented">
    <sentence sentNo="0" ID="1405052n">
      <text>Then them are ferried long distances to toil on remote plantations where they are held prisoner and compelled to work at gunpoint .</text>
      <annotationSet cDate="08/08/2025 07:59:32 PST Fri" status="AUGMENTED" ID="0">
        <layer name="FE" rank="1">
          <label cBy="auto-aug" feID="2121" start="5" end="8" name="Theme" />
          <label cBy="auto-aug" feID="2126" start="22" end="35" name="Distance" />
          <label cBy="auto-aug" feID="4850" start="37" end="128" name="Purpose" />
        </layer>
        <layer name="Target" rank="1">
          <label cBy="auto-aug" start="14" end="20" name="Target" />
        </layer>
      </annotationSet>
    </sentence>
    <sentence sentNo="0" ID="708226n">
      <text>It is interesting to observe that although there were no roads along the valley bottoms to Keswick which were usable by carts , it was quite possible to ferry people across the river . </text>
      <annotationSet cDate="08/08/2025 07:59:32 PST Fri" status="AUGMENTED" ID="0">
        <layer name="FE" rank="1">
          <label cBy="auto-aug" feID="2121" start="159" end="164" name="Theme" />
          <label cBy="auto-aug" feID="2118" start="166" end="181" name="Goal" />
        </layer>
        <layer name="Target" rank="1">
          <label cBy="auto-aug" start="153" end="157" name="Target" />
        </layer>
      </annotationSet>
    </sentence>
    <sentence sentNo="0" ID="1406204n">
      <text>Each night ferries depart from over 130 major market areas , ferrying goods across the river .</text>
      <annotationSet cDate="08/08/2025 07:59:32 PST Fri" status="AUGMENTED" ID="0">
        <layer name="FE" rank="1">
          <label cBy="auto-aug" feID="5454" start="0" end="9" name="Time" />
          <label cBy="auto-aug" feID="4863" start="11" end="17" name="Carrier" />
          <label cBy="auto-aug" feID="2121" start="70" end="74" name="Theme" />
          <label cBy="auto-aug" feID="2118" start="76" end="91" name="Goal" />
        </layer>
        <layer name="Target" rank="1">
          <label cBy="auto-aug" start="61" end="68" name="Target" />
        </layer>
      </annotationSet>
    </sentence>
    <sentence sentNo="0" ID="708251n">
      <text>the materials are ferried from the construction site to help form a containing mound for a pond at the other end . </text>
      <annotationSet cDate="08/08/2025 07:59:32 PST Fri" status="AUGMENTED" ID="0">
        <layer name="FE" rank="1">
          <label cBy="auto-aug" feID="2121" start="0" end="12" name="Theme" />
          <label cBy="auto-aug" feID="2119" start="26" end="51" name="Source" />
        </layer>
        <layer name="Target" rank="1">
          <label cBy="auto-aug" start="18" end="24" name="Target" />
        </layer>
      </annotationSet>
    </sentence>
    <sentence sentNo="0" ID="708000n">
      <text>Towards the of his days , when he could no longer walk , him was ferried in a chair across the yard . </text>
      <annotationSet cDate="08/08/2025 07:59:32 PST Fri" status="AUGMENTED" ID="0">
        <layer name="FE" rank="1">
          <label cBy="auto-aug" feID="2121" start="57" end="59" name="Theme" />
          <label cBy="auto-aug" feID="2122" start="73" end="82" name="Constant_location" />
          <label cBy="auto-aug" feID="2118" start="84" end="98" name="Goal" />
        </layer>
        <layer name="Target" rank="1">
          <label cBy="auto-aug" start="65" end="71" name="Target" />
        </layer>
      </annotationSet>
    </sentence>
    <sentence sentNo="0" ID="1406210n">
      <text>Gently , Valence ferried the passengers to the island across the water safely .</text>
      <annotationSet cDate="08/08/2025 07:59:32 PST Fri" status="AUGMENTED" ID="0">
        <layer name="FE" rank="1">
          <label cBy="auto-aug" feID="2127" start="0" end="5" name="Manner" />
          <label cBy="auto-aug" feID="2117" start="9" end="15" name="Agent" />
          <label cBy="auto-aug" feID="2121" start="25" end="38" name="Theme" />
          <label cBy="auto-aug" feID="2118" start="40" end="52" name="Goal" />
          <label cBy="auto-aug" feID="2120" start="54" end="69" name="Path" />
          <label cBy="auto-aug" feID="2118" start="71" end="76" name="Goal" />
        </layer>
        <layer name="Target" rank="1">
          <label cBy="auto-aug" start="17" end="23" name="Target" />
        </layer>
      </annotationSet>
    </sentence>
  </subCorpus>
</lexUnit>