<?xml version='1.0' encoding='UTF-8'?>
<lexUnit xmlns="http://framenet.icsi.berkeley.edu" xmlns:xsi="http://www.w3.org/2001/XMLSchema-instance" status="Finished_Initial" POS="V" name="transport.v" ID="8731" frame="Bringing" frameID="240" totalAnnotated="34" xsi:schemaLocation="../schema/lexUnit.xsd">
  <header>
    <corpus description="BNC2" name="BNC2" ID="111">
      <document description="bncp" name="bncp" ID="421" />
    </corpus>
    <corpus description="Texts from Nuclear Threat Initiative website, created by Center for Non-Proliferation Studies" name="NTI" ID="135">
      <document description="Iran Chemical" name="Iran_Chemical" ID="23514" />
      <document description="WMD News 04/21/2006" name="WMDNews_042106" ID="23605" />
      <document description="WMD News 06/26/2006" name="WMDNews_062606" ID="23621" />
    </corpus>
    <corpus description="American National Corpus Texts" name="ANC" ID="195">
      <document description="Berlitz History of Jerusalem" name="HistoryOfJerusalem" ID="23647" />
      <document description="Berlitz Where to Go in Hong Kong" name="WhereToHongKong" ID="23771" />
    </corpus>
    <corpus description="Texts from WikiMedia--WikiNews and Wikipedia" name="WikiTexts" ID="246">
      <document description="Fires_6" name="Fires_6" ID="25621" />
    </corpus>
    <frame>
      <FE fgColor="FFFFFF" bgColor="FF0000" type="Core" abbrev="Agt" name="Agent" />
      <FE fgColor="FFFFFF" bgColor="808080" type="Core" abbrev="Area" name="Area" />
      <FE fgColor="000000" bgColor="EEE8AA" type="Extra-Thematic" abbrev="" name="Beneficiary" />
      <FE fgColor="FFFFFF" bgColor="9F79EE" type="Core" abbrev="Car" name="Carrier" />
      <FE fgColor="000000" bgColor="FFFF00" type="Extra-Thematic" abbrev="co-p" name="Co-participant" />
      <FE fgColor="FFFFFF" bgColor="800080" type="Peripheral" abbrev="CL" name="Constant_location" />
      <FE fgColor="000000" bgColor="7CCD73" type="Extra-Thematic" abbrev="" name="Degree" />
      <FE fgColor="FFFFFF" bgColor="9400D3" type="Extra-Thematic" abbrev="Dep" name="Depictive" />
      <FE fgColor="FFFFFF" bgColor="1E90FF" type="Peripheral" abbrev="Dist" name="Distance" />
      <FE fgColor="000000" bgColor="7FFF00" type="Extra-Thematic" abbrev="" name="Duration" />
      <FE fgColor="FFFFFF" bgColor="90876C" type="Extra-Thematic" abbrev="" name="Explanation" />
      <FE fgColor="FFFFFF" bgColor="2E8B57" type="Extra-Thematic" abbrev="" name="Frequency" />
      <FE fgColor="FFFFFF" bgColor="A52A2A" type="Core" abbrev="goa" name="Goal" />
      <FE fgColor="FFFFFF" bgColor="FF00FF" type="Peripheral" abbrev="Manr" name="Manner" />
      <FE fgColor="FFFFFF" bgColor="FF69B4" type="Peripheral" abbrev="Mns" name="Means" />
      <FE fgColor="000000" bgColor="90876C" type="Extra-Thematic" abbrev="" name="Particular_iteration" />
      <FE fgColor="FFFFFF" bgColor="FFA500" type="Core" abbrev="Path" name="Path" />
      <FE fgColor="FFFFFF" bgColor="7CCD7C" type="Extra-Thematic" abbrev="" name="Period_of_iterations" />
      <FE fgColor="FFFFFF" bgColor="008000" type="Peripheral" abbrev="Place" name="Place" />
      <FE fgColor="FFFFFF" bgColor="00BFFF" type="Peripheral" abbrev="Pps" name="Purpose" />
      <FE fgColor="FFFFFF" bgColor="008000" type="Core" abbrev="sou" name="Source" />
      <FE fgColor="FFFFFF" bgColor="00008B" type="Peripheral" abbrev="" name="Speed" />
      <FE fgColor="FFFFFF" bgColor="0000FF" type="Core" abbrev="Theme" name="Theme" />
      <FE fgColor="FFFFFF" bgColor="FFA500" type="Peripheral" abbrev="Time" name="Time" />
    </frame>
  </header>
  <definition>COD: take or carry from one place to another by means of a vehicle, aircraft, or ship.</definition>
  <lexeme POS="V" name="transport" />
  <valences>
    <FERealization total="11">
      <FE name="Agent" />
      <pattern total="4">
        <valenceUnit GF="" PT="CNI" FE="Agent" />
        <annoSet ID="2256647" />
        <annoSet ID="2256811" />
        <annoSet ID="6556100" />
        <annoSet ID="6669658" />
      </pattern>
      <pattern total="6">
        <valenceUnit GF="Ext" PT="NP" FE="Agent" />
        <annoSet ID="2256625" />
        <annoSet ID="2256733" />
        <annoSet ID="2256775" />
        <annoSet ID="2256843" />
        <annoSet ID="2256897" />
        <annoSet ID="6535782" />
      </pattern>
      <pattern total="1">
        <valenceUnit GF="Dep" PT="PP[by]" FE="Agent" />
        <annoSet ID="2256609" />
      </pattern>
    </FERealization>
    <FERealization total="4">
      <FE name="Area" />
      <pattern total="4">
        <valenceUnit GF="Dep" PT="PP[across]" FE="Area" />
        <annoSet ID="2256723" />
        <annoSet ID="2256749" />
        <annoSet ID="2256757" />
        <annoSet ID="2256775" />
      </pattern>
    </FERealization>
    <FERealization total="22">
      <FE name="Carrier" />
      <pattern total="15">
        <valenceUnit GF="" PT="CNI" FE="Carrier" />
        <annoSet ID="2256583" />
        <annoSet ID="2256605" />
        <annoSet ID="2256619" />
        <annoSet ID="2256637" />
        <annoSet ID="2256673" />
        <annoSet ID="2256683" />
        <annoSet ID="2256705" />
        <annoSet ID="2256723" />
        <annoSet ID="2256749" />
        <annoSet ID="2256815" />
        <annoSet ID="2256849" />
        <annoSet ID="2256961" />
        <annoSet ID="2257047" />
        <annoSet ID="2257059" />
        <annoSet ID="6537293" />
      </pattern>
      <pattern total="7">
        <valenceUnit GF="Ext" PT="NP" FE="Carrier" />
        <annoSet ID="2256567" />
        <annoSet ID="2256573" />
        <annoSet ID="2256621" />
        <annoSet ID="2256757" />
        <annoSet ID="2256813" />
        <annoSet ID="2256875" />
        <annoSet ID="6524132" />
      </pattern>
    </FERealization>
    <FERealization total="7">
      <FE name="Constant_location" />
      <pattern total="3">
        <valenceUnit GF="Dep" PT="PP[on]" FE="Constant_location" />
        <annoSet ID="2256647" />
        <annoSet ID="2256811" />
        <annoSet ID="6539154" />
      </pattern>
      <pattern total="4">
        <valenceUnit GF="Dep" PT="PP[in]" FE="Constant_location" />
        <annoSet ID="2256625" />
        <annoSet ID="2256637" />
        <annoSet ID="2257047" />
        <annoSet ID="2257059" />
      </pattern>
    </FERealization>
    <FERealization total="1">
      <FE name="Depictive" />
      <pattern total="1">
        <valenceUnit GF="Dep" PT="VPed" FE="Depictive" />
        <annoSet ID="2256749" />
      </pattern>
    </FERealization>
    <FERealization total="29">
      <FE name="Goal" />
      <pattern total="10">
        <valenceUnit GF="" PT="INI" FE="Goal" />
        <annoSet ID="2256625" />
        <annoSet ID="2256637" />
        <annoSet ID="2256647" />
        <annoSet ID="2256673" />
        <annoSet ID="2256811" />
        <annoSet ID="2256843" />
        <annoSet ID="2256961" />
        <annoSet ID="2257059" />
        <annoSet ID="6535782" />
        <annoSet ID="6556100" />
      </pattern>
      <pattern total="17">
        <valenceUnit GF="Dep" PT="PP[to]" FE="Goal" />
        <annoSet ID="2256567" />
        <annoSet ID="2256573" />
        <annoSet ID="2256583" />
        <annoSet ID="2256605" />
        <annoSet ID="2256609" />
        <annoSet ID="2256619" />
        <annoSet ID="2256621" />
        <annoSet ID="2256683" />
        <annoSet ID="2256733" />
        <annoSet ID="2256757" />
        <annoSet ID="2256813" />
        <annoSet ID="2256815" />
        <annoSet ID="2256849" />
        <annoSet ID="2256875" />
        <annoSet ID="2256897" />
        <annoSet ID="2257047" />
        <annoSet ID="6669658" />
      </pattern>
      <pattern total="1">
        <valenceUnit GF="Dep" PT="AVP" FE="Goal" />
        <annoSet ID="2256705" />
      </pattern>
      <pattern total="1">
        <valenceUnit GF="Dep" PT="NP" FE="Goal" />
        <annoSet ID="6539154" />
      </pattern>
    </FERealization>
    <FERealization total="3">
      <FE name="Manner" />
      <pattern total="3">
        <valenceUnit GF="Dep" PT="AVP" FE="Manner" />
        <annoSet ID="2256733" />
        <annoSet ID="2256775" />
        <annoSet ID="2256815" />
      </pattern>
    </FERealization>
    <FERealization total="5">
      <FE name="Path" />
      <pattern total="1">
        <valenceUnit GF="Dep" PT="AVP" FE="Path" />
        <annoSet ID="2256757" />
      </pattern>
      <pattern total="2">
        <valenceUnit GF="Dep" PT="PP[by]" FE="Path" />
        <annoSet ID="2256673" />
        <annoSet ID="2256683" />
      </pattern>
      <pattern total="1">
        <valenceUnit GF="Dep" PT="PP[across]" FE="Path" />
        <annoSet ID="6537293" />
      </pattern>
      <pattern total="1">
        <valenceUnit GF="" PT="INI" FE="Path" />
        <annoSet ID="6524132" />
      </pattern>
    </FERealization>
    <FERealization total="5">
      <FE name="Purpose" />
      <pattern total="3">
        <valenceUnit GF="Dep" PT="PP[for]" FE="Purpose" />
        <annoSet ID="2256705" />
        <annoSet ID="2256723" />
        <annoSet ID="2256733" />
      </pattern>
      <pattern total="2">
        <valenceUnit GF="Dep" PT="VPto" FE="Purpose" />
        <annoSet ID="2256605" />
        <annoSet ID="2256961" />
      </pattern>
    </FERealization>
    <FERealization total="3">
      <FE name="Source" />
      <pattern total="3">
        <valenceUnit GF="Dep" PT="PP[from]" FE="Source" />
        <annoSet ID="2256583" />
        <annoSet ID="2257047" />
        <annoSet ID="6539154" />
      </pattern>
    </FERealization>
    <FERealization total="34">
      <FE name="Theme" />
      <pattern total="20">
        <valenceUnit GF="Ext" PT="NP" FE="Theme" />
        <annoSet ID="2256583" />
        <annoSet ID="2256605" />
        <annoSet ID="2256609" />
        <annoSet ID="2256619" />
        <annoSet ID="2256637" />
        <annoSet ID="2256647" />
        <annoSet ID="2256673" />
        <annoSet ID="2256683" />
        <annoSet ID="2256705" />
        <annoSet ID="2256723" />
        <annoSet ID="2256749" />
        <annoSet ID="2256811" />
        <annoSet ID="2256815" />
        <annoSet ID="2256849" />
        <annoSet ID="2256961" />
        <annoSet ID="2257047" />
        <annoSet ID="2257059" />
        <annoSet ID="6537293" />
        <annoSet ID="6539154" />
        <annoSet ID="6669658" />
      </pattern>
      <pattern total="14">
        <valenceUnit GF="Obj" PT="NP" FE="Theme" />
        <annoSet ID="2256567" />
        <annoSet ID="2256573" />
        <annoSet ID="2256621" />
        <annoSet ID="2256625" />
        <annoSet ID="2256733" />
        <annoSet ID="2256757" />
        <annoSet ID="2256775" />
        <annoSet ID="2256813" />
        <annoSet ID="2256843" />
        <annoSet ID="2256875" />
        <annoSet ID="2256897" />
        <annoSet ID="6524132" />
        <annoSet ID="6535782" />
        <annoSet ID="6556100" />
      </pattern>
    </FERealization>
    <FERealization total="6">
      <FE name="Time" />
      <pattern total="4">
        <valenceUnit GF="Dep" PT="NP" FE="Time" />
        <annoSet ID="2256609" />
        <annoSet ID="2256723" />
        <annoSet ID="2256757" />
        <annoSet ID="2256815" />
      </pattern>
      <pattern total="2">
        <valenceUnit GF="Dep" PT="AVP" FE="Time" />
        <annoSet ID="2256849" />
        <annoSet ID="2257047" />
      </pattern>
    </FERealization>
    <FEGroupRealization total="1">
      <FE name="Agent" />
      <FE name="Agent" />
      <FE name="Goal" />
      <FE name="Manner" />
      <FE name="Purpose" />
      <FE name="Theme" />
      <pattern total="1">
        <valenceUnit GF="Ext" PT="NP" FE="Agent" />
        <valenceUnit GF="Ext" PT="NP" FE="Agent" />
        <valenceUnit GF="Dep" PT="PP[to]" FE="Goal" />
        <valenceUnit GF="Dep" PT="AVP" FE="Manner" />
        <valenceUnit GF="Dep" PT="PP[for]" FE="Purpose" />
        <valenceUnit GF="Obj" PT="NP" FE="Theme" />
        <annoSet ID="2256733" />
      </pattern>
    </FEGroupRealization>
    <FEGroupRealization total="1">
      <FE name="Agent" />
      <FE name="Area" />
      <FE name="Manner" />
      <FE name="Theme" />
      <pattern total="1">
        <valenceUnit GF="Ext" PT="NP" FE="Agent" />
        <valenceUnit GF="Dep" PT="PP[across]" FE="Area" />
        <valenceUnit GF="Dep" PT="AVP" FE="Manner" />
        <valenceUnit GF="Obj" PT="NP" FE="Theme" />
        <annoSet ID="2256775" />
      </pattern>
    </FEGroupRealization>
    <FEGroupRealization total="3">
      <FE name="Agent" />
      <FE name="Constant_location" />
      <FE name="Goal" />
      <FE name="Theme" />
      <pattern total="2">
        <valenceUnit GF="" PT="CNI" FE="Agent" />
        <valenceUnit GF="Dep" PT="PP[on]" FE="Constant_location" />
        <valenceUnit GF="" PT="INI" FE="Goal" />
        <valenceUnit GF="Ext" PT="NP" FE="Theme" />
        <annoSet ID="2256647" />
        <annoSet ID="2256811" />
      </pattern>
      <pattern total="1">
        <valenceUnit GF="Ext" PT="NP" FE="Agent" />
        <valenceUnit GF="Dep" PT="PP[in]" FE="Constant_location" />
        <valenceUnit GF="" PT="INI" FE="Goal" />
        <valenceUnit GF="Obj" PT="NP" FE="Theme" />
        <annoSet ID="2256625" />
      </pattern>
    </FEGroupRealization>
    <FEGroupRealization total="5">
      <FE name="Agent" />
      <FE name="Goal" />
      <FE name="Theme" />
      <pattern total="1">
        <valenceUnit GF="" PT="CNI" FE="Agent" />
        <valenceUnit GF="" PT="INI" FE="Goal" />
        <valenceUnit GF="Obj" PT="NP" FE="Theme" />
        <annoSet ID="6556100" />
      </pattern>
      <pattern total="1">
        <valenceUnit GF="" PT="CNI" FE="Agent" />
        <valenceUnit GF="Dep" PT="PP[to]" FE="Goal" />
        <valenceUnit GF="Ext" PT="NP" FE="Theme" />
        <annoSet ID="6669658" />
      </pattern>
      <pattern total="2">
        <valenceUnit GF="Ext" PT="NP" FE="Agent" />
        <valenceUnit GF="" PT="INI" FE="Goal" />
        <valenceUnit GF="Obj" PT="NP" FE="Theme" />
        <annoSet ID="2256843" />
        <annoSet ID="6535782" />
      </pattern>
      <pattern total="1">
        <valenceUnit GF="Ext" PT="NP" FE="Agent" />
        <valenceUnit GF="Dep" PT="PP[to]" FE="Goal" />
        <valenceUnit GF="Obj" PT="NP" FE="Theme" />
        <annoSet ID="2256897" />
      </pattern>
    </FEGroupRealization>
    <FEGroupRealization total="1">
      <FE name="Agent" />
      <FE name="Goal" />
      <FE name="Theme" />
      <FE name="Time" />
      <pattern total="1">
        <valenceUnit GF="Dep" PT="PP[by]" FE="Agent" />
        <valenceUnit GF="Dep" PT="PP[to]" FE="Goal" />
        <valenceUnit GF="Ext" PT="NP" FE="Theme" />
        <valenceUnit GF="Dep" PT="NP" FE="Time" />
        <annoSet ID="2256609" />
      </pattern>
    </FEGroupRealization>
    <FEGroupRealization total="1">
      <FE name="Area" />
      <FE name="Carrier" />
      <FE name="Depictive" />
      <FE name="Theme" />
      <pattern total="1">
        <valenceUnit GF="Dep" PT="PP[across]" FE="Area" />
        <valenceUnit GF="" PT="CNI" FE="Carrier" />
        <valenceUnit GF="Dep" PT="VPed" FE="Depictive" />
        <valenceUnit GF="Ext" PT="NP" FE="Theme" />
        <annoSet ID="2256749" />
      </pattern>
    </FEGroupRealization>
    <FEGroupRealization total="1">
      <FE name="Area" />
      <FE name="Carrier" />
      <FE name="Goal" />
      <FE name="Path" />
      <FE name="Theme" />
      <FE name="Time" />
      <pattern total="1">
        <valenceUnit GF="Dep" PT="PP[across]" FE="Area" />
        <valenceUnit GF="Ext" PT="NP" FE="Carrier" />
        <valenceUnit GF="Dep" PT="PP[to]" FE="Goal" />
        <valenceUnit GF="Dep" PT="AVP" FE="Path" />
        <valenceUnit GF="Obj" PT="NP" FE="Theme" />
        <valenceUnit GF="Dep" PT="NP" FE="Time" />
        <annoSet ID="2256757" />
      </pattern>
    </FEGroupRealization>
    <FEGroupRealization total="1">
      <FE name="Area" />
      <FE name="Carrier" />
      <FE name="Purpose" />
      <FE name="Theme" />
      <FE name="Time" />
      <pattern total="1">
        <valenceUnit GF="Dep" PT="PP[across]" FE="Area" />
        <valenceUnit GF="" PT="CNI" FE="Carrier" />
        <valenceUnit GF="Dep" PT="PP[for]" FE="Purpose" />
        <valenceUnit GF="Ext" PT="NP" FE="Theme" />
        <valenceUnit GF="Dep" PT="NP" FE="Time" />
        <annoSet ID="2256723" />
      </pattern>
    </FEGroupRealization>
    <FEGroupRealization total="1">
      <FE name="Carrier" />
      <FE name="Carrier" />
      <FE name="Goal" />
      <FE name="Theme" />
      <pattern total="1">
        <valenceUnit GF="Ext" PT="NP" FE="Carrier" />
        <valenceUnit GF="Ext" PT="NP" FE="Carrier" />
        <valenceUnit GF="Dep" PT="PP[to]" FE="Goal" />
        <valenceUnit GF="Obj" PT="NP" FE="Theme" />
        <annoSet ID="2256621" />
      </pattern>
    </FEGroupRealization>
    <FEGroupRealization total="1">
      <FE name="Carrier" />
      <FE name="Constant_location" />
      <FE name="Goal" />
      <FE name="Source" />
      <FE name="Theme" />
      <FE name="Time" />
      <pattern total="1">
        <valenceUnit GF="" PT="CNI" FE="Carrier" />
        <valenceUnit GF="Dep" PT="PP[in]" FE="Constant_location" />
        <valenceUnit GF="Dep" PT="PP[to]" FE="Goal" />
        <valenceUnit GF="Dep" PT="PP[from]" FE="Source" />
        <valenceUnit GF="Ext" PT="NP" FE="Theme" />
        <valenceUnit GF="Dep" PT="AVP" FE="Time" />
        <annoSet ID="2257047" />
      </pattern>
    </FEGroupRealization>
    <FEGroupRealization total="2">
      <FE name="Carrier" />
      <FE name="Constant_location" />
      <FE name="Goal" />
      <FE name="Theme" />
      <pattern total="2">
        <valenceUnit GF="" PT="CNI" FE="Carrier" />
        <valenceUnit GF="Dep" PT="PP[in]" FE="Constant_location" />
        <valenceUnit GF="" PT="INI" FE="Goal" />
        <valenceUnit GF="Ext" PT="NP" FE="Theme" />
        <annoSet ID="2256637" />
        <annoSet ID="2257059" />
      </pattern>
    </FEGroupRealization>
    <FEGroupRealization total="1">
      <FE name="Carrier" />
      <FE name="Goal" />
      <FE name="Manner" />
      <FE name="Theme" />
      <FE name="Time" />
      <pattern total="1">
        <valenceUnit GF="" PT="CNI" FE="Carrier" />
        <valenceUnit GF="Dep" PT="PP[to]" FE="Goal" />
        <valenceUnit GF="Dep" PT="AVP" FE="Manner" />
        <valenceUnit GF="Ext" PT="NP" FE="Theme" />
        <valenceUnit GF="Dep" PT="NP" FE="Time" />
        <annoSet ID="2256815" />
      </pattern>
    </FEGroupRealization>
    <FEGroupRealization total="2">
      <FE name="Carrier" />
      <FE name="Goal" />
      <FE name="Path" />
      <FE name="Theme" />
      <pattern total="1">
        <valenceUnit GF="" PT="CNI" FE="Carrier" />
        <valenceUnit GF="" PT="INI" FE="Goal" />
        <valenceUnit GF="Dep" PT="PP[by]" FE="Path" />
        <valenceUnit GF="Ext" PT="NP" FE="Theme" />
        <annoSet ID="2256673" />
      </pattern>
      <pattern total="1">
        <valenceUnit GF="" PT="CNI" FE="Carrier" />
        <valenceUnit GF="Dep" PT="PP[to]" FE="Goal" />
        <valenceUnit GF="Dep" PT="PP[by]" FE="Path" />
        <valenceUnit GF="Ext" PT="NP" FE="Theme" />
        <annoSet ID="2256683" />
      </pattern>
    </FEGroupRealization>
    <FEGroupRealization total="3">
      <FE name="Carrier" />
      <FE name="Goal" />
      <FE name="Purpose" />
      <FE name="Theme" />
      <pattern total="1">
        <valenceUnit GF="" PT="CNI" FE="Carrier" />
        <valenceUnit GF="Dep" PT="AVP" FE="Goal" />
        <valenceUnit GF="Dep" PT="PP[for]" FE="Purpose" />
        <valenceUnit GF="Ext" PT="NP" FE="Theme" />
        <annoSet ID="2256705" />
      </pattern>
      <pattern total="1">
        <valenceUnit GF="" PT="CNI" FE="Carrier" />
        <valenceUnit GF="" PT="INI" FE="Goal" />
        <valenceUnit GF="Dep" PT="VPto" FE="Purpose" />
        <valenceUnit GF="Ext" PT="NP" FE="Theme" />
        <annoSet ID="2256961" />
      </pattern>
      <pattern total="1">
        <valenceUnit GF="" PT="CNI" FE="Carrier" />
        <valenceUnit GF="Dep" PT="PP[to]" FE="Goal" />
        <valenceUnit GF="Dep" PT="VPto" FE="Purpose" />
        <valenceUnit GF="Ext" PT="NP" FE="Theme" />
        <annoSet ID="2256605" />
      </pattern>
    </FEGroupRealization>
    <FEGroupRealization total="1">
      <FE name="Carrier" />
      <FE name="Goal" />
      <FE name="Source" />
      <FE name="Theme" />
      <pattern total="1">
        <valenceUnit GF="" PT="CNI" FE="Carrier" />
        <valenceUnit GF="Dep" PT="PP[to]" FE="Goal" />
        <valenceUnit GF="Dep" PT="PP[from]" FE="Source" />
        <valenceUnit GF="Ext" PT="NP" FE="Theme" />
        <annoSet ID="2256583" />
      </pattern>
    </FEGroupRealization>
    <FEGroupRealization total="5">
      <FE name="Carrier" />
      <FE name="Goal" />
      <FE name="Theme" />
      <pattern total="1">
        <valenceUnit GF="" PT="CNI" FE="Carrier" />
        <valenceUnit GF="Dep" PT="PP[to]" FE="Goal" />
        <valenceUnit GF="Ext" PT="NP" FE="Theme" />
        <annoSet ID="2256619" />
      </pattern>
      <pattern total="4">
        <valenceUnit GF="Ext" PT="NP" FE="Carrier" />
        <valenceUnit GF="Dep" PT="PP[to]" FE="Goal" />
        <valenceUnit GF="Obj" PT="NP" FE="Theme" />
        <annoSet ID="2256567" />
        <annoSet ID="2256573" />
        <annoSet ID="2256813" />
        <annoSet ID="2256875" />
      </pattern>
    </FEGroupRealization>
    <FEGroupRealization total="1">
      <FE name="Carrier" />
      <FE name="Goal" />
      <FE name="Theme" />
      <FE name="Time" />
      <pattern total="1">
        <valenceUnit GF="" PT="CNI" FE="Carrier" />
        <valenceUnit GF="Dep" PT="PP[to]" FE="Goal" />
        <valenceUnit GF="Ext" PT="NP" FE="Theme" />
        <valenceUnit GF="Dep" PT="AVP" FE="Time" />
        <annoSet ID="2256849" />
      </pattern>
    </FEGroupRealization>
    <FEGroupRealization total="2">
      <FE name="Carrier" />
      <FE name="Path" />
      <FE name="Theme" />
      <pattern total="1">
        <valenceUnit GF="" PT="CNI" FE="Carrier" />
        <valenceUnit GF="Dep" PT="PP[across]" FE="Path" />
        <valenceUnit GF="Ext" PT="NP" FE="Theme" />
        <annoSet ID="6537293" />
      </pattern>
      <pattern total="1">
        <valenceUnit GF="Ext" PT="NP" FE="Carrier" />
        <valenceUnit GF="" PT="INI" FE="Path" />
        <valenceUnit GF="Obj" PT="NP" FE="Theme" />
        <annoSet ID="6524132" />
      </pattern>
    </FEGroupRealization>
    <FEGroupRealization total="1">
      <FE name="Constant_location" />
      <FE name="Goal" />
      <FE name="Source" />
      <FE name="Theme" />
      <pattern total="1">
        <valenceUnit GF="Dep" PT="PP[on]" FE="Constant_location" />
        <valenceUnit GF="Dep" PT="NP" FE="Goal" />
        <valenceUnit GF="Dep" PT="PP[from]" FE="Source" />
        <valenceUnit GF="Ext" PT="NP" FE="Theme" />
        <annoSet ID="6539154" />
      </pattern>
    </FEGroupRealization>
  </valences>
  <subCorpus name="V-augmented">
    <sentence sentNo="0" ID="1405986n">
      <text>TRANSAID has helped SCF to secure vehicles to transport supplies across the country .</text>
      <annotationSet cDate="08/08/2025 07:59:29 PST Fri" status="AUGMENTED" ID="0">
        <layer name="FE" rank="1">
          <label cBy="auto-aug" feID="4863" start="34" end="41" name="Carrier" />
          <label cBy="auto-aug" feID="2121" start="56" end="63" name="Theme" />
          <label cBy="auto-aug" feID="2118" start="65" end="82" name="Goal" />
        </layer>
        <layer name="Target" rank="1">
          <label cBy="auto-aug" start="46" end="54" name="Target" />
        </layer>
      </annotationSet>
    </sentence>
    <sentence sentNo="0" ID="708164n">
      <text>the package had to be transported from the warehouse to the client , so I did n't manage to complete the work until the new year . </text>
      <annotationSet cDate="08/08/2025 07:59:29 PST Fri" status="AUGMENTED" ID="0">
        <layer name="FE" rank="1">
          <label cBy="auto-aug" feID="2121" start="0" end="10" name="Theme" />
          <label cBy="auto-aug" feID="2119" start="34" end="51" name="Source" />
          <label cBy="auto-aug" feID="2118" start="53" end="65" name="Goal" />
        </layer>
        <layer name="Target" rank="1">
          <label cBy="auto-aug" start="22" end="32" name="Target" />
        </layer>
      </annotationSet>
    </sentence>
    <sentence sentNo="0" ID="1406858n">
      <text>On 5 May 1951 passenger services were withdrawn from Barnton although passengers was still transported by bus .</text>
      <annotationSet cDate="08/08/2025 07:59:29 PST Fri" status="AUGMENTED" ID="0">
        <layer name="FE" rank="1">
          <label cBy="auto-aug" feID="2121" start="70" end="79" name="Theme" />
          <label cBy="auto-aug" feID="2118" start="103" end="108" name="Goal" />
        </layer>
        <layer name="Target" rank="1">
          <label cBy="auto-aug" start="91" end="101" name="Target" />
        </layer>
      </annotationSet>
    </sentence>
    <sentence sentNo="0" ID="711552n">
      <text>the supplies , transported from the village on the shoulders of infantrymen , was covered by a Maori cloak , on which was placed a sword and a soldier 's ` lemon-squeezer " hat . </text>
      <annotationSet cDate="08/08/2025 07:59:29 PST Fri" status="AUGMENTED" ID="0">
        <layer name="FE" rank="1">
          <label cBy="auto-aug" feID="2121" start="0" end="11" name="Theme" />
          <label cBy="auto-aug" feID="2119" start="27" end="42" name="Source" />
          <label cBy="auto-aug" feID="2122" start="44" end="74" name="Constant_location" />
        </layer>
        <layer name="Target" rank="1">
          <label cBy="auto-aug" start="15" end="25" name="Target" />
        </layer>
      </annotationSet>
    </sentence>
    <sentence sentNo="0" ID="1404953n">
      <text>Chaman came with two chelas and transported the goods from the warehouse .</text>
      <annotationSet cDate="08/08/2025 07:59:29 PST Fri" status="AUGMENTED" ID="0">
        <layer name="FE" rank="1">
          <label cBy="auto-aug" feID="2117" start="0" end="5" name="Agent" />
          <label cBy="auto-aug" feID="2121" start="44" end="52" name="Theme" />
          <label cBy="auto-aug" feID="2119" start="54" end="71" name="Source" />
        </layer>
        <layer name="Target" rank="1">
          <label cBy="auto-aug" start="32" end="42" name="Target" />
        </layer>
      </annotationSet>
    </sentence>
    <sentence sentNo="0" ID="711369n">
      <text>Use a bobblehat for the head-dress and transport the items in a holder . </text>
      <annotationSet cDate="08/08/2025 07:59:29 PST Fri" status="AUGMENTED" ID="0">
        <layer name="FE" rank="1">
          <label cBy="auto-aug" feID="2121" start="49" end="57" name="Theme" />
          <label cBy="auto-aug" feID="2122" start="59" end="69" name="Constant_location" />
        </layer>
        <layer name="Target" rank="1">
          <label cBy="auto-aug" start="39" end="47" name="Target" />
        </layer>
      </annotationSet>
    </sentence>
  </subCorpus>
</lexUnit>