<?xml version='1.0' encoding='UTF-8'?>
<lexUnit xmlns="http://framenet.icsi.berkeley.edu" xmlns:xsi="http://www.w3.org/2001/XMLSchema-instance" status="Finished_Initial" POS="V" name="take.v" ID="8757" frame="Ride_vehicle" frameID="690" totalAnnotated="29" xsi:schemaLocation="../schema/lexUnit.xsd">
  <header>
    <corpus description="BNC2" name="BNC2" ID="111">
      <document description="bncp" name="bncp" ID="421" />
    </corpus>
    <corpus description="AQUAINT Knowledge-Based Evaluation Texts" name="KBEval" ID="185">
      <document description="atm" name="atm" ID="23577" />
    </corpus>
    <corpus description="American National Corpus Texts" name="ANC" ID="195">
      <document description="Berlitz Intro of Hong Kong" name="IntroHongKong" ID="23757" />
      <document description="Berlitz Where to Go in Hong Kong" name="WhereToHongKong" ID="23771" />
    </corpus>
    <corpus description="Texts from WikiMedia--WikiNews and Wikipedia" name="WikiTexts" ID="246">
      <document description="Fires_8" name="Fires_8" ID="25623" />
    </corpus>
    <frame>
      <FE fgColor="FFFFFF" bgColor="9400D3" type="Core" abbrev="" name="Area" />
      <FE fgColor="000000" bgColor="d0d0d0" type="Extra-Thematic" abbrev="CT" name="Cotheme" />
      <FE fgColor="FFFFFF" bgColor="1E90FF" type="Extra-Thematic" abbrev="" name="Depictive" />
      <FE fgColor="FFFFFF" bgColor="FF69B4" type="Peripheral" abbrev="" name="Distance" />
      <FE fgColor="FFFFFF" bgColor="2E8B57" type="Peripheral" abbrev="" name="Duration" />
      <FE fgColor="FFFFFF" bgColor="00BFFF" type="Core" abbrev="" name="Goal" />
      <FE fgColor="FFFFFF" bgColor="FF00FF" type="Peripheral" abbrev="" name="Manner" />
      <FE fgColor="FFFFFF" bgColor="A52A2A" type="Core" abbrev="" name="Path" />
      <FE fgColor="FFFFFF" bgColor="0000FF" type="Peripheral" abbrev="Pur" name="Purpose" />
      <FE fgColor="FFFFFF" bgColor="A9A9A9" type="Peripheral" abbrev="" name="Road" />
      <FE fgColor="FFFFFF" bgColor="7CCD73" type="Peripheral" abbrev="" name="Route" />
      <FE fgColor="FFFFFF" bgColor="006400" type="Core" abbrev="" name="Source" />
      <FE fgColor="FFFFFF" bgColor="800080" type="Peripheral" abbrev="" name="Speed" />
      <FE fgColor="FFFFFF" bgColor="FF0000" type="Core" abbrev="Thm" name="Theme" />
      <FE fgColor="000000" bgColor="FFA500" type="Peripheral" abbrev="Time" name="Time" />
      <FE fgColor="FFFFFF" bgColor="00008B" type="Core" abbrev="" name="Vehicle" />
    </frame>
  </header>
  <definition>COD: use as a means of transport</definition>
  <lexeme POS="V" name="take" />
  <valences>
    <FERealization total="1">
      <FE name="Area" />
      <pattern total="1">
        <valenceUnit GF="" PT="DNI" FE="Area" />
        <annoSet ID="6559747" />
      </pattern>
    </FERealization>
    <FERealization total="24">
      <FE name="Goal" />
      <pattern total="12">
        <valenceUnit GF="Dep" PT="PP[to]" FE="Goal" />
        <annoSet ID="2009447" />
        <annoSet ID="2009451" />
        <annoSet ID="2009453" />
        <annoSet ID="2009455" />
        <annoSet ID="2009489" />
        <annoSet ID="6533208" />
        <annoSet ID="6533209" />
        <annoSet ID="6533594" />
        <annoSet ID="6533601" />
        <annoSet ID="6556066" />
        <annoSet ID="6559747" />
        <annoSet ID="6562117" />
      </pattern>
      <pattern total="11">
        <valenceUnit GF="" PT="2nd" FE="Goal" />
        <annoSet ID="6533127" />
        <annoSet ID="6533536" />
        <annoSet ID="6533538" />
        <annoSet ID="6533540" />
        <annoSet ID="6533542" />
        <annoSet ID="6533544" />
        <annoSet ID="6533546" />
        <annoSet ID="6533548" />
        <annoSet ID="6533550" />
        <annoSet ID="6533552" />
        <annoSet ID="6533554" />
      </pattern>
      <pattern total="1">
        <valenceUnit GF="" PT="DNI" FE="Goal" />
        <annoSet ID="2009443" />
      </pattern>
    </FERealization>
    <FERealization total="4">
      <FE name="Path" />
      <pattern total="1">
        <valenceUnit GF="Dep" PT="AVP" FE="Path" />
        <annoSet ID="2009451" />
      </pattern>
      <pattern total="1">
        <valenceUnit GF="Dep" PT="PP[up]" FE="Path" />
        <annoSet ID="2009455" />
      </pattern>
      <pattern total="1">
        <valenceUnit GF="Dep" PT="NP" FE="Path" />
        <annoSet ID="6673075" />
      </pattern>
      <pattern total="1">
        <valenceUnit GF="Dep" PT="PP[through]" FE="Path" />
        <annoSet ID="6560563" />
      </pattern>
    </FERealization>
    <FERealization total="1">
      <FE name="Road" />
      <pattern total="1">
        <valenceUnit GF="Obj" PT="NP" FE="Road" />
        <annoSet ID="6670882" />
      </pattern>
    </FERealization>
    <FERealization total="16">
      <FE name="Source" />
      <pattern total="11">
        <valenceUnit GF="" PT="2nd" FE="Source" />
        <annoSet ID="6533127" />
        <annoSet ID="6533536" />
        <annoSet ID="6533538" />
        <annoSet ID="6533540" />
        <annoSet ID="6533542" />
        <annoSet ID="6533544" />
        <annoSet ID="6533546" />
        <annoSet ID="6533548" />
        <annoSet ID="6533550" />
        <annoSet ID="6533552" />
        <annoSet ID="6533554" />
      </pattern>
      <pattern total="3">
        <valenceUnit GF="Dep" PT="PP[from]" FE="Source" />
        <annoSet ID="2009455" />
        <annoSet ID="6533209" />
        <annoSet ID="6533594" />
      </pattern>
      <pattern total="1">
        <valenceUnit GF="Ext" PT="NP" FE="Source" />
        <annoSet ID="6673075" />
      </pattern>
      <pattern total="1">
        <valenceUnit GF="Dep" PT="PP[out]" FE="Source" />
        <annoSet ID="2009449" />
      </pattern>
    </FERealization>
    <FERealization total="28">
      <FE name="Theme" />
      <pattern total="25">
        <valenceUnit GF="Ext" PT="NP" FE="Theme" />
        <annoSet ID="2009443" />
        <annoSet ID="2009447" />
        <annoSet ID="2009449" />
        <annoSet ID="2009451" />
        <annoSet ID="2009453" />
        <annoSet ID="2009455" />
        <annoSet ID="2009489" />
        <annoSet ID="6533127" />
        <annoSet ID="6533208" />
        <annoSet ID="6533209" />
        <annoSet ID="6533536" />
        <annoSet ID="6533538" />
        <annoSet ID="6533540" />
        <annoSet ID="6533542" />
        <annoSet ID="6533544" />
        <annoSet ID="6533546" />
        <annoSet ID="6533548" />
        <annoSet ID="6533550" />
        <annoSet ID="6533552" />
        <annoSet ID="6533554" />
        <annoSet ID="6533594" />
        <annoSet ID="6533601" />
        <annoSet ID="6559747" />
        <annoSet ID="6560563" />
        <annoSet ID="6670882" />
      </pattern>
      <pattern total="3">
        <valenceUnit GF="" PT="CNI" FE="Theme" />
        <annoSet ID="6556066" />
        <annoSet ID="6559999" />
        <annoSet ID="6562117" />
      </pattern>
    </FERealization>
    <FERealization total="5">
      <FE name="Time" />
      <pattern total="2">
        <valenceUnit GF="Dep" PT="PP[on]" FE="Time" />
        <annoSet ID="6533209" />
        <annoSet ID="6533594" />
      </pattern>
      <pattern total="1">
        <valenceUnit GF="Dep" PT="AVP" FE="Time" />
        <annoSet ID="2009447" />
      </pattern>
      <pattern total="2">
        <valenceUnit GF="Dep" PT="NP" FE="Time" />
        <annoSet ID="6533208" />
        <annoSet ID="6533601" />
      </pattern>
    </FERealization>
    <FERealization total="28">
      <FE name="Vehicle" />
      <pattern total="27">
        <valenceUnit GF="Obj" PT="NP" FE="Vehicle" />
        <annoSet ID="2009443" />
        <annoSet ID="2009447" />
        <annoSet ID="2009449" />
        <annoSet ID="2009451" />
        <annoSet ID="2009453" />
        <annoSet ID="2009455" />
        <annoSet ID="2009489" />
        <annoSet ID="6533127" />
        <annoSet ID="6533208" />
        <annoSet ID="6533209" />
        <annoSet ID="6533536" />
        <annoSet ID="6533538" />
        <annoSet ID="6533540" />
        <annoSet ID="6533542" />
        <annoSet ID="6533544" />
        <annoSet ID="6533546" />
        <annoSet ID="6533548" />
        <annoSet ID="6533550" />
        <annoSet ID="6533552" />
        <annoSet ID="6533554" />
        <annoSet ID="6533594" />
        <annoSet ID="6533601" />
        <annoSet ID="6556066" />
        <annoSet ID="6559747" />
        <annoSet ID="6559999" />
        <annoSet ID="6560563" />
        <annoSet ID="6562117" />
      </pattern>
      <pattern total="1">
        <valenceUnit GF="" PT="DNI" FE="Vehicle" />
        <annoSet ID="6673075" />
      </pattern>
    </FERealization>
    <FEGroupRealization total="1">
      <FE name="Area" />
      <FE name="Goal" />
      <FE name="Theme" />
      <FE name="Vehicle" />
      <pattern total="1">
        <valenceUnit GF="" PT="DNI" FE="Area" />
        <valenceUnit GF="Dep" PT="PP[to]" FE="Goal" />
        <valenceUnit GF="Ext" PT="NP" FE="Theme" />
        <valenceUnit GF="Obj" PT="NP" FE="Vehicle" />
        <annoSet ID="6559747" />
      </pattern>
    </FEGroupRealization>
    <FEGroupRealization total="1">
      <FE name="Goal" />
      <FE name="Goal" />
      <FE name="Path" />
      <FE name="Theme" />
      <FE name="Vehicle" />
      <FE name="Vehicle" />
      <pattern total="1">
        <valenceUnit GF="Dep" PT="PP[to]" FE="Goal" />
        <valenceUnit GF="Dep" PT="PP[to]" FE="Goal" />
        <valenceUnit GF="Dep" PT="AVP" FE="Path" />
        <valenceUnit GF="Ext" PT="NP" FE="Theme" />
        <valenceUnit GF="Obj" PT="NP" FE="Vehicle" />
        <valenceUnit GF="Obj" PT="NP" FE="Vehicle" />
        <annoSet ID="2009451" />
      </pattern>
    </FEGroupRealization>
    <FEGroupRealization total="1">
      <FE name="Goal" />
      <FE name="Path" />
      <FE name="Source" />
      <FE name="Theme" />
      <FE name="Vehicle" />
      <pattern total="1">
        <valenceUnit GF="Dep" PT="PP[to]" FE="Goal" />
        <valenceUnit GF="Dep" PT="PP[up]" FE="Path" />
        <valenceUnit GF="Dep" PT="PP[from]" FE="Source" />
        <valenceUnit GF="Ext" PT="NP" FE="Theme" />
        <valenceUnit GF="Obj" PT="NP" FE="Vehicle" />
        <annoSet ID="2009455" />
      </pattern>
    </FEGroupRealization>
    <FEGroupRealization total="2">
      <FE name="Goal" />
      <FE name="Source" />
      <FE name="Theme" />
      <FE name="Time" />
      <FE name="Vehicle" />
      <pattern total="2">
        <valenceUnit GF="Dep" PT="PP[to]" FE="Goal" />
        <valenceUnit GF="Dep" PT="PP[from]" FE="Source" />
        <valenceUnit GF="Ext" PT="NP" FE="Theme" />
        <valenceUnit GF="Dep" PT="PP[on]" FE="Time" />
        <valenceUnit GF="Obj" PT="NP" FE="Vehicle" />
        <annoSet ID="6533209" />
        <annoSet ID="6533594" />
      </pattern>
    </FEGroupRealization>
    <FEGroupRealization total="11">
      <FE name="Goal" />
      <FE name="Source" />
      <FE name="Theme" />
      <FE name="Vehicle" />
      <pattern total="11">
        <valenceUnit GF="" PT="2nd" FE="Goal" />
        <valenceUnit GF="" PT="2nd" FE="Source" />
        <valenceUnit GF="Ext" PT="NP" FE="Theme" />
        <valenceUnit GF="Obj" PT="NP" FE="Vehicle" />
        <annoSet ID="6533127" />
        <annoSet ID="6533536" />
        <annoSet ID="6533538" />
        <annoSet ID="6533540" />
        <annoSet ID="6533542" />
        <annoSet ID="6533544" />
        <annoSet ID="6533546" />
        <annoSet ID="6533548" />
        <annoSet ID="6533550" />
        <annoSet ID="6533552" />
        <annoSet ID="6533554" />
      </pattern>
    </FEGroupRealization>
    <FEGroupRealization total="3">
      <FE name="Goal" />
      <FE name="Theme" />
      <FE name="Time" />
      <FE name="Vehicle" />
      <pattern total="1">
        <valenceUnit GF="Dep" PT="PP[to]" FE="Goal" />
        <valenceUnit GF="Ext" PT="NP" FE="Theme" />
        <valenceUnit GF="Dep" PT="AVP" FE="Time" />
        <valenceUnit GF="Obj" PT="NP" FE="Vehicle" />
        <annoSet ID="2009447" />
      </pattern>
      <pattern total="2">
        <valenceUnit GF="Dep" PT="PP[to]" FE="Goal" />
        <valenceUnit GF="Ext" PT="NP" FE="Theme" />
        <valenceUnit GF="Dep" PT="NP" FE="Time" />
        <valenceUnit GF="Obj" PT="NP" FE="Vehicle" />
        <annoSet ID="6533208" />
        <annoSet ID="6533601" />
      </pattern>
    </FEGroupRealization>
    <FEGroupRealization total="5">
      <FE name="Goal" />
      <FE name="Theme" />
      <FE name="Vehicle" />
      <pattern total="1">
        <valenceUnit GF="" PT="DNI" FE="Goal" />
        <valenceUnit GF="Ext" PT="NP" FE="Theme" />
        <valenceUnit GF="Obj" PT="NP" FE="Vehicle" />
        <annoSet ID="2009443" />
      </pattern>
      <pattern total="2">
        <valenceUnit GF="Dep" PT="PP[to]" FE="Goal" />
        <valenceUnit GF="" PT="CNI" FE="Theme" />
        <valenceUnit GF="Obj" PT="NP" FE="Vehicle" />
        <annoSet ID="6556066" />
        <annoSet ID="6562117" />
      </pattern>
      <pattern total="2">
        <valenceUnit GF="Dep" PT="PP[to]" FE="Goal" />
        <valenceUnit GF="Ext" PT="NP" FE="Theme" />
        <valenceUnit GF="Obj" PT="NP" FE="Vehicle" />
        <annoSet ID="2009453" />
        <annoSet ID="2009489" />
      </pattern>
    </FEGroupRealization>
    <FEGroupRealization total="1">
      <FE name="Path" />
      <FE name="Source" />
      <FE name="Vehicle" />
      <pattern total="1">
        <valenceUnit GF="Dep" PT="NP" FE="Path" />
        <valenceUnit GF="Ext" PT="NP" FE="Source" />
        <valenceUnit GF="" PT="DNI" FE="Vehicle" />
        <annoSet ID="6673075" />
      </pattern>
    </FEGroupRealization>
    <FEGroupRealization total="1">
      <FE name="Path" />
      <FE name="Theme" />
      <FE name="Vehicle" />
      <pattern total="1">
        <valenceUnit GF="Dep" PT="PP[through]" FE="Path" />
        <valenceUnit GF="Ext" PT="NP" FE="Theme" />
        <valenceUnit GF="Obj" PT="NP" FE="Vehicle" />
        <annoSet ID="6560563" />
      </pattern>
    </FEGroupRealization>
    <FEGroupRealization total="1">
      <FE name="Road" />
      <FE name="Theme" />
      <pattern total="1">
        <valenceUnit GF="Obj" PT="NP" FE="Road" />
        <valenceUnit GF="Ext" PT="NP" FE="Theme" />
        <annoSet ID="6670882" />
      </pattern>
    </FEGroupRealization>
    <FEGroupRealization total="1">
      <FE name="Source" />
      <FE name="Theme" />
      <FE name="Vehicle" />
      <pattern total="1">
        <valenceUnit GF="Dep" PT="PP[out]" FE="Source" />
        <valenceUnit GF="Ext" PT="NP" FE="Theme" />
        <valenceUnit GF="Obj" PT="NP" FE="Vehicle" />
        <annoSet ID="2009449" />
      </pattern>
    </FEGroupRealization>
    <FEGroupRealization total="1">
      <FE name="Theme" />
      <FE name="Vehicle" />
      <pattern total="1">
        <valenceUnit GF="" PT="CNI" FE="Theme" />
        <valenceUnit GF="Obj" PT="NP" FE="Vehicle" />
        <annoSet ID="6559999" />
      </pattern>
    </FEGroupRealization>
  </valences>
  <subCorpus name="V-augmented">
    <sentence sentNo="0" ID="738257n">
      <text>He spent his Rhodes scholarship money on books , taking the subway and trips to London , where he joined anti-war rallies . </text>
      <annotationSet cDate="08/08/2025 07:59:08 PST Fri" status="AUGMENTED" ID="0">
        <layer name="FE" rank="1">
          <label cBy="auto-aug" feID="4563" start="0" end="1" name="Theme" />
          <label cBy="auto-aug" feID="4572" start="56" end="65" name="Area" />
        </layer>
        <layer name="Target" rank="1">
          <label cBy="auto-aug" start="49" end="54" name="Target" />
        </layer>
      </annotationSet>
    </sentence>
    <sentence sentNo="0" ID="644501n">
      <text>Funny girl Pamela Stephenson looked like she 'd joined the smile-high club yesterday as she taken a selfie with pop star George Michael . </text>
      <annotationSet cDate="08/08/2025 07:59:08 PST Fri" status="AUGMENTED" ID="0">
        <layer name="FE" rank="1">
          <label cBy="auto-aug" feID="4563" start="41" end="43" name="Theme" />
          <label cBy="auto-aug" feID="4568" start="98" end="105" name="Goal" />
        </layer>
        <layer name="Target" rank="1">
          <label cBy="auto-aug" start="92" end="96" name="Target" />
        </layer>
      </annotationSet>
    </sentence>
    <sentence sentNo="0" ID="644505n">
      <text>When he 's not in the office , he 's taking the lead in negotiations clinching deals and making money . </text>
      <annotationSet cDate="08/08/2025 07:59:08 PST Fri" status="AUGMENTED" ID="0">
        <layer name="FE" rank="1">
          <label cBy="auto-aug" feID="4563" start="5" end="6" name="Theme" />
          <label cBy="auto-aug" feID="4572" start="44" end="67" name="Area" />
        </layer>
        <layer name="Target" rank="1">
          <label cBy="auto-aug" start="37" end="42" name="Target" />
        </layer>
      </annotationSet>
    </sentence>
    <sentence sentNo="0" ID="738264n">
      <text>Now 26 , she spent many years after college taking the punk scene in San Francisco , drifting through the punk scene in San Francisco to demonstrations in Dallas , squats in Amsterdam and the women 's peace camp in Cosmo , Italy , before a British producer recognised her itinerant musical talent and signed her up with the bestselling Texas Campfire Tapes LP . </text>
      <annotationSet cDate="08/08/2025 07:59:08 PST Fri" status="AUGMENTED" ID="0">
        <layer name="FE" rank="1">
          <label cBy="auto-aug" feID="4563" start="9" end="11" name="Theme" />
          <label cBy="auto-aug" feID="4572" start="51" end="81" name="Area" />
        </layer>
        <layer name="Target" rank="1">
          <label cBy="auto-aug" start="44" end="49" name="Target" />
        </layer>
      </annotationSet>
    </sentence>
    <sentence sentNo="0" ID="640511n">
      <text>Her grip tightened as he accelerated , and after a moment or two he took slowly a deep breath and stopped . </text>
      <annotationSet cDate="08/08/2025 07:59:08 PST Fri" status="AUGMENTED" ID="0">
        <layer name="FE" rank="1">
          <label cBy="auto-aug" feID="4563" start="22" end="23" name="Theme" />
          <label cBy="auto-aug" feID="4566" start="73" end="78" name="Manner" />
          <label cBy="auto-aug" feID="4568" start="80" end="92" name="Goal" />
        </layer>
        <layer name="Target" rank="1">
          <label cBy="auto-aug" start="68" end="71" name="Target" />
        </layer>
      </annotationSet>
    </sentence>
    <sentence sentNo="0" ID="1246783n">
      <text>Lester , who failed to win any of his four races , and Duffield — who won the coveted Yorkshire Oaks — later took the title home .</text>
      <annotationSet cDate="08/08/2025 07:59:08 PST Fri" status="AUGMENTED" ID="0">
        <layer name="FE" rank="1">
          <label cBy="auto-aug" feID="4563" start="0" end="101" name="Theme" />
          <label cBy="auto-aug" feID="4980" start="103" end="107" name="Time" />
          <label cBy="auto-aug" feID="4568" start="114" end="122" name="Goal" />
          <label cBy="auto-aug" feID="4564" start="124" end="127" name="Vehicle" />
        </layer>
        <layer name="Target" rank="1">
          <label cBy="auto-aug" start="109" end="112" name="Target" />
        </layer>
      </annotationSet>
    </sentence>
    <sentence sentNo="0" ID="1246792n">
      <text>I have never taken a train , and I never will !</text>
      <annotationSet cDate="08/08/2025 07:59:08 PST Fri" status="AUGMENTED" ID="0">
        <layer name="FE" rank="1">
          <label cBy="auto-aug" feID="4563" start="0" end="0" name="Theme" />
          <label cBy="auto-aug" feID="4564" start="19" end="25" name="Vehicle" />
        </layer>
        <layer name="Target" rank="1">
          <label cBy="auto-aug" start="13" end="17" name="Target" />
        </layer>
      </annotationSet>
    </sentence>
    <sentence sentNo="0" ID="1246731n">
      <text>They took the back-packs , traded in their suitcases for back-packs , and hit the pot trail .</text>
      <annotationSet cDate="08/08/2025 07:59:08 PST Fri" status="AUGMENTED" ID="0">
        <layer name="FE" rank="1">
          <label cBy="auto-aug" feID="4563" start="0" end="3" name="Theme" />
          <label cBy="auto-aug" feID="4568" start="10" end="23" name="Goal" />
        </layer>
        <layer name="Target" rank="1">
          <label cBy="auto-aug" start="5" end="8" name="Target" />
        </layer>
      </annotationSet>
    </sentence>
    <sentence sentNo="0" ID="640560n">
      <text>In no time at all they were taking a shortcut from the old road . </text>
      <annotationSet cDate="08/08/2025 07:59:08 PST Fri" status="AUGMENTED" ID="0">
        <layer name="FE" rank="1">
          <label cBy="auto-aug" feID="4563" start="18" end="21" name="Theme" />
          <label cBy="auto-aug" feID="4567" start="35" end="44" name="Path" />
          <label cBy="auto-aug" feID="4565" start="46" end="62" name="Source" />
        </layer>
        <layer name="Target" rank="1">
          <label cBy="auto-aug" start="28" end="33" name="Target" />
        </layer>
      </annotationSet>
    </sentence>
    <sentence sentNo="0" ID="644573n">
      <text>their skills to places they taken , only to be greeted with scepticism by the Navigator ensconced inside . </text>
      <annotationSet cDate="08/08/2025 07:59:08 PST Fri" status="AUGMENTED" ID="0">
        <layer name="FE" rank="1">
          <label cBy="auto-aug" feID="4565" start="0" end="11" name="Source" />
          <label cBy="auto-aug" feID="4568" start="13" end="21" name="Goal" />
          <label cBy="auto-aug" feID="4563" start="23" end="26" name="Theme" />
        </layer>
        <layer name="Target" rank="1">
          <label cBy="auto-aug" start="28" end="32" name="Target" />
        </layer>
      </annotationSet>
    </sentence>
    <sentence sentNo="0" ID="738262n">
      <text>He explained about the year off and told her about taking a break to sleep on beaches beneath the Mediterranean sky . </text>
      <annotationSet cDate="08/08/2025 07:59:08 PST Fri" status="AUGMENTED" ID="0">
        <layer name="FE" rank="1">
          <label cBy="auto-aug" feID="4568" start="58" end="64" name="Goal" />
        </layer>
        <layer name="Target" rank="1">
          <label cBy="auto-aug" start="51" end="56" name="Target" />
        </layer>
      </annotationSet>
    </sentence>
    <sentence sentNo="0" ID="640573n">
      <text>From there the road was downhill , so we were able to take noiselessly the shortcut , then dismount and push the bike into the city centre . </text>
      <annotationSet cDate="08/08/2025 07:59:08 PST Fri" status="AUGMENTED" ID="0">
        <layer name="FE" rank="1">
          <label cBy="auto-aug" feID="4563" start="38" end="39" name="Theme" />
          <label cBy="auto-aug" feID="4566" start="59" end="69" name="Manner" />
          <label cBy="auto-aug" feID="4568" start="71" end="82" name="Goal" />
        </layer>
        <layer name="Target" rank="1">
          <label cBy="auto-aug" start="54" end="57" name="Target" />
        </layer>
      </annotationSet>
    </sentence>
    <sentence sentNo="0" ID="647915n">
      <text>We took the train . </text>
      <annotationSet cDate="08/08/2025 07:59:08 PST Fri" status="AUGMENTED" ID="0">
        <layer name="FE" rank="1">
          <label cBy="auto-aug" feID="4563" start="0" end="1" name="Theme" />
          <label cBy="auto-aug" feID="4565" start="8" end="16" name="Source" />
        </layer>
        <layer name="Target" rank="1">
          <label cBy="auto-aug" start="3" end="6" name="Target" />
        </layer>
      </annotationSet>
    </sentence>
    <sentence sentNo="0" ID="1246771n">
      <text>He finally took the prize for his family and put down the money on his cluster house .</text>
      <annotationSet cDate="08/08/2025 07:59:08 PST Fri" status="AUGMENTED" ID="0">
        <layer name="FE" rank="1">
          <label cBy="auto-aug" feID="4563" start="0" end="1" name="Theme" />
          <label cBy="auto-aug" feID="4980" start="3" end="9" name="Time" />
          <label cBy="auto-aug" feID="4568" start="16" end="24" name="Goal" />
          <label cBy="auto-aug" feID="4568" start="26" end="39" name="Goal" />
        </layer>
        <layer name="Target" rank="1">
          <label cBy="auto-aug" start="11" end="14" name="Target" />
        </layer>
      </annotationSet>
    </sentence>
    <sentence sentNo="0" ID="640536n">
      <text>And , as he took the scenic route through the woods , Henry thought about nice things . </text>
      <annotationSet cDate="08/08/2025 07:59:08 PST Fri" status="AUGMENTED" ID="0">
        <layer name="FE" rank="1">
          <label cBy="auto-aug" feID="4563" start="9" end="10" name="Theme" />
          <label cBy="auto-aug" feID="4567" start="17" end="32" name="Path" />
          <label cBy="auto-aug" feID="4567" start="34" end="50" name="Path" />
        </layer>
        <layer name="Target" rank="1">
          <label cBy="auto-aug" start="12" end="15" name="Target" />
        </layer>
      </annotationSet>
    </sentence>
    <sentence sentNo="0" ID="640558n">
      <text>Eight miles later , when they were taking the path , the engine spluttered . </text>
      <annotationSet cDate="08/08/2025 07:59:08 PST Fri" status="AUGMENTED" ID="0">
        <layer name="FE" rank="1">
          <label cBy="auto-aug" feID="4563" start="25" end="28" name="Theme" />
          <label cBy="auto-aug" feID="4567" start="42" end="49" name="Path" />
        </layer>
        <layer name="Target" rank="1">
          <label cBy="auto-aug" start="35" end="40" name="Target" />
        </layer>
      </annotationSet>
    </sentence>
    <sentence sentNo="0" ID="644554n">
      <text>Youngsters from the Bawnmore and Rathcoole estates taken the train a trip on Monday for a 12-day stay in Almelo , near the German border . </text>
      <annotationSet cDate="08/08/2025 07:59:08 PST Fri" status="AUGMENTED" ID="0">
        <layer name="FE" rank="1">
          <label cBy="auto-aug" feID="4563" start="0" end="49" name="Theme" />
          <label cBy="auto-aug" feID="4565" start="57" end="65" name="Source" />
          <label cBy="auto-aug" feID="4568" start="67" end="72" name="Goal" />
        </layer>
        <layer name="Target" rank="1">
          <label cBy="auto-aug" start="51" end="55" name="Target" />
        </layer>
      </annotationSet>
    </sentence>
    <sentence sentNo="0" ID="738263n">
      <text>You could follow my example and take your path , but only if you 're prepared to risk being picked up by a religious maniac , or dropped off in an impenetrable jungle of freeways close to the cocaine-dealing centre of America , or both . </text>
      <annotationSet cDate="08/08/2025 07:59:08 PST Fri" status="AUGMENTED" ID="0">
        <layer name="FE" rank="1">
          <label cBy="auto-aug" feID="4563" start="0" end="2" name="Theme" />
          <label cBy="auto-aug" feID="4565" start="37" end="45" name="Source" />
        </layer>
        <layer name="Target" rank="1">
          <label cBy="auto-aug" start="32" end="35" name="Target" />
        </layer>
      </annotationSet>
    </sentence>
    <sentence sentNo="0" ID="644506n">
      <text>PLACE your bets with Bugsy and you could be taking home for a week in the gambling capital of the world . </text>
      <annotationSet cDate="08/08/2025 07:59:08 PST Fri" status="AUGMENTED" ID="0">
        <layer name="FE" rank="1">
          <label cBy="auto-aug" feID="4563" start="31" end="33" name="Theme" />
          <label cBy="auto-aug" feID="4568" start="51" end="54" name="Goal" />
        </layer>
        <layer name="Target" rank="1">
          <label cBy="auto-aug" start="44" end="49" name="Target" />
        </layer>
      </annotationSet>
    </sentence>
    <sentence sentNo="0" ID="644503n">
      <text>The Baldock Administration team taken office at the end of October . </text>
      <annotationSet cDate="08/08/2025 07:59:08 PST Fri" status="AUGMENTED" ID="0">
        <layer name="FE" rank="1">
          <label cBy="auto-aug" feID="4563" start="0" end="30" name="Theme" />
          <label cBy="auto-aug" feID="4568" start="38" end="43" name="Goal" />
        </layer>
        <layer name="Target" rank="1">
          <label cBy="auto-aug" start="32" end="36" name="Target" />
        </layer>
      </annotationSet>
    </sentence>
    <sentence sentNo="0" ID="1246687n">
      <text>I would suggest you took the child for the actual birth .</text>
      <annotationSet cDate="08/08/2025 07:59:08 PST Fri" status="AUGMENTED" ID="0">
        <layer name="FE" rank="1">
          <label cBy="auto-aug" feID="4563" start="16" end="18" name="Theme" />
          <label cBy="auto-aug" feID="4568" start="25" end="33" name="Goal" />
          <label cBy="auto-aug" feID="4982" start="35" end="54" name="Purpose" />
        </layer>
        <layer name="Target" rank="1">
          <label cBy="auto-aug" start="20" end="23" name="Target" />
        </layer>
      </annotationSet>
    </sentence>
    <sentence sentNo="0" ID="738268n">
      <text>Dropping out meant taking to the road , taking or biking the back roads , and the landscape became dotted with the beat replacements , the hippies . </text>
      <annotationSet cDate="08/08/2025 07:59:08 PST Fri" status="AUGMENTED" ID="0">
        <layer name="FE" rank="1">
          <label cBy="auto-aug" feID="4572" start="57" end="70" name="Area" />
        </layer>
        <layer name="Target" rank="1">
          <label cBy="auto-aug" start="19" end="24" name="Target" />
        </layer>
      </annotationSet>
    </sentence>
    <sentence sentNo="0" ID="644525n">
      <text>While Cindy , 26 , married to heart-throb actor Richard Gere , takes in the spotlight , her mother Jennifer Moluf lives in fear . </text>
      <annotationSet cDate="08/08/2025 07:59:08 PST Fri" status="AUGMENTED" ID="0">
        <layer name="FE" rank="1">
          <label cBy="auto-aug" feID="4563" start="0" end="61" name="Theme" />
          <label cBy="auto-aug" feID="4572" start="69" end="84" name="Area" />
        </layer>
        <layer name="Target" rank="1">
          <label cBy="auto-aug" start="63" end="67" name="Target" />
        </layer>
      </annotationSet>
    </sentence>
    <sentence sentNo="0" ID="738266n">
      <text>And I will be taking the kids . </text>
      <annotationSet cDate="08/08/2025 07:59:08 PST Fri" status="AUGMENTED" ID="0">
        <layer name="FE" rank="1">
          <label cBy="auto-aug" feID="4563" start="4" end="4" name="Theme" />
          <label cBy="auto-aug" feID="4568" start="21" end="28" name="Goal" />
        </layer>
        <layer name="Target" rank="1">
          <label cBy="auto-aug" start="14" end="19" name="Target" />
        </layer>
      </annotationSet>
    </sentence>
    <sentence sentNo="0" ID="647902n">
      <text>There was an evening to pass before the midnight flight to London and , despite Tucker 's adamancy that Miss Kennedy would n't see her , she took the opportunity . </text>
      <annotationSet cDate="08/08/2025 07:59:08 PST Fri" status="AUGMENTED" ID="0">
        <layer name="FE" rank="1">
          <label cBy="auto-aug" feID="4563" start="137" end="139" name="Theme" />
          <label cBy="auto-aug" feID="4568" start="146" end="160" name="Goal" />
        </layer>
        <layer name="Target" rank="1">
          <label cBy="auto-aug" start="141" end="144" name="Target" />
        </layer>
      </annotationSet>
    </sentence>
    <sentence sentNo="0" ID="1246700n">
      <text>President Askar Akayev was reported to have toured the area before taking a helicopter on Aug. 24 to ask President Boris Yeltsin for Russian aid .</text>
      <annotationSet cDate="08/08/2025 07:59:08 PST Fri" status="AUGMENTED" ID="0">
        <layer name="FE" rank="1">
          <label cBy="auto-aug" feID="4563" start="0" end="21" name="Theme" />
          <label cBy="auto-aug" feID="4568" start="74" end="85" name="Goal" />
          <label cBy="auto-aug" feID="4980" start="87" end="96" name="Time" />
          <label cBy="auto-aug" feID="4982" start="98" end="143" name="Purpose" />
        </layer>
        <layer name="Target" rank="1">
          <label cBy="auto-aug" start="67" end="72" name="Target" />
        </layer>
      </annotationSet>
    </sentence>
    <sentence sentNo="0" ID="647911n">
      <text>We took the high road and a little party of figures came to meet us as if they were welcoming a foreign diplomat . </text>
      <annotationSet cDate="08/08/2025 07:59:08 PST Fri" status="AUGMENTED" ID="0">
        <layer name="FE" rank="1">
          <label cBy="auto-aug" feID="4563" start="0" end="1" name="Theme" />
          <label cBy="auto-aug" feID="4567" start="8" end="20" name="Path" />
        </layer>
        <layer name="Target" rank="1">
          <label cBy="auto-aug" start="3" end="6" name="Target" />
        </layer>
      </annotationSet>
    </sentence>
    <sentence sentNo="0" ID="644541n">
      <text>That means a potential 200,000 customers will be taking customers advantage . </text>
      <annotationSet cDate="08/08/2025 07:59:08 PST Fri" status="AUGMENTED" ID="0">
        <layer name="FE" rank="1">
          <label cBy="auto-aug" feID="4563" start="11" end="39" name="Theme" />
          <label cBy="auto-aug" feID="4565" start="56" end="64" name="Source" />
          <label cBy="auto-aug" feID="4568" start="66" end="74" name="Goal" />
        </layer>
        <layer name="Target" rank="1">
          <label cBy="auto-aug" start="49" end="54" name="Target" />
        </layer>
      </annotationSet>
    </sentence>
    <sentence sentNo="0" ID="738261n">
      <text>A passport inside containing the photograph of Eila Karjalainen , a Finnish student who 'd disappeared a few months before as she taken the train, . </text>
      <annotationSet cDate="08/08/2025 07:59:08 PST Fri" status="AUGMENTED" ID="0">
        <layer name="FE" rank="1">
          <label cBy="auto-aug" feID="4563" start="126" end="128" name="Theme" />
          <label cBy="auto-aug" feID="4567" start="136" end="145" name="Path" />
        </layer>
        <layer name="Target" rank="1">
          <label cBy="auto-aug" start="130" end="134" name="Target" />
        </layer>
      </annotationSet>
    </sentence>
    <sentence sentNo="0" ID="1246724n">
      <text>The couple advanced their relationship when McAvennie took him as a member of the Scotland squad who lost to England at Wembley in 1988 .</text>
      <annotationSet cDate="08/08/2025 07:59:08 PST Fri" status="AUGMENTED" ID="0">
        <layer name="FE" rank="1">
          <label cBy="auto-aug" feID="4563" start="44" end="52" name="Theme" />
          <label cBy="auto-aug" feID="4568" start="59" end="61" name="Goal" />
        </layer>
        <layer name="Target" rank="1">
          <label cBy="auto-aug" start="54" end="57" name="Target" />
        </layer>
      </annotationSet>
    </sentence>
    <sentence sentNo="0" ID="640538n">
      <text>While taking a shortcut from the park , three cyclists in yellow and black wasp suits buzzed past . </text>
      <annotationSet cDate="08/08/2025 07:59:08 PST Fri" status="AUGMENTED" ID="0">
        <layer name="FE" rank="1">
          <label cBy="auto-aug" feID="4567" start="13" end="22" name="Path" />
          <label cBy="auto-aug" feID="4565" start="24" end="36" name="Source" />
        </layer>
        <layer name="Target" rank="1">
          <label cBy="auto-aug" start="6" end="11" name="Target" />
        </layer>
      </annotationSet>
    </sentence>
    <sentence sentNo="0" ID="738265n">
      <text>It was a period of penury such that James and his team spent one night in Pau furtively thieving back the petrol that had been stolen from their car and eventually taking the petrol towards home , with no food on the way -- and it brought out in James qualities of tenacity that he had n't really suspected in himself . </text>
      <annotationSet cDate="08/08/2025 07:59:08 PST Fri" status="AUGMENTED" ID="0">
        <layer name="FE" rank="1">
          <label cBy="auto-aug" feID="4563" start="36" end="53" name="Theme" />
          <label cBy="auto-aug" feID="4568" start="171" end="180" name="Goal" />
          <label cBy="auto-aug" feID="4567" start="182" end="193" name="Path" />
        </layer>
        <layer name="Target" rank="1">
          <label cBy="auto-aug" start="164" end="169" name="Target" />
        </layer>
      </annotationSet>
    </sentence>
    <sentence sentNo="0" ID="1246703n">
      <text>His parents who took the news a deep breath on hearing the news were not in court as the inquest into his death was opened .</text>
      <annotationSet cDate="08/08/2025 07:59:08 PST Fri" status="AUGMENTED" ID="0">
        <layer name="FE" rank="1">
          <label cBy="auto-aug" feID="4563" start="0" end="10" name="Theme" />
          <label cBy="auto-aug" feID="4563" start="12" end="14" name="Theme" />
          <label cBy="auto-aug" feID="4568" start="21" end="28" name="Goal" />
          <label cBy="auto-aug" feID="4565" start="30" end="42" name="Source" />
          <label cBy="auto-aug" feID="4980" start="44" end="62" name="Time" />
        </layer>
        <layer name="Target" rank="1">
          <label cBy="auto-aug" start="16" end="19" name="Target" />
        </layer>
      </annotationSet>
    </sentence>
    <sentence sentNo="0" ID="738260n">
      <text>Passions have cooled since then , and the committee now recommends that NASA consider building instruments especially for taking data on ESA spacecraft . </text>
      <annotationSet cDate="08/08/2025 07:59:08 PST Fri" status="AUGMENTED" ID="0">
        <layer name="FE" rank="1">
          <label cBy="auto-aug" feID="4567" start="129" end="132" name="Path" />
        </layer>
        <layer name="Target" rank="1">
          <label cBy="auto-aug" start="122" end="127" name="Target" />
        </layer>
      </annotationSet>
    </sentence>
    <sentence sentNo="0" ID="1246710n">
      <text>Prince Charles took a train to London yesterday .</text>
      <annotationSet cDate="08/08/2025 07:59:08 PST Fri" status="AUGMENTED" ID="0">
        <layer name="FE" rank="1">
          <label cBy="auto-aug" feID="4563" start="0" end="13" name="Theme" />
          <label cBy="auto-aug" feID="4565" start="20" end="26" name="Source" />
          <label cBy="auto-aug" feID="4568" start="28" end="36" name="Goal" />
          <label cBy="auto-aug" feID="4563" start="38" end="46" name="Theme" />
        </layer>
        <layer name="Target" rank="1">
          <label cBy="auto-aug" start="15" end="18" name="Target" />
        </layer>
      </annotationSet>
    </sentence>
    <sentence sentNo="0" ID="640566n">
      <text>We slanted across the river , the wind carrying us against the current , and took the route . </text>
      <annotationSet cDate="08/08/2025 07:59:08 PST Fri" status="AUGMENTED" ID="0">
        <layer name="FE" rank="1">
          <label cBy="auto-aug" feID="4563" start="0" end="1" name="Theme" />
          <label cBy="auto-aug" feID="4567" start="82" end="90" name="Path" />
        </layer>
        <layer name="Target" rank="1">
          <label cBy="auto-aug" start="77" end="80" name="Target" />
        </layer>
      </annotationSet>
    </sentence>
    <sentence sentNo="0" ID="640555n">
      <text>With a feeling of having been unexpectedly let out of school , I drove over the hills on the road to Reading and took the path until I thought I 'd come more or less to where Gareth had dropped the paint : parked off the road there and searched more closely for the place on foot . </text>
      <annotationSet cDate="08/08/2025 07:59:08 PST Fri" status="AUGMENTED" ID="0">
        <layer name="FE" rank="1">
          <label cBy="auto-aug" feID="4563" start="63" end="63" name="Theme" />
          <label cBy="auto-aug" feID="4567" start="118" end="125" name="Path" />
        </layer>
        <layer name="Target" rank="1">
          <label cBy="auto-aug" start="113" end="116" name="Target" />
        </layer>
      </annotationSet>
    </sentence>
    <sentence sentNo="0" ID="644509n">
      <text>Within a few minutes the atmosphere in the bay was normal , and Ace was taking a walk . </text>
      <annotationSet cDate="08/08/2025 07:59:08 PST Fri" status="AUGMENTED" ID="0">
        <layer name="FE" rank="1">
          <label cBy="auto-aug" feID="4563" start="64" end="66" name="Theme" />
          <label cBy="auto-aug" feID="4567" start="79" end="84" name="Path" />
        </layer>
        <layer name="Target" rank="1">
          <label cBy="auto-aug" start="72" end="77" name="Target" />
        </layer>
      </annotationSet>
    </sentence>
    <sentence sentNo="0" ID="644520n">
      <text>For the moment though , the students will have to take a rest as Glenn takes a break to do battle for glory in the world championships . </text>
      <annotationSet cDate="08/08/2025 07:59:08 PST Fri" status="AUGMENTED" ID="0">
        <layer name="FE" rank="1">
          <label cBy="auto-aug" feID="4563" start="65" end="69" name="Theme" />
          <label cBy="auto-aug" feID="4565" start="77" end="83" name="Source" />
        </layer>
        <layer name="Target" rank="1">
          <label cBy="auto-aug" start="71" end="75" name="Target" />
        </layer>
      </annotationSet>
    </sentence>
    <sentence sentNo="0" ID="644531n">
      <text>Visitors were still mainly local -- the days when eager buyers taken the journey from far away are long gone -- but the Association estimates that 80% of the sixty-one dealers did ` some business , including five to ten sales of over half a million dollars " . </text>
      <annotationSet cDate="08/08/2025 07:59:08 PST Fri" status="AUGMENTED" ID="0">
        <layer name="FE" rank="1">
          <label cBy="auto-aug" feID="4563" start="50" end="61" name="Theme" />
          <label cBy="auto-aug" feID="4568" start="69" end="79" name="Goal" />
          <label cBy="auto-aug" feID="4565" start="81" end="93" name="Source" />
        </layer>
        <layer name="Target" rank="1">
          <label cBy="auto-aug" start="63" end="67" name="Target" />
        </layer>
      </annotationSet>
    </sentence>
    <sentence sentNo="0" ID="738259n">
      <text>I taken the streets , lived off the smell of an oily rag , as they say . " </text>
      <annotationSet cDate="08/08/2025 07:59:08 PST Fri" status="AUGMENTED" ID="0">
        <layer name="FE" rank="1">
          <label cBy="auto-aug" feID="4563" start="0" end="0" name="Theme" />
          <label cBy="auto-aug" feID="4572" start="8" end="18" name="Area" />
        </layer>
        <layer name="Target" rank="1">
          <label cBy="auto-aug" start="2" end="6" name="Target" />
        </layer>
      </annotationSet>
    </sentence>
    <sentence sentNo="0" ID="1246849n">
      <text>My wife was taking her bag us and who should be in front of us at the airport ?</text>
      <annotationSet cDate="08/08/2025 07:59:08 PST Fri" status="AUGMENTED" ID="0">
        <layer name="FE" rank="1">
          <label cBy="auto-aug" feID="4563" start="0" end="6" name="Theme" />
          <label cBy="auto-aug" feID="4565" start="19" end="25" name="Source" />
          <label cBy="auto-aug" feID="4568" start="27" end="28" name="Goal" />
        </layer>
        <layer name="Target" rank="1">
          <label cBy="auto-aug" start="12" end="17" name="Target" />
        </layer>
      </annotationSet>
    </sentence>
    <sentence sentNo="0" ID="1246739n">
      <text>Kevin Ellis of Bridgend took a late call-up last night to act as emergency cover for the Wales B team 's scrum-half Andrew Booth .</text>
      <annotationSet cDate="08/08/2025 07:59:08 PST Fri" status="AUGMENTED" ID="0">
        <layer name="FE" rank="1">
          <label cBy="auto-aug" feID="4563" start="0" end="22" name="Theme" />
          <label cBy="auto-aug" feID="4568" start="29" end="42" name="Goal" />
          <label cBy="auto-aug" feID="4980" start="44" end="53" name="Time" />
          <label cBy="auto-aug" feID="4982" start="55" end="127" name="Purpose" />
        </layer>
        <layer name="Target" rank="1">
          <label cBy="auto-aug" start="24" end="27" name="Target" />
        </layer>
      </annotationSet>
    </sentence>
    <sentence sentNo="0" ID="1246719n">
      <text>Attlee promptly took the initiative .</text>
      <annotationSet cDate="08/08/2025 07:59:08 PST Fri" status="AUGMENTED" ID="0">
        <layer name="FE" rank="1">
          <label cBy="auto-aug" feID="4563" start="0" end="5" name="Theme" />
          <label cBy="auto-aug" feID="4568" start="21" end="34" name="Goal" />
        </layer>
        <layer name="Target" rank="1">
          <label cBy="auto-aug" start="16" end="19" name="Target" />
        </layer>
      </annotationSet>
    </sentence>
    <sentence sentNo="0" ID="738256n">
      <text>taking the lift during a snowstorm , wearing a hot pink Luhta skisuit , has to be one of the memories that will remain with me forever . </text>
      <annotationSet cDate="08/08/2025 07:59:08 PST Fri" status="AUGMENTED" ID="0">
        <layer name="FE" rank="1">
          <label cBy="auto-aug" feID="4567" start="7" end="14" name="Path" />
        </layer>
        <layer name="Target" rank="1">
          <label cBy="auto-aug" start="0" end="5" name="Target" />
        </layer>
      </annotationSet>
    </sentence>
    <sentence sentNo="0" ID="644533n">
      <text>The reception , complete with Thai barbecue , was held in a marquee in the back garden of their south London home , and the newly-weds taken from their family to their new life . </text>
      <annotationSet cDate="08/08/2025 07:59:08 PST Fri" status="AUGMENTED" ID="0">
        <layer name="FE" rank="1">
          <label cBy="auto-aug" feID="4563" start="120" end="133" name="Theme" />
          <label cBy="auto-aug" feID="4565" start="141" end="157" name="Source" />
          <label cBy="auto-aug" feID="4568" start="159" end="175" name="Goal" />
        </layer>
        <layer name="Target" rank="1">
          <label cBy="auto-aug" start="135" end="139" name="Target" />
        </layer>
      </annotationSet>
    </sentence>
    <sentence sentNo="0" ID="644495n">
      <text>You would imagine Sarah does more than enough to keep herself fit by taking yoga classes frequently . </text>
      <annotationSet cDate="08/08/2025 07:59:08 PST Fri" status="AUGMENTED" ID="0">
        <layer name="FE" rank="1">
          <label cBy="auto-aug" feID="4563" start="18" end="22" name="Theme" />
          <label cBy="auto-aug" feID="4567" start="76" end="87" name="Path" />
        </layer>
        <layer name="Target" rank="1">
          <label cBy="auto-aug" start="69" end="74" name="Target" />
        </layer>
      </annotationSet>
    </sentence>
    <sentence sentNo="0" ID="644551n">
      <text>And before you know it you 're packing your case and ironing your spotty frocks , ready for taking your belongings to the beach . </text>
      <annotationSet cDate="08/08/2025 07:59:08 PST Fri" status="AUGMENTED" ID="0">
        <layer name="FE" rank="1">
          <label cBy="auto-aug" feID="4563" start="11" end="13" name="Theme" />
          <label cBy="auto-aug" feID="4565" start="99" end="113" name="Source" />
          <label cBy="auto-aug" feID="4568" start="115" end="126" name="Goal" />
        </layer>
        <layer name="Target" rank="1">
          <label cBy="auto-aug" start="92" end="97" name="Target" />
        </layer>
      </annotationSet>
    </sentence>
    <sentence sentNo="0" ID="644517n">
      <text>Other ideas current in London include the sharing of departments between London and New York ( one team taking the work on projects in the office ) and the dismantling of specialist departments in favour of more all-round teams of valuers . </text>
      <annotationSet cDate="08/08/2025 07:59:08 PST Fri" status="AUGMENTED" ID="0">
        <layer name="FE" rank="1">
          <label cBy="auto-aug" feID="4563" start="95" end="102" name="Theme" />
          <label cBy="auto-aug" feID="4567" start="111" end="118" name="Path" />
          <label cBy="auto-aug" feID="4567" start="120" end="130" name="Path" />
          <label cBy="auto-aug" feID="4568" start="132" end="144" name="Goal" />
        </layer>
        <layer name="Target" rank="1">
          <label cBy="auto-aug" start="104" end="109" name="Target" />
        </layer>
      </annotationSet>
    </sentence>
    <sentence sentNo="0" ID="647921n">
      <text>As they took the risk , Myeloski decided he would not comment on what had obviously been a most difficult landing with a lucky outcome . </text>
      <annotationSet cDate="08/08/2025 07:59:08 PST Fri" status="AUGMENTED" ID="0">
        <layer name="FE" rank="1">
          <label cBy="auto-aug" feID="4563" start="3" end="6" name="Theme" />
          <label cBy="auto-aug" feID="4568" start="13" end="20" name="Goal" />
        </layer>
        <layer name="Target" rank="1">
          <label cBy="auto-aug" start="8" end="11" name="Target" />
        </layer>
      </annotationSet>
    </sentence>
    <sentence sentNo="0" ID="647895n">
      <text>Packer and Sheehy were both taking a scenic route in a van on Tuesday when they accidentally collided . </text>
      <annotationSet cDate="08/08/2025 07:59:08 PST Fri" status="AUGMENTED" ID="0">
        <layer name="FE" rank="1">
          <label cBy="auto-aug" feID="4563" start="0" end="16" name="Theme" />
          <label cBy="auto-aug" feID="4572" start="35" end="48" name="Area" />
          <label cBy="auto-aug" feID="4564" start="50" end="57" name="Vehicle" />
        </layer>
        <layer name="Target" rank="1">
          <label cBy="auto-aug" start="28" end="33" name="Target" />
        </layer>
      </annotationSet>
    </sentence>
  </subCorpus>
</lexUnit>