<?xml version='1.0' encoding='UTF-8'?>
<lexUnit xmlns="http://framenet.icsi.berkeley.edu" xmlns:xsi="http://www.w3.org/2001/XMLSchema-instance" status="FN1_Sent" POS="V" name="love.v" ID="880" frame="Experiencer_focus" frameID="48" totalAnnotated="49" xsi:schemaLocation="../schema/lexUnit.xsd">
  <header>
    <corpus description="Wall Street Journal Texts from the PropBank Project" name="PropBank" ID="115">
      <document description="Ticket Splitting" name="TicketSplitting" ID="23012" />
    </corpus>
    <corpus description="American National Corpus Texts" name="ANC" ID="195">
      <document description="Berlitz Where to Go in Hong Kong" name="WhereToHongKong" ID="23771" />
    </corpus>
    <frame>
      <FE fgColor="FFFFFF" bgColor="2E8B57" type="Extra-Thematic" abbrev="cir" name="Circumstances" />
      <FE fgColor="FFFFFF" bgColor="0000FF" type="Core" abbrev="Cont" name="Content" />
      <FE fgColor="FFFFFF" bgColor="FF69B4" type="Peripheral" abbrev="Degr" name="Degree" />
      <FE fgColor="FFFFFF" bgColor="00BFFF" type="Core" abbrev="Event" name="Event" />
      <FE fgColor="FFFFFF" bgColor="800080" type="Core" abbrev="Exp" name="Experiencer" />
      <FE fgColor="FFFFFF" bgColor="00008B" type="Extra-Thematic" abbrev="Exp" name="Explanation" />
      <FE fgColor="FFFFFF" bgColor="006400" type="Core-Unexpressed" abbrev="Expr" name="Expressor" />
      <FE fgColor="FFFFFF" bgColor="FF00FF" type="Peripheral" abbrev="Manr" name="Manner" />
      <FE fgColor="FFFFFF" bgColor="A52A2A" type="Extra-Thematic" abbrev="Par" name="Parameter" />
      <FE fgColor="FFFFFF" bgColor="FFA500" type="Core-Unexpressed" abbrev="State" name="State" />
      <FE fgColor="FFFFFF" bgColor="9F79EE" type="Peripheral" abbrev="tim" name="Time" />
      <FE fgColor="FFFFFF" bgColor="FF0000" type="Core" abbrev="Top" name="Topic" />
    </frame>
  </header>
  <definition>COD: like very much.</definition>
  <lexeme POS="V" name="love" />
  <valences>
    <FERealization total="47">
      <FE name="Content" />
      <pattern total="6">
        <valenceUnit GF="Ext" PT="NP" FE="Content" />
        <annoSet ID="924960" />
        <annoSet ID="924962" />
        <annoSet ID="924968" />
        <annoSet ID="924980" />
        <annoSet ID="924998" />
        <annoSet ID="925006" />
      </pattern>
      <pattern total="31">
        <valenceUnit GF="Obj" PT="NP" FE="Content" />
        <annoSet ID="924534" />
        <annoSet ID="924558" />
        <annoSet ID="924562" />
        <annoSet ID="924610" />
        <annoSet ID="924666" />
        <annoSet ID="924686" />
        <annoSet ID="924690" />
        <annoSet ID="924702" />
        <annoSet ID="924716" />
        <annoSet ID="924720" />
        <annoSet ID="924730" />
        <annoSet ID="924746" />
        <annoSet ID="924766" />
        <annoSet ID="924790" />
        <annoSet ID="924794" />
        <annoSet ID="924812" />
        <annoSet ID="924830" />
        <annoSet ID="924848" />
        <annoSet ID="924862" />
        <annoSet ID="924884" />
        <annoSet ID="924912" />
        <annoSet ID="924930" />
        <annoSet ID="924942" />
        <annoSet ID="925028" />
        <annoSet ID="925098" />
        <annoSet ID="925140" />
        <annoSet ID="925230" />
        <annoSet ID="925290" />
        <annoSet ID="925294" />
        <annoSet ID="4529738" />
        <annoSet ID="6672878" />
      </pattern>
      <pattern total="1">
        <valenceUnit GF="Dep" PT="Sing" FE="Content" />
        <annoSet ID="924640" />
      </pattern>
      <pattern total="2">
        <valenceUnit GF="Dep" PT="Sinterrog" FE="Content" />
        <annoSet ID="924548" />
        <annoSet ID="924550" />
      </pattern>
      <pattern total="2">
        <valenceUnit GF="Dep" PT="Sto" FE="Content" />
        <annoSet ID="924652" />
        <annoSet ID="924678" />
      </pattern>
      <pattern total="3">
        <valenceUnit GF="Dep" PT="VPing" FE="Content" />
        <annoSet ID="924614" />
        <annoSet ID="924682" />
        <annoSet ID="924828" />
      </pattern>
      <pattern total="2">
        <valenceUnit GF="Dep" PT="VPto" FE="Content" />
        <annoSet ID="924570" />
        <annoSet ID="924850" />
      </pattern>
    </FERealization>
    <FERealization total="4">
      <FE name="Degree" />
      <pattern total="4">
        <valenceUnit GF="Dep" PT="AVP" FE="Degree" />
        <annoSet ID="924794" />
        <annoSet ID="924960" />
        <annoSet ID="925140" />
        <annoSet ID="925230" />
      </pattern>
    </FERealization>
    <FERealization total="1">
      <FE name="Event" />
      <pattern total="1">
        <valenceUnit GF="Dep" PT="VPto" FE="Event" />
        <annoSet ID="6560374" />
      </pattern>
    </FERealization>
    <FERealization total="49">
      <FE name="Experiencer" />
      <pattern total="4">
        <valenceUnit GF="Dep" PT="PP[by]" FE="Experiencer" />
        <annoSet ID="924960" />
        <annoSet ID="924962" />
        <annoSet ID="924968" />
        <annoSet ID="924980" />
      </pattern>
      <pattern total="3">
        <valenceUnit GF="" PT="CNI" FE="Experiencer" />
        <annoSet ID="924998" />
        <annoSet ID="925006" />
        <annoSet ID="925290" />
      </pattern>
      <pattern total="42">
        <valenceUnit GF="Ext" PT="NP" FE="Experiencer" />
        <annoSet ID="924534" />
        <annoSet ID="924548" />
        <annoSet ID="924550" />
        <annoSet ID="924558" />
        <annoSet ID="924562" />
        <annoSet ID="924570" />
        <annoSet ID="924610" />
        <annoSet ID="924614" />
        <annoSet ID="924640" />
        <annoSet ID="924652" />
        <annoSet ID="924666" />
        <annoSet ID="924678" />
        <annoSet ID="924682" />
        <annoSet ID="924686" />
        <annoSet ID="924690" />
        <annoSet ID="924702" />
        <annoSet ID="924716" />
        <annoSet ID="924720" />
        <annoSet ID="924730" />
        <annoSet ID="924746" />
        <annoSet ID="924766" />
        <annoSet ID="924790" />
        <annoSet ID="924794" />
        <annoSet ID="924812" />
        <annoSet ID="924828" />
        <annoSet ID="924830" />
        <annoSet ID="924848" />
        <annoSet ID="924850" />
        <annoSet ID="924862" />
        <annoSet ID="924884" />
        <annoSet ID="924912" />
        <annoSet ID="924930" />
        <annoSet ID="924942" />
        <annoSet ID="925028" />
        <annoSet ID="925098" />
        <annoSet ID="925140" />
        <annoSet ID="925230" />
        <annoSet ID="925294" />
        <annoSet ID="4529738" />
        <annoSet ID="6560374" />
        <annoSet ID="6672878" />
        <annoSet ID="6672915" />
      </pattern>
    </FERealization>
    <FERealization total="9">
      <FE name="Explanation" />
      <pattern total="2">
        <valenceUnit GF="Dep" PT="PPing[for]" FE="Explanation" />
        <annoSet ID="924790" />
        <annoSet ID="924794" />
      </pattern>
      <pattern total="1">
        <valenceUnit GF="Dep" PT="AVP" FE="Explanation" />
        <annoSet ID="4529738" />
      </pattern>
      <pattern total="5">
        <valenceUnit GF="Dep" PT="PP[for]" FE="Explanation" />
        <annoSet ID="924716" />
        <annoSet ID="924720" />
        <annoSet ID="924730" />
        <annoSet ID="924746" />
        <annoSet ID="924884" />
      </pattern>
      <pattern total="1">
        <valenceUnit GF="Dep" PT="Sinterrog" FE="Explanation" />
        <annoSet ID="924562" />
      </pattern>
    </FERealization>
    <FERealization total="1">
      <FE name="Manner" />
      <pattern total="1">
        <valenceUnit GF="Dep" PT="PP[in]" FE="Manner" />
        <annoSet ID="924766" />
      </pattern>
    </FERealization>
    <FERealization total="1">
      <FE name="Parameter" />
      <pattern total="1">
        <valenceUnit GF="Dep" PT="PP[as]" FE="Parameter" />
        <annoSet ID="924812" />
      </pattern>
    </FERealization>
    <FERealization total="5">
      <FE name="Topic" />
      <pattern total="4">
        <valenceUnit GF="Dep" PT="PP[about]" FE="Topic" />
        <annoSet ID="924686" />
        <annoSet ID="924690" />
        <annoSet ID="924702" />
        <annoSet ID="925098" />
      </pattern>
      <pattern total="1">
        <valenceUnit GF="Obj" PT="NP" FE="Topic" />
        <annoSet ID="6672915" />
      </pattern>
    </FERealization>
    <FEGroupRealization total="3">
      <FE name="Content" />
      <FE name="Degree" />
      <FE name="Experiencer" />
      <pattern total="1">
        <valenceUnit GF="Ext" PT="NP" FE="Content" />
        <valenceUnit GF="Dep" PT="AVP" FE="Degree" />
        <valenceUnit GF="Dep" PT="PP[by]" FE="Experiencer" />
        <annoSet ID="924960" />
      </pattern>
      <pattern total="2">
        <valenceUnit GF="Obj" PT="NP" FE="Content" />
        <valenceUnit GF="Dep" PT="AVP" FE="Degree" />
        <valenceUnit GF="Ext" PT="NP" FE="Experiencer" />
        <annoSet ID="925140" />
        <annoSet ID="925230" />
      </pattern>
    </FEGroupRealization>
    <FEGroupRealization total="1">
      <FE name="Content" />
      <FE name="Degree" />
      <FE name="Experiencer" />
      <FE name="Explanation" />
      <pattern total="1">
        <valenceUnit GF="Obj" PT="NP" FE="Content" />
        <valenceUnit GF="Dep" PT="AVP" FE="Degree" />
        <valenceUnit GF="Ext" PT="NP" FE="Experiencer" />
        <valenceUnit GF="Dep" PT="PPing[for]" FE="Explanation" />
        <annoSet ID="924794" />
      </pattern>
    </FEGroupRealization>
    <FEGroupRealization total="29">
      <FE name="Content" />
      <FE name="Experiencer" />
      <pattern total="2">
        <valenceUnit GF="Ext" PT="NP" FE="Content" />
        <valenceUnit GF="" PT="CNI" FE="Experiencer" />
        <annoSet ID="924998" />
        <annoSet ID="925006" />
      </pattern>
      <pattern total="3">
        <valenceUnit GF="Ext" PT="NP" FE="Content" />
        <valenceUnit GF="Dep" PT="PP[by]" FE="Experiencer" />
        <annoSet ID="924962" />
        <annoSet ID="924968" />
        <annoSet ID="924980" />
      </pattern>
      <pattern total="1">
        <valenceUnit GF="Obj" PT="NP" FE="Content" />
        <valenceUnit GF="" PT="CNI" FE="Experiencer" />
        <annoSet ID="925290" />
      </pattern>
      <pattern total="13">
        <valenceUnit GF="Obj" PT="NP" FE="Content" />
        <valenceUnit GF="Ext" PT="NP" FE="Experiencer" />
        <annoSet ID="924534" />
        <annoSet ID="924558" />
        <annoSet ID="924610" />
        <annoSet ID="924666" />
        <annoSet ID="924830" />
        <annoSet ID="924848" />
        <annoSet ID="924862" />
        <annoSet ID="924912" />
        <annoSet ID="924930" />
        <annoSet ID="924942" />
        <annoSet ID="925028" />
        <annoSet ID="925294" />
        <annoSet ID="6672878" />
      </pattern>
      <pattern total="1">
        <valenceUnit GF="Dep" PT="Sing" FE="Content" />
        <valenceUnit GF="Ext" PT="NP" FE="Experiencer" />
        <annoSet ID="924640" />
      </pattern>
      <pattern total="2">
        <valenceUnit GF="Dep" PT="Sinterrog" FE="Content" />
        <valenceUnit GF="Ext" PT="NP" FE="Experiencer" />
        <annoSet ID="924548" />
        <annoSet ID="924550" />
      </pattern>
      <pattern total="2">
        <valenceUnit GF="Dep" PT="Sto" FE="Content" />
        <valenceUnit GF="Ext" PT="NP" FE="Experiencer" />
        <annoSet ID="924652" />
        <annoSet ID="924678" />
      </pattern>
      <pattern total="3">
        <valenceUnit GF="Dep" PT="VPing" FE="Content" />
        <valenceUnit GF="Ext" PT="NP" FE="Experiencer" />
        <annoSet ID="924614" />
        <annoSet ID="924682" />
        <annoSet ID="924828" />
      </pattern>
      <pattern total="2">
        <valenceUnit GF="Dep" PT="VPto" FE="Content" />
        <valenceUnit GF="Ext" PT="NP" FE="Experiencer" />
        <annoSet ID="924570" />
        <annoSet ID="924850" />
      </pattern>
    </FEGroupRealization>
    <FEGroupRealization total="1">
      <FE name="Content" />
      <FE name="Experiencer" />
      <FE name="Experiencer" />
      <FE name="Parameter" />
      <pattern total="1">
        <valenceUnit GF="Obj" PT="NP" FE="Content" />
        <valenceUnit GF="Ext" PT="NP" FE="Experiencer" />
        <valenceUnit GF="Ext" PT="NP" FE="Experiencer" />
        <valenceUnit GF="Dep" PT="PP[as]" FE="Parameter" />
        <annoSet ID="924812" />
      </pattern>
    </FEGroupRealization>
    <FEGroupRealization total="8">
      <FE name="Content" />
      <FE name="Experiencer" />
      <FE name="Explanation" />
      <pattern total="1">
        <valenceUnit GF="Obj" PT="NP" FE="Content" />
        <valenceUnit GF="Ext" PT="NP" FE="Experiencer" />
        <valenceUnit GF="Dep" PT="AVP" FE="Explanation" />
        <annoSet ID="4529738" />
      </pattern>
      <pattern total="5">
        <valenceUnit GF="Obj" PT="NP" FE="Content" />
        <valenceUnit GF="Ext" PT="NP" FE="Experiencer" />
        <valenceUnit GF="Dep" PT="PP[for]" FE="Explanation" />
        <annoSet ID="924716" />
        <annoSet ID="924720" />
        <annoSet ID="924730" />
        <annoSet ID="924746" />
        <annoSet ID="924884" />
      </pattern>
      <pattern total="1">
        <valenceUnit GF="Obj" PT="NP" FE="Content" />
        <valenceUnit GF="Ext" PT="NP" FE="Experiencer" />
        <valenceUnit GF="Dep" PT="PPing[for]" FE="Explanation" />
        <annoSet ID="924790" />
      </pattern>
      <pattern total="1">
        <valenceUnit GF="Obj" PT="NP" FE="Content" />
        <valenceUnit GF="Ext" PT="NP" FE="Experiencer" />
        <valenceUnit GF="Dep" PT="Sinterrog" FE="Explanation" />
        <annoSet ID="924562" />
      </pattern>
    </FEGroupRealization>
    <FEGroupRealization total="1">
      <FE name="Content" />
      <FE name="Experiencer" />
      <FE name="Manner" />
      <pattern total="1">
        <valenceUnit GF="Obj" PT="NP" FE="Content" />
        <valenceUnit GF="Ext" PT="NP" FE="Experiencer" />
        <valenceUnit GF="Dep" PT="PP[in]" FE="Manner" />
        <annoSet ID="924766" />
      </pattern>
    </FEGroupRealization>
    <FEGroupRealization total="4">
      <FE name="Content" />
      <FE name="Experiencer" />
      <FE name="Topic" />
      <pattern total="4">
        <valenceUnit GF="Obj" PT="NP" FE="Content" />
        <valenceUnit GF="Ext" PT="NP" FE="Experiencer" />
        <valenceUnit GF="Dep" PT="PP[about]" FE="Topic" />
        <annoSet ID="924686" />
        <annoSet ID="924690" />
        <annoSet ID="924702" />
        <annoSet ID="925098" />
      </pattern>
    </FEGroupRealization>
    <FEGroupRealization total="1">
      <FE name="Event" />
      <FE name="Experiencer" />
      <pattern total="1">
        <valenceUnit GF="Dep" PT="VPto" FE="Event" />
        <valenceUnit GF="Ext" PT="NP" FE="Experiencer" />
        <annoSet ID="6560374" />
      </pattern>
    </FEGroupRealization>
    <FEGroupRealization total="1">
      <FE name="Experiencer" />
      <FE name="Topic" />
      <pattern total="1">
        <valenceUnit GF="Ext" PT="NP" FE="Experiencer" />
        <valenceUnit GF="Obj" PT="NP" FE="Topic" />
        <annoSet ID="6672915" />
      </pattern>
    </FEGroupRealization>
  </valences>
  <subCorpus name="V-augmented">
    <sentence sentNo="0" ID="728755n">
      <text>That is the way of fools and failures who plunge to their own destruction because he who has loved and wishes to die . </text>
      <annotationSet cDate="08/08/2025 07:57:59 PST Fri" status="AUGMENTED" ID="0">
        <layer name="FE" rank="1">
          <label cBy="auto-aug" feID="201" start="82" end="87" name="Experiencer" />
        </layer>
        <layer name="Target" rank="1">
          <label cBy="auto-aug" start="93" end="97" name="Target" />
        </layer>
      </annotationSet>
    </sentence>
    <sentence sentNo="0" ID="4097514n">
      <text>her loves chocolate .</text>
      <annotationSet cDate="08/08/2025 07:57:59 PST Fri" status="AUGMENTED" ID="0">
        <layer name="FE" rank="1">
          <label cBy="auto-aug" feID="201" start="0" end="2" name="Experiencer" />
          <label cBy="auto-aug" feID="202" start="10" end="18" name="Content" />
        </layer>
        <layer name="Target" rank="1">
          <label cBy="auto-aug" start="4" end="8" name="Target" />
        </layer>
      </annotationSet>
    </sentence>
    <sentence sentNo="0" ID="727814n">
      <text>She was deeply loved by her dear friend , that old sphinx , ignored , forgotten by a careless world . </text>
      <annotationSet cDate="08/08/2025 07:57:59 PST Fri" status="AUGMENTED" ID="0">
        <layer name="FE" rank="1">
          <label cBy="auto-aug" feID="202" start="8" end="13" name="Content" />
          <label cBy="auto-aug" feID="201" start="21" end="38" name="Experiencer" />
        </layer>
        <layer name="Target" rank="1">
          <label cBy="auto-aug" start="15" end="19" name="Target" />
        </layer>
      </annotationSet>
    </sentence>
    <sentence sentNo="0" ID="2824202n">
      <text>But there is also a discordant , modern note in Aslacton , though it ca n't be heard by you loving deeply now .</text>
      <annotationSet cDate="08/08/2025 07:57:59 PST Fri" status="AUGMENTED" ID="0">
        <layer name="FE" rank="1">
          <label cBy="auto-aug" feID="201" start="88" end="90" name="Experiencer" />
          <label cBy="auto-aug" feID="3449" start="99" end="104" name="Event" />
          <label cBy="auto-aug" feID="6502" start="106" end="108" name="Time" />
        </layer>
        <layer name="Target" rank="1">
          <label cBy="auto-aug" start="92" end="97" name="Target" />
        </layer>
      </annotationSet>
    </sentence>
    <sentence sentNo="0" ID="730996n">
      <text>I can look at things straight and put things across straight -- I 'm not here to be loved . </text>
      <annotationSet cDate="08/08/2025 07:57:59 PST Fri" status="AUGMENTED" ID="0">
        <layer name="FE" rank="1">
          <label cBy="auto-aug" feID="202" start="64" end="64" name="Content" />
        </layer>
        <layer name="Target" rank="1">
          <label cBy="auto-aug" start="84" end="88" name="Target" />
        </layer>
      </annotationSet>
    </sentence>
    <sentence sentNo="0" ID="729585n">
      <text>` I 'm taking you in my arms , " he returned with you who could only love from the bottom of her heart . </text>
      <annotationSet cDate="08/08/2025 07:57:59 PST Fri" status="AUGMENTED" ID="0">
        <layer name="FE" rank="1">
          <label cBy="auto-aug" feID="202" start="50" end="52" name="Content" />
          <label cBy="auto-aug" feID="201" start="54" end="56" name="Experiencer" />
        </layer>
        <layer name="Target" rank="1">
          <label cBy="auto-aug" start="69" end="72" name="Target" />
        </layer>
      </annotationSet>
    </sentence>
  </subCorpus>
</lexUnit>