<?xml version='1.0' encoding='UTF-8'?>
<lexUnit xmlns="http://framenet.icsi.berkeley.edu" xmlns:xsi="http://www.w3.org/2001/XMLSchema-instance" status="Finished_Initial" POS="V" name="drive.v" ID="8863" frame="Operate_vehicle" frameID="65" totalAnnotated="42" xsi:schemaLocation="../schema/lexUnit.xsd">
  <header>
    <corpus description="BNC2" name="BNC2" ID="111">
      <document description="bncp" name="bncp" ID="421" />
    </corpus>
    <corpus description="Wall Street Journal Texts from the PropBank Project" name="PropBank" ID="115">
      <document description="Bell Ringing" name="BellRinging" ID="23009" />
      <document description="Loma Prieta" name="LomaPrieta" ID="23013" />
    </corpus>
    <corpus description="Texts from Nuclear Threat Initiative website, created by Center for Non-Proliferation Studies" name="NTI" ID="135">
      <document description="WMD News 04/21/2006" name="WMDNews_042106" ID="23605" />
    </corpus>
    <corpus description="LUCorpus-v0.3" name="LUCorpus-v0.3" ID="205">
      <document description="20000410_nyt-NEW" name="20000410_nyt-NEW" ID="23701" />
      <document description="IZ-060316-01-Trans-1" name="IZ-060316-01-Trans-1" ID="23732" />
    </corpus>
    <frame>
      <FE fgColor="FFFFFF" bgColor="9F79EE" type="Core" abbrev="Area" name="Area" />
      <FE fgColor="FFFFFF" bgColor="2E8B57" type="Extra-Thematic" abbrev="Cond" name="Circumstances" />
      <FE fgColor="FFFFFF" bgColor="1E90FF" type="Extra-Thematic" abbrev="Thm_c" name="Cotheme" />
      <FE fgColor="FFFFFF" bgColor="FF69B4" type="Peripheral" abbrev="Degr" name="Degree" />
      <FE fgColor="FFFFFF" bgColor="9400D3" type="Extra-Thematic" abbrev="Dep" name="Depictive" />
      <FE fgColor="FFFFFF" bgColor="800080" type="Peripheral" abbrev="Dist" name="Distance" />
      <FE fgColor="FFFFFF" bgColor="FF0000" type="Core" abbrev="Driv" name="Driver" />
      <FE fgColor="FFFFFF" bgColor="2E8B57" type="Peripheral" abbrev="Dur" name="Duration" />
      <FE fgColor="FFFFFF" bgColor="808080" type="Extra-Thematic" abbrev="Evnt" name="Event" />
      <FE fgColor="000000" bgColor="EEE8AA" type="Extra-Thematic" abbrev="" name="Explanation" />
      <FE fgColor="000000" bgColor="FFFF00" type="Extra-Thematic" abbrev="" name="Frequency" />
      <FE fgColor="FFFFFF" bgColor="00BFFF" type="Core" abbrev="Goal" name="Goal" />
      <FE fgColor="FFFFFF" bgColor="FF00FF" type="Peripheral" abbrev="Manr" name="Manner" />
      <FE fgColor="FFFFFF" bgColor="0000FF" type="Peripheral" abbrev="Mns" name="Means" />
      <FE fgColor="FFFFFF" bgColor="7CCD7C" type="Extra-Thematic" abbrev="" name="Particular_iteration" />
      <FE fgColor="FFFFFF" bgColor="A52A2A" type="Core" abbrev="Path" name="Path" />
      <FE fgColor="FFFFFF" bgColor="008000" type="Peripheral" abbrev="Place" name="Place" />
      <FE fgColor="FFFFFF" bgColor="A9A9A9" type="Peripheral" abbrev="pur" name="Purpose" />
      <FE fgColor="FFFFFF" bgColor="FFA500" type="Extra-Thematic" abbrev="Result" name="Result" />
      <FE fgColor="FFFFFF" bgColor="FF69B4" type="Peripheral" abbrev="Rte" name="Route" />
      <FE fgColor="FFFFFF" bgColor="006400" type="Core" abbrev="Src" name="Source" />
      <FE fgColor="FFFFFF" bgColor="7CCD73" type="Peripheral" abbrev="Spd" name="Speed" />
      <FE fgColor="FFFFFF" bgColor="FFA500" type="Peripheral" abbrev="Time" name="Time" />
      <FE fgColor="FFFFFF" bgColor="00008B" type="Core" abbrev="Veh" name="Vehicle" />
    </frame>
  </header>
  <definition>COD: operate and control the direction and speed of a motor vehicle. </definition>
  <lexeme POS="V" name="drive" />
  <valences>
    <FERealization total="14">
      <FE name="Area" />
      <pattern total="1">
        <valenceUnit GF="Dep" PT="AVP" FE="Area" />
        <annoSet ID="2260747" />
      </pattern>
      <pattern total="1">
        <valenceUnit GF="" PT="DNI" FE="Area" />
        <annoSet ID="6548570" />
      </pattern>
      <pattern total="10">
        <valenceUnit GF="" PT="INI" FE="Area" />
        <annoSet ID="2260561" />
        <annoSet ID="2260603" />
        <annoSet ID="2260687" />
        <annoSet ID="2260689" />
        <annoSet ID="2260733" />
        <annoSet ID="2260743" />
        <annoSet ID="2260957" />
        <annoSet ID="2260963" />
        <annoSet ID="2260985" />
        <annoSet ID="2261023" />
      </pattern>
      <pattern total="2">
        <valenceUnit GF="Dep" PT="PP[through]" FE="Area" />
        <annoSet ID="2260557" />
        <annoSet ID="2260873" />
      </pattern>
    </FERealization>
    <FERealization total="2">
      <FE name="Circumstances" />
      <pattern total="1">
        <valenceUnit GF="Dep" PT="PP[with]" FE="Circumstances" />
        <annoSet ID="2260747" />
      </pattern>
      <pattern total="1">
        <valenceUnit GF="Dep" PT="PP[on]" FE="Circumstances" />
        <annoSet ID="2260851" />
      </pattern>
    </FERealization>
    <FERealization total="1">
      <FE name="Depictive" />
      <pattern total="1">
        <valenceUnit GF="Dep" PT="PP[in]" FE="Depictive" />
        <annoSet ID="2260875" />
      </pattern>
    </FERealization>
    <FERealization total="42">
      <FE name="Driver" />
      <pattern total="39">
        <valenceUnit GF="Ext" PT="NP" FE="Driver" />
        <annoSet ID="2260509" />
        <annoSet ID="2260511" />
        <annoSet ID="2260521" />
        <annoSet ID="2260523" />
        <annoSet ID="2260549" />
        <annoSet ID="2260553" />
        <annoSet ID="2260555" />
        <annoSet ID="2260557" />
        <annoSet ID="2260561" />
        <annoSet ID="2260575" />
        <annoSet ID="2260593" />
        <annoSet ID="2260603" />
        <annoSet ID="2260625" />
        <annoSet ID="2260637" />
        <annoSet ID="2260687" />
        <annoSet ID="2260689" />
        <annoSet ID="2260703" />
        <annoSet ID="2260719" />
        <annoSet ID="2260733" />
        <annoSet ID="2260743" />
        <annoSet ID="2260747" />
        <annoSet ID="2260751" />
        <annoSet ID="2260753" />
        <annoSet ID="2260763" />
        <annoSet ID="2260803" />
        <annoSet ID="2260851" />
        <annoSet ID="2260873" />
        <annoSet ID="2260875" />
        <annoSet ID="2260943" />
        <annoSet ID="2260957" />
        <annoSet ID="2260963" />
        <annoSet ID="2260985" />
        <annoSet ID="2261023" />
        <annoSet ID="4528586" />
        <annoSet ID="4529129" />
        <annoSet ID="6535152" />
        <annoSet ID="6550982" />
        <annoSet ID="6672773" />
        <annoSet ID="6672970" />
      </pattern>
      <pattern total="1">
        <valenceUnit GF="" PT="DNI" FE="Driver" />
        <annoSet ID="6548570" />
      </pattern>
      <pattern total="1">
        <valenceUnit GF="" PT="CNI" FE="Driver" />
        <annoSet ID="4529163" />
      </pattern>
      <pattern total="1">
        <valenceUnit GF="Dep" PT="PP[by]" FE="Driver" />
        <annoSet ID="2260643" />
      </pattern>
    </FERealization>
    <FERealization total="1">
      <FE name="Event" />
      <pattern total="1">
        <valenceUnit GF="Dep" PT="PP[in]" FE="Event" />
        <annoSet ID="2260561" />
      </pattern>
    </FERealization>
    <FERealization total="2">
      <FE name="Explanation" />
      <pattern total="1">
        <valenceUnit GF="" PT="2nd" FE="Explanation" />
        <annoSet ID="2260557" />
      </pattern>
      <pattern total="1">
        <valenceUnit GF="Dep" PT="Sub" FE="Explanation" />
        <annoSet ID="2260593" />
      </pattern>
    </FERealization>
    <FERealization total="1">
      <FE name="Frequency" />
      <pattern total="1">
        <valenceUnit GF="Dep" PT="AVP" FE="Frequency" />
        <annoSet ID="2260593" />
      </pattern>
    </FERealization>
    <FERealization total="14">
      <FE name="Goal" />
      <pattern total="1">
        <valenceUnit GF="Dep" PT="VPto" FE="Goal" />
        <annoSet ID="6548570" />
      </pattern>
      <pattern total="2">
        <valenceUnit GF="Dep" PT="AVP" FE="Goal" />
        <annoSet ID="2260851" />
        <annoSet ID="2260875" />
      </pattern>
      <pattern total="1">
        <valenceUnit GF="" PT="2nd" FE="Goal" />
        <annoSet ID="2260521" />
      </pattern>
      <pattern total="6">
        <valenceUnit GF="Dep" PT="PP[to]" FE="Goal" />
        <annoSet ID="2260509" />
        <annoSet ID="2260511" />
        <annoSet ID="2260593" />
        <annoSet ID="2260637" />
        <annoSet ID="2260703" />
        <annoSet ID="2260763" />
      </pattern>
      <pattern total="1">
        <valenceUnit GF="Dep" PT="AJP" FE="Goal" />
        <annoSet ID="6672970" />
      </pattern>
      <pattern total="1">
        <valenceUnit GF="Dep" PT="PP[at]" FE="Goal" />
        <annoSet ID="2260625" />
      </pattern>
      <pattern total="2">
        <valenceUnit GF="Dep" PT="PP[into]" FE="Goal" />
        <annoSet ID="2260549" />
        <annoSet ID="2260751" />
      </pattern>
    </FERealization>
    <FERealization total="2">
      <FE name="Manner" />
      <pattern total="2">
        <valenceUnit GF="Dep" PT="AVP" FE="Manner" />
        <annoSet ID="2260751" />
        <annoSet ID="2260873" />
      </pattern>
    </FERealization>
    <FERealization total="1">
      <FE name="Particular_iteration" />
      <pattern total="1">
        <valenceUnit GF="Dep" PT="AVP" FE="Particular_iteration" />
        <annoSet ID="2260523" />
      </pattern>
    </FERealization>
    <FERealization total="12">
      <FE name="Path" />
      <pattern total="1">
        <valenceUnit GF="Dep" PT="PP[along]" FE="Path" />
        <annoSet ID="2260521" />
      </pattern>
      <pattern total="1">
        <valenceUnit GF="Dep" PT="PP[from]" FE="Path" />
        <annoSet ID="4528586" />
      </pattern>
      <pattern total="2">
        <valenceUnit GF="Dep" PT="AVP" FE="Path" />
        <annoSet ID="2260593" />
        <annoSet ID="2260625" />
      </pattern>
      <pattern total="1">
        <valenceUnit GF="Dep" PT="PP[around]" FE="Path" />
        <annoSet ID="2260523" />
      </pattern>
      <pattern total="1">
        <valenceUnit GF="" PT="DNI" FE="Path" />
        <annoSet ID="6550982" />
      </pattern>
      <pattern total="2">
        <valenceUnit GF="" PT="INI" FE="Path" />
        <annoSet ID="4529129" />
        <annoSet ID="6535152" />
      </pattern>
      <pattern total="2">
        <valenceUnit GF="Dep" PT="PP[across]" FE="Path" />
        <annoSet ID="2260553" />
        <annoSet ID="2260555" />
      </pattern>
      <pattern total="1">
        <valenceUnit GF="Dep" PT="PP[down]" FE="Path" />
        <annoSet ID="2260943" />
      </pattern>
      <pattern total="1">
        <valenceUnit GF="Dep" PT="PP[towards]" FE="Path" />
        <annoSet ID="2260575" />
      </pattern>
    </FERealization>
    <FERealization total="3">
      <FE name="Place" />
      <pattern total="1">
        <valenceUnit GF="Dep" PT="PP[near]" FE="Place" />
        <annoSet ID="2260803" />
      </pattern>
      <pattern total="1">
        <valenceUnit GF="Dep" PT="PP[at]" FE="Place" />
        <annoSet ID="2260549" />
      </pattern>
      <pattern total="1">
        <valenceUnit GF="Dep" PT="PP[on]" FE="Place" />
        <annoSet ID="2260753" />
      </pattern>
    </FERealization>
    <FERealization total="3">
      <FE name="Source" />
      <pattern total="1">
        <valenceUnit GF="Dep" PT="AVP" FE="Source" />
        <annoSet ID="4529163" />
      </pattern>
      <pattern total="1">
        <valenceUnit GF="Dep" PT="PP[from]" FE="Source" />
        <annoSet ID="2260509" />
      </pattern>
      <pattern total="1">
        <valenceUnit GF="Dep" PT="PP[out]" FE="Source" />
        <annoSet ID="2260575" />
      </pattern>
    </FERealization>
    <FERealization total="10">
      <FE name="Time" />
      <pattern total="1">
        <valenceUnit GF="Dep" PT="PP[whilst]" FE="Time" />
        <annoSet ID="2260963" />
      </pattern>
      <pattern total="1">
        <valenceUnit GF="Dep" PT="Sub" FE="Time" />
        <annoSet ID="2260733" />
      </pattern>
      <pattern total="2">
        <valenceUnit GF="Dep" PT="PP[after]" FE="Time" />
        <annoSet ID="2260557" />
        <annoSet ID="2260719" />
      </pattern>
      <pattern total="1">
        <valenceUnit GF="Dep" PT="PP[within]" FE="Time" />
        <annoSet ID="2260851" />
      </pattern>
      <pattern total="2">
        <valenceUnit GF="Dep" PT="NP" FE="Time" />
        <annoSet ID="2260763" />
        <annoSet ID="4528586" />
      </pattern>
      <pattern total="1">
        <valenceUnit GF="Dep" PT="PP[at]" FE="Time" />
        <annoSet ID="2260803" />
      </pattern>
      <pattern total="1">
        <valenceUnit GF="Dep" PT="PP[on]" FE="Time" />
        <annoSet ID="2260803" />
      </pattern>
      <pattern total="2">
        <valenceUnit GF="Dep" PT="AVP" FE="Time" />
        <annoSet ID="2260511" />
        <annoSet ID="2260753" />
      </pattern>
    </FERealization>
    <FERealization total="41">
      <FE name="Vehicle" />
      <pattern total="2">
        <valenceUnit GF="Dep" PT="PP[in]" FE="Vehicle" />
        <annoSet ID="2260593" />
        <annoSet ID="2260747" />
      </pattern>
      <pattern total="1">
        <valenceUnit GF="" PT="DNI" FE="Vehicle" />
        <annoSet ID="6548570" />
      </pattern>
      <pattern total="31">
        <valenceUnit GF="Obj" PT="NP" FE="Vehicle" />
        <annoSet ID="2260509" />
        <annoSet ID="2260511" />
        <annoSet ID="2260521" />
        <annoSet ID="2260523" />
        <annoSet ID="2260549" />
        <annoSet ID="2260553" />
        <annoSet ID="2260555" />
        <annoSet ID="2260557" />
        <annoSet ID="2260561" />
        <annoSet ID="2260575" />
        <annoSet ID="2260603" />
        <annoSet ID="2260625" />
        <annoSet ID="2260637" />
        <annoSet ID="2260687" />
        <annoSet ID="2260689" />
        <annoSet ID="2260703" />
        <annoSet ID="2260719" />
        <annoSet ID="2260733" />
        <annoSet ID="2260743" />
        <annoSet ID="2260751" />
        <annoSet ID="2260753" />
        <annoSet ID="2260763" />
        <annoSet ID="2260803" />
        <annoSet ID="2260851" />
        <annoSet ID="2260943" />
        <annoSet ID="2260985" />
        <annoSet ID="2261023" />
        <annoSet ID="4529129" />
        <annoSet ID="6535152" />
        <annoSet ID="6550982" />
        <annoSet ID="6672970" />
      </pattern>
      <pattern total="5">
        <valenceUnit GF="" PT="INI" FE="Vehicle" />
        <annoSet ID="2260873" />
        <annoSet ID="2260875" />
        <annoSet ID="2260957" />
        <annoSet ID="2260963" />
        <annoSet ID="6672773" />
      </pattern>
      <pattern total="1">
        <valenceUnit GF="" PT="CNI" FE="Vehicle" />
        <annoSet ID="4529163" />
      </pattern>
      <pattern total="1">
        <valenceUnit GF="Ext" PT="NP" FE="Vehicle" />
        <annoSet ID="2260643" />
      </pattern>
    </FERealization>
    <FEGroupRealization total="1">
      <FE name="Area" />
      <FE name="Circumstances" />
      <FE name="Driver" />
      <FE name="Vehicle" />
      <pattern total="1">
        <valenceUnit GF="Dep" PT="AVP" FE="Area" />
        <valenceUnit GF="Dep" PT="PP[with]" FE="Circumstances" />
        <valenceUnit GF="Ext" PT="NP" FE="Driver" />
        <valenceUnit GF="Dep" PT="PP[in]" FE="Vehicle" />
        <annoSet ID="2260747" />
      </pattern>
    </FEGroupRealization>
    <FEGroupRealization total="1">
      <FE name="Area" />
      <FE name="Driver" />
      <FE name="Driver" />
      <FE name="Vehicle" />
      <pattern total="1">
        <valenceUnit GF="" PT="INI" FE="Area" />
        <valenceUnit GF="Ext" PT="NP" FE="Driver" />
        <valenceUnit GF="Ext" PT="NP" FE="Driver" />
        <valenceUnit GF="Obj" PT="NP" FE="Vehicle" />
        <annoSet ID="2260985" />
      </pattern>
    </FEGroupRealization>
    <FEGroupRealization total="1">
      <FE name="Area" />
      <FE name="Driver" />
      <FE name="Event" />
      <FE name="Vehicle" />
      <pattern total="1">
        <valenceUnit GF="" PT="INI" FE="Area" />
        <valenceUnit GF="Ext" PT="NP" FE="Driver" />
        <valenceUnit GF="Dep" PT="PP[in]" FE="Event" />
        <valenceUnit GF="Obj" PT="NP" FE="Vehicle" />
        <annoSet ID="2260561" />
      </pattern>
    </FEGroupRealization>
    <FEGroupRealization total="1">
      <FE name="Area" />
      <FE name="Driver" />
      <FE name="Explanation" />
      <FE name="Time" />
      <FE name="Vehicle" />
      <pattern total="1">
        <valenceUnit GF="Dep" PT="PP[through]" FE="Area" />
        <valenceUnit GF="Ext" PT="NP" FE="Driver" />
        <valenceUnit GF="" PT="2nd" FE="Explanation" />
        <valenceUnit GF="Dep" PT="PP[after]" FE="Time" />
        <valenceUnit GF="Obj" PT="NP" FE="Vehicle" />
        <annoSet ID="2260557" />
      </pattern>
    </FEGroupRealization>
    <FEGroupRealization total="1">
      <FE name="Area" />
      <FE name="Driver" />
      <FE name="Goal" />
      <FE name="Vehicle" />
      <pattern total="1">
        <valenceUnit GF="" PT="DNI" FE="Area" />
        <valenceUnit GF="" PT="DNI" FE="Driver" />
        <valenceUnit GF="Dep" PT="VPto" FE="Goal" />
        <valenceUnit GF="" PT="DNI" FE="Vehicle" />
        <annoSet ID="6548570" />
      </pattern>
    </FEGroupRealization>
    <FEGroupRealization total="1">
      <FE name="Area" />
      <FE name="Driver" />
      <FE name="Manner" />
      <FE name="Vehicle" />
      <pattern total="1">
        <valenceUnit GF="Dep" PT="PP[through]" FE="Area" />
        <valenceUnit GF="Ext" PT="NP" FE="Driver" />
        <valenceUnit GF="Dep" PT="AVP" FE="Manner" />
        <valenceUnit GF="" PT="INI" FE="Vehicle" />
        <annoSet ID="2260873" />
      </pattern>
    </FEGroupRealization>
    <FEGroupRealization total="2">
      <FE name="Area" />
      <FE name="Driver" />
      <FE name="Time" />
      <FE name="Vehicle" />
      <pattern total="1">
        <valenceUnit GF="" PT="INI" FE="Area" />
        <valenceUnit GF="Ext" PT="NP" FE="Driver" />
        <valenceUnit GF="Dep" PT="PP[whilst]" FE="Time" />
        <valenceUnit GF="" PT="INI" FE="Vehicle" />
        <annoSet ID="2260963" />
      </pattern>
      <pattern total="1">
        <valenceUnit GF="" PT="INI" FE="Area" />
        <valenceUnit GF="Ext" PT="NP" FE="Driver" />
        <valenceUnit GF="Dep" PT="Sub" FE="Time" />
        <valenceUnit GF="Obj" PT="NP" FE="Vehicle" />
        <annoSet ID="2260733" />
      </pattern>
    </FEGroupRealization>
    <FEGroupRealization total="6">
      <FE name="Area" />
      <FE name="Driver" />
      <FE name="Vehicle" />
      <pattern total="1">
        <valenceUnit GF="" PT="INI" FE="Area" />
        <valenceUnit GF="Ext" PT="NP" FE="Driver" />
        <valenceUnit GF="" PT="INI" FE="Vehicle" />
        <annoSet ID="2260957" />
      </pattern>
      <pattern total="5">
        <valenceUnit GF="" PT="INI" FE="Area" />
        <valenceUnit GF="Ext" PT="NP" FE="Driver" />
        <valenceUnit GF="Obj" PT="NP" FE="Vehicle" />
        <annoSet ID="2260603" />
        <annoSet ID="2260687" />
        <annoSet ID="2260689" />
        <annoSet ID="2260743" />
        <annoSet ID="2261023" />
      </pattern>
    </FEGroupRealization>
    <FEGroupRealization total="1">
      <FE name="Circumstances" />
      <FE name="Driver" />
      <FE name="Goal" />
      <FE name="Time" />
      <FE name="Vehicle" />
      <pattern total="1">
        <valenceUnit GF="Dep" PT="PP[on]" FE="Circumstances" />
        <valenceUnit GF="Ext" PT="NP" FE="Driver" />
        <valenceUnit GF="Dep" PT="AVP" FE="Goal" />
        <valenceUnit GF="Dep" PT="PP[within]" FE="Time" />
        <valenceUnit GF="Obj" PT="NP" FE="Vehicle" />
        <annoSet ID="2260851" />
      </pattern>
    </FEGroupRealization>
    <FEGroupRealization total="1">
      <FE name="Depictive" />
      <FE name="Driver" />
      <FE name="Goal" />
      <FE name="Vehicle" />
      <pattern total="1">
        <valenceUnit GF="Dep" PT="PP[in]" FE="Depictive" />
        <valenceUnit GF="Ext" PT="NP" FE="Driver" />
        <valenceUnit GF="Dep" PT="AVP" FE="Goal" />
        <valenceUnit GF="" PT="INI" FE="Vehicle" />
        <annoSet ID="2260875" />
      </pattern>
    </FEGroupRealization>
    <FEGroupRealization total="1">
      <FE name="Driver" />
      <FE name="Driver" />
      <FE name="Goal" />
      <FE name="Path" />
      <FE name="Vehicle" />
      <pattern total="1">
        <valenceUnit GF="Ext" PT="NP" FE="Driver" />
        <valenceUnit GF="Ext" PT="NP" FE="Driver" />
        <valenceUnit GF="" PT="2nd" FE="Goal" />
        <valenceUnit GF="Dep" PT="PP[along]" FE="Path" />
        <valenceUnit GF="Obj" PT="NP" FE="Vehicle" />
        <annoSet ID="2260521" />
      </pattern>
    </FEGroupRealization>
    <FEGroupRealization total="1">
      <FE name="Driver" />
      <FE name="Driver" />
      <FE name="Goal" />
      <FE name="Vehicle" />
      <pattern total="1">
        <valenceUnit GF="Ext" PT="NP" FE="Driver" />
        <valenceUnit GF="Ext" PT="NP" FE="Driver" />
        <valenceUnit GF="Dep" PT="PP[to]" FE="Goal" />
        <valenceUnit GF="Obj" PT="NP" FE="Vehicle" />
        <annoSet ID="2260703" />
      </pattern>
    </FEGroupRealization>
    <FEGroupRealization total="1">
      <FE name="Driver" />
      <FE name="Driver" />
      <FE name="Path" />
      <FE name="Time" />
      <pattern total="1">
        <valenceUnit GF="Ext" PT="NP" FE="Driver" />
        <valenceUnit GF="Ext" PT="NP" FE="Driver" />
        <valenceUnit GF="Dep" PT="PP[from]" FE="Path" />
        <valenceUnit GF="Dep" PT="NP" FE="Time" />
        <annoSet ID="4528586" />
      </pattern>
    </FEGroupRealization>
    <FEGroupRealization total="1">
      <FE name="Driver" />
      <FE name="Driver" />
      <FE name="Place" />
      <FE name="Time" />
      <FE name="Time" />
      <FE name="Vehicle" />
      <pattern total="1">
        <valenceUnit GF="Ext" PT="NP" FE="Driver" />
        <valenceUnit GF="Ext" PT="NP" FE="Driver" />
        <valenceUnit GF="Dep" PT="PP[near]" FE="Place" />
        <valenceUnit GF="Dep" PT="PP[at]" FE="Time" />
        <valenceUnit GF="Dep" PT="PP[on]" FE="Time" />
        <valenceUnit GF="Obj" PT="NP" FE="Vehicle" />
        <annoSet ID="2260803" />
      </pattern>
    </FEGroupRealization>
    <FEGroupRealization total="1">
      <FE name="Driver" />
      <FE name="Driver" />
      <FE name="Time" />
      <FE name="Vehicle" />
      <pattern total="1">
        <valenceUnit GF="Ext" PT="NP" FE="Driver" />
        <valenceUnit GF="Ext" PT="NP" FE="Driver" />
        <valenceUnit GF="Dep" PT="PP[after]" FE="Time" />
        <valenceUnit GF="Obj" PT="NP" FE="Vehicle" />
        <annoSet ID="2260719" />
      </pattern>
    </FEGroupRealization>
    <FEGroupRealization total="1">
      <FE name="Driver" />
      <FE name="Explanation" />
      <FE name="Frequency" />
      <FE name="Goal" />
      <FE name="Path" />
      <FE name="Vehicle" />
      <pattern total="1">
        <valenceUnit GF="Ext" PT="NP" FE="Driver" />
        <valenceUnit GF="Dep" PT="Sub" FE="Explanation" />
        <valenceUnit GF="Dep" PT="AVP" FE="Frequency" />
        <valenceUnit GF="Dep" PT="PP[to]" FE="Goal" />
        <valenceUnit GF="Dep" PT="AVP" FE="Path" />
        <valenceUnit GF="Dep" PT="PP[in]" FE="Vehicle" />
        <annoSet ID="2260593" />
      </pattern>
    </FEGroupRealization>
    <FEGroupRealization total="1">
      <FE name="Driver" />
      <FE name="Goal" />
      <FE name="Manner" />
      <FE name="Vehicle" />
      <pattern total="1">
        <valenceUnit GF="Ext" PT="NP" FE="Driver" />
        <valenceUnit GF="Dep" PT="PP[into]" FE="Goal" />
        <valenceUnit GF="Dep" PT="AVP" FE="Manner" />
        <valenceUnit GF="Obj" PT="NP" FE="Vehicle" />
        <annoSet ID="2260751" />
      </pattern>
    </FEGroupRealization>
    <FEGroupRealization total="1">
      <FE name="Driver" />
      <FE name="Goal" />
      <FE name="Path" />
      <FE name="Vehicle" />
      <pattern total="1">
        <valenceUnit GF="Ext" PT="NP" FE="Driver" />
        <valenceUnit GF="Dep" PT="PP[at]" FE="Goal" />
        <valenceUnit GF="Dep" PT="AVP" FE="Path" />
        <valenceUnit GF="Obj" PT="NP" FE="Vehicle" />
        <annoSet ID="2260625" />
      </pattern>
    </FEGroupRealization>
    <FEGroupRealization total="1">
      <FE name="Driver" />
      <FE name="Goal" />
      <FE name="Place" />
      <FE name="Vehicle" />
      <pattern total="1">
        <valenceUnit GF="Ext" PT="NP" FE="Driver" />
        <valenceUnit GF="Dep" PT="PP[into]" FE="Goal" />
        <valenceUnit GF="Dep" PT="PP[at]" FE="Place" />
        <valenceUnit GF="Obj" PT="NP" FE="Vehicle" />
        <annoSet ID="2260549" />
      </pattern>
    </FEGroupRealization>
    <FEGroupRealization total="1">
      <FE name="Driver" />
      <FE name="Goal" />
      <FE name="Source" />
      <FE name="Vehicle" />
      <pattern total="1">
        <valenceUnit GF="Ext" PT="NP" FE="Driver" />
        <valenceUnit GF="Dep" PT="PP[to]" FE="Goal" />
        <valenceUnit GF="Dep" PT="PP[from]" FE="Source" />
        <valenceUnit GF="Obj" PT="NP" FE="Vehicle" />
        <annoSet ID="2260509" />
      </pattern>
    </FEGroupRealization>
    <FEGroupRealization total="2">
      <FE name="Driver" />
      <FE name="Goal" />
      <FE name="Time" />
      <FE name="Vehicle" />
      <pattern total="1">
        <valenceUnit GF="Ext" PT="NP" FE="Driver" />
        <valenceUnit GF="Dep" PT="PP[to]" FE="Goal" />
        <valenceUnit GF="Dep" PT="AVP" FE="Time" />
        <valenceUnit GF="Obj" PT="NP" FE="Vehicle" />
        <annoSet ID="2260511" />
      </pattern>
      <pattern total="1">
        <valenceUnit GF="Ext" PT="NP" FE="Driver" />
        <valenceUnit GF="Dep" PT="PP[to]" FE="Goal" />
        <valenceUnit GF="Dep" PT="NP" FE="Time" />
        <valenceUnit GF="Obj" PT="NP" FE="Vehicle" />
        <annoSet ID="2260763" />
      </pattern>
    </FEGroupRealization>
    <FEGroupRealization total="2">
      <FE name="Driver" />
      <FE name="Goal" />
      <FE name="Vehicle" />
      <pattern total="1">
        <valenceUnit GF="Ext" PT="NP" FE="Driver" />
        <valenceUnit GF="Dep" PT="AJP" FE="Goal" />
        <valenceUnit GF="Obj" PT="NP" FE="Vehicle" />
        <annoSet ID="6672970" />
      </pattern>
      <pattern total="1">
        <valenceUnit GF="Ext" PT="NP" FE="Driver" />
        <valenceUnit GF="Dep" PT="PP[to]" FE="Goal" />
        <valenceUnit GF="Obj" PT="NP" FE="Vehicle" />
        <annoSet ID="2260637" />
      </pattern>
    </FEGroupRealization>
    <FEGroupRealization total="1">
      <FE name="Driver" />
      <FE name="Particular_iteration" />
      <FE name="Path" />
      <FE name="Vehicle" />
      <pattern total="1">
        <valenceUnit GF="Ext" PT="NP" FE="Driver" />
        <valenceUnit GF="Dep" PT="AVP" FE="Particular_iteration" />
        <valenceUnit GF="Dep" PT="PP[around]" FE="Path" />
        <valenceUnit GF="Obj" PT="NP" FE="Vehicle" />
        <annoSet ID="2260523" />
      </pattern>
    </FEGroupRealization>
    <FEGroupRealization total="1">
      <FE name="Driver" />
      <FE name="Path" />
      <FE name="Source" />
      <FE name="Vehicle" />
      <pattern total="1">
        <valenceUnit GF="Ext" PT="NP" FE="Driver" />
        <valenceUnit GF="Dep" PT="PP[towards]" FE="Path" />
        <valenceUnit GF="Dep" PT="PP[out]" FE="Source" />
        <valenceUnit GF="Obj" PT="NP" FE="Vehicle" />
        <annoSet ID="2260575" />
      </pattern>
    </FEGroupRealization>
    <FEGroupRealization total="6">
      <FE name="Driver" />
      <FE name="Path" />
      <FE name="Vehicle" />
      <pattern total="1">
        <valenceUnit GF="Ext" PT="NP" FE="Driver" />
        <valenceUnit GF="" PT="DNI" FE="Path" />
        <valenceUnit GF="Obj" PT="NP" FE="Vehicle" />
        <annoSet ID="6550982" />
      </pattern>
      <pattern total="2">
        <valenceUnit GF="Ext" PT="NP" FE="Driver" />
        <valenceUnit GF="" PT="INI" FE="Path" />
        <valenceUnit GF="Obj" PT="NP" FE="Vehicle" />
        <annoSet ID="4529129" />
        <annoSet ID="6535152" />
      </pattern>
      <pattern total="2">
        <valenceUnit GF="Ext" PT="NP" FE="Driver" />
        <valenceUnit GF="Dep" PT="PP[across]" FE="Path" />
        <valenceUnit GF="Obj" PT="NP" FE="Vehicle" />
        <annoSet ID="2260553" />
        <annoSet ID="2260555" />
      </pattern>
      <pattern total="1">
        <valenceUnit GF="Ext" PT="NP" FE="Driver" />
        <valenceUnit GF="Dep" PT="PP[down]" FE="Path" />
        <valenceUnit GF="Obj" PT="NP" FE="Vehicle" />
        <annoSet ID="2260943" />
      </pattern>
    </FEGroupRealization>
    <FEGroupRealization total="1">
      <FE name="Driver" />
      <FE name="Place" />
      <FE name="Time" />
      <FE name="Vehicle" />
      <pattern total="1">
        <valenceUnit GF="Ext" PT="NP" FE="Driver" />
        <valenceUnit GF="Dep" PT="PP[on]" FE="Place" />
        <valenceUnit GF="Dep" PT="AVP" FE="Time" />
        <valenceUnit GF="Obj" PT="NP" FE="Vehicle" />
        <annoSet ID="2260753" />
      </pattern>
    </FEGroupRealization>
    <FEGroupRealization total="1">
      <FE name="Driver" />
      <FE name="Source" />
      <FE name="Vehicle" />
      <pattern total="1">
        <valenceUnit GF="" PT="CNI" FE="Driver" />
        <valenceUnit GF="Dep" PT="AVP" FE="Source" />
        <valenceUnit GF="" PT="CNI" FE="Vehicle" />
        <annoSet ID="4529163" />
      </pattern>
    </FEGroupRealization>
    <FEGroupRealization total="2">
      <FE name="Driver" />
      <FE name="Vehicle" />
      <pattern total="1">
        <valenceUnit GF="Ext" PT="NP" FE="Driver" />
        <valenceUnit GF="" PT="INI" FE="Vehicle" />
        <annoSet ID="6672773" />
      </pattern>
      <pattern total="1">
        <valenceUnit GF="Dep" PT="PP[by]" FE="Driver" />
        <valenceUnit GF="Ext" PT="NP" FE="Vehicle" />
        <annoSet ID="2260643" />
      </pattern>
    </FEGroupRealization>
  </valences>
  <subCorpus name="V-augmented">
    <sentence sentNo="0" ID="647945n">
      <text>Left foot forwards , knees slightly bent , I rode the board down that precipitous slope like a man driving the wave . </text>
      <annotationSet cDate="08/08/2025 07:59:24 PST Fri" status="AUGMENTED" ID="0">
        <layer name="FE" rank="1">
          <label cBy="auto-aug" feID="292" start="93" end="97" name="Driver" />
          <label cBy="auto-aug" feID="296" start="107" end="114" name="Path" />
        </layer>
        <layer name="Target" rank="1">
          <label cBy="auto-aug" start="99" end="105" name="Target" />
        </layer>
      </annotationSet>
    </sentence>
    <sentence sentNo="0" ID="640405n">
      <text>Richard was in ` unbearable pain " after driving the car off the road and hitting the water at about 80mph . </text>
      <annotationSet cDate="08/08/2025 07:59:24 PST Fri" status="AUGMENTED" ID="0">
        <layer name="FE" rank="1">
          <label cBy="auto-aug" feID="292" start="0" end="6" name="Driver" />
          <label cBy="auto-aug" feID="296" start="49" end="68" name="Path" />
        </layer>
        <layer name="Target" rank="1">
          <label cBy="auto-aug" start="41" end="47" name="Target" />
        </layer>
      </annotationSet>
    </sentence>
    <sentence sentNo="0" ID="645022n">
      <text>He hoped that the rear gunner had been able to drive to safety . </text>
      <annotationSet cDate="08/08/2025 07:59:24 PST Fri" status="AUGMENTED" ID="0">
        <layer name="FE" rank="1">
          <label cBy="auto-aug" feID="292" start="14" end="28" name="Driver" />
          <label cBy="auto-aug" feID="297" start="53" end="61" name="Goal" />
        </layer>
        <layer name="Target" rank="1">
          <label cBy="auto-aug" start="47" end="51" name="Target" />
        </layer>
      </annotationSet>
    </sentence>
    <sentence sentNo="0" ID="647621n">
      <text>I avoided the mob on the path by descending 200 feet driving my car through the woods . </text>
      <annotationSet cDate="08/08/2025 07:59:24 PST Fri" status="AUGMENTED" ID="0">
        <layer name="FE" rank="1">
          <label cBy="auto-aug" feID="292" start="0" end="0" name="Driver" />
          <label cBy="auto-aug" feID="294" start="61" end="66" name="Vehicle" />
          <label cBy="auto-aug" feID="300" start="68" end="84" name="Area" />
        </layer>
        <layer name="Target" rank="1">
          <label cBy="auto-aug" start="53" end="59" name="Target" />
        </layer>
      </annotationSet>
    </sentence>
    <sentence sentNo="0" ID="647808n">
      <text>If he stays there too long he will slip into the dirty wind like C , so he must drive away quickly . </text>
      <annotationSet cDate="08/08/2025 07:59:24 PST Fri" status="AUGMENTED" ID="0">
        <layer name="FE" rank="1">
          <label cBy="auto-aug" feID="292" start="3" end="4" name="Driver" />
          <label cBy="auto-aug" feID="295" start="86" end="89" name="Source" />
          <label cBy="auto-aug" feID="298" start="91" end="97" name="Manner" />
        </layer>
        <layer name="Target" rank="1">
          <label cBy="auto-aug" start="80" end="84" name="Target" />
        </layer>
      </annotationSet>
    </sentence>
    <sentence sentNo="0" ID="647909n">
      <text>When I landed and drove the vehicle an awed group of aircraftsmen crowded around the machine to examine the damage . </text>
      <annotationSet cDate="08/08/2025 07:59:24 PST Fri" status="AUGMENTED" ID="0">
        <layer name="FE" rank="1">
          <label cBy="auto-aug" feID="292" start="5" end="5" name="Driver" />
          <label cBy="auto-aug" feID="297" start="24" end="34" name="Goal" />
        </layer>
        <layer name="Target" rank="1">
          <label cBy="auto-aug" start="18" end="22" name="Target" />
        </layer>
      </annotationSet>
    </sentence>
  </subCorpus>
</lexUnit>