<?xml version='1.0' encoding='UTF-8'?>
<lexUnit xmlns="http://framenet.icsi.berkeley.edu" xmlns:xsi="http://www.w3.org/2001/XMLSchema-instance" status="Finished_Initial" POS="V" name="die.v" ID="924" frame="Death" frameID="53" totalAnnotated="42" xsi:schemaLocation="../schema/lexUnit.xsd">
  <header>
    <corpus description="Wall Street Journal Texts from the PropBank Project" name="PropBank" ID="115">
      <document description="Bell Ringing" name="BellRinging" ID="23009" />
      <document description="Loma Prieta" name="LomaPrieta" ID="23013" />
    </corpus>
    <corpus description="Texts from Nuclear Threat Initiative website, created by Center for Non-Proliferation Studies" name="NTI" ID="135">
      <document description="Iran Missile" name="Iran_Missile" ID="23512" />
      <document description="Iran Chemical" name="Iran_Chemical" ID="23514" />
    </corpus>
    <corpus description="AQUAINT Knowledge-Based Evaluation Texts" name="KBEval" ID="185">
      <document description="LCC-M" name="LCC-M" ID="23578" />
    </corpus>
    <corpus description="American National Corpus Texts" name="ANC" ID="195">
      <document description="Berlitz History of Jerusalem" name="HistoryOfJerusalem" ID="23647" />
      <document description="Berlitz Where to Go in Hong Kong" name="WhereToHongKong" ID="23771" />
    </corpus>
    <corpus description="LUCorpus-v0.3" name="LUCorpus-v0.3" ID="205">
      <document description="20000416_xin_eng-NEW" name="20000416_xin_eng-NEW" ID="23702" />
      <document description="20000420_xin_eng-NEW" name="20000420_xin_eng-NEW" ID="23712" />
      <document description="wsj_2465" name="wsj_2465" ID="23722" />
    </corpus>
    <frame>
      <FE fgColor="FFFFFF" bgColor="A9A9A9" type="Extra-Thematic" abbrev="sub" name="Containing_event" />
      <FE fgColor="FFFFFF" bgColor="FF69B4" type="Peripheral" abbrev="Degr" name="Degree" />
      <FE fgColor="FFFFFF" bgColor="9400D3" type="Extra-Thematic" abbrev="Dep" name="Depictive" />
      <FE fgColor="FFFFFF" bgColor="A52A2A" type="Extra-Thematic" abbrev="Expl" name="Explanation" />
      <FE fgColor="000000" bgColor="2E8B57" type="Extra-Thematic" abbrev="mal" name="Maleficiary" />
      <FE fgColor="FFFFFF" bgColor="FF00FF" type="Peripheral" abbrev="Manr" name="Manner" />
      <FE fgColor="FFFFFF" bgColor="008000" type="Peripheral" abbrev="Place" name="Place" />
      <FE fgColor="FFFFFF" bgColor="FF0000" type="Core" abbrev="Prot" name="Protagonist" />
      <FE fgColor="FFFFFF" bgColor="9F79EE" type="Extra-Thematic" abbrev="Res" name="Result" />
      <FE fgColor="FFFFFF" bgColor="FFA500" type="Peripheral" abbrev="Time" name="Time" />
    </frame>
  </header>
  <definition>COD: stop living.</definition>
  <lexeme POS="V" name="die" />
  <valences>
    <FERealization total="2">
      <FE name="Containing_event" />
      <pattern total="1">
        <valenceUnit GF="Dep" PT="PP[as]" FE="Containing_event" />
        <annoSet ID="6539065" />
      </pattern>
      <pattern total="1">
        <valenceUnit GF="Dep" PT="PP[to]" FE="Containing_event" />
        <annoSet ID="6548707" />
      </pattern>
    </FERealization>
    <FERealization total="2">
      <FE name="Depictive" />
      <pattern total="1">
        <valenceUnit GF="Dep" PT="NP" FE="Depictive" />
        <annoSet ID="6548841" />
      </pattern>
      <pattern total="1">
        <valenceUnit GF="Dep" PT="PP[with]" FE="Depictive" />
        <annoSet ID="6524790" />
      </pattern>
    </FERealization>
    <FERealization total="27">
      <FE name="Explanation" />
      <pattern total="8">
        <valenceUnit GF="Dep" PT="PP[of]" FE="Explanation" />
        <annoSet ID="1771488" />
        <annoSet ID="1771492" />
        <annoSet ID="1771526" />
        <annoSet ID="1771534" />
        <annoSet ID="1771546" />
        <annoSet ID="1771560" />
        <annoSet ID="6532901" />
        <annoSet ID="6548707" />
      </pattern>
      <pattern total="1">
        <valenceUnit GF="" PT="2nd" FE="Explanation" />
        <annoSet ID="1861012" />
      </pattern>
      <pattern total="1">
        <valenceUnit GF="Dep" PT="PP[because of]" FE="Explanation" />
        <annoSet ID="1771762" />
      </pattern>
      <pattern total="2">
        <valenceUnit GF="Dep" PT="PP[for]" FE="Explanation" />
        <annoSet ID="1771572" />
        <annoSet ID="1771602" />
      </pattern>
      <pattern total="7">
        <valenceUnit GF="Dep" PT="PP[from]" FE="Explanation" />
        <annoSet ID="1771504" />
        <annoSet ID="1771604" />
        <annoSet ID="1771608" />
        <annoSet ID="1771622" />
        <annoSet ID="1771636" />
        <annoSet ID="1771640" />
        <annoSet ID="1771736" />
      </pattern>
      <pattern total="2">
        <valenceUnit GF="Dep" PT="PP[in]" FE="Explanation" />
        <annoSet ID="1771654" />
        <annoSet ID="1771664" />
      </pattern>
      <pattern total="2">
        <valenceUnit GF="Dep" PT="PPing[after]" FE="Explanation" />
        <annoSet ID="1771784" />
        <annoSet ID="1771796" />
      </pattern>
      <pattern total="1">
        <valenceUnit GF="Dep" PT="PPing[from]" FE="Explanation" />
        <annoSet ID="1771726" />
      </pattern>
      <pattern total="3">
        <valenceUnit GF="Dep" PT="Sinterrog" FE="Explanation" />
        <annoSet ID="1771412" />
        <annoSet ID="1771426" />
        <annoSet ID="1771436" />
      </pattern>
    </FERealization>
    <FERealization total="1">
      <FE name="Manner" />
      <pattern total="1">
        <valenceUnit GF="Dep" PT="AVP" FE="Manner" />
        <annoSet ID="1771938" />
      </pattern>
    </FERealization>
    <FERealization total="4">
      <FE name="Place" />
      <pattern total="2">
        <valenceUnit GF="Dep" PT="PP[in]" FE="Place" />
        <annoSet ID="6533105" />
        <annoSet ID="6539065" />
      </pattern>
      <pattern total="1">
        <valenceUnit GF="Dep" PT="AVP" FE="Place" />
        <annoSet ID="6549429" />
      </pattern>
      <pattern total="1">
        <valenceUnit GF="Dep" PT="PP[at]" FE="Place" />
        <annoSet ID="6533064" />
      </pattern>
    </FERealization>
    <FERealization total="42">
      <FE name="Protagonist" />
      <pattern total="40">
        <valenceUnit GF="Ext" PT="NP" FE="Protagonist" />
        <annoSet ID="1771412" />
        <annoSet ID="1771426" />
        <annoSet ID="1771436" />
        <annoSet ID="1771478" />
        <annoSet ID="1771488" />
        <annoSet ID="1771492" />
        <annoSet ID="1771504" />
        <annoSet ID="1771518" />
        <annoSet ID="1771526" />
        <annoSet ID="1771534" />
        <annoSet ID="1771546" />
        <annoSet ID="1771560" />
        <annoSet ID="1771572" />
        <annoSet ID="1771602" />
        <annoSet ID="1771604" />
        <annoSet ID="1771608" />
        <annoSet ID="1771622" />
        <annoSet ID="1771636" />
        <annoSet ID="1771640" />
        <annoSet ID="1771654" />
        <annoSet ID="1771660" />
        <annoSet ID="1771664" />
        <annoSet ID="1771726" />
        <annoSet ID="1771736" />
        <annoSet ID="1771762" />
        <annoSet ID="1771784" />
        <annoSet ID="1771796" />
        <annoSet ID="1771938" />
        <annoSet ID="1861012" />
        <annoSet ID="4529011" />
        <annoSet ID="4529230" />
        <annoSet ID="6523561" />
        <annoSet ID="6524790" />
        <annoSet ID="6532901" />
        <annoSet ID="6533064" />
        <annoSet ID="6533105" />
        <annoSet ID="6539065" />
        <annoSet ID="6539238" />
        <annoSet ID="6548707" />
        <annoSet ID="6549429" />
      </pattern>
      <pattern total="1">
        <valenceUnit GF="Ext" PT="PP[over]" FE="Protagonist" />
        <annoSet ID="6548841" />
      </pattern>
      <pattern total="1">
        <valenceUnit GF="" PT="CNI" FE="Protagonist" />
        <annoSet ID="6561864" />
      </pattern>
    </FERealization>
    <FERealization total="4">
      <FE name="Time" />
      <pattern total="1">
        <valenceUnit GF="Dep" PT="PP[during]" FE="Time" />
        <annoSet ID="6548841" />
      </pattern>
      <pattern total="1">
        <valenceUnit GF="Dep" PT="PP[in]" FE="Time" />
        <annoSet ID="1861012" />
      </pattern>
      <pattern total="1">
        <valenceUnit GF="Dep" PT="NP" FE="Time" />
        <annoSet ID="6533064" />
      </pattern>
      <pattern total="1">
        <valenceUnit GF="Dep" PT="PP[on]" FE="Time" />
        <annoSet ID="6533105" />
      </pattern>
    </FERealization>
    <FEGroupRealization total="1">
      <FE name="Containing_event" />
      <FE name="Explanation" />
      <FE name="Protagonist" />
      <pattern total="1">
        <valenceUnit GF="Dep" PT="PP[to]" FE="Containing_event" />
        <valenceUnit GF="Dep" PT="PP[of]" FE="Explanation" />
        <valenceUnit GF="Ext" PT="NP" FE="Protagonist" />
        <annoSet ID="6548707" />
      </pattern>
    </FEGroupRealization>
    <FEGroupRealization total="1">
      <FE name="Containing_event" />
      <FE name="Place" />
      <FE name="Protagonist" />
      <pattern total="1">
        <valenceUnit GF="Dep" PT="PP[as]" FE="Containing_event" />
        <valenceUnit GF="Dep" PT="PP[in]" FE="Place" />
        <valenceUnit GF="Ext" PT="NP" FE="Protagonist" />
        <annoSet ID="6539065" />
      </pattern>
    </FEGroupRealization>
    <FEGroupRealization total="1">
      <FE name="Depictive" />
      <FE name="Protagonist" />
      <pattern total="1">
        <valenceUnit GF="Dep" PT="PP[with]" FE="Depictive" />
        <valenceUnit GF="Ext" PT="NP" FE="Protagonist" />
        <annoSet ID="6524790" />
      </pattern>
    </FEGroupRealization>
    <FEGroupRealization total="1">
      <FE name="Depictive" />
      <FE name="Protagonist" />
      <FE name="Time" />
      <pattern total="1">
        <valenceUnit GF="Dep" PT="NP" FE="Depictive" />
        <valenceUnit GF="Ext" PT="PP[over]" FE="Protagonist" />
        <valenceUnit GF="Dep" PT="PP[during]" FE="Time" />
        <annoSet ID="6548841" />
      </pattern>
    </FEGroupRealization>
    <FEGroupRealization total="1">
      <FE name="Explanation" />
      <FE name="Explanation" />
      <FE name="Protagonist" />
      <FE name="Time" />
      <pattern total="1">
        <valenceUnit GF="" PT="2nd" FE="Explanation" />
        <valenceUnit GF="" PT="2nd" FE="Explanation" />
        <valenceUnit GF="Ext" PT="NP" FE="Protagonist" />
        <valenceUnit GF="Dep" PT="PP[in]" FE="Time" />
        <annoSet ID="1861012" />
      </pattern>
    </FEGroupRealization>
    <FEGroupRealization total="22">
      <FE name="Explanation" />
      <FE name="Protagonist" />
      <pattern total="1">
        <valenceUnit GF="Dep" PT="PP[because of]" FE="Explanation" />
        <valenceUnit GF="Ext" PT="NP" FE="Protagonist" />
        <annoSet ID="1771762" />
      </pattern>
      <pattern total="2">
        <valenceUnit GF="Dep" PT="PP[for]" FE="Explanation" />
        <valenceUnit GF="Ext" PT="NP" FE="Protagonist" />
        <annoSet ID="1771572" />
        <annoSet ID="1771602" />
      </pattern>
      <pattern total="7">
        <valenceUnit GF="Dep" PT="PP[from]" FE="Explanation" />
        <valenceUnit GF="Ext" PT="NP" FE="Protagonist" />
        <annoSet ID="1771504" />
        <annoSet ID="1771604" />
        <annoSet ID="1771608" />
        <annoSet ID="1771622" />
        <annoSet ID="1771636" />
        <annoSet ID="1771640" />
        <annoSet ID="1771736" />
      </pattern>
      <pattern total="2">
        <valenceUnit GF="Dep" PT="PP[in]" FE="Explanation" />
        <valenceUnit GF="Ext" PT="NP" FE="Protagonist" />
        <annoSet ID="1771654" />
        <annoSet ID="1771664" />
      </pattern>
      <pattern total="7">
        <valenceUnit GF="Dep" PT="PP[of]" FE="Explanation" />
        <valenceUnit GF="Ext" PT="NP" FE="Protagonist" />
        <annoSet ID="1771488" />
        <annoSet ID="1771492" />
        <annoSet ID="1771526" />
        <annoSet ID="1771534" />
        <annoSet ID="1771546" />
        <annoSet ID="1771560" />
        <annoSet ID="6532901" />
      </pattern>
      <pattern total="1">
        <valenceUnit GF="Dep" PT="PPing[after]" FE="Explanation" />
        <valenceUnit GF="Ext" PT="NP" FE="Protagonist" />
        <annoSet ID="1771784" />
      </pattern>
      <pattern total="1">
        <valenceUnit GF="Dep" PT="PPing[from]" FE="Explanation" />
        <valenceUnit GF="Ext" PT="NP" FE="Protagonist" />
        <annoSet ID="1771726" />
      </pattern>
      <pattern total="1">
        <valenceUnit GF="Dep" PT="Sinterrog" FE="Explanation" />
        <valenceUnit GF="Ext" PT="NP" FE="Protagonist" />
        <annoSet ID="1771412" />
      </pattern>
    </FEGroupRealization>
    <FEGroupRealization total="3">
      <FE name="Explanation" />
      <FE name="Protagonist" />
      <FE name="Protagonist" />
      <pattern total="1">
        <valenceUnit GF="Dep" PT="PPing[after]" FE="Explanation" />
        <valenceUnit GF="Ext" PT="NP" FE="Protagonist" />
        <valenceUnit GF="Ext" PT="NP" FE="Protagonist" />
        <annoSet ID="1771796" />
      </pattern>
      <pattern total="2">
        <valenceUnit GF="Dep" PT="Sinterrog" FE="Explanation" />
        <valenceUnit GF="Ext" PT="NP" FE="Protagonist" />
        <valenceUnit GF="Ext" PT="NP" FE="Protagonist" />
        <annoSet ID="1771426" />
        <annoSet ID="1771436" />
      </pattern>
    </FEGroupRealization>
    <FEGroupRealization total="1">
      <FE name="Manner" />
      <FE name="Protagonist" />
      <FE name="Protagonist" />
      <pattern total="1">
        <valenceUnit GF="Dep" PT="AVP" FE="Manner" />
        <valenceUnit GF="Ext" PT="NP" FE="Protagonist" />
        <valenceUnit GF="Ext" PT="NP" FE="Protagonist" />
        <annoSet ID="1771938" />
      </pattern>
    </FEGroupRealization>
    <FEGroupRealization total="1">
      <FE name="Place" />
      <FE name="Protagonist" />
      <pattern total="1">
        <valenceUnit GF="Dep" PT="AVP" FE="Place" />
        <valenceUnit GF="Ext" PT="NP" FE="Protagonist" />
        <annoSet ID="6549429" />
      </pattern>
    </FEGroupRealization>
    <FEGroupRealization total="2">
      <FE name="Place" />
      <FE name="Protagonist" />
      <FE name="Time" />
      <pattern total="1">
        <valenceUnit GF="Dep" PT="PP[at]" FE="Place" />
        <valenceUnit GF="Ext" PT="NP" FE="Protagonist" />
        <valenceUnit GF="Dep" PT="NP" FE="Time" />
        <annoSet ID="6533064" />
      </pattern>
      <pattern total="1">
        <valenceUnit GF="Dep" PT="PP[in]" FE="Place" />
        <valenceUnit GF="Ext" PT="NP" FE="Protagonist" />
        <valenceUnit GF="Dep" PT="PP[on]" FE="Time" />
        <annoSet ID="6533105" />
      </pattern>
    </FEGroupRealization>
    <FEGroupRealization total="8">
      <FE name="Protagonist" />
      <pattern total="1">
        <valenceUnit GF="" PT="CNI" FE="Protagonist" />
        <annoSet ID="6561864" />
      </pattern>
      <pattern total="7">
        <valenceUnit GF="Ext" PT="NP" FE="Protagonist" />
        <annoSet ID="1771478" />
        <annoSet ID="1771518" />
        <annoSet ID="1771660" />
        <annoSet ID="4529011" />
        <annoSet ID="4529230" />
        <annoSet ID="6523561" />
        <annoSet ID="6539238" />
      </pattern>
    </FEGroupRealization>
  </valences>
  <subCorpus name="V-augmented">
    <sentence sentNo="0" ID="1043550n">
      <text>the pilot died after a helicopter plunged into the North Sea during a 47-second flight , an inquiry heard yesterday . </text>
      <annotationSet cDate="08/08/2025 08:00:17 PST Fri" status="AUGMENTED" ID="0">
        <layer name="FE" rank="1">
          <label cBy="auto-aug" feID="218" start="0" end="8" name="Protagonist" />
          <label cBy="auto-aug" feID="1842" start="15" end="85" name="Time" />
        </layer>
        <layer name="Target" rank="1">
          <label cBy="auto-aug" start="10" end="13" name="Target" />
        </layer>
      </annotationSet>
    </sentence>
    <sentence sentNo="0" ID="201853n">
      <text>Urban foxes are used to scavenging ; they 'd probably die in the countryside . " </text>
      <annotationSet cDate="08/08/2025 08:00:17 PST Fri" status="AUGMENTED" ID="0">
        <layer name="FE" rank="1">
          <label cBy="auto-aug" feID="218" start="37" end="40" name="Protagonist" />
        </layer>
        <layer name="Target" rank="1">
          <label cBy="auto-aug" start="54" end="56" name="Target" />
        </layer>
      </annotationSet>
    </sentence>
    <sentence sentNo="0" ID="4164978n">
      <text>at least 500 people have died so far in the blazes which the government says were started intentionally by arsonists over a week ago .</text>
      <annotationSet cDate="08/08/2025 08:00:17 PST Fri" status="AUGMENTED" ID="0">
        <layer name="FE" rank="1">
          <label cBy="auto-aug" feID="218" start="0" end="18" name="Protagonist" />
          <label cBy="auto-aug" feID="1842" start="30" end="35" name="Time" />
          <label cBy="auto-aug" feID="219" start="37" end="131" name="Explanation" />
        </layer>
        <layer name="Target" rank="1">
          <label cBy="auto-aug" start="25" end="28" name="Target" />
        </layer>
      </annotationSet>
    </sentence>
  </subCorpus>
</lexUnit>