<?xml version='1.0' encoding='UTF-8'?>
<lexUnit xmlns="http://framenet.icsi.berkeley.edu" xmlns:xsi="http://www.w3.org/2001/XMLSchema-instance" status="Finished_Initial" POS="V" name="convert.v" ID="9270" frame="Cause_change" frameID="683" totalAnnotated="7" xsi:schemaLocation="../schema/lexUnit.xsd">
  <header>
    <corpus description="BNC2" name="BNC2" ID="111">
      <document description="bncp" name="bncp" ID="421" />
    </corpus>
    <corpus description="Texts from Nuclear Threat Initiative website, created by Center for Non-Proliferation Studies" name="NTI" ID="135">
      <document description="Libya Country 1" name="LibyaCountry1" ID="23477" />
      <document description="Kazakhstan" name="Kazakhstan" ID="23501" />
    </corpus>
    <corpus description="American National Corpus Texts" name="ANC" ID="195">
      <document description="Berlitz Where to Go in Hong Kong" name="WhereToHongKong" ID="23771" />
    </corpus>
    <frame>
      <FE fgColor="FFFFFF" bgColor="FF0000" type="Core" abbrev="age" name="Agent" />
      <FE fgColor="FFFFFF" bgColor="00008B" type="Core-Unexpressed" abbrev="att" name="Attribute" />
      <FE fgColor="00008B" bgColor="d0d0d0" type="Core-Unexpressed" abbrev="cau" name="Cause" />
      <FE fgColor="000000" bgColor="EEE8AA" type="Extra-Thematic" abbrev="" name="Circumstances" />
      <FE fgColor="FFFFFF" bgColor="9F79EE" type="Extra-Thematic" abbrev="" name="Containing_event" />
      <FE fgColor="FFFFFF" bgColor="FF69B4" type="Extra-Thematic" abbrev="deg" name="Degree" />
      <FE fgColor="000000" bgColor="7FFF00" type="Extra-Thematic" abbrev="" name="Duration" />
      <FE fgColor="FFFFFF" bgColor="7CCD7C" type="Core" abbrev="ent" name="Entity" />
      <FE fgColor="000000" bgColor="2E8B57" type="Extra-Thematic" abbrev="" name="Event_description" />
      <FE fgColor="FFFFFF" bgColor="FFA500" type="Extra-Thematic" abbrev="Exp" name="Explanation" />
      <FE fgColor="FFFFFF" bgColor="008000" type="Core" abbrev="finc" name="Final_category" />
      <FE fgColor="FFFFFF" bgColor="800080" type="Core" abbrev="finv" name="Final_value" />
      <FE fgColor="FFFFFF" bgColor="0000FF" type="Core" abbrev="inic" name="Initial_category" />
      <FE fgColor="FFFFFF" bgColor="9400D3" type="Core" abbrev="iniv" name="Initial_value" />
      <FE fgColor="FFFFFF" bgColor="FF00FF" type="Peripheral" abbrev="man" name="Manner" />
      <FE fgColor="FFFFFF" bgColor="00BFFF" type="Peripheral" abbrev="mea" name="Means" />
      <FE fgColor="000000" bgColor="1E90FF" type="Extra-Thematic" abbrev="" name="Period_of_iterations" />
      <FE fgColor="FFFFFF" bgColor="1E90FF" type="Peripheral" abbrev="pla" name="Place" />
      <FE fgColor="FFFFFF" bgColor="90876C" type="Peripheral" abbrev="pur" name="Purpose" />
      <FE fgColor="000000" bgColor="d0d0d0" type="Extra-Thematic" abbrev="re-e" name="Re-encoding" />
      <FE fgColor="000000" bgColor="FFFF00" type="Extra-Thematic" abbrev="" name="Role" />
      <FE fgColor="FFFFFF" bgColor="A52A2A" type="Peripheral" abbrev="tim" name="Time" />
    </frame>
  </header>
  <definition>FN: modify to become.</definition>
  <lexeme POS="V" name="convert" />
  <valences>
    <FERealization total="4">
      <FE name="Agent" />
      <pattern total="3">
        <valenceUnit GF="" PT="CNI" FE="Agent" />
        <annoSet ID="6521291" />
        <annoSet ID="6522058" />
        <annoSet ID="6561355" />
      </pattern>
      <pattern total="1">
        <valenceUnit GF="Ext" PT="NP" FE="Agent" />
        <annoSet ID="2208739" />
      </pattern>
    </FERealization>
    <FERealization total="3">
      <FE name="Cause" />
      <pattern total="2">
        <valenceUnit GF="Ext" PT="NP" FE="Cause" />
        <annoSet ID="2208629" />
        <annoSet ID="2208645" />
      </pattern>
      <pattern total="1">
        <valenceUnit GF="Dep" PT="PP[by]" FE="Cause" />
        <annoSet ID="2208643" />
      </pattern>
    </FERealization>
    <FERealization total="1">
      <FE name="Circumstances" />
      <pattern total="1">
        <valenceUnit GF="Dep" PT="PP[at]" FE="Circumstances" />
        <annoSet ID="2208645" />
      </pattern>
    </FERealization>
    <FERealization total="7">
      <FE name="Entity" />
      <pattern total="3">
        <valenceUnit GF="Ext" PT="NP" FE="Entity" />
        <annoSet ID="2208643" />
        <annoSet ID="6522058" />
        <annoSet ID="6561355" />
      </pattern>
      <pattern total="4">
        <valenceUnit GF="Obj" PT="NP" FE="Entity" />
        <annoSet ID="2208629" />
        <annoSet ID="2208645" />
        <annoSet ID="2208739" />
        <annoSet ID="6521291" />
      </pattern>
    </FERealization>
    <FERealization total="7">
      <FE name="Final_category" />
      <pattern total="1">
        <valenceUnit GF="" PT="DNI" FE="Final_category" />
        <annoSet ID="6561355" />
      </pattern>
      <pattern total="3">
        <valenceUnit GF="Dep" PT="PP[to]" FE="Final_category" />
        <annoSet ID="2208629" />
        <annoSet ID="2208645" />
        <annoSet ID="6522058" />
      </pattern>
      <pattern total="2">
        <valenceUnit GF="Dep" PT="PP[into]" FE="Final_category" />
        <annoSet ID="2208739" />
        <annoSet ID="6521291" />
      </pattern>
      <pattern total="1">
        <valenceUnit GF="Dep" PT="VPto" FE="Final_category" />
        <annoSet ID="2208643" />
      </pattern>
    </FERealization>
    <FERealization total="7">
      <FE name="Initial_category" />
      <pattern total="1">
        <valenceUnit GF="" PT="DNI" FE="Initial_category" />
        <annoSet ID="6561355" />
      </pattern>
      <pattern total="5">
        <valenceUnit GF="" PT="2nd" FE="Initial_category" />
        <annoSet ID="2208629" />
        <annoSet ID="2208643" />
        <annoSet ID="2208645" />
        <annoSet ID="2208739" />
        <annoSet ID="6522058" />
      </pattern>
      <pattern total="1">
        <valenceUnit GF="" PT="INI" FE="Initial_category" />
        <annoSet ID="6521291" />
      </pattern>
    </FERealization>
    <FERealization total="1">
      <FE name="Manner" />
      <pattern total="1">
        <valenceUnit GF="Dep" PT="AVP" FE="Manner" />
        <annoSet ID="2208645" />
      </pattern>
    </FERealization>
    <FERealization total="1">
      <FE name="Purpose" />
      <pattern total="1">
        <valenceUnit GF="Dep" PT="PP[for]" FE="Purpose" />
        <annoSet ID="6521291" />
      </pattern>
    </FERealization>
    <FEGroupRealization total="3">
      <FE name="Agent" />
      <FE name="Entity" />
      <FE name="Final_category" />
      <FE name="Initial_category" />
      <pattern total="1">
        <valenceUnit GF="" PT="CNI" FE="Agent" />
        <valenceUnit GF="Ext" PT="NP" FE="Entity" />
        <valenceUnit GF="" PT="DNI" FE="Final_category" />
        <valenceUnit GF="" PT="DNI" FE="Initial_category" />
        <annoSet ID="6561355" />
      </pattern>
      <pattern total="1">
        <valenceUnit GF="" PT="CNI" FE="Agent" />
        <valenceUnit GF="Ext" PT="NP" FE="Entity" />
        <valenceUnit GF="Dep" PT="PP[to]" FE="Final_category" />
        <valenceUnit GF="" PT="2nd" FE="Initial_category" />
        <annoSet ID="6522058" />
      </pattern>
      <pattern total="1">
        <valenceUnit GF="Ext" PT="NP" FE="Agent" />
        <valenceUnit GF="Obj" PT="NP" FE="Entity" />
        <valenceUnit GF="Dep" PT="PP[into]" FE="Final_category" />
        <valenceUnit GF="" PT="2nd" FE="Initial_category" />
        <annoSet ID="2208739" />
      </pattern>
    </FEGroupRealization>
    <FEGroupRealization total="1">
      <FE name="Agent" />
      <FE name="Entity" />
      <FE name="Final_category" />
      <FE name="Initial_category" />
      <FE name="Purpose" />
      <pattern total="1">
        <valenceUnit GF="" PT="CNI" FE="Agent" />
        <valenceUnit GF="Obj" PT="NP" FE="Entity" />
        <valenceUnit GF="Dep" PT="PP[into]" FE="Final_category" />
        <valenceUnit GF="" PT="INI" FE="Initial_category" />
        <valenceUnit GF="Dep" PT="PP[for]" FE="Purpose" />
        <annoSet ID="6521291" />
      </pattern>
    </FEGroupRealization>
    <FEGroupRealization total="1">
      <FE name="Cause" />
      <FE name="Cause" />
      <FE name="Circumstances" />
      <FE name="Entity" />
      <FE name="Final_category" />
      <FE name="Initial_category" />
      <FE name="Manner" />
      <pattern total="1">
        <valenceUnit GF="Ext" PT="NP" FE="Cause" />
        <valenceUnit GF="Ext" PT="NP" FE="Cause" />
        <valenceUnit GF="Dep" PT="PP[at]" FE="Circumstances" />
        <valenceUnit GF="Obj" PT="NP" FE="Entity" />
        <valenceUnit GF="Dep" PT="PP[to]" FE="Final_category" />
        <valenceUnit GF="" PT="2nd" FE="Initial_category" />
        <valenceUnit GF="Dep" PT="AVP" FE="Manner" />
        <annoSet ID="2208645" />
      </pattern>
    </FEGroupRealization>
    <FEGroupRealization total="2">
      <FE name="Cause" />
      <FE name="Entity" />
      <FE name="Final_category" />
      <FE name="Initial_category" />
      <pattern total="1">
        <valenceUnit GF="Ext" PT="NP" FE="Cause" />
        <valenceUnit GF="Obj" PT="NP" FE="Entity" />
        <valenceUnit GF="Dep" PT="PP[to]" FE="Final_category" />
        <valenceUnit GF="" PT="2nd" FE="Initial_category" />
        <annoSet ID="2208629" />
      </pattern>
      <pattern total="1">
        <valenceUnit GF="Dep" PT="PP[by]" FE="Cause" />
        <valenceUnit GF="Ext" PT="NP" FE="Entity" />
        <valenceUnit GF="Dep" PT="VPto" FE="Final_category" />
        <valenceUnit GF="" PT="2nd" FE="Initial_category" />
        <annoSet ID="2208643" />
      </pattern>
    </FEGroupRealization>
  </valences>
  <subCorpus name="V-augmented">
    <sentence sentNo="0" ID="914237n">
      <text>They now spontaneously assemble into rods which press against the membrane of the red blood cell converting glucose energy ATP . </text>
      <annotationSet cDate="08/08/2025 08:00:32 PST Fri" status="AUGMENTED" ID="0">
        <layer name="FE" rank="1">
          <label cBy="auto-aug" feID="6856" start="37" end="40" name="Cause" />
          <label cBy="auto-aug" feID="6856" start="42" end="46" name="Cause" />
          <label cBy="auto-aug" feID="6855" start="108" end="114" name="Entity" />
          <label cBy="auto-aug" feID="4503" start="116" end="121" name="Initial_category" />
          <label cBy="auto-aug" feID="4504" start="123" end="125" name="Final_category" />
        </layer>
        <layer name="Target" rank="1">
          <label cBy="auto-aug" start="97" end="106" name="Target" />
        </layer>
      </annotationSet>
    </sentence>
    <sentence sentNo="0" ID="1380788n">
      <text>So now Maggie was not afraid of the dark , even though the great windows exposed her to the full moon and converted the darkness into brightness -- a reflection of reflected light .</text>
      <annotationSet cDate="08/08/2025 08:00:32 PST Fri" status="AUGMENTED" ID="0">
        <layer name="FE" rank="1">
          <label cBy="auto-aug" feID="6856" start="55" end="71" name="Cause" />
          <label cBy="auto-aug" feID="6855" start="116" end="127" name="Entity" />
          <label cBy="auto-aug" feID="4504" start="129" end="143" name="Final_category" />
        </layer>
        <layer name="Target" rank="1">
          <label cBy="auto-aug" start="106" end="114" name="Target" />
        </layer>
      </annotationSet>
    </sentence>
  </subCorpus>
</lexUnit>