<?xml version='1.0' encoding='UTF-8'?>
<lexUnit xmlns="http://framenet.icsi.berkeley.edu" xmlns:xsi="http://www.w3.org/2001/XMLSchema-instance" status="Created" POS="V" name="shrink.v" ID="9501" frame="Expansion" frameID="725" totalAnnotated="14" xsi:schemaLocation="../schema/lexUnit.xsd">
  <header>
    <corpus description="Miscellaneous" name="Miscellaneous" ID="175">
      <document description="TigerOfSanPedro" name="Tiger_Of_San_Pedro" ID="25343" />
    </corpus>
    <corpus description="AQUAINT Knowledge-Based Evaluation Texts" name="KBEval" ID="185">
      <document description="LCC-M" name="LCC-M" ID="23578" />
    </corpus>
    <corpus description="American National Corpus Texts" name="ANC" ID="195">
      <document description="Children's home fund-raising letter" name="112C-L013" ID="23811" />
    </corpus>
    <frame>
      <FE fgColor="FFFFFF" bgColor="008000" type="Peripheral" abbrev="co-v" name="Co-variable" />
      <FE fgColor="FFFFFF" bgColor="FF69B4" type="Peripheral" abbrev="Deg" name="Degree" />
      <FE fgColor="FFFFFF" bgColor="00BFFF" type="Peripheral" abbrev="Dim" name="Dimension" />
      <FE fgColor="FFFFFF" bgColor="00008B" type="Peripheral" abbrev="Dur" name="Duration" />
      <FE fgColor="000000" bgColor="FFFF00" type="Peripheral" abbrev="" name="Goal" />
      <FE fgColor="FFFFFF" bgColor="800080" type="Peripheral" abbrev="Grp" name="Group" />
      <FE fgColor="FFFFFF" bgColor="9F79EE" type="Peripheral" abbrev="Initial" name="Initial_size" />
      <FE fgColor="FFFFFF" bgColor="FF0000" type="Core" abbrev="Item" name="Item" />
      <FE fgColor="FFFFFF" bgColor="FF00FF" type="Peripheral" abbrev="Mnr" name="Manner" />
      <FE fgColor="FFFFFF" bgColor="0000FF" type="Peripheral" abbrev="Path" name="Path" />
      <FE fgColor="FFFFFF" bgColor="808080" type="Peripheral" abbrev="Rate" name="Rate" />
      <FE fgColor="FFFFFF" bgColor="9400D3" type="Peripheral" abbrev="Result" name="Result_size" />
      <FE fgColor="FFFFFF" bgColor="A52A2A" type="Peripheral" abbrev="SizeC" name="Size_change" />
      <FE fgColor="FFFFFF" bgColor="FFA500" type="Peripheral" abbrev="Time" name="Time" />
    </frame>
  </header>
  <definition>COD: become or make smaller in size or amount; contract</definition>
  <lexeme POS="V" name="shrink" />
  <valences>
    <FERealization total="1">
      <FE name="Degree" />
      <pattern total="1">
        <valenceUnit GF="Dep" PT="AVP" FE="Degree" />
        <annoSet ID="6645262" />
      </pattern>
      <pattern total="1">
        <valenceUnit GF="Dep" PT="Sfin" FE="Degree" />
        <annoSet ID="6645262" />
      </pattern>
    </FERealization>
    <FERealization total="4">
      <FE name="Dimension" />
      <pattern total="4">
        <valenceUnit GF="Dep" PT="PP[in]" FE="Dimension" />
        <annoSet ID="1760418" />
        <annoSet ID="1760428" />
        <annoSet ID="1760438" />
        <annoSet ID="1760450" />
      </pattern>
    </FERealization>
    <FERealization total="1">
      <FE name="Initial_size" />
      <pattern total="1">
        <valenceUnit GF="Dep" PT="PP[from]" FE="Initial_size" />
        <annoSet ID="1760418" />
      </pattern>
    </FERealization>
    <FERealization total="14">
      <FE name="Item" />
      <pattern total="14">
        <valenceUnit GF="Ext" PT="NP" FE="Item" />
        <annoSet ID="1760418" />
        <annoSet ID="1760428" />
        <annoSet ID="1760438" />
        <annoSet ID="1760450" />
        <annoSet ID="1760454" />
        <annoSet ID="1760458" />
        <annoSet ID="1760488" />
        <annoSet ID="1760498" />
        <annoSet ID="1760502" />
        <annoSet ID="1760522" />
        <annoSet ID="1760528" />
        <annoSet ID="6533088" />
        <annoSet ID="6557659" />
        <annoSet ID="6645262" />
      </pattern>
    </FERealization>
    <FERealization total="7">
      <FE name="Result_size" />
      <pattern total="5">
        <valenceUnit GF="Dep" PT="PP[to]" FE="Result_size" />
        <annoSet ID="1760418" />
        <annoSet ID="1760428" />
        <annoSet ID="1760498" />
        <annoSet ID="1760502" />
        <annoSet ID="1760522" />
      </pattern>
      <pattern total="2">
        <valenceUnit GF="Dep" PT="PP[into]" FE="Result_size" />
        <annoSet ID="1760454" />
        <annoSet ID="1760458" />
      </pattern>
    </FERealization>
    <FERealization total="1">
      <FE name="Size_change" />
      <pattern total="1">
        <valenceUnit GF="Dep" PT="PP[by]" FE="Size_change" />
        <annoSet ID="1760528" />
      </pattern>
    </FERealization>
    <FERealization total="1">
      <FE name="Time" />
      <pattern total="1">
        <valenceUnit GF="Dep" PT="AVP" FE="Time" />
        <annoSet ID="6533088" />
      </pattern>
    </FERealization>
    <FEGroupRealization total="1">
      <FE name="Degree" />
      <FE name="Degree" />
      <FE name="Item" />
      <pattern total="1">
        <valenceUnit GF="Dep" PT="AVP" FE="Degree" />
        <valenceUnit GF="Dep" PT="Sfin" FE="Degree" />
        <valenceUnit GF="Ext" PT="NP" FE="Item" />
        <annoSet ID="6645262" />
      </pattern>
    </FEGroupRealization>
    <FEGroupRealization total="1">
      <FE name="Dimension" />
      <FE name="Initial_size" />
      <FE name="Item" />
      <FE name="Result_size" />
      <pattern total="1">
        <valenceUnit GF="Dep" PT="PP[in]" FE="Dimension" />
        <valenceUnit GF="Dep" PT="PP[from]" FE="Initial_size" />
        <valenceUnit GF="Ext" PT="NP" FE="Item" />
        <valenceUnit GF="Dep" PT="PP[to]" FE="Result_size" />
        <annoSet ID="1760418" />
      </pattern>
    </FEGroupRealization>
    <FEGroupRealization total="2">
      <FE name="Dimension" />
      <FE name="Item" />
      <pattern total="2">
        <valenceUnit GF="Dep" PT="PP[in]" FE="Dimension" />
        <valenceUnit GF="Ext" PT="NP" FE="Item" />
        <annoSet ID="1760438" />
        <annoSet ID="1760450" />
      </pattern>
    </FEGroupRealization>
    <FEGroupRealization total="1">
      <FE name="Dimension" />
      <FE name="Item" />
      <FE name="Result_size" />
      <pattern total="1">
        <valenceUnit GF="Dep" PT="PP[in]" FE="Dimension" />
        <valenceUnit GF="Ext" PT="NP" FE="Item" />
        <valenceUnit GF="Dep" PT="PP[to]" FE="Result_size" />
        <annoSet ID="1760428" />
      </pattern>
    </FEGroupRealization>
    <FEGroupRealization total="2">
      <FE name="Item" />
      <pattern total="2">
        <valenceUnit GF="Ext" PT="NP" FE="Item" />
        <annoSet ID="1760488" />
        <annoSet ID="6557659" />
      </pattern>
    </FEGroupRealization>
    <FEGroupRealization total="5">
      <FE name="Item" />
      <FE name="Result_size" />
      <pattern total="2">
        <valenceUnit GF="Ext" PT="NP" FE="Item" />
        <valenceUnit GF="Dep" PT="PP[into]" FE="Result_size" />
        <annoSet ID="1760454" />
        <annoSet ID="1760458" />
      </pattern>
      <pattern total="3">
        <valenceUnit GF="Ext" PT="NP" FE="Item" />
        <valenceUnit GF="Dep" PT="PP[to]" FE="Result_size" />
        <annoSet ID="1760498" />
        <annoSet ID="1760502" />
        <annoSet ID="1760522" />
      </pattern>
    </FEGroupRealization>
    <FEGroupRealization total="1">
      <FE name="Item" />
      <FE name="Size_change" />
      <pattern total="1">
        <valenceUnit GF="Ext" PT="NP" FE="Item" />
        <valenceUnit GF="Dep" PT="PP[by]" FE="Size_change" />
        <annoSet ID="1760528" />
      </pattern>
    </FEGroupRealization>
    <FEGroupRealization total="1">
      <FE name="Item" />
      <FE name="Time" />
      <pattern total="1">
        <valenceUnit GF="Ext" PT="NP" FE="Item" />
        <valenceUnit GF="Dep" PT="AVP" FE="Time" />
        <annoSet ID="6533088" />
      </pattern>
    </FEGroupRealization>
  </valences>
  <subCorpus name="V-augmented">
    <sentence sentNo="0" ID="1145618n">
      <text>The file will shrink to 1Mb per processor with the next generation of memory chips . </text>
      <annotationSet cDate="08/08/2025 08:00:23 PST Fri" status="AUGMENTED" ID="0">
        <layer name="FE" rank="1">
          <label cBy="auto-aug" feID="4756" start="0" end="7" name="Item" />
          <label cBy="auto-aug" feID="4760" start="21" end="40" name="Result_size" />
        </layer>
        <layer name="Target" rank="1">
          <label cBy="auto-aug" start="14" end="19" name="Target" />
        </layer>
      </annotationSet>
    </sentence>
    <sentence sentNo="0" ID="4101025n">
      <text>The inhabited history of the territory shrinks to 23,000 b.c. , when much of the area was covered by a prehistoric lake .</text>
      <annotationSet cDate="08/08/2025 08:00:23 PST Fri" status="AUGMENTED" ID="0">
        <layer name="FE" rank="1">
          <label cBy="auto-aug" feID="4756" start="25" end="37" name="Item" />
          <label cBy="auto-aug" feID="4760" start="47" end="60" name="Result_size" />
        </layer>
        <layer name="Target" rank="1">
          <label cBy="auto-aug" start="39" end="45" name="Target" />
        </layer>
      </annotationSet>
    </sentence>
    <sentence sentNo="0" ID="1145543n">
      <text>Business investment rose 11% , while investment shrank by 9.3 the fastest this decade . </text>
      <annotationSet cDate="08/08/2025 08:00:23 PST Fri" status="AUGMENTED" ID="0">
        <layer name="FE" rank="1">
          <label cBy="auto-aug" feID="4756" start="37" end="46" name="Item" />
          <label cBy="auto-aug" feID="4761" start="55" end="60" name="Size_change" />
        </layer>
        <layer name="Target" rank="1">
          <label cBy="auto-aug" start="48" end="53" name="Target" />
        </layer>
      </annotationSet>
    </sentence>
  </subCorpus>
</lexUnit>