<?xml version='1.0' encoding='UTF-8'?>
<lexUnit xmlns="http://framenet.icsi.berkeley.edu" xmlns:xsi="http://www.w3.org/2001/XMLSchema-instance" status="FN1_Sent" POS="V" name="throw.v" ID="960" frame="Cause_motion" frameID="55" totalAnnotated="125" xsi:schemaLocation="../schema/lexUnit.xsd">
  <header>
    <corpus description="Wall Street Journal Texts from the PropBank Project" name="PropBank" ID="115">
      <document description="Loma Prieta" name="LomaPrieta" ID="23013" />
    </corpus>
    <corpus description="American National Corpus Texts" name="ANC" ID="195">
      <document description="Berlitz Intro of Jamaica" name="IntroJamaica" ID="23754" />
      <document description="Berlitz Where to Go in Hong Kong" name="WhereToHongKong" ID="23771" />
      <document description="Goodwill fund-raising letter" name="110CYL200" ID="23803" />
    </corpus>
    <frame>
      <FE fgColor="FFFFFF" bgColor="FF0000" type="Core" abbrev="Agt" name="Agent" />
      <FE fgColor="FFFFFF" bgColor="9F79EE" type="Core" abbrev="Area" name="Area" />
      <FE fgColor="FFFFFF" bgColor="7CCD7C" type="Core" abbrev="Cse" name="Cause" />
      <FE fgColor="FFFFFF" bgColor="FF69B4" type="Extra-Thematic" abbrev="Degr" name="Degree" />
      <FE fgColor="FFFFFF" bgColor="9400D3" type="Extra-Thematic" abbrev="Dep" name="Depictive" />
      <FE fgColor="FFFFFF" bgColor="9F79EE" type="Peripheral" abbrev="Dist" name="Distance" />
      <FE fgColor="000000" bgColor="d0d0d0" type="Peripheral" abbrev="" name="Duration" />
      <FE fgColor="000000" bgColor="FFFF00" type="Extra-Thematic" abbrev="" name="Explanation" />
      <FE fgColor="FFFFFF" bgColor="00BFFF" type="Core" abbrev="Goal" name="Goal" />
      <FE fgColor="FFFFFF" bgColor="7CCD73" type="Extra-Thematic" abbrev="" name="Handle" />
      <FE fgColor="FFFFFF" bgColor="FF69B4" type="Core" abbrev="Initial_State" name="Initial_state" />
      <FE fgColor="FFFFFF" bgColor="808080" type="Peripheral" abbrev="Ins" name="Instrument" />
      <FE fgColor="FFFFFF" bgColor="FF00FF" type="Peripheral" abbrev="Manr" name="Manner" />
      <FE fgColor="FFFFFF" bgColor="A52A2A" type="Peripheral" abbrev="Mns" name="Means" />
      <FE fgColor="FFFFFF" bgColor="0000FF" type="Core" abbrev="Path" name="Path" />
      <FE fgColor="FFFFFF" bgColor="008000" type="Peripheral" abbrev="Place" name="Place" />
      <FE fgColor="0000FF" bgColor="d0d0d0" type="Core" abbrev="" name="Result" />
      <FE fgColor="FFFFFF" bgColor="1E90FF" type="Core" abbrev="Src" name="Source" />
      <FE fgColor="FFFFFF" bgColor="2E8B57" type="Extra-Thematic" abbrev="" name="Subregion" />
      <FE fgColor="FFFFFF" bgColor="800080" type="Core" abbrev="Thm" name="Theme" />
      <FE fgColor="FFFFFF" bgColor="FFA500" type="Peripheral" abbrev="Time" name="Time" />
    </frame>
  </header>
  <definition>COD: propel with force through the air by a rapid movement of the arm and hand</definition>
  <lexeme POS="V" name="throw" />
  <valences>
    <FERealization total="121">
      <FE name="Agent" />
      <pattern total="37">
        <valenceUnit GF="" PT="CNI" FE="Agent" />
        <annoSet ID="654400" />
        <annoSet ID="654544" />
        <annoSet ID="654584" />
        <annoSet ID="654742" />
        <annoSet ID="654946" />
        <annoSet ID="655004" />
        <annoSet ID="655006" />
        <annoSet ID="655010" />
        <annoSet ID="655106" />
        <annoSet ID="655132" />
        <annoSet ID="655184" />
        <annoSet ID="655202" />
        <annoSet ID="655204" />
        <annoSet ID="655210" />
        <annoSet ID="655324" />
        <annoSet ID="655370" />
        <annoSet ID="655390" />
        <annoSet ID="655394" />
        <annoSet ID="655400" />
        <annoSet ID="655416" />
        <annoSet ID="655448" />
        <annoSet ID="655492" />
        <annoSet ID="655496" />
        <annoSet ID="655606" />
        <annoSet ID="655748" />
        <annoSet ID="655760" />
        <annoSet ID="655838" />
        <annoSet ID="655856" />
        <annoSet ID="655890" />
        <annoSet ID="655916" />
        <annoSet ID="656168" />
        <annoSet ID="656214" />
        <annoSet ID="656218" />
        <annoSet ID="656460" />
        <annoSet ID="656696" />
        <annoSet ID="6557308" />
        <annoSet ID="6559068" />
      </pattern>
      <pattern total="77">
        <valenceUnit GF="Ext" PT="NP" FE="Agent" />
        <annoSet ID="654136" />
        <annoSet ID="654144" />
        <annoSet ID="654154" />
        <annoSet ID="654160" />
        <annoSet ID="654178" />
        <annoSet ID="654188" />
        <annoSet ID="654190" />
        <annoSet ID="654198" />
        <annoSet ID="654204" />
        <annoSet ID="654220" />
        <annoSet ID="654244" />
        <annoSet ID="654250" />
        <annoSet ID="654258" />
        <annoSet ID="654266" />
        <annoSet ID="654270" />
        <annoSet ID="654272" />
        <annoSet ID="654282" />
        <annoSet ID="654314" />
        <annoSet ID="654316" />
        <annoSet ID="654326" />
        <annoSet ID="654348" />
        <annoSet ID="654360" />
        <annoSet ID="654366" />
        <annoSet ID="654370" />
        <annoSet ID="654384" />
        <annoSet ID="654390" />
        <annoSet ID="654394" />
        <annoSet ID="654398" />
        <annoSet ID="654404" />
        <annoSet ID="654408" />
        <annoSet ID="654418" />
        <annoSet ID="654432" />
        <annoSet ID="654436" />
        <annoSet ID="654476" />
        <annoSet ID="654490" />
        <annoSet ID="654500" />
        <annoSet ID="654534" />
        <annoSet ID="654536" />
        <annoSet ID="654554" />
        <annoSet ID="654566" />
        <annoSet ID="654592" />
        <annoSet ID="654604" />
        <annoSet ID="654632" />
        <annoSet ID="654644" />
        <annoSet ID="654696" />
        <annoSet ID="654706" />
        <annoSet ID="654724" />
        <annoSet ID="654728" />
        <annoSet ID="654736" />
        <annoSet ID="654744" />
        <annoSet ID="654766" />
        <annoSet ID="654782" />
        <annoSet ID="654788" />
        <annoSet ID="654836" />
        <annoSet ID="654848" />
        <annoSet ID="654858" />
        <annoSet ID="654908" />
        <annoSet ID="654912" />
        <annoSet ID="655048" />
        <annoSet ID="655082" />
        <annoSet ID="655214" />
        <annoSet ID="655240" />
        <annoSet ID="655272" />
        <annoSet ID="655352" />
        <annoSet ID="655362" />
        <annoSet ID="655426" />
        <annoSet ID="655444" />
        <annoSet ID="655472" />
        <annoSet ID="655596" />
        <annoSet ID="655602" />
        <annoSet ID="656032" />
        <annoSet ID="656122" />
        <annoSet ID="656320" />
        <annoSet ID="656348" />
        <annoSet ID="656440" />
        <annoSet ID="656694" />
        <annoSet ID="6561282" />
      </pattern>
      <pattern total="6">
        <valenceUnit GF="Dep" PT="PP[by]" FE="Agent" />
        <annoSet ID="654958" />
        <annoSet ID="654966" />
        <annoSet ID="654970" />
        <annoSet ID="654980" />
        <annoSet ID="655162" />
        <annoSet ID="656542" />
      </pattern>
      <pattern total="1">
        <valenceUnit GF="Dep" PT="PPing[by]" FE="Agent" />
        <annoSet ID="656636" />
      </pattern>
    </FERealization>
    <FERealization total="9">
      <FE name="Area" />
      <pattern total="2">
        <valenceUnit GF="Dep" PT="PP[about]" FE="Area" />
        <annoSet ID="655496" />
        <annoSet ID="655748" />
      </pattern>
      <pattern total="4">
        <valenceUnit GF="Dep" PT="PP[around]" FE="Area" />
        <annoSet ID="654314" />
        <annoSet ID="654316" />
        <annoSet ID="655132" />
        <annoSet ID="655760" />
      </pattern>
      <pattern total="2">
        <valenceUnit GF="Dep" PT="PP[in]" FE="Area" />
        <annoSet ID="4529049" />
        <annoSet ID="6557308" />
      </pattern>
      <pattern total="1">
        <valenceUnit GF="Dep" PT="PP[round]" FE="Area" />
        <annoSet ID="654696" />
      </pattern>
    </FERealization>
    <FERealization total="4">
      <FE name="Cause" />
      <pattern total="3">
        <valenceUnit GF="Ext" PT="NP" FE="Cause" />
        <annoSet ID="654278" />
        <annoSet ID="654528" />
        <annoSet ID="4529049" />
      </pattern>
      <pattern total="1">
        <valenceUnit GF="" PT="CNI" FE="Cause" />
        <annoSet ID="654998" />
      </pattern>
    </FERealization>
    <FERealization total="2">
      <FE name="Depictive" />
      <pattern total="2">
        <valenceUnit GF="Dep" PT="AJP" FE="Depictive" />
        <annoSet ID="654154" />
        <annoSet ID="6559068" />
      </pattern>
    </FERealization>
    <FERealization total="67">
      <FE name="Goal" />
      <pattern total="1">
        <valenceUnit GF="Dep" PT="PP[at]" FE="Goal" />
        <annoSet ID="6559068" />
      </pattern>
      <pattern total="5">
        <valenceUnit GF="" PT="INI" FE="Goal" />
        <annoSet ID="654908" />
        <annoSet ID="654912" />
        <annoSet ID="654958" />
        <annoSet ID="655006" />
        <annoSet ID="655162" />
      </pattern>
      <pattern total="1">
        <valenceUnit GF="Dep" PT="PP[across]" FE="Goal" />
        <annoSet ID="655106" />
      </pattern>
      <pattern total="5">
        <valenceUnit GF="Dep" PT="PP[down]" FE="Goal" />
        <annoSet ID="655596" />
        <annoSet ID="655602" />
        <annoSet ID="655856" />
        <annoSet ID="656122" />
        <annoSet ID="656542" />
      </pattern>
      <pattern total="5">
        <valenceUnit GF="Dep" PT="PP[in]" FE="Goal" />
        <annoSet ID="654432" />
        <annoSet ID="654436" />
        <annoSet ID="655240" />
        <annoSet ID="655606" />
        <annoSet ID="655890" />
      </pattern>
      <pattern total="10">
        <valenceUnit GF="Dep" PT="PP[into]" FE="Goal" />
        <annoSet ID="654136" />
        <annoSet ID="654398" />
        <annoSet ID="654408" />
        <annoSet ID="654476" />
        <annoSet ID="654490" />
        <annoSet ID="654500" />
        <annoSet ID="655010" />
        <annoSet ID="655272" />
        <annoSet ID="655492" />
        <annoSet ID="655838" />
      </pattern>
      <pattern total="8">
        <valenceUnit GF="Dep" PT="PP[on]" FE="Goal" />
        <annoSet ID="654544" />
        <annoSet ID="654554" />
        <annoSet ID="654566" />
        <annoSet ID="654736" />
        <annoSet ID="654848" />
        <annoSet ID="655324" />
        <annoSet ID="655352" />
        <annoSet ID="655916" />
      </pattern>
      <pattern total="4">
        <valenceUnit GF="Dep" PT="PP[onto]" FE="Goal" />
        <annoSet ID="654584" />
        <annoSet ID="654592" />
        <annoSet ID="654604" />
        <annoSet ID="655362" />
      </pattern>
      <pattern total="5">
        <valenceUnit GF="Dep" PT="PP[over]" FE="Goal" />
        <annoSet ID="654160" />
        <annoSet ID="654400" />
        <annoSet ID="654632" />
        <annoSet ID="655370" />
        <annoSet ID="656218" />
      </pattern>
      <pattern total="5">
        <valenceUnit GF="Dep" PT="PP[to]" FE="Goal" />
        <annoSet ID="654742" />
        <annoSet ID="654744" />
        <annoSet ID="654766" />
        <annoSet ID="655416" />
        <annoSet ID="655426" />
      </pattern>
      <pattern total="6">
        <valenceUnit GF="Dep" PT="PP[against]" FE="Goal" />
        <annoSet ID="654154" />
        <annoSet ID="654244" />
        <annoSet ID="654250" />
        <annoSet ID="654258" />
        <annoSet ID="654266" />
        <annoSet ID="654270" />
      </pattern>
      <pattern total="2">
        <valenceUnit GF="Dep" PT="AVP" FE="Goal" />
        <annoSet ID="655048" />
        <annoSet ID="655082" />
      </pattern>
      <pattern total="1">
        <valenceUnit GF="Dep" PT="PP[about]" FE="Goal" />
        <annoSet ID="654178" />
      </pattern>
      <pattern total="1">
        <valenceUnit GF="Dep" PT="PP[amongst]" FE="Goal" />
        <annoSet ID="654272" />
      </pattern>
      <pattern total="1">
        <valenceUnit GF="Dep" PT="PP[around]" FE="Goal" />
        <annoSet ID="654282" />
      </pattern>
      <pattern total="2">
        <valenceUnit GF="Dep" PT="PP[behind]" FE="Goal" />
        <annoSet ID="654326" />
        <annoSet ID="654348" />
      </pattern>
      <pattern total="1">
        <valenceUnit GF="Dep" PT="PP[beneath]" FE="Goal" />
        <annoSet ID="654360" />
      </pattern>
      <pattern total="1">
        <valenceUnit GF="Dep" PT="PP[between]" FE="Goal" />
        <annoSet ID="654366" />
      </pattern>
      <pattern total="1">
        <valenceUnit GF="Dep" PT="PP[inside]" FE="Goal" />
        <annoSet ID="6561282" />
      </pattern>
      <pattern total="1">
        <valenceUnit GF="Dep" PT="PP[up]" FE="Goal" />
        <annoSet ID="656636" />
      </pattern>
      <pattern total="1">
        <valenceUnit GF="Dep" PT="PP[among]" FE="Goal" />
        <annoSet ID="654278" />
      </pattern>
    </FERealization>
    <FERealization total="5">
      <FE name="Manner" />
      <pattern total="5">
        <valenceUnit GF="Dep" PT="AVP" FE="Manner" />
        <annoSet ID="654198" />
        <annoSet ID="654394" />
        <annoSet ID="654728" />
        <annoSet ID="654848" />
        <annoSet ID="654998" />
      </pattern>
    </FERealization>
    <FERealization total="34">
      <FE name="Path" />
      <pattern total="6">
        <valenceUnit GF="Dep" PT="AVP" FE="Path" />
        <annoSet ID="654266" />
        <annoSet ID="654724" />
        <annoSet ID="654970" />
        <annoSet ID="656694" />
        <annoSet ID="656696" />
        <annoSet ID="6559068" />
      </pattern>
      <pattern total="5">
        <valenceUnit GF="Dep" PT="PP[at]" FE="Path" />
        <annoSet ID="654190" />
        <annoSet ID="654836" />
        <annoSet ID="654966" />
        <annoSet ID="655444" />
        <annoSet ID="655448" />
      </pattern>
      <pattern total="3">
        <valenceUnit GF="Dep" PT="PP[over]" FE="Path" />
        <annoSet ID="654644" />
        <annoSet ID="656214" />
        <annoSet ID="656440" />
      </pattern>
      <pattern total="1">
        <valenceUnit GF="Dep" PT="PP[past]" FE="Path" />
        <annoSet ID="655390" />
      </pattern>
      <pattern total="7">
        <valenceUnit GF="Dep" PT="PP[through]" FE="Path" />
        <annoSet ID="654706" />
        <annoSet ID="654724" />
        <annoSet ID="654728" />
        <annoSet ID="654736" />
        <annoSet ID="654946" />
        <annoSet ID="655394" />
        <annoSet ID="655400" />
      </pattern>
      <pattern total="1">
        <valenceUnit GF="Dep" PT="PP[up]" FE="Path" />
        <annoSet ID="656460" />
      </pattern>
      <pattern total="3">
        <valenceUnit GF="Dep" PT="PP[across]" FE="Path" />
        <annoSet ID="654198" />
        <annoSet ID="654204" />
        <annoSet ID="654220" />
      </pattern>
      <pattern total="2">
        <valenceUnit GF="Dep" PT="PP[above]" FE="Path" />
        <annoSet ID="654188" />
        <annoSet ID="654190" />
      </pattern>
      <pattern total="3">
        <valenceUnit GF="Dep" PT="PP[towards]" FE="Path" />
        <annoSet ID="654204" />
        <annoSet ID="654782" />
        <annoSet ID="654788" />
      </pattern>
      <pattern total="1">
        <valenceUnit GF="Dep" PT="PP[beyond]" FE="Path" />
        <annoSet ID="654370" />
      </pattern>
      <pattern total="3">
        <valenceUnit GF="Dep" PT="PP[down]" FE="Path" />
        <annoSet ID="654998" />
        <annoSet ID="656320" />
        <annoSet ID="656348" />
      </pattern>
      <pattern total="2">
        <valenceUnit GF="Dep" PT="PP[out]" FE="Path" />
        <annoSet ID="654858" />
        <annoSet ID="655472" />
      </pattern>
    </FERealization>
    <FERealization total="1">
      <FE name="Result" />
      <pattern total="1">
        <valenceUnit GF="Dep" PT="AJP" FE="Result" />
        <annoSet ID="654980" />
      </pattern>
    </FERealization>
    <FERealization total="21">
      <FE name="Source" />
      <pattern total="14">
        <valenceUnit GF="Dep" PT="PP[from]" FE="Source" />
        <annoSet ID="654384" />
        <annoSet ID="654390" />
        <annoSet ID="654394" />
        <annoSet ID="654398" />
        <annoSet ID="654404" />
        <annoSet ID="654408" />
        <annoSet ID="654418" />
        <annoSet ID="655004" />
        <annoSet ID="655184" />
        <annoSet ID="655202" />
        <annoSet ID="655204" />
        <annoSet ID="655210" />
        <annoSet ID="655214" />
        <annoSet ID="655856" />
      </pattern>
      <pattern total="5">
        <valenceUnit GF="Dep" PT="PP[off]" FE="Source" />
        <annoSet ID="654528" />
        <annoSet ID="654534" />
        <annoSet ID="654536" />
        <annoSet ID="655916" />
        <annoSet ID="656168" />
      </pattern>
      <pattern total="1">
        <valenceUnit GF="Dep" PT="AVP" FE="Source" />
        <annoSet ID="656032" />
      </pattern>
      <pattern total="1">
        <valenceUnit GF="Dep" PT="PP[out]" FE="Source" />
        <annoSet ID="654144" />
      </pattern>
    </FERealization>
    <FERealization total="125">
      <FE name="Theme" />
      <pattern total="37">
        <valenceUnit GF="Ext" PT="NP" FE="Theme" />
        <annoSet ID="654958" />
        <annoSet ID="654966" />
        <annoSet ID="654970" />
        <annoSet ID="654980" />
        <annoSet ID="654998" />
        <annoSet ID="655004" />
        <annoSet ID="655006" />
        <annoSet ID="655010" />
        <annoSet ID="655106" />
        <annoSet ID="655132" />
        <annoSet ID="655162" />
        <annoSet ID="655184" />
        <annoSet ID="655202" />
        <annoSet ID="655204" />
        <annoSet ID="655210" />
        <annoSet ID="655324" />
        <annoSet ID="655370" />
        <annoSet ID="655390" />
        <annoSet ID="655394" />
        <annoSet ID="655400" />
        <annoSet ID="655416" />
        <annoSet ID="655448" />
        <annoSet ID="655492" />
        <annoSet ID="655496" />
        <annoSet ID="655748" />
        <annoSet ID="655760" />
        <annoSet ID="655838" />
        <annoSet ID="655856" />
        <annoSet ID="655890" />
        <annoSet ID="655916" />
        <annoSet ID="656168" />
        <annoSet ID="656214" />
        <annoSet ID="656542" />
        <annoSet ID="656636" />
        <annoSet ID="656696" />
        <annoSet ID="6557308" />
        <annoSet ID="6559068" />
      </pattern>
      <pattern total="86">
        <valenceUnit GF="Obj" PT="NP" FE="Theme" />
        <annoSet ID="654136" />
        <annoSet ID="654144" />
        <annoSet ID="654154" />
        <annoSet ID="654160" />
        <annoSet ID="654178" />
        <annoSet ID="654188" />
        <annoSet ID="654190" />
        <annoSet ID="654198" />
        <annoSet ID="654204" />
        <annoSet ID="654220" />
        <annoSet ID="654244" />
        <annoSet ID="654250" />
        <annoSet ID="654258" />
        <annoSet ID="654266" />
        <annoSet ID="654270" />
        <annoSet ID="654272" />
        <annoSet ID="654278" />
        <annoSet ID="654282" />
        <annoSet ID="654314" />
        <annoSet ID="654316" />
        <annoSet ID="654326" />
        <annoSet ID="654348" />
        <annoSet ID="654360" />
        <annoSet ID="654366" />
        <annoSet ID="654370" />
        <annoSet ID="654384" />
        <annoSet ID="654390" />
        <annoSet ID="654394" />
        <annoSet ID="654398" />
        <annoSet ID="654400" />
        <annoSet ID="654404" />
        <annoSet ID="654408" />
        <annoSet ID="654418" />
        <annoSet ID="654432" />
        <annoSet ID="654436" />
        <annoSet ID="654476" />
        <annoSet ID="654490" />
        <annoSet ID="654500" />
        <annoSet ID="654528" />
        <annoSet ID="654534" />
        <annoSet ID="654536" />
        <annoSet ID="654544" />
        <annoSet ID="654554" />
        <annoSet ID="654566" />
        <annoSet ID="654584" />
        <annoSet ID="654592" />
        <annoSet ID="654604" />
        <annoSet ID="654632" />
        <annoSet ID="654644" />
        <annoSet ID="654696" />
        <annoSet ID="654706" />
        <annoSet ID="654724" />
        <annoSet ID="654728" />
        <annoSet ID="654736" />
        <annoSet ID="654742" />
        <annoSet ID="654744" />
        <annoSet ID="654766" />
        <annoSet ID="654782" />
        <annoSet ID="654788" />
        <annoSet ID="654836" />
        <annoSet ID="654848" />
        <annoSet ID="654858" />
        <annoSet ID="654908" />
        <annoSet ID="654912" />
        <annoSet ID="654946" />
        <annoSet ID="655048" />
        <annoSet ID="655082" />
        <annoSet ID="655240" />
        <annoSet ID="655272" />
        <annoSet ID="655352" />
        <annoSet ID="655362" />
        <annoSet ID="655426" />
        <annoSet ID="655444" />
        <annoSet ID="655596" />
        <annoSet ID="655602" />
        <annoSet ID="655606" />
        <annoSet ID="656032" />
        <annoSet ID="656122" />
        <annoSet ID="656218" />
        <annoSet ID="656320" />
        <annoSet ID="656348" />
        <annoSet ID="656440" />
        <annoSet ID="656460" />
        <annoSet ID="656694" />
        <annoSet ID="4529049" />
        <annoSet ID="6561282" />
      </pattern>
      <pattern total="2">
        <valenceUnit GF="Dep" PT="Sfin" FE="Theme" />
        <annoSet ID="655214" />
        <annoSet ID="655472" />
      </pattern>
    </FERealization>
    <FEGroupRealization total="7">
      <FE name="Agent" />
      <FE name="Area" />
      <FE name="Theme" />
      <pattern total="2">
        <valenceUnit GF="" PT="CNI" FE="Agent" />
        <valenceUnit GF="Dep" PT="PP[about]" FE="Area" />
        <valenceUnit GF="Ext" PT="NP" FE="Theme" />
        <annoSet ID="655496" />
        <annoSet ID="655748" />
      </pattern>
      <pattern total="2">
        <valenceUnit GF="" PT="CNI" FE="Agent" />
        <valenceUnit GF="Dep" PT="PP[around]" FE="Area" />
        <valenceUnit GF="Ext" PT="NP" FE="Theme" />
        <annoSet ID="655132" />
        <annoSet ID="655760" />
      </pattern>
      <pattern total="2">
        <valenceUnit GF="Ext" PT="NP" FE="Agent" />
        <valenceUnit GF="Dep" PT="PP[around]" FE="Area" />
        <valenceUnit GF="Obj" PT="NP" FE="Theme" />
        <annoSet ID="654314" />
        <annoSet ID="654316" />
      </pattern>
      <pattern total="1">
        <valenceUnit GF="Ext" PT="NP" FE="Agent" />
        <valenceUnit GF="Dep" PT="PP[round]" FE="Area" />
        <valenceUnit GF="Obj" PT="NP" FE="Theme" />
        <annoSet ID="654696" />
      </pattern>
    </FEGroupRealization>
    <FEGroupRealization total="1">
      <FE name="Agent" />
      <FE name="Area" />
      <FE name="Theme" />
      <FE name="Theme" />
      <pattern total="1">
        <valenceUnit GF="" PT="CNI" FE="Agent" />
        <valenceUnit GF="Dep" PT="PP[in]" FE="Area" />
        <valenceUnit GF="Ext" PT="NP" FE="Theme" />
        <valenceUnit GF="Ext" PT="NP" FE="Theme" />
        <annoSet ID="6557308" />
      </pattern>
    </FEGroupRealization>
    <FEGroupRealization total="1">
      <FE name="Agent" />
      <FE name="Depictive" />
      <FE name="Goal" />
      <FE name="Path" />
      <FE name="Theme" />
      <pattern total="1">
        <valenceUnit GF="" PT="CNI" FE="Agent" />
        <valenceUnit GF="Dep" PT="AJP" FE="Depictive" />
        <valenceUnit GF="Dep" PT="PP[at]" FE="Goal" />
        <valenceUnit GF="Dep" PT="AVP" FE="Path" />
        <valenceUnit GF="Ext" PT="NP" FE="Theme" />
        <annoSet ID="6559068" />
      </pattern>
    </FEGroupRealization>
    <FEGroupRealization total="1">
      <FE name="Agent" />
      <FE name="Depictive" />
      <FE name="Goal" />
      <FE name="Theme" />
      <pattern total="1">
        <valenceUnit GF="Ext" PT="NP" FE="Agent" />
        <valenceUnit GF="Dep" PT="AJP" FE="Depictive" />
        <valenceUnit GF="Dep" PT="PP[against]" FE="Goal" />
        <valenceUnit GF="Obj" PT="NP" FE="Theme" />
        <annoSet ID="654154" />
      </pattern>
    </FEGroupRealization>
    <FEGroupRealization total="1">
      <FE name="Agent" />
      <FE name="Goal" />
      <FE name="Manner" />
      <FE name="Theme" />
      <pattern total="1">
        <valenceUnit GF="Ext" PT="NP" FE="Agent" />
        <valenceUnit GF="Dep" PT="PP[on]" FE="Goal" />
        <valenceUnit GF="Dep" PT="AVP" FE="Manner" />
        <valenceUnit GF="Obj" PT="NP" FE="Theme" />
        <annoSet ID="654848" />
      </pattern>
    </FEGroupRealization>
    <FEGroupRealization total="2">
      <FE name="Agent" />
      <FE name="Goal" />
      <FE name="Path" />
      <FE name="Theme" />
      <pattern total="1">
        <valenceUnit GF="Ext" PT="NP" FE="Agent" />
        <valenceUnit GF="Dep" PT="PP[against]" FE="Goal" />
        <valenceUnit GF="Dep" PT="AVP" FE="Path" />
        <valenceUnit GF="Obj" PT="NP" FE="Theme" />
        <annoSet ID="654266" />
      </pattern>
      <pattern total="1">
        <valenceUnit GF="Ext" PT="NP" FE="Agent" />
        <valenceUnit GF="Dep" PT="PP[on]" FE="Goal" />
        <valenceUnit GF="Dep" PT="PP[through]" FE="Path" />
        <valenceUnit GF="Obj" PT="NP" FE="Theme" />
        <annoSet ID="654736" />
      </pattern>
    </FEGroupRealization>
    <FEGroupRealization total="4">
      <FE name="Agent" />
      <FE name="Goal" />
      <FE name="Source" />
      <FE name="Theme" />
      <pattern total="1">
        <valenceUnit GF="" PT="CNI" FE="Agent" />
        <valenceUnit GF="Dep" PT="PP[down]" FE="Goal" />
        <valenceUnit GF="Dep" PT="PP[from]" FE="Source" />
        <valenceUnit GF="Ext" PT="NP" FE="Theme" />
        <annoSet ID="655856" />
      </pattern>
      <pattern total="1">
        <valenceUnit GF="" PT="CNI" FE="Agent" />
        <valenceUnit GF="Dep" PT="PP[on]" FE="Goal" />
        <valenceUnit GF="Dep" PT="PP[off]" FE="Source" />
        <valenceUnit GF="Ext" PT="NP" FE="Theme" />
        <annoSet ID="655916" />
      </pattern>
      <pattern total="2">
        <valenceUnit GF="Ext" PT="NP" FE="Agent" />
        <valenceUnit GF="Dep" PT="PP[into]" FE="Goal" />
        <valenceUnit GF="Dep" PT="PP[from]" FE="Source" />
        <valenceUnit GF="Obj" PT="NP" FE="Theme" />
        <annoSet ID="654398" />
        <annoSet ID="654408" />
      </pattern>
    </FEGroupRealization>
    <FEGroupRealization total="54">
      <FE name="Agent" />
      <FE name="Goal" />
      <FE name="Theme" />
      <pattern total="1">
        <valenceUnit GF="" PT="CNI" FE="Agent" />
        <valenceUnit GF="" PT="INI" FE="Goal" />
        <valenceUnit GF="Ext" PT="NP" FE="Theme" />
        <annoSet ID="655006" />
      </pattern>
      <pattern total="1">
        <valenceUnit GF="" PT="CNI" FE="Agent" />
        <valenceUnit GF="Dep" PT="PP[across]" FE="Goal" />
        <valenceUnit GF="Ext" PT="NP" FE="Theme" />
        <annoSet ID="655106" />
      </pattern>
      <pattern total="1">
        <valenceUnit GF="" PT="CNI" FE="Agent" />
        <valenceUnit GF="Dep" PT="PP[in]" FE="Goal" />
        <valenceUnit GF="Ext" PT="NP" FE="Theme" />
        <annoSet ID="655890" />
      </pattern>
      <pattern total="1">
        <valenceUnit GF="" PT="CNI" FE="Agent" />
        <valenceUnit GF="Dep" PT="PP[in]" FE="Goal" />
        <valenceUnit GF="Obj" PT="NP" FE="Theme" />
        <annoSet ID="655606" />
      </pattern>
      <pattern total="3">
        <valenceUnit GF="" PT="CNI" FE="Agent" />
        <valenceUnit GF="Dep" PT="PP[into]" FE="Goal" />
        <valenceUnit GF="Ext" PT="NP" FE="Theme" />
        <annoSet ID="655010" />
        <annoSet ID="655492" />
        <annoSet ID="655838" />
      </pattern>
      <pattern total="1">
        <valenceUnit GF="" PT="CNI" FE="Agent" />
        <valenceUnit GF="Dep" PT="PP[on]" FE="Goal" />
        <valenceUnit GF="Ext" PT="NP" FE="Theme" />
        <annoSet ID="655324" />
      </pattern>
      <pattern total="1">
        <valenceUnit GF="" PT="CNI" FE="Agent" />
        <valenceUnit GF="Dep" PT="PP[on]" FE="Goal" />
        <valenceUnit GF="Obj" PT="NP" FE="Theme" />
        <annoSet ID="654544" />
      </pattern>
      <pattern total="1">
        <valenceUnit GF="" PT="CNI" FE="Agent" />
        <valenceUnit GF="Dep" PT="PP[onto]" FE="Goal" />
        <valenceUnit GF="Obj" PT="NP" FE="Theme" />
        <annoSet ID="654584" />
      </pattern>
      <pattern total="1">
        <valenceUnit GF="" PT="CNI" FE="Agent" />
        <valenceUnit GF="Dep" PT="PP[over]" FE="Goal" />
        <valenceUnit GF="Ext" PT="NP" FE="Theme" />
        <annoSet ID="655370" />
      </pattern>
      <pattern total="2">
        <valenceUnit GF="" PT="CNI" FE="Agent" />
        <valenceUnit GF="Dep" PT="PP[over]" FE="Goal" />
        <valenceUnit GF="Obj" PT="NP" FE="Theme" />
        <annoSet ID="654400" />
        <annoSet ID="656218" />
      </pattern>
      <pattern total="1">
        <valenceUnit GF="" PT="CNI" FE="Agent" />
        <valenceUnit GF="Dep" PT="PP[to]" FE="Goal" />
        <valenceUnit GF="Ext" PT="NP" FE="Theme" />
        <annoSet ID="655416" />
      </pattern>
      <pattern total="1">
        <valenceUnit GF="" PT="CNI" FE="Agent" />
        <valenceUnit GF="Dep" PT="PP[to]" FE="Goal" />
        <valenceUnit GF="Obj" PT="NP" FE="Theme" />
        <annoSet ID="654742" />
      </pattern>
      <pattern total="2">
        <valenceUnit GF="Ext" PT="NP" FE="Agent" />
        <valenceUnit GF="Dep" PT="AVP" FE="Goal" />
        <valenceUnit GF="Obj" PT="NP" FE="Theme" />
        <annoSet ID="655048" />
        <annoSet ID="655082" />
      </pattern>
      <pattern total="2">
        <valenceUnit GF="Ext" PT="NP" FE="Agent" />
        <valenceUnit GF="" PT="INI" FE="Goal" />
        <valenceUnit GF="Obj" PT="NP" FE="Theme" />
        <annoSet ID="654908" />
        <annoSet ID="654912" />
      </pattern>
      <pattern total="1">
        <valenceUnit GF="Ext" PT="NP" FE="Agent" />
        <valenceUnit GF="Dep" PT="PP[about]" FE="Goal" />
        <valenceUnit GF="Obj" PT="NP" FE="Theme" />
        <annoSet ID="654178" />
      </pattern>
      <pattern total="4">
        <valenceUnit GF="Ext" PT="NP" FE="Agent" />
        <valenceUnit GF="Dep" PT="PP[against]" FE="Goal" />
        <valenceUnit GF="Obj" PT="NP" FE="Theme" />
        <annoSet ID="654244" />
        <annoSet ID="654250" />
        <annoSet ID="654258" />
        <annoSet ID="654270" />
      </pattern>
      <pattern total="1">
        <valenceUnit GF="Ext" PT="NP" FE="Agent" />
        <valenceUnit GF="Dep" PT="PP[amongst]" FE="Goal" />
        <valenceUnit GF="Obj" PT="NP" FE="Theme" />
        <annoSet ID="654272" />
      </pattern>
      <pattern total="1">
        <valenceUnit GF="Ext" PT="NP" FE="Agent" />
        <valenceUnit GF="Dep" PT="PP[around]" FE="Goal" />
        <valenceUnit GF="Obj" PT="NP" FE="Theme" />
        <annoSet ID="654282" />
      </pattern>
      <pattern total="2">
        <valenceUnit GF="Ext" PT="NP" FE="Agent" />
        <valenceUnit GF="Dep" PT="PP[behind]" FE="Goal" />
        <valenceUnit GF="Obj" PT="NP" FE="Theme" />
        <annoSet ID="654326" />
        <annoSet ID="654348" />
      </pattern>
      <pattern total="1">
        <valenceUnit GF="Ext" PT="NP" FE="Agent" />
        <valenceUnit GF="Dep" PT="PP[beneath]" FE="Goal" />
        <valenceUnit GF="Obj" PT="NP" FE="Theme" />
        <annoSet ID="654360" />
      </pattern>
      <pattern total="1">
        <valenceUnit GF="Ext" PT="NP" FE="Agent" />
        <valenceUnit GF="Dep" PT="PP[between]" FE="Goal" />
        <valenceUnit GF="Obj" PT="NP" FE="Theme" />
        <annoSet ID="654366" />
      </pattern>
      <pattern total="2">
        <valenceUnit GF="Ext" PT="NP" FE="Agent" />
        <valenceUnit GF="Dep" PT="PP[down]" FE="Goal" />
        <valenceUnit GF="Obj" PT="NP" FE="Theme" />
        <annoSet ID="655602" />
        <annoSet ID="656122" />
      </pattern>
      <pattern total="3">
        <valenceUnit GF="Ext" PT="NP" FE="Agent" />
        <valenceUnit GF="Dep" PT="PP[in]" FE="Goal" />
        <valenceUnit GF="Obj" PT="NP" FE="Theme" />
        <annoSet ID="654432" />
        <annoSet ID="654436" />
        <annoSet ID="655240" />
      </pattern>
      <pattern total="1">
        <valenceUnit GF="Ext" PT="NP" FE="Agent" />
        <valenceUnit GF="Dep" PT="PP[inside]" FE="Goal" />
        <valenceUnit GF="Obj" PT="NP" FE="Theme" />
        <annoSet ID="6561282" />
      </pattern>
      <pattern total="5">
        <valenceUnit GF="Ext" PT="NP" FE="Agent" />
        <valenceUnit GF="Dep" PT="PP[into]" FE="Goal" />
        <valenceUnit GF="Obj" PT="NP" FE="Theme" />
        <annoSet ID="654136" />
        <annoSet ID="654476" />
        <annoSet ID="654490" />
        <annoSet ID="654500" />
        <annoSet ID="655272" />
      </pattern>
      <pattern total="3">
        <valenceUnit GF="Ext" PT="NP" FE="Agent" />
        <valenceUnit GF="Dep" PT="PP[on]" FE="Goal" />
        <valenceUnit GF="Obj" PT="NP" FE="Theme" />
        <annoSet ID="654554" />
        <annoSet ID="654566" />
        <annoSet ID="655352" />
      </pattern>
      <pattern total="2">
        <valenceUnit GF="Ext" PT="NP" FE="Agent" />
        <valenceUnit GF="Dep" PT="PP[onto]" FE="Goal" />
        <valenceUnit GF="Obj" PT="NP" FE="Theme" />
        <annoSet ID="654592" />
        <annoSet ID="654604" />
      </pattern>
      <pattern total="2">
        <valenceUnit GF="Ext" PT="NP" FE="Agent" />
        <valenceUnit GF="Dep" PT="PP[over]" FE="Goal" />
        <valenceUnit GF="Obj" PT="NP" FE="Theme" />
        <annoSet ID="654160" />
        <annoSet ID="654632" />
      </pattern>
      <pattern total="2">
        <valenceUnit GF="Ext" PT="NP" FE="Agent" />
        <valenceUnit GF="Dep" PT="PP[to]" FE="Goal" />
        <valenceUnit GF="Obj" PT="NP" FE="Theme" />
        <annoSet ID="654744" />
        <annoSet ID="654766" />
      </pattern>
      <pattern total="2">
        <valenceUnit GF="Dep" PT="PP[by]" FE="Agent" />
        <valenceUnit GF="" PT="INI" FE="Goal" />
        <valenceUnit GF="Ext" PT="NP" FE="Theme" />
        <annoSet ID="654958" />
        <annoSet ID="655162" />
      </pattern>
      <pattern total="1">
        <valenceUnit GF="Dep" PT="PP[by]" FE="Agent" />
        <valenceUnit GF="Dep" PT="PP[down]" FE="Goal" />
        <valenceUnit GF="Ext" PT="NP" FE="Theme" />
        <annoSet ID="656542" />
      </pattern>
      <pattern total="1">
        <valenceUnit GF="Dep" PT="PPing[by]" FE="Agent" />
        <valenceUnit GF="Dep" PT="PP[up]" FE="Goal" />
        <valenceUnit GF="Ext" PT="NP" FE="Theme" />
        <annoSet ID="656636" />
      </pattern>
    </FEGroupRealization>
    <FEGroupRealization total="3">
      <FE name="Agent" />
      <FE name="Goal" />
      <FE name="Theme" />
      <FE name="Theme" />
      <pattern total="1">
        <valenceUnit GF="Ext" PT="NP" FE="Agent" />
        <valenceUnit GF="Dep" PT="PP[down]" FE="Goal" />
        <valenceUnit GF="Obj" PT="NP" FE="Theme" />
        <valenceUnit GF="Obj" PT="NP" FE="Theme" />
        <annoSet ID="655596" />
      </pattern>
      <pattern total="1">
        <valenceUnit GF="Ext" PT="NP" FE="Agent" />
        <valenceUnit GF="Dep" PT="PP[onto]" FE="Goal" />
        <valenceUnit GF="Obj" PT="NP" FE="Theme" />
        <valenceUnit GF="Obj" PT="NP" FE="Theme" />
        <annoSet ID="655362" />
      </pattern>
      <pattern total="1">
        <valenceUnit GF="Ext" PT="NP" FE="Agent" />
        <valenceUnit GF="Dep" PT="PP[to]" FE="Goal" />
        <valenceUnit GF="Obj" PT="NP" FE="Theme" />
        <valenceUnit GF="Obj" PT="NP" FE="Theme" />
        <annoSet ID="655426" />
      </pattern>
    </FEGroupRealization>
    <FEGroupRealization total="2">
      <FE name="Agent" />
      <FE name="Manner" />
      <FE name="Path" />
      <FE name="Theme" />
      <pattern total="1">
        <valenceUnit GF="Ext" PT="NP" FE="Agent" />
        <valenceUnit GF="Dep" PT="AVP" FE="Manner" />
        <valenceUnit GF="Dep" PT="PP[across]" FE="Path" />
        <valenceUnit GF="Obj" PT="NP" FE="Theme" />
        <annoSet ID="654198" />
      </pattern>
      <pattern total="1">
        <valenceUnit GF="Ext" PT="NP" FE="Agent" />
        <valenceUnit GF="Dep" PT="AVP" FE="Manner" />
        <valenceUnit GF="Dep" PT="PP[through]" FE="Path" />
        <valenceUnit GF="Obj" PT="NP" FE="Theme" />
        <annoSet ID="654728" />
      </pattern>
    </FEGroupRealization>
    <FEGroupRealization total="1">
      <FE name="Agent" />
      <FE name="Manner" />
      <FE name="Source" />
      <FE name="Theme" />
      <pattern total="1">
        <valenceUnit GF="Ext" PT="NP" FE="Agent" />
        <valenceUnit GF="Dep" PT="AVP" FE="Manner" />
        <valenceUnit GF="Dep" PT="PP[from]" FE="Source" />
        <valenceUnit GF="Obj" PT="NP" FE="Theme" />
        <annoSet ID="654394" />
      </pattern>
    </FEGroupRealization>
    <FEGroupRealization total="3">
      <FE name="Agent" />
      <FE name="Path" />
      <FE name="Path" />
      <FE name="Theme" />
      <pattern total="1">
        <valenceUnit GF="Ext" PT="NP" FE="Agent" />
        <valenceUnit GF="Dep" PT="AVP" FE="Path" />
        <valenceUnit GF="Dep" PT="PP[through]" FE="Path" />
        <valenceUnit GF="Obj" PT="NP" FE="Theme" />
        <annoSet ID="654724" />
      </pattern>
      <pattern total="1">
        <valenceUnit GF="Ext" PT="NP" FE="Agent" />
        <valenceUnit GF="Dep" PT="PP[above]" FE="Path" />
        <valenceUnit GF="Dep" PT="PP[at]" FE="Path" />
        <valenceUnit GF="Obj" PT="NP" FE="Theme" />
        <annoSet ID="654190" />
      </pattern>
      <pattern total="1">
        <valenceUnit GF="Ext" PT="NP" FE="Agent" />
        <valenceUnit GF="Dep" PT="PP[across]" FE="Path" />
        <valenceUnit GF="Dep" PT="PP[towards]" FE="Path" />
        <valenceUnit GF="Obj" PT="NP" FE="Theme" />
        <annoSet ID="654204" />
      </pattern>
    </FEGroupRealization>
    <FEGroupRealization total="25">
      <FE name="Agent" />
      <FE name="Path" />
      <FE name="Theme" />
      <pattern total="1">
        <valenceUnit GF="" PT="CNI" FE="Agent" />
        <valenceUnit GF="Dep" PT="AVP" FE="Path" />
        <valenceUnit GF="Ext" PT="NP" FE="Theme" />
        <annoSet ID="656696" />
      </pattern>
      <pattern total="1">
        <valenceUnit GF="" PT="CNI" FE="Agent" />
        <valenceUnit GF="Dep" PT="PP[at]" FE="Path" />
        <valenceUnit GF="Ext" PT="NP" FE="Theme" />
        <annoSet ID="655448" />
      </pattern>
      <pattern total="1">
        <valenceUnit GF="" PT="CNI" FE="Agent" />
        <valenceUnit GF="Dep" PT="PP[over]" FE="Path" />
        <valenceUnit GF="Ext" PT="NP" FE="Theme" />
        <annoSet ID="656214" />
      </pattern>
      <pattern total="1">
        <valenceUnit GF="" PT="CNI" FE="Agent" />
        <valenceUnit GF="Dep" PT="PP[past]" FE="Path" />
        <valenceUnit GF="Ext" PT="NP" FE="Theme" />
        <annoSet ID="655390" />
      </pattern>
      <pattern total="2">
        <valenceUnit GF="" PT="CNI" FE="Agent" />
        <valenceUnit GF="Dep" PT="PP[through]" FE="Path" />
        <valenceUnit GF="Ext" PT="NP" FE="Theme" />
        <annoSet ID="655394" />
        <annoSet ID="655400" />
      </pattern>
      <pattern total="1">
        <valenceUnit GF="" PT="CNI" FE="Agent" />
        <valenceUnit GF="Dep" PT="PP[through]" FE="Path" />
        <valenceUnit GF="Obj" PT="NP" FE="Theme" />
        <annoSet ID="654946" />
      </pattern>
      <pattern total="1">
        <valenceUnit GF="" PT="CNI" FE="Agent" />
        <valenceUnit GF="Dep" PT="PP[up]" FE="Path" />
        <valenceUnit GF="Obj" PT="NP" FE="Theme" />
        <annoSet ID="656460" />
      </pattern>
      <pattern total="1">
        <valenceUnit GF="Ext" PT="NP" FE="Agent" />
        <valenceUnit GF="Dep" PT="AVP" FE="Path" />
        <valenceUnit GF="Obj" PT="NP" FE="Theme" />
        <annoSet ID="656694" />
      </pattern>
      <pattern total="1">
        <valenceUnit GF="Ext" PT="NP" FE="Agent" />
        <valenceUnit GF="Dep" PT="PP[above]" FE="Path" />
        <valenceUnit GF="Obj" PT="NP" FE="Theme" />
        <annoSet ID="654188" />
      </pattern>
      <pattern total="1">
        <valenceUnit GF="Ext" PT="NP" FE="Agent" />
        <valenceUnit GF="Dep" PT="PP[across]" FE="Path" />
        <valenceUnit GF="Obj" PT="NP" FE="Theme" />
        <annoSet ID="654220" />
      </pattern>
      <pattern total="2">
        <valenceUnit GF="Ext" PT="NP" FE="Agent" />
        <valenceUnit GF="Dep" PT="PP[at]" FE="Path" />
        <valenceUnit GF="Obj" PT="NP" FE="Theme" />
        <annoSet ID="654836" />
        <annoSet ID="655444" />
      </pattern>
      <pattern total="1">
        <valenceUnit GF="Ext" PT="NP" FE="Agent" />
        <valenceUnit GF="Dep" PT="PP[beyond]" FE="Path" />
        <valenceUnit GF="Obj" PT="NP" FE="Theme" />
        <annoSet ID="654370" />
      </pattern>
      <pattern total="2">
        <valenceUnit GF="Ext" PT="NP" FE="Agent" />
        <valenceUnit GF="Dep" PT="PP[down]" FE="Path" />
        <valenceUnit GF="Obj" PT="NP" FE="Theme" />
        <annoSet ID="656320" />
        <annoSet ID="656348" />
      </pattern>
      <pattern total="1">
        <valenceUnit GF="Ext" PT="NP" FE="Agent" />
        <valenceUnit GF="Dep" PT="PP[out]" FE="Path" />
        <valenceUnit GF="Obj" PT="NP" FE="Theme" />
        <annoSet ID="654858" />
      </pattern>
      <pattern total="1">
        <valenceUnit GF="Ext" PT="NP" FE="Agent" />
        <valenceUnit GF="Dep" PT="PP[out]" FE="Path" />
        <valenceUnit GF="Dep" PT="Sfin" FE="Theme" />
        <annoSet ID="655472" />
      </pattern>
      <pattern total="2">
        <valenceUnit GF="Ext" PT="NP" FE="Agent" />
        <valenceUnit GF="Dep" PT="PP[over]" FE="Path" />
        <valenceUnit GF="Obj" PT="NP" FE="Theme" />
        <annoSet ID="654644" />
        <annoSet ID="656440" />
      </pattern>
      <pattern total="1">
        <valenceUnit GF="Ext" PT="NP" FE="Agent" />
        <valenceUnit GF="Dep" PT="PP[through]" FE="Path" />
        <valenceUnit GF="Obj" PT="NP" FE="Theme" />
        <annoSet ID="654706" />
      </pattern>
      <pattern total="2">
        <valenceUnit GF="Ext" PT="NP" FE="Agent" />
        <valenceUnit GF="Dep" PT="PP[towards]" FE="Path" />
        <valenceUnit GF="Obj" PT="NP" FE="Theme" />
        <annoSet ID="654782" />
        <annoSet ID="654788" />
      </pattern>
      <pattern total="1">
        <valenceUnit GF="Dep" PT="PP[by]" FE="Agent" />
        <valenceUnit GF="Dep" PT="AVP" FE="Path" />
        <valenceUnit GF="Ext" PT="NP" FE="Theme" />
        <annoSet ID="654970" />
      </pattern>
      <pattern total="1">
        <valenceUnit GF="Dep" PT="PP[by]" FE="Agent" />
        <valenceUnit GF="Dep" PT="PP[at]" FE="Path" />
        <valenceUnit GF="Ext" PT="NP" FE="Theme" />
        <annoSet ID="654966" />
      </pattern>
    </FEGroupRealization>
    <FEGroupRealization total="1">
      <FE name="Agent" />
      <FE name="Result" />
      <FE name="Theme" />
      <pattern total="1">
        <valenceUnit GF="Dep" PT="PP[by]" FE="Agent" />
        <valenceUnit GF="Dep" PT="AJP" FE="Result" />
        <valenceUnit GF="Ext" PT="NP" FE="Theme" />
        <annoSet ID="654980" />
      </pattern>
    </FEGroupRealization>
    <FEGroupRealization total="15">
      <FE name="Agent" />
      <FE name="Source" />
      <FE name="Theme" />
      <pattern total="5">
        <valenceUnit GF="" PT="CNI" FE="Agent" />
        <valenceUnit GF="Dep" PT="PP[from]" FE="Source" />
        <valenceUnit GF="Ext" PT="NP" FE="Theme" />
        <annoSet ID="655004" />
        <annoSet ID="655184" />
        <annoSet ID="655202" />
        <annoSet ID="655204" />
        <annoSet ID="655210" />
      </pattern>
      <pattern total="1">
        <valenceUnit GF="" PT="CNI" FE="Agent" />
        <valenceUnit GF="Dep" PT="PP[off]" FE="Source" />
        <valenceUnit GF="Ext" PT="NP" FE="Theme" />
        <annoSet ID="656168" />
      </pattern>
      <pattern total="1">
        <valenceUnit GF="Ext" PT="NP" FE="Agent" />
        <valenceUnit GF="Dep" PT="AVP" FE="Source" />
        <valenceUnit GF="Obj" PT="NP" FE="Theme" />
        <annoSet ID="656032" />
      </pattern>
      <pattern total="4">
        <valenceUnit GF="Ext" PT="NP" FE="Agent" />
        <valenceUnit GF="Dep" PT="PP[from]" FE="Source" />
        <valenceUnit GF="Obj" PT="NP" FE="Theme" />
        <annoSet ID="654384" />
        <annoSet ID="654390" />
        <annoSet ID="654404" />
        <annoSet ID="654418" />
      </pattern>
      <pattern total="1">
        <valenceUnit GF="Ext" PT="NP" FE="Agent" />
        <valenceUnit GF="Dep" PT="PP[from]" FE="Source" />
        <valenceUnit GF="Dep" PT="Sfin" FE="Theme" />
        <annoSet ID="655214" />
      </pattern>
      <pattern total="2">
        <valenceUnit GF="Ext" PT="NP" FE="Agent" />
        <valenceUnit GF="Dep" PT="PP[off]" FE="Source" />
        <valenceUnit GF="Obj" PT="NP" FE="Theme" />
        <annoSet ID="654534" />
        <annoSet ID="654536" />
      </pattern>
      <pattern total="1">
        <valenceUnit GF="Ext" PT="NP" FE="Agent" />
        <valenceUnit GF="Dep" PT="PP[out]" FE="Source" />
        <valenceUnit GF="Obj" PT="NP" FE="Theme" />
        <annoSet ID="654144" />
      </pattern>
    </FEGroupRealization>
    <FEGroupRealization total="1">
      <FE name="Area" />
      <FE name="Cause" />
      <FE name="Theme" />
      <pattern total="1">
        <valenceUnit GF="Dep" PT="PP[in]" FE="Area" />
        <valenceUnit GF="Ext" PT="NP" FE="Cause" />
        <valenceUnit GF="Obj" PT="NP" FE="Theme" />
        <annoSet ID="4529049" />
      </pattern>
    </FEGroupRealization>
    <FEGroupRealization total="1">
      <FE name="Cause" />
      <FE name="Cause" />
      <FE name="Source" />
      <FE name="Theme" />
      <pattern total="1">
        <valenceUnit GF="Ext" PT="NP" FE="Cause" />
        <valenceUnit GF="Ext" PT="NP" FE="Cause" />
        <valenceUnit GF="Dep" PT="PP[off]" FE="Source" />
        <valenceUnit GF="Obj" PT="NP" FE="Theme" />
        <annoSet ID="654528" />
      </pattern>
    </FEGroupRealization>
    <FEGroupRealization total="1">
      <FE name="Cause" />
      <FE name="Goal" />
      <FE name="Theme" />
      <pattern total="1">
        <valenceUnit GF="Ext" PT="NP" FE="Cause" />
        <valenceUnit GF="Dep" PT="PP[among]" FE="Goal" />
        <valenceUnit GF="Obj" PT="NP" FE="Theme" />
        <annoSet ID="654278" />
      </pattern>
    </FEGroupRealization>
    <FEGroupRealization total="1">
      <FE name="Cause" />
      <FE name="Manner" />
      <FE name="Path" />
      <FE name="Theme" />
      <pattern total="1">
        <valenceUnit GF="" PT="CNI" FE="Cause" />
        <valenceUnit GF="Dep" PT="AVP" FE="Manner" />
        <valenceUnit GF="Dep" PT="PP[down]" FE="Path" />
        <valenceUnit GF="Ext" PT="NP" FE="Theme" />
        <annoSet ID="654998" />
      </pattern>
    </FEGroupRealization>
  </valences>
  <subCorpus name="V-augmented">
    <sentence sentNo="0" ID="588429n">
      <text>Then he glanced aside , and yelled , ` Watch out ! " as he thrown the ball into the crowd . </text>
      <annotationSet cDate="08/08/2025 07:59:58 PST Fri" status="AUGMENTED" ID="0">
        <layer name="FE" rank="1">
          <label cBy="auto-aug" feID="228" start="5" end="6" name="Agent" />
          <label cBy="auto-aug" feID="229" start="66" end="73" name="Theme" />
          <label cBy="auto-aug" feID="5532" start="75" end="88" name="Result" />
        </layer>
        <layer name="Target" rank="1">
          <label cBy="auto-aug" start="59" end="64" name="Target" />
        </layer>
      </annotationSet>
    </sentence>
    <sentence sentNo="0" ID="4100397n">
      <text>They built many impressive churches during the term of the first Latin Kingdom of Jerusalem , but in 1187 stone were thrown from the city by the Crusaders under the great warrior Saladin .</text>
      <annotationSet cDate="08/08/2025 07:59:58 PST Fri" status="AUGMENTED" ID="0">
        <layer name="FE" rank="1">
          <label cBy="auto-aug" feID="229" start="106" end="110" name="Theme" />
          <label cBy="auto-aug" feID="230" start="124" end="136" name="Source" />
          <label cBy="auto-aug" feID="228" start="138" end="153" name="Agent" />
        </layer>
        <layer name="Target" rank="1">
          <label cBy="auto-aug" start="117" end="122" name="Target" />
        </layer>
      </annotationSet>
    </sentence>
    <sentence sentNo="0" ID="4148268n">
      <text>We thrown the ball from the park .</text>
      <annotationSet cDate="08/08/2025 07:59:58 PST Fri" status="AUGMENTED" ID="0">
        <layer name="FE" rank="1">
          <label cBy="auto-aug" feID="228" start="0" end="1" name="Agent" />
          <label cBy="auto-aug" feID="229" start="10" end="17" name="Theme" />
          <label cBy="auto-aug" feID="230" start="19" end="31" name="Source" />
        </layer>
        <layer name="Target" rank="1">
          <label cBy="auto-aug" start="3" end="8" name="Target" />
        </layer>
      </annotationSet>
    </sentence>
  </subCorpus>
</lexUnit>