<?xml version='1.0' encoding='UTF-8'?>
<lexUnit xmlns="http://framenet.icsi.berkeley.edu" xmlns:xsi="http://www.w3.org/2001/XMLSchema-instance" status="FN1_Sent" POS="V" name="pursue.v" ID="974" frame="Cotheme" frameID="56" totalAnnotated="44" xsi:schemaLocation="../schema/lexUnit.xsd">
  <header>
    <corpus description="Texts from Nuclear Threat Initiative website, created by Center for Non-Proliferation Studies" name="NTI" ID="135">
      <document description="Iran Nuclear" name="Iran_Nuclear" ID="23511" />
      <document description="Iran Chemical" name="Iran_Chemical" ID="23514" />
      <document description="B W Tutorial chapter1" name="BWTutorial_chapter1" ID="23602" />
      <document description="Syria Nuclear Overview" name="Syria_NuclearOverview" ID="23631" />
    </corpus>
    <corpus description="Miscellaneous" name="Miscellaneous" ID="175">
      <document description="TigerOfSanPedro" name="Tiger_Of_San_Pedro" ID="25343" />
    </corpus>
    <frame>
      <FE fgColor="FFFFFF" bgColor="808080" type="Core" abbrev="Area" name="Area" />
      <FE fgColor="FFFFFF" bgColor="1E90FF" type="Core" abbrev="Thm_c" name="Cotheme" />
      <FE fgColor="FFFFFF" bgColor="9400D3" type="Extra-Thematic" abbrev="Dep" name="Depictive" />
      <FE fgColor="000000" bgColor="d0d0d0" type="Core" abbrev="dir" name="Direction" />
      <FE fgColor="000000" bgColor="FFFF00" type="Peripheral" abbrev="Dist" name="Distance" />
      <FE fgColor="FFFFFF" bgColor="9F79EE" type="Peripheral" abbrev="Dur" name="Duration" />
      <FE fgColor="FFFFFF" bgColor="006400" type="Extra-Thematic" abbrev="Evnt" name="Event" />
      <FE fgColor="FFFFFF" bgColor="A9A9A9" type="Extra-Thematic" abbrev="" name="Explanation" />
      <FE fgColor="FFFFFF" bgColor="FF69B4" type="Peripheral" abbrev="F_d" name="Following_distance" />
      <FE fgColor="FFFFFF" bgColor="00BFFF" type="Core" abbrev="Goal" name="Goal" />
      <FE fgColor="FFFFFF" bgColor="7CCD73" type="Extra-Thematic" abbrev="Hand" name="Handle" />
      <FE fgColor="FFFFFF" bgColor="FF00FF" type="Peripheral" abbrev="Manr" name="Manner" />
      <FE fgColor="FFFFFF" bgColor="A52A2A" type="Peripheral" abbrev="Mns" name="Means" />
      <FE fgColor="FFFFFF" bgColor="00008B" type="Peripheral" abbrev="MoT" name="Mode_of_transportation" />
      <FE fgColor="FFFFFF" bgColor="0000FF" type="Core" abbrev="Path" name="Path" />
      <FE fgColor="FFFFFF" bgColor="008000" type="Peripheral" abbrev="Place" name="Place" />
      <FE fgColor="FFFFFF" bgColor="800080" type="Peripheral" abbrev="Purp" name="Purpose" />
      <FE fgColor="FFFFFF" bgColor="90876C" type="Extra-Thematic" abbrev="Result" name="Result" />
      <FE fgColor="000000" bgColor="EEE8AA" type="Core" abbrev="Road" name="Road" />
      <FE fgColor="FFFFFF" bgColor="006400" type="Core" abbrev="Src" name="Source" />
      <FE fgColor="FFFFFF" bgColor="2E8B57" type="Peripheral" abbrev="Spd" name="Speed" />
      <FE fgColor="FFFFFF" bgColor="FF0000" type="Core" abbrev="Thm" name="Theme" />
      <FE fgColor="FFFFFF" bgColor="FFA500" type="Peripheral" abbrev="Time" name="Time" />
    </frame>
  </header>
  <definition>COD: follow in order to catch or attack.</definition>
  <lexeme POS="V" name="pursue" />
  <valences>
    <FERealization total="2">
      <FE name="Area" />
      <pattern total="2">
        <valenceUnit GF="" PT="INI" FE="Area" />
        <annoSet ID="6524570" />
        <annoSet ID="6535734" />
      </pattern>
    </FERealization>
    <FERealization total="44">
      <FE name="Cotheme" />
      <pattern total="1">
        <valenceUnit GF="Dep" PT="NP" FE="Cotheme" />
        <annoSet ID="6535734" />
      </pattern>
      <pattern total="12">
        <valenceUnit GF="Ext" PT="NP" FE="Cotheme" />
        <annoSet ID="672125" />
        <annoSet ID="672457" />
        <annoSet ID="672463" />
        <annoSet ID="672473" />
        <annoSet ID="672481" />
        <annoSet ID="672483" />
        <annoSet ID="672485" />
        <annoSet ID="672593" />
        <annoSet ID="672595" />
        <annoSet ID="672601" />
        <annoSet ID="6524570" />
        <annoSet ID="6645566" />
      </pattern>
      <pattern total="31">
        <valenceUnit GF="Obj" PT="NP" FE="Cotheme" />
        <annoSet ID="672081" />
        <annoSet ID="672083" />
        <annoSet ID="672085" />
        <annoSet ID="672087" />
        <annoSet ID="672089" />
        <annoSet ID="672091" />
        <annoSet ID="672093" />
        <annoSet ID="672095" />
        <annoSet ID="672117" />
        <annoSet ID="672119" />
        <annoSet ID="672171" />
        <annoSet ID="672175" />
        <annoSet ID="672181" />
        <annoSet ID="672215" />
        <annoSet ID="672221" />
        <annoSet ID="672235" />
        <annoSet ID="672253" />
        <annoSet ID="672285" />
        <annoSet ID="672393" />
        <annoSet ID="672419" />
        <annoSet ID="672423" />
        <annoSet ID="672559" />
        <annoSet ID="672753" />
        <annoSet ID="672755" />
        <annoSet ID="672763" />
        <annoSet ID="672765" />
        <annoSet ID="672767" />
        <annoSet ID="672771" />
        <annoSet ID="6523261" />
        <annoSet ID="6535788" />
        <annoSet ID="6537535" />
      </pattern>
    </FERealization>
    <FERealization total="3">
      <FE name="Distance" />
      <pattern total="1">
        <valenceUnit GF="Dep" PT="NP" FE="Distance" />
        <annoSet ID="672125" />
      </pattern>
      <pattern total="1">
        <valenceUnit GF="Dep" PT="PP[for]" FE="Distance" />
        <annoSet ID="672393" />
      </pattern>
      <pattern total="1">
        <valenceUnit GF="Dep" PT="PP[to]" FE="Distance" />
        <annoSet ID="672285" />
      </pattern>
    </FERealization>
    <FERealization total="8">
      <FE name="Goal" />
      <pattern total="4">
        <valenceUnit GF="Dep" PT="PP[into]" FE="Goal" />
        <annoSet ID="672171" />
        <annoSet ID="672175" />
        <annoSet ID="672181" />
        <annoSet ID="672755" />
      </pattern>
      <pattern total="1">
        <valenceUnit GF="Dep" PT="PP[onto]" FE="Goal" />
        <annoSet ID="672215" />
      </pattern>
      <pattern total="3">
        <valenceUnit GF="Dep" PT="PP[to]" FE="Goal" />
        <annoSet ID="672089" />
        <annoSet ID="672091" />
        <annoSet ID="672095" />
      </pattern>
    </FERealization>
    <FERealization total="6">
      <FE name="Manner" />
      <pattern total="6">
        <valenceUnit GF="Dep" PT="AVP" FE="Manner" />
        <annoSet ID="672093" />
        <annoSet ID="672463" />
        <annoSet ID="672483" />
        <annoSet ID="6524570" />
        <annoSet ID="6535734" />
        <annoSet ID="6535788" />
      </pattern>
    </FERealization>
    <FERealization total="1">
      <FE name="Means" />
      <pattern total="1">
        <valenceUnit GF="Dep" PT="PPing[by]" FE="Means" />
        <annoSet ID="6523261" />
      </pattern>
    </FERealization>
    <FERealization total="34">
      <FE name="Path" />
      <pattern total="14">
        <valenceUnit GF="" PT="INI" FE="Path" />
        <annoSet ID="672221" />
        <annoSet ID="672285" />
        <annoSet ID="672393" />
        <annoSet ID="672419" />
        <annoSet ID="672423" />
        <annoSet ID="672457" />
        <annoSet ID="672463" />
        <annoSet ID="672473" />
        <annoSet ID="672481" />
        <annoSet ID="672483" />
        <annoSet ID="672485" />
        <annoSet ID="672593" />
        <annoSet ID="672595" />
        <annoSet ID="672601" />
      </pattern>
      <pattern total="4">
        <valenceUnit GF="Dep" PT="PP[down]" FE="Path" />
        <annoSet ID="672117" />
        <annoSet ID="672119" />
        <annoSet ID="672755" />
        <annoSet ID="672763" />
      </pattern>
      <pattern total="6">
        <valenceUnit GF="Dep" PT="PP[along]" FE="Path" />
        <annoSet ID="672089" />
        <annoSet ID="672091" />
        <annoSet ID="672093" />
        <annoSet ID="672095" />
        <annoSet ID="672559" />
        <annoSet ID="672753" />
      </pattern>
      <pattern total="3">
        <valenceUnit GF="Dep" PT="PP[through]" FE="Path" />
        <annoSet ID="672235" />
        <annoSet ID="672253" />
        <annoSet ID="6523261" />
      </pattern>
      <pattern total="4">
        <valenceUnit GF="Dep" PT="PP[across]" FE="Path" />
        <annoSet ID="672081" />
        <annoSet ID="672083" />
        <annoSet ID="672085" />
        <annoSet ID="672087" />
      </pattern>
      <pattern total="1">
        <valenceUnit GF="Dep" PT="PP[on]" FE="Path" />
        <annoSet ID="672085" />
      </pattern>
      <pattern total="1">
        <valenceUnit GF="Dep" PT="PP[towards]" FE="Path" />
        <annoSet ID="672085" />
      </pattern>
      <pattern total="1">
        <valenceUnit GF="Dep" PT="PP[over]" FE="Path" />
        <annoSet ID="672765" />
      </pattern>
      <pattern total="2">
        <valenceUnit GF="Dep" PT="PP[up]" FE="Path" />
        <annoSet ID="672767" />
        <annoSet ID="672771" />
      </pattern>
    </FERealization>
    <FERealization total="1">
      <FE name="Place" />
      <pattern total="1">
        <valenceUnit GF="Dep" PT="PP[under]" FE="Place" />
        <annoSet ID="672117" />
      </pattern>
    </FERealization>
    <FERealization total="2">
      <FE name="Source" />
      <pattern total="2">
        <valenceUnit GF="Dep" PT="PP[from]" FE="Source" />
        <annoSet ID="672125" />
        <annoSet ID="672765" />
      </pattern>
    </FERealization>
    <FERealization total="44">
      <FE name="Theme" />
      <pattern total="30">
        <valenceUnit GF="Ext" PT="NP" FE="Theme" />
        <annoSet ID="672081" />
        <annoSet ID="672083" />
        <annoSet ID="672085" />
        <annoSet ID="672087" />
        <annoSet ID="672089" />
        <annoSet ID="672091" />
        <annoSet ID="672093" />
        <annoSet ID="672095" />
        <annoSet ID="672117" />
        <annoSet ID="672119" />
        <annoSet ID="672171" />
        <annoSet ID="672175" />
        <annoSet ID="672181" />
        <annoSet ID="672221" />
        <annoSet ID="672235" />
        <annoSet ID="672253" />
        <annoSet ID="672285" />
        <annoSet ID="672393" />
        <annoSet ID="672419" />
        <annoSet ID="672423" />
        <annoSet ID="672753" />
        <annoSet ID="672755" />
        <annoSet ID="672763" />
        <annoSet ID="672765" />
        <annoSet ID="672767" />
        <annoSet ID="672771" />
        <annoSet ID="6523261" />
        <annoSet ID="6535734" />
        <annoSet ID="6535788" />
        <annoSet ID="6537535" />
      </pattern>
      <pattern total="1">
        <valenceUnit GF="Obj" PT="NP" FE="Theme" />
        <annoSet ID="6524570" />
      </pattern>
      <pattern total="3">
        <valenceUnit GF="" PT="CNI" FE="Theme" />
        <annoSet ID="672125" />
        <annoSet ID="672215" />
        <annoSet ID="672559" />
      </pattern>
      <pattern total="9">
        <valenceUnit GF="Dep" PT="PP[by]" FE="Theme" />
        <annoSet ID="672457" />
        <annoSet ID="672463" />
        <annoSet ID="672473" />
        <annoSet ID="672481" />
        <annoSet ID="672483" />
        <annoSet ID="672485" />
        <annoSet ID="672593" />
        <annoSet ID="672595" />
        <annoSet ID="672601" />
      </pattern>
      <pattern total="1">
        <valenceUnit GF="Obj" PT="PP[by]" FE="Theme" />
        <annoSet ID="6645566" />
      </pattern>
    </FERealization>
    <FERealization total="1">
      <FE name="Time" />
      <pattern total="1">
        <valenceUnit GF="Obj" PT="PP[on]" FE="Time" />
        <annoSet ID="6645566" />
      </pattern>
    </FERealization>
    <FEGroupRealization total="2">
      <FE name="Area" />
      <FE name="Cotheme" />
      <FE name="Manner" />
      <FE name="Theme" />
      <pattern total="1">
        <valenceUnit GF="" PT="INI" FE="Area" />
        <valenceUnit GF="Dep" PT="NP" FE="Cotheme" />
        <valenceUnit GF="Dep" PT="AVP" FE="Manner" />
        <valenceUnit GF="Ext" PT="NP" FE="Theme" />
        <annoSet ID="6535734" />
      </pattern>
      <pattern total="1">
        <valenceUnit GF="" PT="INI" FE="Area" />
        <valenceUnit GF="Ext" PT="NP" FE="Cotheme" />
        <valenceUnit GF="Dep" PT="AVP" FE="Manner" />
        <valenceUnit GF="Obj" PT="NP" FE="Theme" />
        <annoSet ID="6524570" />
      </pattern>
    </FEGroupRealization>
    <FEGroupRealization total="2">
      <FE name="Cotheme" />
      <FE name="Distance" />
      <FE name="Path" />
      <FE name="Theme" />
      <pattern total="1">
        <valenceUnit GF="Obj" PT="NP" FE="Cotheme" />
        <valenceUnit GF="Dep" PT="PP[for]" FE="Distance" />
        <valenceUnit GF="" PT="INI" FE="Path" />
        <valenceUnit GF="Ext" PT="NP" FE="Theme" />
        <annoSet ID="672393" />
      </pattern>
      <pattern total="1">
        <valenceUnit GF="Obj" PT="NP" FE="Cotheme" />
        <valenceUnit GF="Dep" PT="PP[to]" FE="Distance" />
        <valenceUnit GF="" PT="INI" FE="Path" />
        <valenceUnit GF="Ext" PT="NP" FE="Theme" />
        <annoSet ID="672285" />
      </pattern>
    </FEGroupRealization>
    <FEGroupRealization total="1">
      <FE name="Cotheme" />
      <FE name="Distance" />
      <FE name="Source" />
      <FE name="Theme" />
      <pattern total="1">
        <valenceUnit GF="Ext" PT="NP" FE="Cotheme" />
        <valenceUnit GF="Dep" PT="NP" FE="Distance" />
        <valenceUnit GF="Dep" PT="PP[from]" FE="Source" />
        <valenceUnit GF="" PT="CNI" FE="Theme" />
        <annoSet ID="672125" />
      </pattern>
    </FEGroupRealization>
    <FEGroupRealization total="4">
      <FE name="Cotheme" />
      <FE name="Goal" />
      <FE name="Path" />
      <FE name="Theme" />
      <pattern total="1">
        <valenceUnit GF="Obj" PT="NP" FE="Cotheme" />
        <valenceUnit GF="Dep" PT="PP[into]" FE="Goal" />
        <valenceUnit GF="Dep" PT="PP[down]" FE="Path" />
        <valenceUnit GF="Ext" PT="NP" FE="Theme" />
        <annoSet ID="672755" />
      </pattern>
      <pattern total="3">
        <valenceUnit GF="Obj" PT="NP" FE="Cotheme" />
        <valenceUnit GF="Dep" PT="PP[to]" FE="Goal" />
        <valenceUnit GF="Dep" PT="PP[along]" FE="Path" />
        <valenceUnit GF="Ext" PT="NP" FE="Theme" />
        <annoSet ID="672089" />
        <annoSet ID="672091" />
        <annoSet ID="672095" />
      </pattern>
    </FEGroupRealization>
    <FEGroupRealization total="4">
      <FE name="Cotheme" />
      <FE name="Goal" />
      <FE name="Theme" />
      <pattern total="3">
        <valenceUnit GF="Obj" PT="NP" FE="Cotheme" />
        <valenceUnit GF="Dep" PT="PP[into]" FE="Goal" />
        <valenceUnit GF="Ext" PT="NP" FE="Theme" />
        <annoSet ID="672171" />
        <annoSet ID="672175" />
        <annoSet ID="672181" />
      </pattern>
      <pattern total="1">
        <valenceUnit GF="Obj" PT="NP" FE="Cotheme" />
        <valenceUnit GF="Dep" PT="PP[onto]" FE="Goal" />
        <valenceUnit GF="" PT="CNI" FE="Theme" />
        <annoSet ID="672215" />
      </pattern>
    </FEGroupRealization>
    <FEGroupRealization total="3">
      <FE name="Cotheme" />
      <FE name="Manner" />
      <FE name="Path" />
      <FE name="Theme" />
      <pattern total="2">
        <valenceUnit GF="Ext" PT="NP" FE="Cotheme" />
        <valenceUnit GF="Dep" PT="AVP" FE="Manner" />
        <valenceUnit GF="" PT="INI" FE="Path" />
        <valenceUnit GF="Dep" PT="PP[by]" FE="Theme" />
        <annoSet ID="672463" />
        <annoSet ID="672483" />
      </pattern>
      <pattern total="1">
        <valenceUnit GF="Obj" PT="NP" FE="Cotheme" />
        <valenceUnit GF="Dep" PT="AVP" FE="Manner" />
        <valenceUnit GF="Dep" PT="PP[along]" FE="Path" />
        <valenceUnit GF="Ext" PT="NP" FE="Theme" />
        <annoSet ID="672093" />
      </pattern>
    </FEGroupRealization>
    <FEGroupRealization total="1">
      <FE name="Cotheme" />
      <FE name="Manner" />
      <FE name="Theme" />
      <pattern total="1">
        <valenceUnit GF="Obj" PT="NP" FE="Cotheme" />
        <valenceUnit GF="Dep" PT="AVP" FE="Manner" />
        <valenceUnit GF="Ext" PT="NP" FE="Theme" />
        <annoSet ID="6535788" />
      </pattern>
    </FEGroupRealization>
    <FEGroupRealization total="1">
      <FE name="Cotheme" />
      <FE name="Means" />
      <FE name="Path" />
      <FE name="Theme" />
      <pattern total="1">
        <valenceUnit GF="Obj" PT="NP" FE="Cotheme" />
        <valenceUnit GF="Dep" PT="PPing[by]" FE="Means" />
        <valenceUnit GF="Dep" PT="PP[through]" FE="Path" />
        <valenceUnit GF="Ext" PT="NP" FE="Theme" />
        <annoSet ID="6523261" />
      </pattern>
    </FEGroupRealization>
    <FEGroupRealization total="1">
      <FE name="Cotheme" />
      <FE name="Path" />
      <FE name="Path" />
      <FE name="Path" />
      <FE name="Theme" />
      <pattern total="1">
        <valenceUnit GF="Obj" PT="NP" FE="Cotheme" />
        <valenceUnit GF="Dep" PT="PP[across]" FE="Path" />
        <valenceUnit GF="Dep" PT="PP[on]" FE="Path" />
        <valenceUnit GF="Dep" PT="PP[towards]" FE="Path" />
        <valenceUnit GF="Ext" PT="NP" FE="Theme" />
        <annoSet ID="672085" />
      </pattern>
    </FEGroupRealization>
    <FEGroupRealization total="1">
      <FE name="Cotheme" />
      <FE name="Path" />
      <FE name="Place" />
      <FE name="Theme" />
      <pattern total="1">
        <valenceUnit GF="Obj" PT="NP" FE="Cotheme" />
        <valenceUnit GF="Dep" PT="PP[down]" FE="Path" />
        <valenceUnit GF="Dep" PT="PP[under]" FE="Place" />
        <valenceUnit GF="Ext" PT="NP" FE="Theme" />
        <annoSet ID="672117" />
      </pattern>
    </FEGroupRealization>
    <FEGroupRealization total="1">
      <FE name="Cotheme" />
      <FE name="Path" />
      <FE name="Source" />
      <FE name="Theme" />
      <pattern total="1">
        <valenceUnit GF="Obj" PT="NP" FE="Cotheme" />
        <valenceUnit GF="Dep" PT="PP[over]" FE="Path" />
        <valenceUnit GF="Dep" PT="PP[from]" FE="Source" />
        <valenceUnit GF="Ext" PT="NP" FE="Theme" />
        <annoSet ID="672765" />
      </pattern>
    </FEGroupRealization>
    <FEGroupRealization total="21">
      <FE name="Cotheme" />
      <FE name="Path" />
      <FE name="Theme" />
      <pattern total="7">
        <valenceUnit GF="Ext" PT="NP" FE="Cotheme" />
        <valenceUnit GF="" PT="INI" FE="Path" />
        <valenceUnit GF="Dep" PT="PP[by]" FE="Theme" />
        <annoSet ID="672457" />
        <annoSet ID="672473" />
        <annoSet ID="672481" />
        <annoSet ID="672485" />
        <annoSet ID="672593" />
        <annoSet ID="672595" />
        <annoSet ID="672601" />
      </pattern>
      <pattern total="3">
        <valenceUnit GF="Obj" PT="NP" FE="Cotheme" />
        <valenceUnit GF="" PT="INI" FE="Path" />
        <valenceUnit GF="Ext" PT="NP" FE="Theme" />
        <annoSet ID="672221" />
        <annoSet ID="672419" />
        <annoSet ID="672423" />
      </pattern>
      <pattern total="3">
        <valenceUnit GF="Obj" PT="NP" FE="Cotheme" />
        <valenceUnit GF="Dep" PT="PP[across]" FE="Path" />
        <valenceUnit GF="Ext" PT="NP" FE="Theme" />
        <annoSet ID="672081" />
        <annoSet ID="672083" />
        <annoSet ID="672087" />
      </pattern>
      <pattern total="1">
        <valenceUnit GF="Obj" PT="NP" FE="Cotheme" />
        <valenceUnit GF="Dep" PT="PP[along]" FE="Path" />
        <valenceUnit GF="" PT="CNI" FE="Theme" />
        <annoSet ID="672559" />
      </pattern>
      <pattern total="1">
        <valenceUnit GF="Obj" PT="NP" FE="Cotheme" />
        <valenceUnit GF="Dep" PT="PP[along]" FE="Path" />
        <valenceUnit GF="Ext" PT="NP" FE="Theme" />
        <annoSet ID="672753" />
      </pattern>
      <pattern total="2">
        <valenceUnit GF="Obj" PT="NP" FE="Cotheme" />
        <valenceUnit GF="Dep" PT="PP[down]" FE="Path" />
        <valenceUnit GF="Ext" PT="NP" FE="Theme" />
        <annoSet ID="672119" />
        <annoSet ID="672763" />
      </pattern>
      <pattern total="2">
        <valenceUnit GF="Obj" PT="NP" FE="Cotheme" />
        <valenceUnit GF="Dep" PT="PP[through]" FE="Path" />
        <valenceUnit GF="Ext" PT="NP" FE="Theme" />
        <annoSet ID="672235" />
        <annoSet ID="672253" />
      </pattern>
      <pattern total="2">
        <valenceUnit GF="Obj" PT="NP" FE="Cotheme" />
        <valenceUnit GF="Dep" PT="PP[up]" FE="Path" />
        <valenceUnit GF="Ext" PT="NP" FE="Theme" />
        <annoSet ID="672767" />
        <annoSet ID="672771" />
      </pattern>
    </FEGroupRealization>
    <FEGroupRealization total="1">
      <FE name="Cotheme" />
      <FE name="Theme" />
      <pattern total="1">
        <valenceUnit GF="Obj" PT="NP" FE="Cotheme" />
        <valenceUnit GF="Ext" PT="NP" FE="Theme" />
        <annoSet ID="6537535" />
      </pattern>
    </FEGroupRealization>
    <FEGroupRealization total="1">
      <FE name="Cotheme" />
      <FE name="Theme" />
      <FE name="Time" />
      <pattern total="1">
        <valenceUnit GF="Ext" PT="NP" FE="Cotheme" />
        <valenceUnit GF="Obj" PT="PP[by]" FE="Theme" />
        <valenceUnit GF="Obj" PT="PP[on]" FE="Time" />
        <annoSet ID="6645566" />
      </pattern>
    </FEGroupRealization>
  </valences>
  <subCorpus name="V-augmented">
    <sentence sentNo="0" ID="594524n">
      <text>them were pursued to the park from where they inscrutably observed the goings-on from behind their mirrored sunglasses . </text>
      <annotationSet cDate="08/08/2025 07:55:02 PST Fri" status="AUGMENTED" ID="0">
        <layer name="FE" rank="1">
          <label cBy="auto-aug" feID="236" start="0" end="3" name="Cotheme" />
          <label cBy="auto-aug" feID="239" start="18" end="28" name="Goal" />
        </layer>
        <layer name="Target" rank="1">
          <label cBy="auto-aug" start="10" end="16" name="Target" />
        </layer>
      </annotationSet>
    </sentence>
    <sentence sentNo="0" ID="594017n">
      <text>But her screams still echoed in his ears , ringing out into the night , summoning all his enemies , the whole world , who only wanted this opportunity to pursue revenge , to tear him . </text>
      <annotationSet cDate="08/08/2025 07:55:02 PST Fri" status="AUGMENTED" ID="0">
        <layer name="FE" rank="1">
          <label cBy="auto-aug" feID="235" start="100" end="114" name="Theme" />
          <label cBy="auto-aug" feID="235" start="118" end="120" name="Theme" />
          <label cBy="auto-aug" feID="236" start="161" end="167" name="Cotheme" />
        </layer>
        <layer name="Target" rank="1">
          <label cBy="auto-aug" start="154" end="159" name="Target" />
        </layer>
      </annotationSet>
    </sentence>
    <sentence sentNo="0" ID="825179n">
      <text>He turned his back on the struggling man , put his hand under Lili 's elbow , and pursued the prize down the street . </text>
      <annotationSet cDate="08/08/2025 07:55:02 PST Fri" status="AUGMENTED" ID="0">
        <layer name="FE" rank="1">
          <label cBy="auto-aug" feID="235" start="0" end="1" name="Theme" />
          <label cBy="auto-aug" feID="236" start="90" end="98" name="Cotheme" />
          <label cBy="auto-aug" feID="238" start="100" end="114" name="Path" />
        </layer>
        <layer name="Target" rank="1">
          <label cBy="auto-aug" start="82" end="88" name="Target" />
        </layer>
      </annotationSet>
    </sentence>
  </subCorpus>
</lexUnit>