<?xml version='1.0' encoding='UTF-8'?>
<lexUnit xmlns="http://framenet.icsi.berkeley.edu" xmlns:xsi="http://www.w3.org/2001/XMLSchema-instance" status="Created" POS="V" name="smile.v" ID="9738" frame="Making_faces" frameID="794" totalAnnotated="82" xsi:schemaLocation="../schema/lexUnit.xsd">
  <header>
    <corpus description="Wall Street Journal Texts from the PropBank Project" name="PropBank" ID="115">
      <document description="Loma Prieta" name="LomaPrieta" ID="23013" />
    </corpus>
    <corpus description="Miscellaneous" name="Miscellaneous" ID="175">
      <document description="TigerOfSanPedro" name="Tiger_Of_San_Pedro" ID="25343" />
    </corpus>
    <corpus description="American National Corpus Texts" name="ANC" ID="195">
      <document description="Berlitz Where to Go in Hong Kong" name="WhereToHongKong" ID="23771" />
    </corpus>
    <frame>
      <FE fgColor="FFFFFF" bgColor="FF0000" type="Core" abbrev="" name="Agent" />
      <FE fgColor="FFFFFF" bgColor="808080" type="Core" abbrev="" name="Body_part" />
      <FE fgColor="FFFFFF" bgColor="9F79EE" type="Extra-Thematic" abbrev="" name="Cognate_event" />
      <FE fgColor="FFFFFF" bgColor="FF69B4" type="Peripheral" abbrev="" name="Degree" />
      <FE fgColor="FFFFFF" bgColor="9400D3" type="Extra-Thematic" abbrev="" name="Depictive" />
      <FE fgColor="FFFFFF" bgColor="006400" type="Peripheral" abbrev="" name="External_cause" />
      <FE fgColor="FFFFFF" bgColor="008000" type="Extra-Thematic" abbrev="" name="Intended_perceiver" />
      <FE fgColor="FFFFFF" bgColor="800080" type="Peripheral" abbrev="" name="Internal_cause" />
      <FE fgColor="FFFFFF" bgColor="00BFFF" type="Extra-Thematic" abbrev="Loc" name="Location_of_protagonist" />
      <FE fgColor="FFFFFF" bgColor="FF00FF" type="Peripheral" abbrev="" name="Manner" />
      <FE fgColor="FFFFFF" bgColor="00008B" type="Extra-Thematic" abbrev="" name="Path_of_gaze" />
      <FE fgColor="FFFFFF" bgColor="FFA500" type="Peripheral" abbrev="" name="Time" />
    </frame>
  </header>
  <definition>COD: form one's features into a pleased, friendly, or amused expression, with the corners of the mouth turned up.</definition>
  <lexeme POS="V" name="smile" />
  <valences>
    <FERealization total="79">
      <FE name="Agent" />
      <pattern total="79">
        <valenceUnit GF="Ext" PT="NP" FE="Agent" />
        <annoSet ID="322307" />
        <annoSet ID="322309" />
        <annoSet ID="322321" />
        <annoSet ID="322323" />
        <annoSet ID="322331" />
        <annoSet ID="322333" />
        <annoSet ID="322337" />
        <annoSet ID="322351" />
        <annoSet ID="322361" />
        <annoSet ID="322387" />
        <annoSet ID="322389" />
        <annoSet ID="322411" />
        <annoSet ID="322415" />
        <annoSet ID="322423" />
        <annoSet ID="322425" />
        <annoSet ID="322427" />
        <annoSet ID="322435" />
        <annoSet ID="322451" />
        <annoSet ID="322507" />
        <annoSet ID="322509" />
        <annoSet ID="322515" />
        <annoSet ID="322519" />
        <annoSet ID="322549" />
        <annoSet ID="322555" />
        <annoSet ID="322559" />
        <annoSet ID="322561" />
        <annoSet ID="322573" />
        <annoSet ID="322575" />
        <annoSet ID="322579" />
        <annoSet ID="322585" />
        <annoSet ID="322587" />
        <annoSet ID="322591" />
        <annoSet ID="322611" />
        <annoSet ID="322617" />
        <annoSet ID="322635" />
        <annoSet ID="322637" />
        <annoSet ID="322643" />
        <annoSet ID="322649" />
        <annoSet ID="322651" />
        <annoSet ID="322665" />
        <annoSet ID="322671" />
        <annoSet ID="322673" />
        <annoSet ID="322675" />
        <annoSet ID="322679" />
        <annoSet ID="322701" />
        <annoSet ID="322705" />
        <annoSet ID="322709" />
        <annoSet ID="322717" />
        <annoSet ID="322729" />
        <annoSet ID="322733" />
        <annoSet ID="322753" />
        <annoSet ID="322757" />
        <annoSet ID="322761" />
        <annoSet ID="322769" />
        <annoSet ID="322777" />
        <annoSet ID="322779" />
        <annoSet ID="322783" />
        <annoSet ID="322793" />
        <annoSet ID="322801" />
        <annoSet ID="322809" />
        <annoSet ID="322811" />
        <annoSet ID="322867" />
        <annoSet ID="322873" />
        <annoSet ID="322875" />
        <annoSet ID="322881" />
        <annoSet ID="322883" />
        <annoSet ID="322887" />
        <annoSet ID="322893" />
        <annoSet ID="322899" />
        <annoSet ID="322913" />
        <annoSet ID="322923" />
        <annoSet ID="322927" />
        <annoSet ID="322937" />
        <annoSet ID="4528957" />
        <annoSet ID="4529126" />
        <annoSet ID="6560737" />
        <annoSet ID="6645332" />
        <annoSet ID="6646475" />
        <annoSet ID="6646794" />
      </pattern>
    </FERealization>
    <FERealization total="3">
      <FE name="Body_part" />
      <pattern total="3">
        <valenceUnit GF="Ext" PT="NP" FE="Body_part" />
        <annoSet ID="322821" />
        <annoSet ID="322839" />
        <annoSet ID="322869" />
      </pattern>
    </FERealization>
    <FERealization total="2">
      <FE name="Cognate_event" />
      <pattern total="2">
        <valenceUnit GF="Obj" PT="NP" FE="Cognate_event" />
        <annoSet ID="322927" />
        <annoSet ID="4528957" />
      </pattern>
    </FERealization>
    <FERealization total="2">
      <FE name="Degree" />
      <pattern total="2">
        <valenceUnit GF="Dep" PT="AVP" FE="Degree" />
        <annoSet ID="322635" />
        <annoSet ID="322637" />
      </pattern>
    </FERealization>
    <FERealization total="33">
      <FE name="Intended_perceiver" />
      <pattern total="6">
        <valenceUnit GF="" PT="DNI" FE="Intended_perceiver" />
        <annoSet ID="322665" />
        <annoSet ID="322671" />
        <annoSet ID="322673" />
        <annoSet ID="322675" />
        <annoSet ID="322679" />
        <annoSet ID="322701" />
      </pattern>
      <pattern total="21">
        <valenceUnit GF="Dep" PT="PP[at]" FE="Intended_perceiver" />
        <annoSet ID="322307" />
        <annoSet ID="322309" />
        <annoSet ID="322321" />
        <annoSet ID="322351" />
        <annoSet ID="322361" />
        <annoSet ID="322705" />
        <annoSet ID="322709" />
        <annoSet ID="322717" />
        <annoSet ID="322729" />
        <annoSet ID="322733" />
        <annoSet ID="322753" />
        <annoSet ID="322757" />
        <annoSet ID="322769" />
        <annoSet ID="322777" />
        <annoSet ID="322779" />
        <annoSet ID="322783" />
        <annoSet ID="322793" />
        <annoSet ID="322801" />
        <annoSet ID="322809" />
        <annoSet ID="322811" />
        <annoSet ID="322821" />
      </pattern>
      <pattern total="1">
        <valenceUnit GF="Dep" PT="PP[into]" FE="Intended_perceiver" />
        <annoSet ID="322761" />
      </pattern>
      <pattern total="1">
        <valenceUnit GF="Dep" PT="PP[on]" FE="Intended_perceiver" />
        <annoSet ID="6646475" />
      </pattern>
      <pattern total="4">
        <valenceUnit GF="Dep" PT="PP[to]" FE="Intended_perceiver" />
        <annoSet ID="322507" />
        <annoSet ID="322509" />
        <annoSet ID="322515" />
        <annoSet ID="322519" />
      </pattern>
    </FERealization>
    <FERealization total="11">
      <FE name="Internal_cause" />
      <pattern total="5">
        <valenceUnit GF="Dep" PT="PP[in]" FE="Internal_cause" />
        <annoSet ID="322337" />
        <annoSet ID="322423" />
        <annoSet ID="322425" />
        <annoSet ID="322427" />
        <annoSet ID="322435" />
      </pattern>
      <pattern total="6">
        <valenceUnit GF="Dep" PT="PP[with]" FE="Internal_cause" />
        <annoSet ID="322549" />
        <annoSet ID="322555" />
        <annoSet ID="322559" />
        <annoSet ID="322561" />
        <annoSet ID="322573" />
        <annoSet ID="322575" />
      </pattern>
    </FERealization>
    <FERealization total="6">
      <FE name="Location_of_protagonist" />
      <pattern total="6">
        <valenceUnit GF="Dep" PT="PP[from]" FE="Location_of_protagonist" />
        <annoSet ID="322387" />
        <annoSet ID="322389" />
        <annoSet ID="322411" />
        <annoSet ID="322415" />
        <annoSet ID="322643" />
        <annoSet ID="322839" />
      </pattern>
      <pattern total="1">
        <valenceUnit GF="Dep" PT="PP[out]" FE="Location_of_protagonist" />
        <annoSet ID="322839" />
      </pattern>
    </FERealization>
    <FERealization total="22">
      <FE name="Manner" />
      <pattern total="20">
        <valenceUnit GF="Dep" PT="AVP" FE="Manner" />
        <annoSet ID="322411" />
        <annoSet ID="322415" />
        <annoSet ID="322591" />
        <annoSet ID="322611" />
        <annoSet ID="322649" />
        <annoSet ID="322651" />
        <annoSet ID="322701" />
        <annoSet ID="322705" />
        <annoSet ID="322769" />
        <annoSet ID="322777" />
        <annoSet ID="322779" />
        <annoSet ID="322783" />
        <annoSet ID="322839" />
        <annoSet ID="322873" />
        <annoSet ID="322875" />
        <annoSet ID="322881" />
        <annoSet ID="322883" />
        <annoSet ID="322887" />
        <annoSet ID="322893" />
        <annoSet ID="322899" />
      </pattern>
      <pattern total="1">
        <valenceUnit GF="Dep" PT="PP[in]" FE="Manner" />
        <annoSet ID="322451" />
      </pattern>
      <pattern total="1">
        <valenceUnit GF="Dep" PT="PP[like]" FE="Manner" />
        <annoSet ID="322587" />
      </pattern>
    </FERealization>
    <FERealization total="13">
      <FE name="Path_of_gaze" />
      <pattern total="6">
        <valenceUnit GF="Dep" PT="PP[down]" FE="Path_of_gaze" />
        <annoSet ID="322753" />
        <annoSet ID="322757" />
        <annoSet ID="322761" />
        <annoSet ID="322769" />
        <annoSet ID="322777" />
        <annoSet ID="322779" />
      </pattern>
      <pattern total="6">
        <valenceUnit GF="Dep" PT="PP[up]" FE="Path_of_gaze" />
        <annoSet ID="322783" />
        <annoSet ID="322793" />
        <annoSet ID="322801" />
        <annoSet ID="322809" />
        <annoSet ID="322811" />
        <annoSet ID="322821" />
      </pattern>
      <pattern total="1">
        <valenceUnit GF="Dep" PT="PP[across]" FE="Path_of_gaze" />
        <annoSet ID="322321" />
      </pattern>
    </FERealization>
    <FERealization total="2">
      <FE name="Time" />
      <pattern total="1">
        <valenceUnit GF="Dep" PT="AVP" FE="Time" />
        <annoSet ID="4529126" />
      </pattern>
      <pattern total="1">
        <valenceUnit GF="Dep" PT="Sub" FE="Time" />
        <annoSet ID="6646794" />
      </pattern>
    </FERealization>
    <FEGroupRealization total="11">
      <FE name="Agent" />
      <pattern total="11">
        <valenceUnit GF="Ext" PT="NP" FE="Agent" />
        <annoSet ID="322323" />
        <annoSet ID="322331" />
        <annoSet ID="322333" />
        <annoSet ID="322579" />
        <annoSet ID="322585" />
        <annoSet ID="322617" />
        <annoSet ID="322867" />
        <annoSet ID="322913" />
        <annoSet ID="322923" />
        <annoSet ID="6560737" />
        <annoSet ID="6645332" />
      </pattern>
    </FEGroupRealization>
    <FEGroupRealization total="1">
      <FE name="Agent" />
      <FE name="Agent" />
      <pattern total="1">
        <valenceUnit GF="Ext" PT="NP" FE="Agent" />
        <valenceUnit GF="Ext" PT="NP" FE="Agent" />
        <annoSet ID="322937" />
      </pattern>
    </FEGroupRealization>
    <FEGroupRealization total="1">
      <FE name="Agent" />
      <FE name="Agent" />
      <FE name="Location_of_protagonist" />
      <pattern total="1">
        <valenceUnit GF="Ext" PT="NP" FE="Agent" />
        <valenceUnit GF="Ext" PT="NP" FE="Agent" />
        <valenceUnit GF="Dep" PT="PP[from]" FE="Location_of_protagonist" />
        <annoSet ID="322389" />
      </pattern>
    </FEGroupRealization>
    <FEGroupRealization total="1">
      <FE name="Agent" />
      <FE name="Agent" />
      <FE name="Location_of_protagonist" />
      <FE name="Manner" />
      <pattern total="1">
        <valenceUnit GF="Ext" PT="NP" FE="Agent" />
        <valenceUnit GF="Ext" PT="NP" FE="Agent" />
        <valenceUnit GF="Dep" PT="PP[from]" FE="Location_of_protagonist" />
        <valenceUnit GF="Dep" PT="AVP" FE="Manner" />
        <annoSet ID="322411" />
      </pattern>
    </FEGroupRealization>
    <FEGroupRealization total="2">
      <FE name="Agent" />
      <FE name="Cognate_event" />
      <pattern total="2">
        <valenceUnit GF="Ext" PT="NP" FE="Agent" />
        <valenceUnit GF="Obj" PT="NP" FE="Cognate_event" />
        <annoSet ID="322927" />
        <annoSet ID="4528957" />
      </pattern>
    </FEGroupRealization>
    <FEGroupRealization total="2">
      <FE name="Agent" />
      <FE name="Degree" />
      <pattern total="2">
        <valenceUnit GF="Ext" PT="NP" FE="Agent" />
        <valenceUnit GF="Dep" PT="AVP" FE="Degree" />
        <annoSet ID="322635" />
        <annoSet ID="322637" />
      </pattern>
    </FEGroupRealization>
    <FEGroupRealization total="18">
      <FE name="Agent" />
      <FE name="Intended_perceiver" />
      <pattern total="5">
        <valenceUnit GF="Ext" PT="NP" FE="Agent" />
        <valenceUnit GF="" PT="DNI" FE="Intended_perceiver" />
        <annoSet ID="322665" />
        <annoSet ID="322671" />
        <annoSet ID="322673" />
        <annoSet ID="322675" />
        <annoSet ID="322679" />
      </pattern>
      <pattern total="8">
        <valenceUnit GF="Ext" PT="NP" FE="Agent" />
        <valenceUnit GF="Dep" PT="PP[at]" FE="Intended_perceiver" />
        <annoSet ID="322307" />
        <annoSet ID="322309" />
        <annoSet ID="322351" />
        <annoSet ID="322361" />
        <annoSet ID="322709" />
        <annoSet ID="322717" />
        <annoSet ID="322729" />
        <annoSet ID="322733" />
      </pattern>
      <pattern total="1">
        <valenceUnit GF="Ext" PT="NP" FE="Agent" />
        <valenceUnit GF="Dep" PT="PP[on]" FE="Intended_perceiver" />
        <annoSet ID="6646475" />
      </pattern>
      <pattern total="4">
        <valenceUnit GF="Ext" PT="NP" FE="Agent" />
        <valenceUnit GF="Dep" PT="PP[to]" FE="Intended_perceiver" />
        <annoSet ID="322507" />
        <annoSet ID="322509" />
        <annoSet ID="322515" />
        <annoSet ID="322519" />
      </pattern>
    </FEGroupRealization>
    <FEGroupRealization total="2">
      <FE name="Agent" />
      <FE name="Intended_perceiver" />
      <FE name="Manner" />
      <pattern total="1">
        <valenceUnit GF="Ext" PT="NP" FE="Agent" />
        <valenceUnit GF="" PT="DNI" FE="Intended_perceiver" />
        <valenceUnit GF="Dep" PT="AVP" FE="Manner" />
        <annoSet ID="322701" />
      </pattern>
      <pattern total="1">
        <valenceUnit GF="Ext" PT="NP" FE="Agent" />
        <valenceUnit GF="Dep" PT="PP[at]" FE="Intended_perceiver" />
        <valenceUnit GF="Dep" PT="AVP" FE="Manner" />
        <annoSet ID="322705" />
      </pattern>
    </FEGroupRealization>
    <FEGroupRealization total="4">
      <FE name="Agent" />
      <FE name="Intended_perceiver" />
      <FE name="Manner" />
      <FE name="Path_of_gaze" />
      <pattern total="3">
        <valenceUnit GF="Ext" PT="NP" FE="Agent" />
        <valenceUnit GF="Dep" PT="PP[at]" FE="Intended_perceiver" />
        <valenceUnit GF="Dep" PT="AVP" FE="Manner" />
        <valenceUnit GF="Dep" PT="PP[down]" FE="Path_of_gaze" />
        <annoSet ID="322769" />
        <annoSet ID="322777" />
        <annoSet ID="322779" />
      </pattern>
      <pattern total="1">
        <valenceUnit GF="Ext" PT="NP" FE="Agent" />
        <valenceUnit GF="Dep" PT="PP[at]" FE="Intended_perceiver" />
        <valenceUnit GF="Dep" PT="AVP" FE="Manner" />
        <valenceUnit GF="Dep" PT="PP[up]" FE="Path_of_gaze" />
        <annoSet ID="322783" />
      </pattern>
    </FEGroupRealization>
    <FEGroupRealization total="8">
      <FE name="Agent" />
      <FE name="Intended_perceiver" />
      <FE name="Path_of_gaze" />
      <pattern total="1">
        <valenceUnit GF="Ext" PT="NP" FE="Agent" />
        <valenceUnit GF="Dep" PT="PP[at]" FE="Intended_perceiver" />
        <valenceUnit GF="Dep" PT="PP[across]" FE="Path_of_gaze" />
        <annoSet ID="322321" />
      </pattern>
      <pattern total="2">
        <valenceUnit GF="Ext" PT="NP" FE="Agent" />
        <valenceUnit GF="Dep" PT="PP[at]" FE="Intended_perceiver" />
        <valenceUnit GF="Dep" PT="PP[down]" FE="Path_of_gaze" />
        <annoSet ID="322753" />
        <annoSet ID="322757" />
      </pattern>
      <pattern total="4">
        <valenceUnit GF="Ext" PT="NP" FE="Agent" />
        <valenceUnit GF="Dep" PT="PP[at]" FE="Intended_perceiver" />
        <valenceUnit GF="Dep" PT="PP[up]" FE="Path_of_gaze" />
        <annoSet ID="322793" />
        <annoSet ID="322801" />
        <annoSet ID="322809" />
        <annoSet ID="322811" />
      </pattern>
      <pattern total="1">
        <valenceUnit GF="Ext" PT="NP" FE="Agent" />
        <valenceUnit GF="Dep" PT="PP[into]" FE="Intended_perceiver" />
        <valenceUnit GF="Dep" PT="PP[down]" FE="Path_of_gaze" />
        <annoSet ID="322761" />
      </pattern>
    </FEGroupRealization>
    <FEGroupRealization total="11">
      <FE name="Agent" />
      <FE name="Internal_cause" />
      <pattern total="5">
        <valenceUnit GF="Ext" PT="NP" FE="Agent" />
        <valenceUnit GF="Dep" PT="PP[in]" FE="Internal_cause" />
        <annoSet ID="322337" />
        <annoSet ID="322423" />
        <annoSet ID="322425" />
        <annoSet ID="322427" />
        <annoSet ID="322435" />
      </pattern>
      <pattern total="6">
        <valenceUnit GF="Ext" PT="NP" FE="Agent" />
        <valenceUnit GF="Dep" PT="PP[with]" FE="Internal_cause" />
        <annoSet ID="322549" />
        <annoSet ID="322555" />
        <annoSet ID="322559" />
        <annoSet ID="322561" />
        <annoSet ID="322573" />
        <annoSet ID="322575" />
      </pattern>
    </FEGroupRealization>
    <FEGroupRealization total="2">
      <FE name="Agent" />
      <FE name="Location_of_protagonist" />
      <pattern total="2">
        <valenceUnit GF="Ext" PT="NP" FE="Agent" />
        <valenceUnit GF="Dep" PT="PP[from]" FE="Location_of_protagonist" />
        <annoSet ID="322387" />
        <annoSet ID="322643" />
      </pattern>
    </FEGroupRealization>
    <FEGroupRealization total="1">
      <FE name="Agent" />
      <FE name="Location_of_protagonist" />
      <FE name="Manner" />
      <pattern total="1">
        <valenceUnit GF="Ext" PT="NP" FE="Agent" />
        <valenceUnit GF="Dep" PT="PP[from]" FE="Location_of_protagonist" />
        <valenceUnit GF="Dep" PT="AVP" FE="Manner" />
        <annoSet ID="322415" />
      </pattern>
    </FEGroupRealization>
    <FEGroupRealization total="13">
      <FE name="Agent" />
      <FE name="Manner" />
      <pattern total="11">
        <valenceUnit GF="Ext" PT="NP" FE="Agent" />
        <valenceUnit GF="Dep" PT="AVP" FE="Manner" />
        <annoSet ID="322591" />
        <annoSet ID="322611" />
        <annoSet ID="322649" />
        <annoSet ID="322651" />
        <annoSet ID="322873" />
        <annoSet ID="322875" />
        <annoSet ID="322881" />
        <annoSet ID="322883" />
        <annoSet ID="322887" />
        <annoSet ID="322893" />
        <annoSet ID="322899" />
      </pattern>
      <pattern total="1">
        <valenceUnit GF="Ext" PT="NP" FE="Agent" />
        <valenceUnit GF="Dep" PT="PP[in]" FE="Manner" />
        <annoSet ID="322451" />
      </pattern>
      <pattern total="1">
        <valenceUnit GF="Ext" PT="NP" FE="Agent" />
        <valenceUnit GF="Dep" PT="PP[like]" FE="Manner" />
        <annoSet ID="322587" />
      </pattern>
    </FEGroupRealization>
    <FEGroupRealization total="2">
      <FE name="Agent" />
      <FE name="Time" />
      <pattern total="1">
        <valenceUnit GF="Ext" PT="NP" FE="Agent" />
        <valenceUnit GF="Dep" PT="AVP" FE="Time" />
        <annoSet ID="4529126" />
      </pattern>
      <pattern total="1">
        <valenceUnit GF="Ext" PT="NP" FE="Agent" />
        <valenceUnit GF="Dep" PT="Sub" FE="Time" />
        <annoSet ID="6646794" />
      </pattern>
    </FEGroupRealization>
    <FEGroupRealization total="1">
      <FE name="Body_part" />
      <pattern total="1">
        <valenceUnit GF="Ext" PT="NP" FE="Body_part" />
        <annoSet ID="322869" />
      </pattern>
    </FEGroupRealization>
    <FEGroupRealization total="1">
      <FE name="Body_part" />
      <FE name="Intended_perceiver" />
      <FE name="Path_of_gaze" />
      <pattern total="1">
        <valenceUnit GF="Ext" PT="NP" FE="Body_part" />
        <valenceUnit GF="Dep" PT="PP[at]" FE="Intended_perceiver" />
        <valenceUnit GF="Dep" PT="PP[up]" FE="Path_of_gaze" />
        <annoSet ID="322821" />
      </pattern>
    </FEGroupRealization>
    <FEGroupRealization total="1">
      <FE name="Body_part" />
      <FE name="Location_of_protagonist" />
      <FE name="Location_of_protagonist" />
      <FE name="Manner" />
      <pattern total="1">
        <valenceUnit GF="Ext" PT="NP" FE="Body_part" />
        <valenceUnit GF="Dep" PT="PP[from]" FE="Location_of_protagonist" />
        <valenceUnit GF="Dep" PT="PP[out]" FE="Location_of_protagonist" />
        <valenceUnit GF="Dep" PT="AVP" FE="Manner" />
        <annoSet ID="322839" />
      </pattern>
    </FEGroupRealization>
  </valences>
  <subCorpus name="V-augmented">
    <sentence sentNo="0" ID="336893n">
      <text>As Michael looked at the man sitting opposite , his mouth smiling like a Cheshire cat 's , he felt an impulse to smash his fist into his teeth . </text>
      <annotationSet cDate="08/08/2025 08:00:47 PST Fri" status="AUGMENTED" ID="0">
        <layer name="FE" rank="1">
          <label cBy="auto-aug" feID="5547" start="48" end="56" name="Body_part" />
          <label cBy="auto-aug" feID="5549" start="66" end="87" name="Manner" />
        </layer>
        <layer name="Target" rank="1">
          <label cBy="auto-aug" start="58" end="64" name="Target" />
        </layer>
      </annotationSet>
    </sentence>
  </subCorpus>
</lexUnit>