<?xml version='1.0' encoding='UTF-8'?>
<lexUnit xmlns="http://framenet.icsi.berkeley.edu" xmlns:xsi="http://www.w3.org/2001/XMLSchema-instance" status="Created" POS="V" name="represent.v" ID="9806" frame="Communicate_categorization" frameID="796" totalAnnotated="21" xsi:schemaLocation="../schema/lexUnit.xsd">
  <header>
    <corpus description="Texts from Nuclear Threat Initiative website, created by Center for Non-Proliferation Studies" name="NTI" ID="135">
      <document description="North Korea Chemical Overview" name="NorthKorea_ChemicalOverview" ID="23611" />
    </corpus>
    <corpus description="American National Corpus Texts" name="ANC" ID="195">
      <document description="Berlitz Where to Go in Hong Kong" name="WhereToHongKong" ID="23771" />
    </corpus>
    <frame>
      <FE fgColor="FFFFFF" bgColor="2E8B57" type="Core" abbrev="" name="Category" />
      <FE fgColor="FFFFFF" bgColor="808080" type="Extra-Thematic" abbrev="cir" name="Circumstances" />
      <FE fgColor="FFFFFF" bgColor="9F79EE" type="Peripheral" abbrev="" name="Criteria" />
      <FE fgColor="000000" bgColor="EEE8AA" type="Extra-Thematic" abbrev="" name="Duration" />
      <FE fgColor="FFFFFF" bgColor="0000FF" type="Core" abbrev="" name="Item" />
      <FE fgColor="FFFFFF" bgColor="FF00FF" type="Peripheral" abbrev="" name="Manner" />
      <FE fgColor="FFFFFF" bgColor="9400D3" type="Peripheral" abbrev="" name="Means" />
      <FE fgColor="FFFFFF" bgColor="1E90FF" type="Core" abbrev="" name="Medium" />
      <FE fgColor="FFFFFF" bgColor="800080" type="Peripheral" abbrev="" name="Place" />
      <FE fgColor="FFFFFF" bgColor="FF0000" type="Core" abbrev="" name="Speaker" />
      <FE fgColor="FFFFFF" bgColor="FFA500" type="Peripheral" abbrev="" name="Time" />
    </frame>
  </header>
  <definition>COD: portray in a particular way</definition>
  <lexeme POS="V" name="represent" />
  <valences>
    <FERealization total="21">
      <FE name="Category" />
      <pattern total="1">
        <valenceUnit GF="Ext" PT="NP" FE="Category" />
        <annoSet ID="339843" />
      </pattern>
      <pattern total="4">
        <valenceUnit GF="Obj" PT="NP" FE="Category" />
        <annoSet ID="339451" />
        <annoSet ID="6536147" />
        <annoSet ID="6556105" />
        <annoSet ID="6560128" />
      </pattern>
      <pattern total="10">
        <valenceUnit GF="Dep" PT="PP[as]" FE="Category" />
        <annoSet ID="339037" />
        <annoSet ID="339129" />
        <annoSet ID="339163" />
        <annoSet ID="339165" />
        <annoSet ID="339171" />
        <annoSet ID="339175" />
        <annoSet ID="339183" />
        <annoSet ID="339197" />
        <annoSet ID="339475" />
        <annoSet ID="339567" />
      </pattern>
      <pattern total="2">
        <valenceUnit GF="Dep" PT="PPing[as]" FE="Category" />
        <annoSet ID="339521" />
        <annoSet ID="339523" />
      </pattern>
      <pattern total="4">
        <valenceUnit GF="Dep" PT="Sfin" FE="Category" />
        <annoSet ID="339041" />
        <annoSet ID="339373" />
        <annoSet ID="339379" />
        <annoSet ID="339467" />
      </pattern>
    </FERealization>
    <FERealization total="1">
      <FE name="Circumstances" />
      <pattern total="1">
        <valenceUnit GF="Dep" PT="PP[in]" FE="Circumstances" />
        <annoSet ID="6536147" />
      </pattern>
    </FERealization>
    <FERealization total="1">
      <FE name="Criteria" />
      <pattern total="1">
        <valenceUnit GF="Dep" PT="PP[for]" FE="Criteria" />
        <annoSet ID="339521" />
      </pattern>
    </FERealization>
    <FERealization total="21">
      <FE name="Item" />
      <pattern total="11">
        <valenceUnit GF="Obj" PT="NP" FE="Item" />
        <annoSet ID="339037" />
        <annoSet ID="339129" />
        <annoSet ID="339163" />
        <annoSet ID="339165" />
        <annoSet ID="339171" />
        <annoSet ID="339175" />
        <annoSet ID="339183" />
        <annoSet ID="339197" />
        <annoSet ID="339373" />
        <annoSet ID="339379" />
        <annoSet ID="339843" />
      </pattern>
      <pattern total="9">
        <valenceUnit GF="Ext" PT="NP" FE="Item" />
        <annoSet ID="339041" />
        <annoSet ID="339451" />
        <annoSet ID="339467" />
        <annoSet ID="339521" />
        <annoSet ID="339523" />
        <annoSet ID="339567" />
        <annoSet ID="6536147" />
        <annoSet ID="6556105" />
        <annoSet ID="6560128" />
      </pattern>
      <pattern total="1">
        <valenceUnit GF="Dep" PT="Sfin" FE="Item" />
        <annoSet ID="339475" />
      </pattern>
    </FERealization>
    <FERealization total="1">
      <FE name="Manner" />
      <pattern total="1">
        <valenceUnit GF="Dep" PT="AVP" FE="Manner" />
        <annoSet ID="339037" />
      </pattern>
    </FERealization>
    <FERealization total="18">
      <FE name="Speaker" />
      <pattern total="11">
        <valenceUnit GF="" PT="CNI" FE="Speaker" />
        <annoSet ID="339041" />
        <annoSet ID="339171" />
        <annoSet ID="339175" />
        <annoSet ID="339379" />
        <annoSet ID="339451" />
        <annoSet ID="339467" />
        <annoSet ID="339475" />
        <annoSet ID="339521" />
        <annoSet ID="339523" />
        <annoSet ID="339567" />
        <annoSet ID="339843" />
      </pattern>
      <pattern total="7">
        <valenceUnit GF="Ext" PT="NP" FE="Speaker" />
        <annoSet ID="339037" />
        <annoSet ID="339129" />
        <annoSet ID="339163" />
        <annoSet ID="339165" />
        <annoSet ID="339183" />
        <annoSet ID="339197" />
        <annoSet ID="339373" />
      </pattern>
    </FERealization>
    <FEGroupRealization total="1">
      <FE name="Category" />
      <FE name="Circumstances" />
      <FE name="Item" />
      <pattern total="1">
        <valenceUnit GF="Obj" PT="NP" FE="Category" />
        <valenceUnit GF="Dep" PT="PP[in]" FE="Circumstances" />
        <valenceUnit GF="Ext" PT="NP" FE="Item" />
        <annoSet ID="6536147" />
      </pattern>
    </FEGroupRealization>
    <FEGroupRealization total="1">
      <FE name="Category" />
      <FE name="Criteria" />
      <FE name="Item" />
      <FE name="Speaker" />
      <pattern total="1">
        <valenceUnit GF="Dep" PT="PPing[as]" FE="Category" />
        <valenceUnit GF="Dep" PT="PP[for]" FE="Criteria" />
        <valenceUnit GF="Ext" PT="NP" FE="Item" />
        <valenceUnit GF="" PT="CNI" FE="Speaker" />
        <annoSet ID="339521" />
      </pattern>
    </FEGroupRealization>
    <FEGroupRealization total="2">
      <FE name="Category" />
      <FE name="Item" />
      <pattern total="2">
        <valenceUnit GF="Obj" PT="NP" FE="Category" />
        <valenceUnit GF="Ext" PT="NP" FE="Item" />
        <annoSet ID="6556105" />
        <annoSet ID="6560128" />
      </pattern>
    </FEGroupRealization>
    <FEGroupRealization total="1">
      <FE name="Category" />
      <FE name="Item" />
      <FE name="Item" />
      <FE name="Manner" />
      <FE name="Speaker" />
      <pattern total="1">
        <valenceUnit GF="Dep" PT="PP[as]" FE="Category" />
        <valenceUnit GF="Obj" PT="NP" FE="Item" />
        <valenceUnit GF="Obj" PT="NP" FE="Item" />
        <valenceUnit GF="Dep" PT="AVP" FE="Manner" />
        <valenceUnit GF="Ext" PT="NP" FE="Speaker" />
        <annoSet ID="339037" />
      </pattern>
    </FEGroupRealization>
    <FEGroupRealization total="16">
      <FE name="Category" />
      <FE name="Item" />
      <FE name="Speaker" />
      <pattern total="1">
        <valenceUnit GF="Ext" PT="NP" FE="Category" />
        <valenceUnit GF="Obj" PT="NP" FE="Item" />
        <valenceUnit GF="" PT="CNI" FE="Speaker" />
        <annoSet ID="339843" />
      </pattern>
      <pattern total="1">
        <valenceUnit GF="Obj" PT="NP" FE="Category" />
        <valenceUnit GF="Ext" PT="NP" FE="Item" />
        <valenceUnit GF="" PT="CNI" FE="Speaker" />
        <annoSet ID="339451" />
      </pattern>
      <pattern total="1">
        <valenceUnit GF="Dep" PT="PP[as]" FE="Category" />
        <valenceUnit GF="Ext" PT="NP" FE="Item" />
        <valenceUnit GF="" PT="CNI" FE="Speaker" />
        <annoSet ID="339567" />
      </pattern>
      <pattern total="2">
        <valenceUnit GF="Dep" PT="PP[as]" FE="Category" />
        <valenceUnit GF="Obj" PT="NP" FE="Item" />
        <valenceUnit GF="" PT="CNI" FE="Speaker" />
        <annoSet ID="339171" />
        <annoSet ID="339175" />
      </pattern>
      <pattern total="5">
        <valenceUnit GF="Dep" PT="PP[as]" FE="Category" />
        <valenceUnit GF="Obj" PT="NP" FE="Item" />
        <valenceUnit GF="Ext" PT="NP" FE="Speaker" />
        <annoSet ID="339129" />
        <annoSet ID="339163" />
        <annoSet ID="339165" />
        <annoSet ID="339183" />
        <annoSet ID="339197" />
      </pattern>
      <pattern total="1">
        <valenceUnit GF="Dep" PT="PP[as]" FE="Category" />
        <valenceUnit GF="Dep" PT="Sfin" FE="Item" />
        <valenceUnit GF="" PT="CNI" FE="Speaker" />
        <annoSet ID="339475" />
      </pattern>
      <pattern total="1">
        <valenceUnit GF="Dep" PT="PPing[as]" FE="Category" />
        <valenceUnit GF="Ext" PT="NP" FE="Item" />
        <valenceUnit GF="" PT="CNI" FE="Speaker" />
        <annoSet ID="339523" />
      </pattern>
      <pattern total="2">
        <valenceUnit GF="Dep" PT="Sfin" FE="Category" />
        <valenceUnit GF="Ext" PT="NP" FE="Item" />
        <valenceUnit GF="" PT="CNI" FE="Speaker" />
        <annoSet ID="339041" />
        <annoSet ID="339467" />
      </pattern>
      <pattern total="1">
        <valenceUnit GF="Dep" PT="Sfin" FE="Category" />
        <valenceUnit GF="Obj" PT="NP" FE="Item" />
        <valenceUnit GF="" PT="CNI" FE="Speaker" />
        <annoSet ID="339379" />
      </pattern>
      <pattern total="1">
        <valenceUnit GF="Dep" PT="Sfin" FE="Category" />
        <valenceUnit GF="Obj" PT="NP" FE="Item" />
        <valenceUnit GF="Ext" PT="NP" FE="Speaker" />
        <annoSet ID="339373" />
      </pattern>
    </FEGroupRealization>
  </valences>
  <subCorpus name="V-augmented">
    <sentence sentNo="0" ID="4148597n">
      <text>he could represent a painting out art</text>
      <annotationSet cDate="08/08/2025 07:59:44 PST Fri" status="AUGMENTED" ID="0">
        <layer name="FE" rank="1">
          <label cBy="auto-aug" feID="5630" start="0" end="1" name="Speaker" />
          <label cBy="auto-aug" feID="5630" start="-1" end="18" name="Speaker" />
          <label cBy="auto-aug" feID="5632" start="19" end="28" name="Item" />
          <label cBy="auto-aug" feID="5632" start="-1" end="0" name="Item" />
          <label cBy="auto-aug" feID="5631" start="34" end="36" name="Category" />
          <label cBy="auto-aug" feID="5631" start="-1" end="25" name="Category" />
        </layer>
        <layer name="Target" rank="1">
          <label cBy="auto-aug" start="9" end="17" name="Target" />
        </layer>
      </annotationSet>
    </sentence>
    <sentence sentNo="0" ID="347414n">
      <text>Chris believes in teaching children about snakes , showing them that they are n't snakes as items 're sometimes represented CNI in various ways . </text>
      <annotationSet cDate="08/08/2025 07:59:44 PST Fri" status="AUGMENTED" ID="0">
        <layer name="FE" rank="1">
          <label cBy="auto-aug" feID="5631" start="82" end="87" name="Category" />
          <label cBy="auto-aug" feID="5632" start="89" end="96" name="Item" />
          <label cBy="auto-aug" feID="5631" start="128" end="142" name="Category" />
        </layer>
        <layer name="Target" rank="1">
          <label cBy="auto-aug" start="112" end="122" name="Target" />
        </layer>
      </annotationSet>
    </sentence>
    <sentence sentNo="0" ID="347654n">
      <text>More significantly , the artist represented a painting abstract art . </text>
      <annotationSet cDate="08/08/2025 07:59:44 PST Fri" status="AUGMENTED" ID="0">
        <layer name="FE" rank="1">
          <label cBy="auto-aug" feID="5630" start="21" end="30" name="Speaker" />
          <label cBy="auto-aug" feID="5632" start="44" end="53" name="Item" />
          <label cBy="auto-aug" feID="5631" start="55" end="66" name="Category" />
        </layer>
        <layer name="Target" rank="1">
          <label cBy="auto-aug" start="32" end="42" name="Target" />
        </layer>
      </annotationSet>
    </sentence>
    <sentence sentNo="0" ID="345931n">
      <text>the King began to represent the city a desert : ` The city appears to be a desert when the King is absent , " wrote the French traveller Jean de Thevenot . </text>
      <annotationSet cDate="08/08/2025 07:59:44 PST Fri" status="AUGMENTED" ID="0">
        <layer name="FE" rank="1">
          <label cBy="auto-aug" feID="5630" start="0" end="7" name="Speaker" />
          <label cBy="auto-aug" feID="5632" start="28" end="35" name="Item" />
          <label cBy="auto-aug" feID="5631" start="37" end="44" name="Category" />
        </layer>
        <layer name="Target" rank="1">
          <label cBy="auto-aug" start="18" end="26" name="Target" />
        </layer>
      </annotationSet>
    </sentence>
    <sentence sentNo="0" ID="345393n">
      <text>people engage in the process of establishing moral rules by attempting to represent their beliefs social values . </text>
      <annotationSet cDate="08/08/2025 07:59:44 PST Fri" status="AUGMENTED" ID="0">
        <layer name="FE" rank="1">
          <label cBy="auto-aug" feID="5630" start="0" end="5" name="Speaker" />
          <label cBy="auto-aug" feID="5632" start="84" end="96" name="Item" />
          <label cBy="auto-aug" feID="5631" start="98" end="110" name="Category" />
        </layer>
        <layer name="Target" rank="1">
          <label cBy="auto-aug" start="74" end="82" name="Target" />
        </layer>
      </annotationSet>
    </sentence>
    <sentence sentNo="0" ID="4141109n">
      <text>A similar pattern this year would mean that the data would be represented in the report .</text>
      <annotationSet cDate="08/08/2025 07:59:44 PST Fri" status="AUGMENTED" ID="0">
        <layer name="FE" rank="1">
          <label cBy="auto-aug" feID="5632" start="44" end="51" name="Item" />
          <label cBy="auto-aug" feID="5631" start="74" end="86" name="Category" />
        </layer>
        <layer name="Target" rank="1">
          <label cBy="auto-aug" start="62" end="72" name="Target" />
        </layer>
      </annotationSet>
    </sentence>
  </subCorpus>
</lexUnit>