<?xml version='1.0' encoding='UTF-8'?>
<lexUnit xmlns="http://framenet.icsi.berkeley.edu" xmlns:xsi="http://www.w3.org/2001/XMLSchema-instance" status="FN1_Sent" POS="V" name="depart.v" ID="983" frame="Departing" frameID="57" totalAnnotated="81" xsi:schemaLocation="../schema/lexUnit.xsd">
  <header>
    <corpus description="American National Corpus Texts" name="ANC" ID="195">
      <document description="Berlitz Where to Go in Hong Kong" name="WhereToHongKong" ID="23771" />
    </corpus>
    <corpus description="LUCorpus-v0.3" name="LUCorpus-v0.3" ID="205">
      <document description="AFGP-2002-602187-Trans" name="AFGP-2002-602187-Trans" ID="23743" />
    </corpus>
    <frame>
      <FE fgColor="000000" bgColor="FFD700" type="Extra-Thematic" abbrev="Cir" name="Circumstances" />
      <FE fgColor="000000" bgColor="90876C" type="Extra-Thematic" abbrev="Con" name="Containing_event" />
      <FE fgColor="FFFFFF" bgColor="808080" type="Extra-Thematic" abbrev="Thm_c" name="Cotheme" />
      <FE fgColor="FFFFFF" bgColor="9400D3" type="Extra-Thematic" abbrev="Dep" name="Depictive" />
      <FE fgColor="000000" bgColor="FFFF00" type="Peripheral" abbrev="Dist" name="Distance" />
      <FE fgColor="000000" bgColor="d0d0d0" type="Extra-Thematic" abbrev="dur" name="Duration_of_final_state" />
      <FE fgColor="000000" bgColor="7CCD7C" type="Extra-Thematic" abbrev="Eve" name="Event_description" />
      <FE fgColor="FFFFFF" bgColor="1E90FF" type="Extra-Thematic" abbrev="Expl" name="Explanation" />
      <FE fgColor="FFFFFF" bgColor="008000" type="Extra-Thematic" abbrev="Freq" name="Frequency" />
      <FE fgColor="FFFFFF" bgColor="00BFFF" type="Peripheral" abbrev="Goal" name="Goal" />
      <FE fgColor="000000" bgColor="EEE8AA" type="Extra-Thematic" abbrev="Iter" name="Iterations" />
      <FE fgColor="FFFFFF" bgColor="A52A2A" type="Extra-Thematic" abbrev="Jour" name="Journey" />
      <FE fgColor="FFFFFF" bgColor="FF00FF" type="Peripheral" abbrev="Manr" name="Manner" />
      <FE fgColor="FFFFFF" bgColor="9F79EE" type="Peripheral" abbrev="Mns" name="Means" />
      <FE fgColor="FFFFFF" bgColor="00008B" type="Peripheral" abbrev="MoT" name="Mode_of_transportation" />
      <FE fgColor="FFFFFF" bgColor="7CCD73" type="Peripheral" abbrev="Path" name="Path" />
      <FE fgColor="FFFFFF" bgColor="FF0000" type="Peripheral" abbrev="pla" name="Place" />
      <FE fgColor="FFFFFF" bgColor="800080" type="Peripheral" abbrev="" name="Purpose" />
      <FE fgColor="000000" bgColor="7FFF00" type="Extra-Thematic" abbrev="re-e" name="Re-encoding" />
      <FE fgColor="FFFFFF" bgColor="006400" type="Core" abbrev="Src" name="Source" />
      <FE fgColor="FFFFFF" bgColor="FF69B4" type="Peripheral" abbrev="Spd" name="Speed" />
      <FE fgColor="FFFFFF" bgColor="0000FF" type="Core" abbrev="Thm" name="Theme" />
      <FE fgColor="FFFFFF" bgColor="FFA500" type="Peripheral" abbrev="Time" name="Time" />
    </frame>
  </header>
  <definition>COD:  leave, especially in order to start a journey</definition>
  <lexeme POS="V" name="depart" />
  <valences>
    <FERealization total="3">
      <FE name="Cotheme" />
      <pattern total="3">
        <valenceUnit GF="Dep" PT="PP[with]" FE="Cotheme" />
        <annoSet ID="676323" />
        <annoSet ID="676325" />
        <annoSet ID="676661" />
      </pattern>
    </FERealization>
    <FERealization total="1">
      <FE name="Distance" />
      <pattern total="1">
        <valenceUnit GF="Dep" PT="AVP" FE="Distance" />
        <annoSet ID="676405" />
      </pattern>
    </FERealization>
    <FERealization total="2">
      <FE name="Frequency" />
      <pattern total="1">
        <valenceUnit GF="Obj" PT="AVP" FE="Frequency" />
        <annoSet ID="6560867" />
      </pattern>
      <pattern total="1">
        <valenceUnit GF="Dep" PT="NP" FE="Frequency" />
        <annoSet ID="676355" />
      </pattern>
    </FERealization>
    <FERealization total="14">
      <FE name="Goal" />
      <pattern total="5">
        <valenceUnit GF="Dep" PT="PP[to]" FE="Goal" />
        <annoSet ID="676603" />
        <annoSet ID="676609" />
        <annoSet ID="676629" />
        <annoSet ID="676729" />
        <annoSet ID="6560867" />
      </pattern>
      <pattern total="1">
        <valenceUnit GF="Dep" PT="AVP" FE="Goal" />
        <annoSet ID="676435" />
      </pattern>
      <pattern total="6">
        <valenceUnit GF="Dep" PT="PP[for]" FE="Goal" />
        <annoSet ID="676315" />
        <annoSet ID="676451" />
        <annoSet ID="676525" />
        <annoSet ID="676653" />
        <annoSet ID="676657" />
        <annoSet ID="676671" />
      </pattern>
      <pattern total="2">
        <valenceUnit GF="Dep" PT="PP[into]" FE="Goal" />
        <annoSet ID="676547" />
        <annoSet ID="676551" />
      </pattern>
    </FERealization>
    <FERealization total="3">
      <FE name="Journey" />
      <pattern total="1">
        <valenceUnit GF="Dep" PT="PP[for]" FE="Journey" />
        <annoSet ID="676447" />
      </pattern>
      <pattern total="2">
        <valenceUnit GF="Dep" PT="PP[on]" FE="Journey" />
        <annoSet ID="676557" />
        <annoSet ID="676571" />
      </pattern>
    </FERealization>
    <FERealization total="7">
      <FE name="Manner" />
      <pattern total="6">
        <valenceUnit GF="Dep" PT="AVP" FE="Manner" />
        <annoSet ID="676351" />
        <annoSet ID="676505" />
        <annoSet ID="676745" />
        <annoSet ID="676747" />
        <annoSet ID="676773" />
        <annoSet ID="676775" />
      </pattern>
      <pattern total="1">
        <valenceUnit GF="Dep" PT="PP[with]" FE="Manner" />
        <annoSet ID="676673" />
      </pattern>
    </FERealization>
    <FERealization total="8">
      <FE name="Mode_of_transportation" />
      <pattern total="5">
        <valenceUnit GF="Dep" PT="PP[by]" FE="Mode_of_transportation" />
        <annoSet ID="676269" />
        <annoSet ID="676447" />
        <annoSet ID="676451" />
        <annoSet ID="676461" />
        <annoSet ID="676463" />
      </pattern>
      <pattern total="2">
        <valenceUnit GF="Dep" PT="PP[in]" FE="Mode_of_transportation" />
        <annoSet ID="676507" />
        <annoSet ID="676525" />
      </pattern>
      <pattern total="1">
        <valenceUnit GF="Dep" PT="PP[on]" FE="Mode_of_transportation" />
        <annoSet ID="676437" />
      </pattern>
    </FERealization>
    <FERealization total="6">
      <FE name="Path" />
      <pattern total="1">
        <valenceUnit GF="Dep" PT="PP[across]" FE="Path" />
        <annoSet ID="676437" />
      </pattern>
      <pattern total="1">
        <valenceUnit GF="Dep" PT="PP[by]" FE="Path" />
        <annoSet ID="676449" />
      </pattern>
      <pattern total="1">
        <valenceUnit GF="Dep" PT="PP[in]" FE="Path" />
        <annoSet ID="676509" />
      </pattern>
      <pattern total="1">
        <valenceUnit GF="Dep" PT="PP[towards]" FE="Path" />
        <annoSet ID="676635" />
      </pattern>
      <pattern total="2">
        <valenceUnit GF="Dep" PT="PP[via]" FE="Path" />
        <annoSet ID="676643" />
        <annoSet ID="676645" />
      </pattern>
    </FERealization>
    <FERealization total="81">
      <FE name="Source" />
      <pattern total="54">
        <valenceUnit GF="" PT="DNI" FE="Source" />
        <annoSet ID="676271" />
        <annoSet ID="676313" />
        <annoSet ID="676325" />
        <annoSet ID="676327" />
        <annoSet ID="676333" />
        <annoSet ID="676355" />
        <annoSet ID="676395" />
        <annoSet ID="676401" />
        <annoSet ID="676423" />
        <annoSet ID="676435" />
        <annoSet ID="676437" />
        <annoSet ID="676441" />
        <annoSet ID="676447" />
        <annoSet ID="676449" />
        <annoSet ID="676451" />
        <annoSet ID="676455" />
        <annoSet ID="676461" />
        <annoSet ID="676463" />
        <annoSet ID="676505" />
        <annoSet ID="676507" />
        <annoSet ID="676509" />
        <annoSet ID="676513" />
        <annoSet ID="676525" />
        <annoSet ID="676535" />
        <annoSet ID="676543" />
        <annoSet ID="676547" />
        <annoSet ID="676551" />
        <annoSet ID="676557" />
        <annoSet ID="676569" />
        <annoSet ID="676571" />
        <annoSet ID="676593" />
        <annoSet ID="676603" />
        <annoSet ID="676609" />
        <annoSet ID="676629" />
        <annoSet ID="676635" />
        <annoSet ID="676643" />
        <annoSet ID="676645" />
        <annoSet ID="676653" />
        <annoSet ID="676657" />
        <annoSet ID="676661" />
        <annoSet ID="676671" />
        <annoSet ID="676673" />
        <annoSet ID="676683" />
        <annoSet ID="676695" />
        <annoSet ID="676715" />
        <annoSet ID="676729" />
        <annoSet ID="676739" />
        <annoSet ID="676743" />
        <annoSet ID="676745" />
        <annoSet ID="676747" />
        <annoSet ID="676773" />
        <annoSet ID="676775" />
        <annoSet ID="676799" />
        <annoSet ID="676815" />
      </pattern>
      <pattern total="14">
        <valenceUnit GF="Obj" PT="NP" FE="Source" />
        <annoSet ID="676265" />
        <annoSet ID="676269" />
        <annoSet ID="676287" />
        <annoSet ID="676315" />
        <annoSet ID="676323" />
        <annoSet ID="676337" />
        <annoSet ID="676349" />
        <annoSet ID="676351" />
        <annoSet ID="676353" />
        <annoSet ID="676367" />
        <annoSet ID="676369" />
        <annoSet ID="676407" />
        <annoSet ID="6547873" />
        <annoSet ID="6560934" />
      </pattern>
      <pattern total="13">
        <valenceUnit GF="Dep" PT="PP[from]" FE="Source" />
        <annoSet ID="676405" />
        <annoSet ID="676467" />
        <annoSet ID="676469" />
        <annoSet ID="676477" />
        <annoSet ID="676479" />
        <annoSet ID="676485" />
        <annoSet ID="676487" />
        <annoSet ID="676493" />
        <annoSet ID="676495" />
        <annoSet ID="676499" />
        <annoSet ID="676501" />
        <annoSet ID="676791" />
        <annoSet ID="6560867" />
      </pattern>
    </FERealization>
    <FERealization total="81">
      <FE name="Theme" />
      <pattern total="78">
        <valenceUnit GF="Ext" PT="NP" FE="Theme" />
        <annoSet ID="676265" />
        <annoSet ID="676269" />
        <annoSet ID="676271" />
        <annoSet ID="676287" />
        <annoSet ID="676313" />
        <annoSet ID="676315" />
        <annoSet ID="676323" />
        <annoSet ID="676325" />
        <annoSet ID="676327" />
        <annoSet ID="676333" />
        <annoSet ID="676337" />
        <annoSet ID="676349" />
        <annoSet ID="676351" />
        <annoSet ID="676353" />
        <annoSet ID="676355" />
        <annoSet ID="676367" />
        <annoSet ID="676369" />
        <annoSet ID="676395" />
        <annoSet ID="676401" />
        <annoSet ID="676405" />
        <annoSet ID="676407" />
        <annoSet ID="676423" />
        <annoSet ID="676435" />
        <annoSet ID="676437" />
        <annoSet ID="676441" />
        <annoSet ID="676449" />
        <annoSet ID="676451" />
        <annoSet ID="676455" />
        <annoSet ID="676461" />
        <annoSet ID="676463" />
        <annoSet ID="676467" />
        <annoSet ID="676469" />
        <annoSet ID="676477" />
        <annoSet ID="676479" />
        <annoSet ID="676485" />
        <annoSet ID="676495" />
        <annoSet ID="676499" />
        <annoSet ID="676501" />
        <annoSet ID="676505" />
        <annoSet ID="676507" />
        <annoSet ID="676509" />
        <annoSet ID="676513" />
        <annoSet ID="676525" />
        <annoSet ID="676535" />
        <annoSet ID="676543" />
        <annoSet ID="676547" />
        <annoSet ID="676551" />
        <annoSet ID="676557" />
        <annoSet ID="676569" />
        <annoSet ID="676571" />
        <annoSet ID="676593" />
        <annoSet ID="676603" />
        <annoSet ID="676609" />
        <annoSet ID="676629" />
        <annoSet ID="676635" />
        <annoSet ID="676643" />
        <annoSet ID="676645" />
        <annoSet ID="676653" />
        <annoSet ID="676657" />
        <annoSet ID="676661" />
        <annoSet ID="676671" />
        <annoSet ID="676673" />
        <annoSet ID="676683" />
        <annoSet ID="676695" />
        <annoSet ID="676715" />
        <annoSet ID="676729" />
        <annoSet ID="676739" />
        <annoSet ID="676743" />
        <annoSet ID="676745" />
        <annoSet ID="676747" />
        <annoSet ID="676773" />
        <annoSet ID="676775" />
        <annoSet ID="676791" />
        <annoSet ID="676799" />
        <annoSet ID="676815" />
        <annoSet ID="6547873" />
        <annoSet ID="6560867" />
        <annoSet ID="6560934" />
      </pattern>
      <pattern total="3">
        <valenceUnit GF="" PT="CNI" FE="Theme" />
        <annoSet ID="676447" />
        <annoSet ID="676487" />
        <annoSet ID="676493" />
      </pattern>
      <pattern total="1">
        <valenceUnit GF="Dep" PT="AVP" FE="Theme" />
        <annoSet ID="676799" />
      </pattern>
    </FERealization>
    <FERealization total="4">
      <FE name="Time" />
      <pattern total="2">
        <valenceUnit GF="Dep" PT="PP[between]" FE="Time" />
        <annoSet ID="676441" />
        <annoSet ID="6560867" />
      </pattern>
      <pattern total="1">
        <valenceUnit GF="Dep" PT="PP[in]" FE="Time" />
        <annoSet ID="676543" />
      </pattern>
      <pattern total="1">
        <valenceUnit GF="Dep" PT="PP[on]" FE="Time" />
        <annoSet ID="676593" />
      </pattern>
    </FERealization>
    <FEGroupRealization total="3">
      <FE name="Cotheme" />
      <FE name="Source" />
      <FE name="Theme" />
      <pattern total="2">
        <valenceUnit GF="Dep" PT="PP[with]" FE="Cotheme" />
        <valenceUnit GF="" PT="DNI" FE="Source" />
        <valenceUnit GF="Ext" PT="NP" FE="Theme" />
        <annoSet ID="676325" />
        <annoSet ID="676661" />
      </pattern>
      <pattern total="1">
        <valenceUnit GF="Dep" PT="PP[with]" FE="Cotheme" />
        <valenceUnit GF="Obj" PT="NP" FE="Source" />
        <valenceUnit GF="Ext" PT="NP" FE="Theme" />
        <annoSet ID="676323" />
      </pattern>
    </FEGroupRealization>
    <FEGroupRealization total="1">
      <FE name="Distance" />
      <FE name="Source" />
      <FE name="Theme" />
      <pattern total="1">
        <valenceUnit GF="Dep" PT="AVP" FE="Distance" />
        <valenceUnit GF="Dep" PT="PP[from]" FE="Source" />
        <valenceUnit GF="Ext" PT="NP" FE="Theme" />
        <annoSet ID="676405" />
      </pattern>
    </FEGroupRealization>
    <FEGroupRealization total="1">
      <FE name="Frequency" />
      <FE name="Goal" />
      <FE name="Source" />
      <FE name="Theme" />
      <FE name="Time" />
      <pattern total="1">
        <valenceUnit GF="Obj" PT="AVP" FE="Frequency" />
        <valenceUnit GF="Dep" PT="PP[to]" FE="Goal" />
        <valenceUnit GF="Dep" PT="PP[from]" FE="Source" />
        <valenceUnit GF="Ext" PT="NP" FE="Theme" />
        <valenceUnit GF="Dep" PT="PP[between]" FE="Time" />
        <annoSet ID="6560867" />
      </pattern>
    </FEGroupRealization>
    <FEGroupRealization total="1">
      <FE name="Frequency" />
      <FE name="Source" />
      <FE name="Theme" />
      <pattern total="1">
        <valenceUnit GF="Dep" PT="NP" FE="Frequency" />
        <valenceUnit GF="" PT="DNI" FE="Source" />
        <valenceUnit GF="Ext" PT="NP" FE="Theme" />
        <annoSet ID="676355" />
      </pattern>
    </FEGroupRealization>
    <FEGroupRealization total="2">
      <FE name="Goal" />
      <FE name="Mode_of_transportation" />
      <FE name="Source" />
      <FE name="Theme" />
      <pattern total="1">
        <valenceUnit GF="Dep" PT="PP[for]" FE="Goal" />
        <valenceUnit GF="Dep" PT="PP[by]" FE="Mode_of_transportation" />
        <valenceUnit GF="" PT="DNI" FE="Source" />
        <valenceUnit GF="Ext" PT="NP" FE="Theme" />
        <annoSet ID="676451" />
      </pattern>
      <pattern total="1">
        <valenceUnit GF="Dep" PT="PP[for]" FE="Goal" />
        <valenceUnit GF="Dep" PT="PP[in]" FE="Mode_of_transportation" />
        <valenceUnit GF="" PT="DNI" FE="Source" />
        <valenceUnit GF="Ext" PT="NP" FE="Theme" />
        <annoSet ID="676525" />
      </pattern>
    </FEGroupRealization>
    <FEGroupRealization total="11">
      <FE name="Goal" />
      <FE name="Source" />
      <FE name="Theme" />
      <pattern total="1">
        <valenceUnit GF="Dep" PT="AVP" FE="Goal" />
        <valenceUnit GF="" PT="DNI" FE="Source" />
        <valenceUnit GF="Ext" PT="NP" FE="Theme" />
        <annoSet ID="676435" />
      </pattern>
      <pattern total="3">
        <valenceUnit GF="Dep" PT="PP[for]" FE="Goal" />
        <valenceUnit GF="" PT="DNI" FE="Source" />
        <valenceUnit GF="Ext" PT="NP" FE="Theme" />
        <annoSet ID="676653" />
        <annoSet ID="676657" />
        <annoSet ID="676671" />
      </pattern>
      <pattern total="1">
        <valenceUnit GF="Dep" PT="PP[for]" FE="Goal" />
        <valenceUnit GF="Obj" PT="NP" FE="Source" />
        <valenceUnit GF="Ext" PT="NP" FE="Theme" />
        <annoSet ID="676315" />
      </pattern>
      <pattern total="2">
        <valenceUnit GF="Dep" PT="PP[into]" FE="Goal" />
        <valenceUnit GF="" PT="DNI" FE="Source" />
        <valenceUnit GF="Ext" PT="NP" FE="Theme" />
        <annoSet ID="676547" />
        <annoSet ID="676551" />
      </pattern>
      <pattern total="4">
        <valenceUnit GF="Dep" PT="PP[to]" FE="Goal" />
        <valenceUnit GF="" PT="DNI" FE="Source" />
        <valenceUnit GF="Ext" PT="NP" FE="Theme" />
        <annoSet ID="676603" />
        <annoSet ID="676609" />
        <annoSet ID="676629" />
        <annoSet ID="676729" />
      </pattern>
    </FEGroupRealization>
    <FEGroupRealization total="1">
      <FE name="Journey" />
      <FE name="Mode_of_transportation" />
      <FE name="Source" />
      <FE name="Theme" />
      <pattern total="1">
        <valenceUnit GF="Dep" PT="PP[for]" FE="Journey" />
        <valenceUnit GF="Dep" PT="PP[by]" FE="Mode_of_transportation" />
        <valenceUnit GF="" PT="DNI" FE="Source" />
        <valenceUnit GF="" PT="CNI" FE="Theme" />
        <annoSet ID="676447" />
      </pattern>
    </FEGroupRealization>
    <FEGroupRealization total="2">
      <FE name="Journey" />
      <FE name="Source" />
      <FE name="Theme" />
      <pattern total="2">
        <valenceUnit GF="Dep" PT="PP[on]" FE="Journey" />
        <valenceUnit GF="" PT="DNI" FE="Source" />
        <valenceUnit GF="Ext" PT="NP" FE="Theme" />
        <annoSet ID="676557" />
        <annoSet ID="676571" />
      </pattern>
    </FEGroupRealization>
    <FEGroupRealization total="7">
      <FE name="Manner" />
      <FE name="Source" />
      <FE name="Theme" />
      <pattern total="5">
        <valenceUnit GF="Dep" PT="AVP" FE="Manner" />
        <valenceUnit GF="" PT="DNI" FE="Source" />
        <valenceUnit GF="Ext" PT="NP" FE="Theme" />
        <annoSet ID="676505" />
        <annoSet ID="676745" />
        <annoSet ID="676747" />
        <annoSet ID="676773" />
        <annoSet ID="676775" />
      </pattern>
      <pattern total="1">
        <valenceUnit GF="Dep" PT="AVP" FE="Manner" />
        <valenceUnit GF="Obj" PT="NP" FE="Source" />
        <valenceUnit GF="Ext" PT="NP" FE="Theme" />
        <annoSet ID="676351" />
      </pattern>
      <pattern total="1">
        <valenceUnit GF="Dep" PT="PP[with]" FE="Manner" />
        <valenceUnit GF="" PT="DNI" FE="Source" />
        <valenceUnit GF="Ext" PT="NP" FE="Theme" />
        <annoSet ID="676673" />
      </pattern>
    </FEGroupRealization>
    <FEGroupRealization total="1">
      <FE name="Mode_of_transportation" />
      <FE name="Path" />
      <FE name="Source" />
      <FE name="Theme" />
      <pattern total="1">
        <valenceUnit GF="Dep" PT="PP[on]" FE="Mode_of_transportation" />
        <valenceUnit GF="Dep" PT="PP[across]" FE="Path" />
        <valenceUnit GF="" PT="DNI" FE="Source" />
        <valenceUnit GF="Ext" PT="NP" FE="Theme" />
        <annoSet ID="676437" />
      </pattern>
    </FEGroupRealization>
    <FEGroupRealization total="4">
      <FE name="Mode_of_transportation" />
      <FE name="Source" />
      <FE name="Theme" />
      <pattern total="2">
        <valenceUnit GF="Dep" PT="PP[by]" FE="Mode_of_transportation" />
        <valenceUnit GF="" PT="DNI" FE="Source" />
        <valenceUnit GF="Ext" PT="NP" FE="Theme" />
        <annoSet ID="676461" />
        <annoSet ID="676463" />
      </pattern>
      <pattern total="1">
        <valenceUnit GF="Dep" PT="PP[by]" FE="Mode_of_transportation" />
        <valenceUnit GF="Obj" PT="NP" FE="Source" />
        <valenceUnit GF="Ext" PT="NP" FE="Theme" />
        <annoSet ID="676269" />
      </pattern>
      <pattern total="1">
        <valenceUnit GF="Dep" PT="PP[in]" FE="Mode_of_transportation" />
        <valenceUnit GF="" PT="DNI" FE="Source" />
        <valenceUnit GF="Ext" PT="NP" FE="Theme" />
        <annoSet ID="676507" />
      </pattern>
    </FEGroupRealization>
    <FEGroupRealization total="5">
      <FE name="Path" />
      <FE name="Source" />
      <FE name="Theme" />
      <pattern total="1">
        <valenceUnit GF="Dep" PT="PP[by]" FE="Path" />
        <valenceUnit GF="" PT="DNI" FE="Source" />
        <valenceUnit GF="Ext" PT="NP" FE="Theme" />
        <annoSet ID="676449" />
      </pattern>
      <pattern total="1">
        <valenceUnit GF="Dep" PT="PP[in]" FE="Path" />
        <valenceUnit GF="" PT="DNI" FE="Source" />
        <valenceUnit GF="Ext" PT="NP" FE="Theme" />
        <annoSet ID="676509" />
      </pattern>
      <pattern total="1">
        <valenceUnit GF="Dep" PT="PP[towards]" FE="Path" />
        <valenceUnit GF="" PT="DNI" FE="Source" />
        <valenceUnit GF="Ext" PT="NP" FE="Theme" />
        <annoSet ID="676635" />
      </pattern>
      <pattern total="2">
        <valenceUnit GF="Dep" PT="PP[via]" FE="Path" />
        <valenceUnit GF="" PT="DNI" FE="Source" />
        <valenceUnit GF="Ext" PT="NP" FE="Theme" />
        <annoSet ID="676643" />
        <annoSet ID="676645" />
      </pattern>
    </FEGroupRealization>
    <FEGroupRealization total="37">
      <FE name="Source" />
      <FE name="Theme" />
      <pattern total="16">
        <valenceUnit GF="" PT="DNI" FE="Source" />
        <valenceUnit GF="Ext" PT="NP" FE="Theme" />
        <annoSet ID="676313" />
        <annoSet ID="676327" />
        <annoSet ID="676333" />
        <annoSet ID="676395" />
        <annoSet ID="676401" />
        <annoSet ID="676423" />
        <annoSet ID="676455" />
        <annoSet ID="676513" />
        <annoSet ID="676535" />
        <annoSet ID="676569" />
        <annoSet ID="676683" />
        <annoSet ID="676695" />
        <annoSet ID="676715" />
        <annoSet ID="676739" />
        <annoSet ID="676743" />
        <annoSet ID="676815" />
      </pattern>
      <pattern total="10">
        <valenceUnit GF="Obj" PT="NP" FE="Source" />
        <valenceUnit GF="Ext" PT="NP" FE="Theme" />
        <annoSet ID="676265" />
        <annoSet ID="676287" />
        <annoSet ID="676337" />
        <annoSet ID="676349" />
        <annoSet ID="676353" />
        <annoSet ID="676367" />
        <annoSet ID="676369" />
        <annoSet ID="676407" />
        <annoSet ID="6547873" />
        <annoSet ID="6560934" />
      </pattern>
      <pattern total="2">
        <valenceUnit GF="Dep" PT="PP[from]" FE="Source" />
        <valenceUnit GF="" PT="CNI" FE="Theme" />
        <annoSet ID="676487" />
        <annoSet ID="676493" />
      </pattern>
      <pattern total="9">
        <valenceUnit GF="Dep" PT="PP[from]" FE="Source" />
        <valenceUnit GF="Ext" PT="NP" FE="Theme" />
        <annoSet ID="676467" />
        <annoSet ID="676469" />
        <annoSet ID="676477" />
        <annoSet ID="676479" />
        <annoSet ID="676485" />
        <annoSet ID="676495" />
        <annoSet ID="676499" />
        <annoSet ID="676501" />
        <annoSet ID="676791" />
      </pattern>
    </FEGroupRealization>
    <FEGroupRealization total="2">
      <FE name="Source" />
      <FE name="Theme" />
      <FE name="Theme" />
      <pattern total="1">
        <valenceUnit GF="" PT="DNI" FE="Source" />
        <valenceUnit GF="Dep" PT="AVP" FE="Theme" />
        <valenceUnit GF="Ext" PT="NP" FE="Theme" />
        <annoSet ID="676799" />
      </pattern>
      <pattern total="1">
        <valenceUnit GF="" PT="DNI" FE="Source" />
        <valenceUnit GF="Ext" PT="NP" FE="Theme" />
        <valenceUnit GF="Ext" PT="NP" FE="Theme" />
        <annoSet ID="676271" />
      </pattern>
    </FEGroupRealization>
    <FEGroupRealization total="3">
      <FE name="Source" />
      <FE name="Theme" />
      <FE name="Time" />
      <pattern total="1">
        <valenceUnit GF="" PT="DNI" FE="Source" />
        <valenceUnit GF="Ext" PT="NP" FE="Theme" />
        <valenceUnit GF="Dep" PT="PP[between]" FE="Time" />
        <annoSet ID="676441" />
      </pattern>
      <pattern total="1">
        <valenceUnit GF="" PT="DNI" FE="Source" />
        <valenceUnit GF="Ext" PT="NP" FE="Theme" />
        <valenceUnit GF="Dep" PT="PP[in]" FE="Time" />
        <annoSet ID="676543" />
      </pattern>
      <pattern total="1">
        <valenceUnit GF="" PT="DNI" FE="Source" />
        <valenceUnit GF="Ext" PT="NP" FE="Theme" />
        <valenceUnit GF="Dep" PT="PP[on]" FE="Time" />
        <annoSet ID="676593" />
      </pattern>
    </FEGroupRealization>
  </valences>
  <subCorpus name="V-augmented">
    <sentence sentNo="0" ID="598441n">
      <text>The windmill was sited near the school , but the windmill had departed by the second half of the 18th century . </text>
      <annotationSet cDate="08/08/2025 08:00:10 PST Fri" status="AUGMENTED" ID="0">
        <layer name="FE" rank="1">
          <label cBy="auto-aug" feID="243" start="45" end="56" name="Theme" />
        </layer>
        <layer name="Target" rank="1">
          <label cBy="auto-aug" start="62" end="69" name="Target" />
        </layer>
      </annotationSet>
    </sentence>
    <sentence sentNo="0" ID="599417n">
      <text>the leaders to depart from their country to live in exile have sometimes been hunted down and assassinated or abducted by Malawian agents in Zambia or Zimbabwe . </text>
      <annotationSet cDate="08/08/2025 08:00:10 PST Fri" status="AUGMENTED" ID="0">
        <layer name="FE" rank="1">
          <label cBy="auto-aug" feID="243" start="0" end="10" name="Theme" />
          <label cBy="auto-aug" feID="244" start="22" end="39" name="Source" />
        </layer>
        <layer name="Target" rank="1">
          <label cBy="auto-aug" start="15" end="20" name="Target" />
        </layer>
      </annotationSet>
    </sentence>
    <sentence sentNo="0" ID="598302n">
      <text>Nearly the employees departed last year , 6,000 of them from management . </text>
      <annotationSet cDate="08/08/2025 08:00:10 PST Fri" status="AUGMENTED" ID="0">
        <layer name="FE" rank="1">
          <label cBy="auto-aug" feID="243" start="7" end="19" name="Theme" />
        </layer>
        <layer name="Target" rank="1">
          <label cBy="auto-aug" start="21" end="28" name="Target" />
        </layer>
      </annotationSet>
    </sentence>
    <sentence sentNo="0" ID="598698n">
      <text>Noreen reached the front door just as Noreen's car was departing down the drive . </text>
      <annotationSet cDate="08/08/2025 08:00:10 PST Fri" status="AUGMENTED" ID="0">
        <layer name="FE" rank="1">
          <label cBy="auto-aug" feID="243" start="38" end="49" name="Theme" />
          <label cBy="auto-aug" feID="245" start="65" end="78" name="Path" />
        </layer>
        <layer name="Target" rank="1">
          <label cBy="auto-aug" start="55" end="63" name="Target" />
        </layer>
      </annotationSet>
    </sentence>
    <sentence sentNo="0" ID="601560n">
      <text>the pilot said he was changing direction -- and departed from the previous location . </text>
      <annotationSet cDate="08/08/2025 08:00:10 PST Fri" status="AUGMENTED" ID="0">
        <layer name="FE" rank="1">
          <label cBy="auto-aug" feID="243" start="0" end="2" name="Theme" />
          <label cBy="auto-aug" feID="244" start="57" end="82" name="Source" />
        </layer>
        <layer name="Target" rank="1">
          <label cBy="auto-aug" start="48" end="55" name="Target" />
        </layer>
      </annotationSet>
    </sentence>
    <sentence sentNo="0" ID="598662n">
      <text>` I 've got something to show you , " something said , and departed back down the passage . </text>
      <annotationSet cDate="08/08/2025 08:00:10 PST Fri" status="AUGMENTED" ID="0">
        <layer name="FE" rank="1">
          <label cBy="auto-aug" feID="243" start="38" end="46" name="Theme" />
          <label cBy="auto-aug" feID="245" start="68" end="88" name="Path" />
        </layer>
        <layer name="Target" rank="1">
          <label cBy="auto-aug" start="59" end="66" name="Target" />
        </layer>
      </annotationSet>
    </sentence>
    <sentence sentNo="0" ID="620603n">
      <text>Yachts arriving with passengers , or yachts some of them will be departing the airport by air , must visit the immigration office in the port authority building within the port compound . </text>
      <annotationSet cDate="08/08/2025 08:00:10 PST Fri" status="AUGMENTED" ID="0">
        <layer name="FE" rank="1">
          <label cBy="auto-aug" feID="243" start="37" end="42" name="Theme" />
          <label cBy="auto-aug" feID="243" start="44" end="55" name="Theme" />
          <label cBy="auto-aug" feID="244" start="75" end="85" name="Source" />
          <label cBy="auto-aug" feID="1886" start="87" end="92" name="Mode_of_transportation" />
        </layer>
        <layer name="Target" rank="1">
          <label cBy="auto-aug" start="65" end="73" name="Target" />
        </layer>
      </annotationSet>
    </sentence>
    <sentence sentNo="0" ID="620049n">
      <text>the traveler left the trees behind and departed into the open . </text>
      <annotationSet cDate="08/08/2025 08:00:10 PST Fri" status="AUGMENTED" ID="0">
        <layer name="FE" rank="1">
          <label cBy="auto-aug" feID="243" start="0" end="11" name="Theme" />
          <label cBy="auto-aug" feID="246" start="48" end="60" name="Goal" />
        </layer>
        <layer name="Target" rank="1">
          <label cBy="auto-aug" start="39" end="46" name="Target" />
        </layer>
      </annotationSet>
    </sentence>
  </subCorpus>
</lexUnit>